survived,pclass,sex,age,sibsp,parch,fare,embarked,class,who,adult_male,deck,embark_town,alive,alone
0,2,male,8.1,0,0,14.8738,Q,Second,child,False,C,Queenstown,no,True
0,3,male,13.4,0,0,10.0033,S,Third,child,False,nan,Southampton,no,True
0,3,female,,0,0,17.0211,S,Third,woman,False,nan,Southampton,no,True
0,3,male,12.7,0,0,5.9841,S,Third,child,False,nan,Southampton,no,True
0,1,female,45.8,0,1,88.8878,S,First,woman,False,B,Southampton,no,False
0,1,male,28.7,0,0,167.1439,S,First,man,True,nan,Southampton,no,True
1,1,female,30.9,0,0,129.3879,S,First,woman,False,nan,Southampton,yes,True
0,3,female,25.7,0,1,6.6091,S,Third,woman,False,D,Southampton,no,False
0,3,male,40.9,0,0,5.5257,S,Third,man,True,nan,Southampton,no,True
0,3,male,41.1,0,1,26.0524,S,Third,man,True,nan,Southampton,no,False
0,1,male,34.6,1,0,143.3201,S,First,man,True,nan,Southampton,no,False
0,3,female,37.9,1,0,25.1541,S,Third,woman,False,nan,Southampton,no,False
0,3,male,26.6,0,0,9.3468,S,Third,man,True,nan,Southampton,no,True
0,1,male,37.6,0,2,83.034,S,First,man,True,nan,Southampton,no,False
0,1,male,24.8,0,0,110.2777,C,First,man,True,nan,Cherbourg,no,True
0,1,male,29.7,0,0,127.8186,Q,First,man,True,nan,Queenstown,no,True
0,2,male,25.7,0,0,28.6377,C,Second,man,True,C,Cherbourg,no,True
0,3,male,23.1,5,0,26.4913,Q,Third,man,True,nan,Queenstown,no,False
0,2,male,19.7,0,0,35.105,C,Second,man,True,nan,Cherbourg,no,True
0,2,female,36.5,0,0,17.0414,S,Second,woman,False,E,Southampton,no,True
0,3,female,48.7,1,0,7.4339,S,Third,woman,False,C,Southampton,no,False
0,1,male,46.7,0,0,61.077,S,First,man,True,C,Southampton,no,True
0,2,female,11.5,0,0,21.0476,S,Second,child,False,nan,Southampton,no,True
0,2,female,48.4,1,0,74.4199,S,Second,woman,False,nan,Southampton,no,False
0,3,female,25.1,0,2,4.0722,S,Third,woman,False,D,Southampton,no,False
0,3,male,38.4,0,0,13.7727,S,Third,man,True,nan,Southampton,no,True
0,1,male,16.6,1,0,288.9885,Q,First,man,True,nan,Queenstown,no,False
0,3,male,31.8,1,0,5.2466,S,Third,man,True,nan,Southampton,no,False
0,3,female,34.2,4,1,28.2023,C,Third,woman,False,C,Cherbourg,no,False
0,1,male,8.2,1,0,55.2319,C,First,child,False,nan,Cherbourg,no,False
0,3,male,38.5,0,2,3.0,S,Third,man,True,nan,Southampton,no,False
0,1,male,49.2,1,0,27.0766,S,First,man,True,nan,Southampton,no,False
0,1,male,27.2,1,1,18.7983,C,First,man,True,E,Cherbourg,no,False
0,3,male,49.4,3,0,10.7793,C,Third,man,True,nan,Cherbourg,no,False
0,3,male,26.9,1,0,5.4779,Q,Third,man,True,nan,Queenstown,no,False
0,3,male,42.0,0,0,5.2402,Q,Third,man,True,nan,Queenstown,no,True
0,2,male,0.4,1,1,66.6981,S,Second,child,False,nan,Southampton,no,False
0,1,female,64.8,0,0,298.3108,S,First,woman,False,nan,Southampton,no,True
0,3,female,51.4,0,0,8.48,S,Third,woman,False,nan,Southampton,no,True
1,2,female,25.6,0,0,25.7735,S,Second,woman,False,G,Southampton,yes,True
1,1,female,1.1,2,6,105.5123,S,First,child,False,D,Southampton,yes,False
0,3,male,33.9,0,0,6.0015,S,Third,man,True,nan,Southampton,no,True
1,1,male,8.8,1,0,184.8599,S,First,child,False,nan,Southampton,yes,False
0,3,female,36.2,0,0,9.9475,S,Third,woman,False,nan,Southampton,no,True
0,2,male,35.7,0,0,18.24,Q,Second,man,True,nan,Queenstown,no,True
0,3,male,16.0,0,0,13.7685,S,Third,man,True,nan,Southampton,no,True
0,2,male,46.0,0,0,14.6683,S,Second,man,True,nan,Southampton,no,True
0,3,male,41.4,1,1,19.2499,S,Third,man,True,nan,Southampton,no,False
0,3,male,43.8,0,1,11.3363,S,Third,man,True,nan,Southampton,no,False
0,1,male,29.8,0,0,125.6248,S,First,man,True,nan,Southampton,no,True
0,3,male,9.2,1,0,5.5528,Q,Third,child,False,nan,Queenstown,no,False
0,3,female,43.9,0,0,8.9649,S,Third,woman,False,F,Southampton,no,True
0,3,male,25.8,0,0,23.8438,S,Third,man,True,nan,Southampton,no,True
0,3,male,9.5,0,0,5.0602,C,Third,child,False,nan,Cherbourg,no,True
0,3,male,49.3,0,0,8.1269,S,Third,man,True,nan,Southampton,no,True
0,3,female,60.1,0,2,10.1234,S,Third,woman,False,nan,Southampton,no,False
0,1,male,29.1,0,0,79.7803,S,First,man,True,nan,Southampton,no,True
0,1,male,61.0,2,0,54.2755,S,First,man,True,nan,Southampton,no,False
0,1,male,31.0,1,0,101.4036,C,First,man,True,nan,Cherbourg,no,False
1,2,male,24.2,0,2,44.3325,Q,Second,man,True,F,Queenstown,yes,False
1,2,female,20.6,0,0,54.4985,S,Second,woman,False,nan,Southampton,yes,True
0,2,female,53.4,0,0,52.7143,S,Second,woman,False,G,Southampton,no,True
0,3,male,18.4,0,1,12.873,S,Third,man,True,nan,Southampton,no,False
0,2,male,40.4,0,0,12.8257,S,Second,man,True,E,Southampton,no,True
1,2,female,21.6,0,0,31.8682,S,Second,woman,False,nan,Southampton,yes,True
0,3,male,23.0,0,0,7.6965,S,Third,man,True,nan,Southampton,no,True
0,1,male,,2,1,83.1893,S,First,man,True,nan,Southampton,no,False
0,3,male,24.2,2,0,9.3022,S,Third,man,True,F,Southampton,no,False
0,1,female,23.8,0,4,162.8063,S,First,woman,False,nan,Southampton,no,False
0,3,male,,0,2,10.1444,S,Third,man,True,nan,Southampton,no,False
0,3,male,52.9,0,0,17.679,S,Third,man,True,nan,Southampton,no,True
0,1,female,39.0,0,0,102.9837,S,First,woman,False,nan,Southampton,no,True
0,1,male,20.2,0,1,179.8942,S,First,man,True,nan,Southampton,no,False
0,3,male,22.3,2,0,3.0,S,Third,man,True,nan,Southampton,no,False
0,3,female,30.9,1,0,16.1397,S,Third,woman,False,nan,Southampton,no,False
0,3,male,34.4,0,0,3.6821,S,Third,man,True,E,Southampton,no,True
0,3,male,15.4,1,0,3.0,Q,Third,child,False,nan,Queenstown,no,False
0,1,male,40.2,0,1,136.2693,S,First,man,True,nan,Southampton,no,False
0,2,male,30.9,0,2,65.3919,S,Second,man,True,nan,Southampton,no,False
0,1,male,4.8,0,0,46.2785,C,First,child,False,nan,Cherbourg,no,True
0,3,male,16.2,0,0,3.0,Q,Third,man,True,D,Queenstown,no,True
0,3,male,22.4,1,2,9.6249,S,Third,man,True,nan,Southampton,no,False
0,2,female,28.6,1,2,36.8747,Q,Second,woman,False,nan,Queenstown,no,False
0,1,male,57.1,0,0,283.5071,S,First,man,True,nan,Southampton,no,True
0,2,male,33.2,1,0,3.6921,C,Second,man,True,nan,Cherbourg,no,False
0,2,male,17.5,3,0,39.0565,S,Second,man,True,nan,Southampton,no,False
1,3,female,32.9,0,0,14.6889,S,Third,woman,False,nan,Southampton,yes,True
1,3,male,24.6,0,0,5.4769,C,Third,man,True,nan,Cherbourg,yes,True
0,3,male,34.4,1,4,11.0237,Q,Third,man,True,nan,Queenstown,no,False
0,3,male,38.1,3,2,5.1068,S,Third,man,True,nan,Southampton,no,False
0,1,male,47.2,0,0,111.1786,C,First,man,True,E,Cherbourg,no,True
0,3,male,29.3,0,0,32.5157,S,Third,man,True,nan,Southampton,no,True
1,3,female,,0,0,13.5338,Q,Third,woman,False,nan,Queenstown,yes,True
0,3,male,42.9,1,0,3.0,S,Third,man,True,E,Southampton,no,False
0,3,male,19.4,2,0,8.9439,S,Third,man,True,D,Southampton,no,False
0,3,male,61.7,0,1,5.713,S,Third,man,True,E,Southampton,no,False
0,3,female,34.4,0,0,3.327,C,Third,woman,False,nan,Cherbourg,no,True
0,2,male,17.6,1,0,45.4486,S,Second,man,True,nan,Southampton,no,False
0,1,male,53.7,0,0,97.4624,Q,First,man,True,nan,Queenstown,no,True
0,1,male,59.8,1,0,104.24,S,First,man,True,nan,Southampton,no,False
1,1,male,29.2,0,1,55.3676,S,First,man,True,nan,Southampton,yes,False
0,3,male,22.4,0,1,4.7623,S,Third,man,True,nan,Southampton,no,False
0,2,male,27.2,0,0,30.3095,S,Second,man,True,C,Southampton,no,True
0,3,male,40.1,0,1,12.164,S,Third,man,True,nan,Southampton,no,False
0,3,male,,2,0,12.5886,S,Third,man,True,E,Southampton,no,False
0,2,male,38.0,2,0,46.3329,S,Second,man,True,nan,Southampton,no,False
1,2,male,31.2,1,0,30.6885,S,Second,man,True,E,Southampton,yes,False
0,3,male,51.4,0,0,4.9226,S,Third,man,True,nan,Southampton,no,True
1,1,female,25.2,0,0,189.6315,Q,First,woman,False,nan,Queenstown,yes,True
0,1,female,44.6,0,0,55.8086,C,First,woman,False,E,Cherbourg,no,True
0,2,female,25.5,1,0,20.4917,C,Second,woman,False,nan,Cherbourg,no,False
0,1,female,35.9,0,0,94.0944,S,First,woman,False,nan,Southampton,no,True
0,3,male,28.1,3,2,9.2508,C,Third,man,True,D,Cherbourg,no,False
0,3,female,28.9,3,0,12.5737,S,Third,woman,False,D,Southampton,no,False
0,3,male,24.2,0,1,21.9342,S,Third,man,True,nan,Southampton,no,False
0,3,male,49.2,1,0,10.6097,S,Third,man,True,nan,Southampton,no,False
0,3,male,19.1,5,0,16.0706,S,Third,man,True,C,Southampton,no,False
0,1,male,19.0,1,0,84.5874,S,First,man,True,nan,Southampton,no,False
0,3,female,60.5,0,0,23.0273,C,Third,woman,False,nan,Cherbourg,no,True
0,3,male,43.9,1,0,9.9057,C,Third,man,True,nan,Cherbourg,no,False
1,3,male,0.4,0,0,3.454,C,Third,child,False,C,Cherbourg,yes,True
0,3,female,21.5,0,1,3.0,S,Third,woman,False,nan,Southampton,no,False
0,2,male,3.4,0,2,31.4473,S,Second,child,False,nan,Southampton,no,False
0,1,male,15.9,0,0,116.9406,S,First,child,False,nan,Southampton,no,True
1,1,female,0.4,1,0,59.425,C,First,child,False,nan,Cherbourg,yes,False
0,2,male,27.7,0,0,58.8156,C,Second,man,True,A,Cherbourg,no,True
0,3,male,13.1,0,0,8.0058,S,Third,child,False,nan,Southampton,no,True
0,3,male,30.6,0,2,8.6937,S,Third,man,True,D,Southampton,no,False
1,1,male,6.1,3,0,99.8428,S,First,child,False,nan,Southampton,yes,False
0,3,female,30.9,1,0,3.0,C,Third,woman,False,nan,Cherbourg,no,False
0,2,male,23.7,0,0,47.431,S,Second,man,True,E,Southampton,no,True
0,1,male,51.5,3,0,102.962,S,First,man,True,nan,Southampton,no,False
0,1,male,50.2,0,0,184.2482,C,First,man,True,nan,Cherbourg,no,True
0,2,male,41.1,1,0,44.2691,S,Second,man,True,nan,Southampton,no,False
0,3,female,25.0,1,0,26.9773,S,Third,woman,False,nan,Southampton,no,False
0,2,male,58.5,2,0,58.3384,Q,Second,man,True,nan,Queenstown,no,False
1,3,male,7.2,1,0,6.2952,S,Third,child,False,nan,Southampton,yes,False
1,3,male,9.3,0,0,23.4288,C,Third,child,False,nan,Cherbourg,yes,True
0,2,female,28.5,0,3,24.584,S,Second,woman,False,nan,Southampton,no,False
0,3,female,62.4,0,2,3.0,S,Third,woman,False,nan,Southampton,no,False
0,3,male,26.8,0,2,13.224,C,Third,man,True,nan,Cherbourg,no,False
0,2,male,27.0,0,3,39.9326,Q,Second,man,True,D,Queenstown,no,False
0,3,male,8.8,0,0,6.9499,C,Third,child,False,E,Cherbourg,no,True
1,2,female,43.4,0,0,33.9229,S,Second,woman,False,E,Southampton,yes,True
0,2,male,43.5,0,0,33.0874,S,Second,man,True,E,Southampton,no,True
0,1,female,41.1,0,1,107.4075,S,First,woman,False,nan,Southampton,no,False
0,3,male,20.6,1,0,9.1592,S,Third,man,True,nan,Southampton,no,False
0,3,female,19.5,0,0,9.5154,S,Third,woman,False,B,Southampton,no,True
1,1,male,10.9,3,2,224.906,S,First,child,False,nan,Southampton,yes,False
0,2,male,,0,0,24.7751,Q,Second,man,True,nan,Queenstown,no,True
0,3,male,14.0,0,0,3.0,C,Third,child,False,C,Cherbourg,no,True
0,1,male,12.6,0,0,234.0289,C,First,child,False,nan,Cherbourg,no,True
1,1,female,23.6,0,0,123.4013,C,First,woman,False,B,Cherbourg,yes,True
1,3,female,22.6,0,0,8.1363,C,Third,woman,False,nan,Cherbourg,yes,True
1,3,female,21.9,1,0,7.5288,S,Third,woman,False,nan,Southampton,yes,False
0,2,male,36.5,0,1,84.8985,C,Second,man,True,nan,Cherbourg,no,False
0,3,male,30.8,0,0,7.8916,S,Third,man,True,nan,Southampton,no,True
0,3,female,25.5,0,0,7.0528,C,Third,woman,False,C,Cherbourg,no,True
0,1,male,32.4,1,0,150.1778,S,First,man,True,F,Southampton,no,False
0,3,male,15.3,0,6,31.1134,S,Third,child,False,nan,Southampton,no,False
0,2,male,31.2,1,1,19.763,C,Second,man,True,nan,Cherbourg,no,False
0,3,male,31.9,0,3,23.6061,S,Third,man,True,C,Southampton,no,False
0,3,male,7.9,0,0,3.3132,Q,Third,child,False,nan,Queenstown,no,True
0,3,male,44.1,0,0,26.4785,S,Third,man,True,nan,Southampton,no,True
0,1,male,16.9,1,0,93.4353,S,First,man,True,nan,Southampton,no,False
0,3,female,31.0,1,0,3.0,S,Third,woman,False,nan,Southampton,no,False
0,2,male,46.6,0,0,3.0,C,Second,man,True,nan,Cherbourg,no,True
0,1,male,43.1,0,0,42.8003,C,First,man,True,E,Cherbourg,no,True
0,1,male,30.2,0,0,211.2788,Q,First,man,True,nan,Queenstown,no,True
0,3,female,24.4,0,2,8.5137,S,Third,woman,False,C,Southampton,no,False
0,3,male,43.4,0,0,34.6958,S,Third,man,True,nan,Southampton,no,True
0,1,male,,1,5,94.873,S,First,man,True,nan,Southampton,no,False
0,3,male,20.7,1,0,8.9223,S,Third,man,True,D,Southampton,no,False
0,1,male,18.2,0,0,136.946,S,First,man,True,nan,Southampton,no,True
0,3,male,0.4,3,0,3.8685,S,Third,child,False,nan,Southampton,no,False
1,1,female,31.9,1,1,96.5227,S,First,woman,False,nan,Southampton,yes,False
0,3,female,28.5,0,0,11.4254,C,Third,woman,False,A,Cherbourg,no,True
0,2,male,46.2,0,0,14.2392,S,Second,man,True,nan,Southampton,no,True
0,3,male,34.9,1,0,13.4773,S,Third,man,True,nan,Southampton,no,False
0,1,female,49.0,0,0,108.9053,S,First,woman,False,C,Southampton,no,True
0,2,male,19.6,0,0,33.7394,C,Second,man,True,nan,Cherbourg,no,True
0,1,female,46.2,1,0,155.9979,C,First,woman,False,nan,Cherbourg,no,False
0,3,male,22.0,0,3,14.5274,S,Third,man,True,nan,Southampton,no,False
0,3,female,41.0,1,2,22.11,S,Third,woman,False,nan,Southampton,no,False
1,2,female,8.5,0,0,21.846,S,Second,child,False,nan,Southampton,yes,True
0,3,female,33.1,0,0,11.0299,S,Third,woman,False,nan,Southampton,no,True
1,3,female,0.9,0,0,11.7721,S,Third,child,False,nan,Southampton,yes,True
0,3,male,25.8,0,0,8.8683,Q,Third,man,True,D,Queenstown,no,True
1,3,female,36.1,0,0,3.0,S,Third,woman,False,D,Southampton,yes,True
0,2,male,22.1,0,0,40.6163,S,Second,man,True,nan,Southampton,no,True
0,1,male,14.5,1,0,130.4051,S,First,child,False,nan,Southampton,no,False
0,3,female,42.0,0,0,8.3238,S,Third,woman,False,nan,Southampton,no,True
0,3,female,,0,2,8.3335,S,Third,woman,False,nan,Southampton,no,False
0,3,female,22.6,0,0,5.9993,S,Third,woman,False,nan,Southampton,no,True
0,2,male,30.3,0,0,46.6701,S,Second,man,True,nan,Southampton,no,True
0,2,female,67.9,0,0,21.2729,S,Second,woman,False,nan,Southampton,no,True
0,3,female,46.4,0,0,6.4973,Q,Third,woman,False,nan,Queenstown,no,True
0,3,male,46.6,2,0,6.0076,C,Third,man,True,nan,Cherbourg,no,False
0,3,male,36.0,0,0,9.7418,S,Third,man,True,nan,Southampton,no,True
0,3,male,32.1,1,0,3.0,S,Third,man,True,nan,Southampton,no,False
0,3,male,0.4,0,0,10.2775,S,Third,child,False,nan,Southampton,no,True
0,1,female,19.9,0,0,74.2925,Q,First,woman,False,nan,Queenstown,no,True
0,1,male,22.7,0,0,91.9884,S,First,man,True,E,Southampton,no,True
1,3,female,2.5,1,0,14.0804,S,Third,child,False,nan,Southampton,yes,False
1,3,female,12.9,0,0,3.0,S,Third,child,False,nan,Southampton,yes,True
1,1,male,1.0,0,0,165.919,S,First,child,False,F,Southampton,yes,True
0,1,female,29.1,0,0,59.8483,Q,First,woman,False,nan,Queenstown,no,True
0,3,male,41.6,1,0,7.1026,Q,Third,man,True,nan,Queenstown,no,False
0,1,female,45.7,1,1,161.8209,Q,First,woman,False,nan,Queenstown,no,False
0,1,male,,0,1,145.1861,S,First,man,True,nan,Southampton,no,False
0,3,female,15.7,0,1,6.4517,S,Third,child,False,D,Southampton,no,False
1,3,male,1.7,1,0,20.6562,S,Third,child,False,nan,Southampton,yes,False
0,3,male,4.2,1,0,5.7506,S,Third,child,False,nan,Southampton,no,False
1,1,female,11.3,0,0,205.1547,S,First,child,False,C,Southampton,yes,True
0,3,male,16.8,2,0,21.2277,C,Third,man,True,E,Cherbourg,no,False
0,1,male,27.4,0,1,87.2681,C,First,man,True,nan,Cherbourg,no,False
0,2,male,,0,1,40.5501,S,Second,man,True,nan,Southampton,no,False
0,3,female,34.6,0,0,16.1101,S,Third,woman,False,nan,Southampton,no,True
0,3,male,26.3,0,0,14.2338,S,Third,man,True,E,Southampton,no,True
0,3,male,29.9,0,5,15.1307,S,Third,man,True,nan,Southampton,no,False
0,3,male,46.2,0,0,4.3424,Q,Third,man,True,nan,Queenstown,no,True
0,3,male,12.6,0,0,9.7317,S,Third,child,False,E,Southampton,no,True
0,1,male,35.8,0,0,122.3063,S,First,man,True,nan,Southampton,no,True
0,2,male,29.5,0,0,26.0447,S,Second,man,True,nan,Southampton,no,True
0,2,male,24.9,0,0,76.0171,S,Second,man,True,nan,Southampton,no,True
0,2,male,,2,0,61.4497,S,Second,man,True,nan,Southampton,no,False
0,3,male,42.4,0,0,7.1567,S,Third,man,True,nan,Southampton,no,True
1,2,female,16.0,0,1,32.9417,S,Second,woman,False,nan,Southampton,yes,False
0,3,male,27.1,1,0,9.1292,S,Third,man,True,nan,Southampton,no,False
0,3,male,33.8,1,0,5.523,S,Third,man,True,nan,Southampton,no,False
0,3,female,25.7,0,0,12.1557,S,Third,woman,False,nan,Southampton,no,True
0,3,male,38.2,0,0,4.4268,S,Third,man,True,F,Southampton,no,True
1,3,female,,1,2,12.0668,S,Third,woman,False,nan,Southampton,yes,False
0,3,male,56.3,0,0,3.0,S,Third,man,True,nan,Southampton,no,True
0,1,male,7.5,0,0,48.1153,C,First,child,False,B,Cherbourg,no,True
0,3,male,27.9,0,0,39.259,S,Third,man,True,nan,Southampton,no,True
0,2,female,16.5,1,0,21.9122,S,Second,woman,False,nan,Southampton,no,False
0,1,female,38.5,0,0,99.7011,C,First,woman,False,E,Cherbourg,no,True
0,3,male,6.3,2,0,15.7425,S,Third,child,False,nan,Southampton,no,False
0,1,male,34.7,0,0,118.4951,S,First,man,True,C,Southampton,no,True
1,3,female,20.6,1,1,5.7928,C,Third,woman,False,C,Cherbourg,yes,False
0,3,male,19.1,0,0,17.5013,S,Third,man,True,nan,Southampton,no,True
0,3,male,8.7,0,0,7.2061,C,Third,child,False,nan,Cherbourg,no,True
0,2,female,23.0,0,0,42.061,C,Second,woman,False,nan,Cherbourg,no,True
0,1,female,,0,2,285.3383,S,First,woman,False,nan,Southampton,no,False
0,3,male,29.3,0,3,12.5538,S,Third,man,True,nan,Southampton,no,False
0,2,female,38.8,1,1,23.613,S,Second,woman,False,D,Southampton,no,False
0,3,female,53.8,0,0,3.0,S,Third,woman,False,nan,Southampton,no,True
0,3,male,33.5,0,0,12.0378,Q,Third,man,True,C,Queenstown,no,True
0,3,male,21.6,0,1,9.5112,S,Third,man,True,nan,Southampton,no,False
0,2,male,36.5,0,1,34.9204,S,Second,man,True,C,Southampton,no,False
1,2,female,21.8,1,0,27.8719,S,Second,woman,False,D,Southampton,yes,False
0,3,female,22.4,0,0,6.8893,S,Third,woman,False,nan,Southampton,no,True
0,2,male,7.7,0,0,25.2983,C,Second,child,False,nan,Cherbourg,no,True
0,1,female,43.1,0,1,179.4738,S,First,woman,False,nan,Southampton,no,False
0,3,male,24.1,0,0,7.9678,S,Third,man,True,B,Southampton,no,True
0,3,male,32.3,0,0,8.7967,S,Third,man,True,nan,Southampton,no,True
0,3,male,14.7,0,3,20.031,S,Third,child,False,nan,Southampton,no,False
0,3,male,36.0,1,0,14.4656,S,Third,man,True,nan,Southampton,no,False
1,1,female,18.7,1,0,37.2838,S,First,woman,False,nan,Southampton,yes,False
0,3,male,27.6,1,0,17.8685,S,Third,man,True,D,Southampton,no,False
0,3,female,42.4,1,0,13.801,S,Third,woman,False,nan,Southampton,no,False
0,1,male,41.2,0,0,304.137,C,First,man,True,nan,Cherbourg,no,True
0,3,male,29.4,0,0,6.4785,S,Third,man,True,G,Southampton,no,True
0,3,female,4.1,1,0,27.3491,S,Third,child,False,nan,Southampton,no,False
0,3,male,73.1,1,0,13.0764,S,Third,man,True,nan,Southampton,no,False
0,3,male,55.0,1,0,15.416,C,Third,man,True,nan,Cherbourg,no,False
0,3,male,40.2,0,3,5.5603,S,Third,man,True,nan,Southampton,no,False
1,2,female,18.8,0,1,19.7884,Q,Second,woman,False,nan,Queenstown,yes,False
0,2,male,28.1,0,0,27.7186,S,Second,man,True,nan,Southampton,no,True
0,3,male,,0,2,3.0,C,Third,man,True,E,Cherbourg,no,False
0,3,male,48.0,2,0,12.4384,S,Third,man,True,E,Southampton,no,False
0,3,male,33.5,0,0,7.056,,Third,man,True,B,,no,True
0,3,female,,0,0,10.9112,S,Third,woman,False,nan,Southampton,no,True
0,3,male,22.9,0,0,27.1625,C,Third,man,True,nan,Cherbourg,no,True
0,3,male,46.0,0,0,4.7154,S,Third,man,True,C,Southampton,no,True
0,3,male,52.9,0,0,13.1448,C,Third,man,True,nan,Cherbourg,no,True
0,3,male,51.9,3,1,20.2854,C,Third,man,True,nan,Cherbourg,no,False
0,3,female,40.7,1,0,9.365,S,Third,woman,False,nan,Southampton,no,False
0,3,male,26.0,1,0,7.5754,Q,Third,man,True,nan,Queenstown,no,False
0,3,female,0.4,0,0,8.0242,C,Third,child,False,C,Cherbourg,no,True
0,2,male,34.0,0,0,51.5609,S,Second,man,True,nan,Southampton,no,True
0,2,male,29.7,4,0,32.4372,S,Second,man,True,nan,Southampton,no,False
0,1,female,31.7,0,0,197.1252,C,First,woman,False,nan,Cherbourg,no,True
0,3,male,30.5,2,0,8.2029,S,Third,man,True,nan,Southampton,no,False
1,1,female,10.5,1,0,100.0828,Q,First,child,False,nan,Queenstown,yes,False
1,3,female,37.8,0,2,14.5512,Q,Third,woman,False,nan,Queenstown,yes,False
0,3,male,38.9,0,0,4.9571,S,Third,man,True,nan,Southampton,no,True
0,2,male,39.6,0,0,70.4867,S,Second,man,True,C,Southampton,no,True
1,3,female,43.4,0,0,4.7559,S,Third,woman,False,G,Southampton,yes,True
0,1,male,38.5,0,0,139.2725,Q,First,man,True,nan,Queenstown,no,True
1,1,male,23.8,1,1,136.339,S,First,man,True,nan,Southampton,yes,False
0,3,male,28.7,1,0,18.3441,Q,Third,man,True,nan,Queenstown,no,False
1,2,male,31.0,0,2,29.5605,S,Second,man,True,E,Southampton,yes,False
1,1,female,31.3,0,1,93.9711,S,First,woman,False,nan,Southampton,yes,False
0,3,male,44.2,0,1,10.393,S,Third,man,True,nan,Southampton,no,False
1,3,male,39.0,0,0,19.4238,C,Third,man,True,E,Cherbourg,yes,True
0,1,male,59.8,0,0,117.5907,S,First,man,True,C,Southampton,no,True
0,3,male,61.7,1,0,27.8241,S,Third,man,True,nan,Southampton,no,False
0,1,male,30.9,0,0,130.8923,S,First,man,True,nan,Southampton,no,True
1,1,female,0.4,0,0,90.7862,Q,First,child,False,G,Queenstown,yes,True
0,3,male,47.6,0,0,13.8085,S,Third,man,True,E,Southampton,no,True
0,3,female,21.9,0,0,11.3304,S,Third,woman,False,F,Southampton,no,True
0,3,female,18.1,0,0,12.0284,S,Third,woman,False,nan,Southampton,no,True
0,3,male,,0,0,9.2358,S,Third,man,True,nan,Southampton,no,True
0,3,male,23.2,0,2,3.0,C,Third,man,True,E,Cherbourg,no,False
0,3,male,38.6,1,0,16.4731,Q,Third,man,True,nan,Queenstown,no,False
0,2,male,7.1,1,0,40.9558,S,Second,child,False,nan,Southampton,no,False
1,3,female,14.1,0,0,3.0,S,Third,child,False,nan,Southampton,yes,True
0,2,female,34.7,0,3,26.0802,Q,Second,woman,False,B,Queenstown,no,False
0,2,male,38.7,0,2,17.7671,S,Second,man,True,F,Southampton,no,False
0,1,male,39.0,0,0,40.667,S,First,man,True,D,Southampton,no,True
1,1,female,,1,2,70.6455,Q,First,woman,False,B,Queenstown,yes,False
1,3,female,15.5,0,0,5.3355,S,Third,child,False,nan,Southampton,yes,True
0,3,male,22.4,0,0,4.2575,S,Third,man,True,nan,Southampton,no,True
0,3,male,33.2,0,0,19.1498,C,Third,man,True,nan,Cherbourg,no,True
0,2,male,51.2,2,0,18.8552,S,Second,man,True,nan,Southampton,no,False
1,1,female,0.4,2,0,161.8974,S,First,child,False,nan,Southampton,yes,False
0,1,male,26.5,0,0,101.4845,S,First,man,True,nan,Southampton,no,True
1,2,male,10.4,1,0,29.9388,S,Second,child,False,E,Southampton,yes,False
1,3,male,5.7,0,0,7.4152,C,Third,child,False,nan,Cherbourg,yes,True
0,3,male,43.7,0,0,13.0737,S,Third,man,True,nan,Southampton,no,True
0,3,male,37.6,0,0,13.3604,S,Third,man,True,nan,Southampton,no,True
0,2,female,36.2,0,0,46.1035,S,Second,woman,False,nan,Southampton,no,True
0,3,male,43.1,0,0,3.1168,S,Third,man,True,E,Southampton,no,True
0,3,male,22.7,2,0,8.7608,S,Third,man,True,nan,Southampton,no,False
0,3,male,23.4,1,2,10.0572,S,Third,man,True,nan,Southampton,no,False
0,3,male,61.4,0,0,11.8134,S,Third,man,True,C,Southampton,no,True
1,2,male,26.1,0,0,52.7823,S,Second,man,True,A,Southampton,yes,True
0,2,male,40.4,0,0,78.4362,C,Second,man,True,B,Cherbourg,no,True
0,2,male,29.8,0,0,13.8331,S,Second,man,True,nan,Southampton,no,True
0,3,male,2.9,1,0,9.2861,S,Third,child,False,A,Southampton,no,False
0,1,male,0.4,0,0,94.5355,S,First,child,False,E,Southampton,no,True
0,1,male,21.3,0,0,65.6688,S,First,man,True,nan,Southampton,no,True
0,1,female,45.0,0,0,30.7312,S,First,woman,False,nan,Southampton,no,True
0,1,female,41.1,0,0,154.021,S,First,woman,False,E,Southampton,no,True
0,3,male,43.0,0,0,7.9624,Q,Third,man,True,E,Queenstown,no,True
0,3,male,15.4,2,0,7.4031,S,Third,child,False,nan,Southampton,no,False
0,3,female,53.1,1,0,29.0842,S,Third,woman,False,C,Southampton,no,False
0,1,male,15.7,0,0,49.362,S,First,child,False,nan,Southampton,no,True
1,3,female,32.8,1,0,18.8379,S,Third,woman,False,nan,Southampton,yes,False
0,3,female,29.5,2,0,5.8575,S,Third,woman,False,nan,Southampton,no,False
0,1,male,27.2,0,1,66.1303,S,First,man,True,nan,Southampton,no,False
0,2,male,49.1,0,1,3.0,C,Second,man,True,nan,Cherbourg,no,False
0,2,female,19.5,0,0,15.0175,S,Second,woman,False,E,Southampton,no,True
0,3,male,,0,0,3.0,S,Third,man,True,C,Southampton,no,True
0,3,male,30.0,0,1,3.0,S,Third,man,True,nan,Southampton,no,False
0,1,male,23.9,0,0,77.913,S,First,man,True,nan,Southampton,no,True
0,2,male,78.7,0,0,8.75,C,Second,man,True,nan,Cherbourg,no,True
0,3,female,39.5,0,1,19.5758,C,Third,woman,False,nan,Cherbourg,no,False
0,3,female,23.8,0,1,3.0,S,Third,woman,False,nan,Southampton,no,False
0,3,female,14.4,0,0,6.4454,S,Third,child,False,E,Southampton,no,True
0,3,male,2.4,1,2,23.4047,Q,Third,child,False,D,Queenstown,no,False
0,1,male,14.8,0,0,64.1817,S,First,child,False,nan,Southampton,no,True
0,1,male,31.4,0,0,134.5825,S,First,man,True,nan,Southampton,no,True
0,3,male,50.4,0,0,3.0,S,Third,man,True,nan,Southampton,no,True
0,1,male,46.0,2,0,85.4377,C,First,man,True,D,Cherbourg,no,False
0,3,female,33.0,0,0,16.2836,S,Third,woman,False,nan,Southampton,no,True
1,3,female,25.0,0,1,6.9256,C,Third,woman,False,A,Cherbourg,yes,False
0,3,male,33.6,0,0,8.6263,S,Third,man,True,nan,Southampton,no,True
0,2,male,22.2,0,0,66.2689,S,Second,man,True,A,Southampton,no,True
0,3,male,54.6,0,0,12.0052,S,Third,man,True,E,Southampton,no,True
0,3,male,27.0,0,0,6.8623,S,Third,man,True,nan,Southampton,no,True
1,3,female,28.4,1,0,4.8932,S,Third,woman,False,nan,Southampton,yes,False
0,3,male,0.4,0,5,3.0145,S,Third,child,False,nan,Southampton,no,False
1,2,female,26.9,0,0,13.7845,Q,Second,woman,False,F,Queenstown,yes,True
0,3,male,41.8,1,0,7.6064,C,Third,man,True,nan,Cherbourg,no,False
0,3,male,14.2,0,0,7.0023,S,Third,child,False,C,Southampton,no,True
1,1,female,18.8,0,0,67.0623,C,First,woman,False,nan,Cherbourg,yes,True
0,1,male,41.2,0,0,73.9918,C,First,man,True,G,Cherbourg,no,True
1,1,male,8.3,1,0,46.2421,S,First,child,False,nan,Southampton,yes,False
0,1,male,45.0,1,2,142.8027,S,First,man,True,B,Southampton,no,False
0,1,male,22.0,0,0,113.3997,S,First,man,True,nan,Southampton,no,True
0,3,female,24.1,0,0,6.6989,S,Third,woman,False,nan,Southampton,no,True
0,1,male,13.4,1,3,147.3926,S,First,child,False,F,Southampton,no,False
0,2,female,35.2,0,1,26.5682,S,Second,woman,False,nan,Southampton,no,False
0,3,male,65.4,1,0,11.6606,S,Third,man,True,nan,Southampton,no,False
0,1,male,41.0,0,3,172.5697,S,First,man,True,nan,Southampton,no,False
0,3,female,17.2,2,0,3.0,S,Third,woman,False,nan,Southampton,no,False
0,2,male,46.2,1,1,76.1204,S,Second,man,True,nan,Southampton,no,False
0,1,male,25.1,0,0,119.6925,S,First,man,True,nan,Southampton,no,True
0,3,male,49.6,0,0,15.4491,S,Third,man,True,nan,Southampton,no,True
0,3,male,41.4,0,0,16.2209,S,Third,man,True,C,Southampton,no,True
0,3,male,0.4,0,0,15.3657,S,Third,child,False,nan,Southampton,no,True
0,3,male,15.1,0,0,3.8431,S,Third,child,False,nan,Southampton,no,True
0,3,male,43.4,0,0,7.1822,S,Third,man,True,E,Southampton,no,True
0,2,male,31.9,0,0,53.5095,S,Second,man,True,F,Southampton,no,True
1,1,female,14.9,0,0,71.8657,S,First,child,False,nan,Southampton,yes,True
0,3,male,20.5,1,1,20.9836,S,Third,man,True,E,Southampton,no,False
0,3,female,,0,0,19.0903,S,Third,woman,False,C,Southampton,no,True
0,3,male,28.4,1,0,5.3087,S,Third,man,True,nan,Southampton,no,False
0,2,male,61.8,0,0,43.0955,C,Second,man,True,D,Cherbourg,no,True
1,2,female,41.4,0,0,36.6729,S,Second,woman,False,E,Southampton,yes,True
0,3,male,61.5,0,2,26.8838,S,Third,man,True,nan,Southampton,no,False
1,2,female,42.5,0,1,11.1835,S,Second,woman,False,nan,Southampton,yes,False
0,3,male,44.6,0,0,8.3305,C,Third,man,True,nan,Cherbourg,no,True
0,3,male,58.3,0,4,27.928,S,Third,man,True,nan,Southampton,no,False
0,2,male,35.2,3,0,48.1074,S,Second,man,True,C,Southampton,no,False
0,3,male,27.0,0,0,3.0,C,Third,man,True,nan,Cherbourg,no,True
0,3,female,,1,0,13.4529,S,Third,woman,False,nan,Southampton,no,False
0,1,male,50.8,0,0,91.9736,S,First,man,True,nan,Southampton,no,True
1,3,female,22.7,0,0,20.1156,S,Third,woman,False,C,Southampton,yes,True
0,3,female,19.2,0,0,7.6313,C,Third,woman,False,nan,Cherbourg,no,True
0,3,male,31.7,1,0,23.521,S,Third,man,True,nan,Southampton,no,False
0,2,male,,0,3,16.1412,S,Second,man,True,nan,Southampton,no,False
0,3,female,41.3,1,1,18.4543,S,Third,woman,False,nan,Southampton,no,False
0,2,female,9.0,0,0,46.8125,S,Second,child,False,nan,Southampton,no,True
0,1,male,57.4,0,0,167.6959,Q,First,man,True,nan,Queenstown,no,True
0,3,male,20.4,0,0,3.0,S,Third,man,True,C,Southampton,no,True
0,1,male,25.9,0,0,99.1492,S,First,man,True,nan,Southampton,no,True
1,2,female,16.6,0,1,37.61,S,Second,woman,False,nan,Southampton,yes,False
0,3,male,68.8,0,2,13.7014,S,Third,man,True,nan,Southampton,no,False
0,3,female,33.2,0,2,15.0171,S,Third,woman,False,nan,Southampton,no,False
0,3,male,17.4,0,0,8.5108,C,Third,man,True,nan,Cherbourg,no,True
0,3,male,42.2,0,2,3.0,S,Third,man,True,nan,Southampton,no,False
0,2,male,40.9,0,0,63.5165,C,Second,man,True,nan,Cherbourg,no,True
0,2,male,27.0,0,0,40.1634,Q,Second,man,True,nan,Queenstown,no,True
0,2,male,41.9,0,0,29.8285,S,Second,man,True,nan,Southampton,no,True
1,3,male,17.7,1,1,4.0767,C,Third,man,True,E,Cherbourg,yes,False
0,3,male,22.6,1,2,15.2859,S,Third,man,True,nan,Southampton,no,False
0,3,male,0.6,0,0,11.0467,Q,Third,child,False,F,Queenstown,no,True
0,3,male,10.5,0,0,10.6755,C,Third,child,False,F,Cherbourg,no,True
0,1,female,55.9,0,4,206.7486,S,First,woman,False,nan,Southampton,no,False
0,3,male,53.5,1,0,22.0567,S,Third,man,True,nan,Southampton,no,False
0,1,male,30.7,1,0,50.8642,Q,First,man,True,nan,Queenstown,no,False
0,3,male,53.8,0,0,6.6956,S,Third,man,True,nan,Southampton,no,True
1,2,female,27.4,1,0,25.2568,S,Second,woman,False,nan,Southampton,yes,False
0,3,male,26.2,0,2,4.3141,C,Third,man,True,nan,Cherbourg,no,False
0,2,female,30.5,0,0,87.8976,S,Second,woman,False,nan,Southampton,no,True
0,1,female,27.9,2,0,222.3213,C,First,woman,False,nan,Cherbourg,no,False
1,1,male,26.6,1,0,246.6381,S,First,man,True,B,Southampton,yes,False
0,3,male,46.3,1,0,7.5011,S,Third,man,True,nan,Southampton,no,False
0,3,female,31.9,0,0,17.7305,S,Third,woman,False,nan,Southampton,no,True
0,1,male,40.0,0,2,40.2244,Q,First,man,True,nan,Queenstown,no,False
0,1,male,44.7,1,0,68.1326,S,First,man,True,nan,Southampton,no,False
0,3,female,35.3,0,5,8.7946,C,Third,woman,False,B,Cherbourg,no,False
0,1,male,15.6,0,2,60.0038,S,First,child,False,nan,Southampton,no,False
1,3,female,10.1,0,0,7.7642,S,Third,child,False,D,Southampton,yes,True
0,3,male,31.9,1,0,3.0926,Q,Third,man,True,G,Queenstown,no,False
0,1,female,27.2,1,0,97.7217,S,First,woman,False,nan,Southampton,no,False
0,1,male,31.0,0,0,164.726,C,First,man,True,nan,Cherbourg,no,True
0,3,male,29.5,1,0,16.2202,C,Third,man,True,nan,Cherbourg,no,False
0,2,male,67.2,0,0,57.33,S,Second,man,True,nan,Southampton,no,True
0,2,female,10.4,0,0,73.4783,S,Second,child,False,E,Southampton,no,True
0,3,male,,1,0,9.6331,C,Third,man,True,G,Cherbourg,no,False
0,3,male,34.5,0,0,10.6819,C,Third,man,True,nan,Cherbourg,no,True
0,3,male,24.2,1,0,21.2589,S,Third,man,True,nan,Southampton,no,False
0,3,male,34.3,2,0,4.3079,C,Third,man,True,nan,Cherbourg,no,False
0,2,male,38.2,0,0,113.4366,Q,Second,man,True,nan,Queenstown,no,True
0,1,male,48.3,1,0,149.9284,C,First,man,True,nan,Cherbourg,no,False
0,3,male,7.8,0,0,7.961,C,Third,child,False,nan,Cherbourg,no,True
0,3,male,21.6,0,1,10.4927,S,Third,man,True,nan,Southampton,no,False
0,2,male,35.9,1,0,30.7194,S,Second,man,True,nan,Southampton,no,False
0,3,male,40.9,0,0,3.0,Q,Third,man,True,nan,Queenstown,no,True
0,1,female,61.5,1,0,204.7628,S,First,woman,False,nan,Southampton,no,False
0,3,male,43.6,0,0,22.3353,S,Third,man,True,nan,Southampton,no,True
0,1,male,28.9,1,0,144.4242,Q,First,man,True,nan,Queenstown,no,False
0,3,male,16.8,0,0,7.6398,S,Third,man,True,nan,Southampton,no,True
0,1,female,21.5,0,0,218.643,S,First,woman,False,nan,Southampton,no,True
1,1,female,21.1,0,0,61.7018,S,First,woman,False,C,Southampton,yes,True
0,1,female,39.2,0,0,77.1566,C,First,woman,False,C,Cherbourg,no,True
0,3,male,33.4,0,0,15.6082,Q,Third,man,True,nan,Queenstown,no,True
0,3,male,10.5,0,0,3.0,S,Third,child,False,D,Southampton,no,True
0,3,male,23.4,1,1,11.9876,S,Third,man,True,nan,Southampton,no,False
0,3,male,42.4,1,0,4.3032,S,Third,man,True,E,Southampton,no,False
0,2,male,34.8,2,0,25.6522,C,Second,man,True,nan,Cherbourg,no,False
1,2,female,37.9,1,0,85.1476,S,Second,woman,False,nan,Southampton,yes,False
0,3,female,35.3,1,0,5.2789,S,Third,woman,False,nan,Southampton,no,False
1,1,female,53.3,0,0,87.0899,S,First,woman,False,nan,Southampton,yes,True
0,3,male,33.1,1,0,14.4348,S,Third,man,True,nan,Southampton,no,False
0,1,female,24.1,1,0,128.9578,S,First,woman,False,nan,Southampton,no,False
0,3,male,16.4,0,0,16.7697,S,Third,man,True,nan,Southampton,no,True
0,1,male,33.3,0,0,189.6569,S,First,man,True,nan,Southampton,no,True
1,3,female,0.4,0,0,19.7884,S,Third,child,False,nan,Southampton,yes,True
0,3,male,27.0,1,0,3.0,Q,Third,man,True,nan,Queenstown,no,False
0,3,male,26.7,1,0,4.5177,S,Third,man,True,C,Southampton,no,False
1,1,male,9.9,2,0,128.7069,C,First,child,False,nan,Cherbourg,yes,False
1,3,female,16.2,0,0,27.1148,S,Third,woman,False,D,Southampton,yes,True
0,3,female,41.4,0,0,17.0199,S,Third,woman,False,nan,Southampton,no,True
0,3,male,33.0,3,0,19.711,S,Third,man,True,nan,Southampton,no,False
0,3,female,31.2,0,1,3.8816,S,Third,woman,False,nan,Southampton,no,False
0,3,male,34.1,0,0,11.4593,S,Third,man,True,nan,Southampton,no,True
0,3,male,31.0,0,0,12.9209,S,Third,man,True,C,Southampton,no,True
0,3,female,,1,0,3.0,S,Third,woman,False,C,Southampton,no,False
0,3,female,31.5,0,0,5.7876,S,Third,woman,False,nan,Southampton,no,True
0,3,female,8.6,0,0,10.0763,C,Third,child,False,nan,Cherbourg,no,True
0,1,male,53.3,0,2,92.4629,S,First,man,True,C,Southampton,no,False
0,2,female,35.1,0,1,17.9922,S,Second,woman,False,nan,Southampton,no,False
0,3,male,21.2,0,0,3.0,C,Third,man,True,E,Cherbourg,no,True
1,3,female,11.5,1,0,11.8856,S,Third,child,False,B,Southampton,yes,False
0,3,male,35.4,1,0,21.972,C,Third,man,True,nan,Cherbourg,no,False
0,3,female,28.0,1,2,7.1407,S,Third,woman,False,nan,Southampton,no,False
0,2,male,52.5,0,0,9.6208,Q,Second,man,True,C,Queenstown,no,True
1,1,male,24.7,1,0,150.5998,S,First,man,True,nan,Southampton,yes,False
0,3,male,,3,0,4.75,S,Third,man,True,D,Southampton,no,False
0,2,male,42.7,0,0,7.6403,S,Second,man,True,C,Southampton,no,True
0,3,male,43.1,0,0,8.3177,S,Third,man,True,C,Southampton,no,True
0,1,female,32.1,4,0,111.72,S,First,woman,False,E,Southampton,no,False
0,3,male,39.5,0,0,11.51,Q,Third,man,True,nan,Queenstown,no,True
0,3,male,29.2,1,0,8.977,S,Third,man,True,nan,Southampton,no,False
0,3,male,33.1,0,0,18.8511,S,Third,man,True,nan,Southampton,no,True
0,3,male,46.6,0,0,16.0151,S,Third,man,True,nan,Southampton,no,True
0,2,male,38.8,2,0,16.1151,S,Second,man,True,nan,Southampton,no,False
0,3,male,27.2,0,1,20.9453,S,Third,man,True,nan,Southampton,no,False
0,3,male,49.3,0,0,10.5689,S,Third,man,True,nan,Southampton,no,True
1,1,male,0.4,0,0,145.3308,S,First,child,False,nan,Southampton,yes,True
0,3,male,59.5,0,0,4.1125,S,Third,man,True,E,Southampton,no,True
0,3,male,5.0,0,0,19.6896,S,Third,child,False,nan,Southampton,no,True
0,3,male,20.6,1,1,7.2147,S,Third,man,True,nan,Southampton,no,False
0,3,male,29.1,0,0,6.5983,C,Third,man,True,nan,Cherbourg,no,True
0,3,male,27.6,0,0,3.1619,S,Third,man,True,nan,Southampton,no,True
0,2,female,44.3,0,0,34.705,Q,Second,woman,False,E,Queenstown,no,True
0,3,female,14.4,0,0,9.3613,S,Third,child,False,nan,Southampton,no,True
1,3,female,33.5,0,0,4.2053,S,Third,woman,False,nan,Southampton,yes,True
0,1,male,21.3,1,0,99.8734,S,First,man,True,nan,Southampton,no,False
0,1,female,34.0,1,0,54.0032,Q,First,woman,False,B,Queenstown,no,False
0,2,female,28.8,0,0,9.5699,Q,Second,woman,False,nan,Queenstown,no,True
1,3,female,31.0,0,0,5.1823,S,Third,woman,False,E,Southampton,yes,True
0,3,male,21.7,0,0,4.1834,S,Third,man,True,nan,Southampton,no,True
0,1,male,22.3,0,0,129.4295,C,First,man,True,nan,Cherbourg,no,True
0,3,female,33.9,0,0,27.7709,Q,Third,woman,False,nan,Queenstown,no,True
0,2,male,43.4,1,0,18.307,S,Second,man,True,nan,Southampton,no,False
0,3,male,21.0,0,1,4.6116,Q,Third,man,True,nan,Queenstown,no,False
0,3,male,17.1,0,0,17.8178,Q,Third,man,True,E,Queenstown,no,True
0,3,male,38.6,1,1,13.1713,C,Third,man,True,D,Cherbourg,no,False
0,3,male,29.2,1,0,10.1759,S,Third,man,True,nan,Southampton,no,False
0,2,male,41.7,0,0,31.1504,S,Second,man,True,nan,Southampton,no,True
0,2,male,16.6,0,0,33.2241,S,Second,man,True,nan,Southampton,no,True
0,1,male,3.9,2,0,77.0881,S,First,child,False,nan,Southampton,no,False
0,3,male,22.0,0,0,12.3895,S,Third,man,True,nan,Southampton,no,True
0,3,male,18.6,0,0,10.8662,S,Third,man,True,D,Southampton,no,True
0,3,male,28.6,0,0,6.5349,S,Third,man,True,nan,Southampton,no,True
0,3,female,20.5,1,0,12.3401,S,Third,woman,False,B,Southampton,no,False
0,3,female,40.4,0,0,18.7232,S,Third,woman,False,A,Southampton,no,True
0,3,male,25.5,3,0,4.9109,C,Third,man,True,nan,Cherbourg,no,False
0,3,male,31.9,1,0,4.3219,S,Third,man,True,nan,Southampton,no,False
0,3,male,32.0,0,1,8.4177,Q,Third,man,True,D,Queenstown,no,False
1,2,female,32.5,0,1,30.2089,S,Second,woman,False,nan,Southampton,yes,False
0,3,male,29.4,0,4,17.0398,S,Third,man,True,nan,Southampton,no,False
0,1,male,37.1,0,0,51.6972,C,First,man,True,nan,Cherbourg,no,True
1,3,male,18.2,1,1,9.992,S,Third,man,True,nan,Southampton,yes,False
0,3,male,50.0,0,1,17.5102,S,Third,man,True,nan,Southampton,no,False
1,1,female,26.3,0,0,54.9459,S,First,woman,False,nan,Southampton,yes,True
1,3,female,10.7,0,0,35.5442,S,Third,child,False,nan,Southampton,yes,True
1,3,male,32.4,0,3,19.0441,C,Third,man,True,nan,Cherbourg,yes,False
0,2,male,17.4,0,3,44.4788,C,Second,man,True,nan,Cherbourg,no,False
0,1,male,39.3,0,0,104.0285,C,First,man,True,nan,Cherbourg,no,True
0,3,male,61.7,0,0,16.6622,S,Third,man,True,nan,Southampton,no,True
0,3,male,18.3,0,1,5.4004,S,Third,man,True,nan,Southampton,no,False
0,3,male,34.5,0,0,14.8885,S,Third,man,True,nan,Southampton,no,True
0,3,male,4.2,1,0,3.0,S,Third,child,False,nan,Southampton,no,False
0,3,male,36.3,0,4,3.8681,C,Third,man,True,nan,Cherbourg,no,False
1,3,female,16.9,0,1,3.8272,Q,Third,woman,False,C,Queenstown,yes,False
0,3,male,,0,2,9.1309,Q,Third,man,True,nan,Queenstown,no,False
0,3,female,13.7,0,0,11.3264,Q,Third,child,False,nan,Queenstown,no,True
0,2,female,40.3,3,0,59.9624,S,Second,woman,False,D,Southampton,no,False
0,1,male,44.3,0,3,161.444,S,First,man,True,F,Southampton,no,False
1,1,female,30.0,1,0,72.5224,C,First,woman,False,nan,Cherbourg,yes,False
0,3,male,17.2,0,0,6.2317,C,Third,man,True,nan,Cherbourg,no,True
0,3,male,52.7,0,0,13.53,S,Third,man,True,E,Southampton,no,True
0,3,male,18.8,1,0,20.9691,C,Third,man,True,nan,Cherbourg,no,False
1,1,female,0.4,0,0,82.1869,S,First,child,False,nan,Southampton,yes,True
0,1,male,36.3,1,0,45.9331,S,First,man,True,nan,Southampton,no,False
0,1,male,13.7,0,0,64.0844,Q,First,child,False,nan,Queenstown,no,True
0,2,female,44.0,0,0,47.8433,Q,Second,woman,False,nan,Queenstown,no,True
0,3,male,24.2,1,0,17.3008,C,Third,man,True,D,Cherbourg,no,False
0,2,female,38.5,0,0,36.223,S,Second,woman,False,nan,Southampton,no,True
0,2,female,50.0,1,0,34.5023,S,Second,woman,False,nan,Southampton,no,False
0,3,female,12.2,0,0,13.7149,S,Third,child,False,nan,Southampton,no,True
1,2,female,21.5,1,0,28.7267,S,Second,woman,False,C,Southampton,yes,False
1,3,female,28.6,0,0,7.5969,S,Third,woman,False,nan,Southampton,yes,True
0,3,male,52.0,1,0,17.5866,S,Third,man,True,F,Southampton,no,False
0,2,female,20.2,2,0,28.4105,S,Second,woman,False,nan,Southampton,no,False
0,3,male,21.1,0,0,6.3083,S,Third,man,True,nan,Southampton,no,True
0,3,male,36.6,0,0,10.4873,Q,Third,man,True,nan,Queenstown,no,True
0,3,male,21.3,1,0,5.5028,S,Third,man,True,nan,Southampton,no,False
1,1,female,31.9,0,0,96.8121,Q,First,woman,False,nan,Queenstown,yes,True
1,3,female,7.2,0,2,3.9483,S,Third,child,False,G,Southampton,yes,False
0,3,female,61.8,2,2,7.471,C,Third,woman,False,nan,Cherbourg,no,False
0,2,male,10.2,0,0,79.2741,C,Second,child,False,nan,Cherbourg,no,True
0,3,male,25.0,0,0,10.3879,S,Third,man,True,nan,Southampton,no,True
0,3,male,29.2,0,2,14.7695,S,Third,man,True,nan,Southampton,no,False
0,3,female,57.4,0,0,23.8573,C,Third,woman,False,nan,Cherbourg,no,True
0,2,female,10.5,0,0,24.8316,S,Second,child,False,nan,Southampton,no,True
0,3,male,58.5,0,0,3.0,S,Third,man,True,nan,Southampton,no,True
0,2,male,40.7,1,3,64.268,S,Second,man,True,E,Southampton,no,False
0,1,male,35.7,0,0,99.505,S,First,man,True,nan,Southampton,no,True
0,1,male,15.4,2,0,166.6935,S,First,child,False,nan,Southampton,no,False
0,1,female,38.0,1,0,70.1165,S,First,woman,False,nan,Southampton,no,False
1,1,male,19.2,1,3,182.551,S,First,man,True,nan,Southampton,yes,False
0,1,male,48.1,0,0,153.1791,S,First,man,True,nan,Southampton,no,True
0,3,male,15.6,0,0,5.5206,S,Third,child,False,C,Southampton,no,True
0,1,male,28.1,0,0,114.1393,S,First,man,True,E,Southampton,no,True
0,2,female,21.6,0,0,90.3901,Q,Second,woman,False,nan,Queenstown,no,True
0,3,male,15.4,0,0,5.2446,C,Third,child,False,nan,Cherbourg,no,True
0,3,male,40.4,1,1,4.7606,C,Third,man,True,nan,Cherbourg,no,False
0,3,male,37.5,0,0,15.9541,S,Third,man,True,nan,Southampton,no,True
1,1,female,47.2,0,0,134.1372,C,First,woman,False,nan,Cherbourg,yes,True
1,1,female,3.9,0,0,90.4486,S,First,child,False,nan,Southampton,yes,True
1,1,female,45.1,1,1,49.2767,S,First,woman,False,nan,Southampton,yes,False
0,1,male,66.0,2,0,221.1326,S,First,man,True,nan,Southampton,no,False
0,2,male,23.2,0,0,21.8764,S,Second,man,True,nan,Southampton,no,True
0,1,male,57.2,0,0,98.4415,C,First,man,True,C,Cherbourg,no,True
0,1,female,25.9,2,0,50.3909,S,First,woman,False,nan,Southampton,no,False
0,1,male,9.8,0,0,98.3555,S,First,child,False,nan,Southampton,no,True
0,3,male,25.3,1,0,6.0819,S,Third,man,True,nan,Southampton,no,False
1,1,female,44.9,0,0,230.5697,S,First,woman,False,nan,Southampton,yes,True
1,2,female,17.5,0,0,52.0377,S,Second,woman,False,nan,Southampton,yes,True
0,3,male,21.0,0,0,3.0,Q,Third,man,True,nan,Queenstown,no,True
0,3,male,38.3,1,2,12.352,C,Third,man,True,nan,Cherbourg,no,False
0,1,male,29.7,0,0,25.7621,Q,First,man,True,nan,Queenstown,no,True
1,3,female,38.2,0,0,11.3994,S,Third,woman,False,nan,Southampton,yes,True
0,3,female,33.1,0,0,3.0,S,Third,woman,False,nan,Southampton,no,True
0,1,male,36.7,0,0,115.5258,C,First,man,True,nan,Cherbourg,no,True
0,3,male,23.4,1,0,6.8197,S,Third,man,True,E,Southampton,no,False
0,3,female,33.1,1,0,13.898,C,Third,woman,False,C,Cherbourg,no,False
0,1,female,16.3,0,1,112.1911,Q,First,woman,False,D,Queenstown,no,False
0,2,male,48.4,1,0,91.9052,C,Second,man,True,C,Cherbourg,no,False
0,3,male,20.5,0,0,3.8459,S,Third,man,True,nan,Southampton,no,True
0,3,male,46.1,0,0,16.3404,S,Third,man,True,nan,Southampton,no,True
0,1,male,26.3,1,0,235.8246,S,First,man,True,nan,Southampton,no,False
0,1,female,32.6,0,0,63.7043,C,First,woman,False,nan,Cherbourg,no,True
0,2,female,22.5,0,0,58.3861,Q,Second,woman,False,C,Queenstown,no,True
1,3,female,15.0,0,0,17.1011,S,Third,child,False,nan,Southampton,yes,True
0,3,male,4.4,1,0,9.5267,S,Third,child,False,G,Southampton,no,False
1,2,female,14.4,0,0,69.3397,S,Second,child,False,nan,Southampton,yes,True
0,3,male,25.0,0,0,9.699,C,Third,man,True,nan,Cherbourg,no,True
0,3,male,32.8,1,3,9.8541,S,Third,man,True,nan,Southampton,no,False
0,1,male,44.4,1,0,131.9065,S,First,man,True,nan,Southampton,no,False
0,2,male,23.2,1,0,53.5192,C,Second,man,True,F,Cherbourg,no,False
1,3,female,16.9,0,0,41.9892,S,Third,woman,False,nan,Southampton,yes,True
0,3,male,8.8,0,0,22.4705,S,Third,child,False,nan,Southampton,no,True
0,3,male,,0,0,26.9642,C,Third,man,True,E,Cherbourg,no,True
0,3,male,49.8,1,0,7.1199,C,Third,man,True,nan,Cherbourg,no,False
0,1,male,48.1,1,0,199.6625,S,First,man,True,D,Southampton,no,False
0,2,male,40.0,3,0,20.8406,Q,Second,man,True,nan,Queenstown,no,False
0,3,male,39.0,0,0,3.0,S,Third,man,True,nan,Southampton,no,True
0,2,female,54.3,0,0,46.1428,C,Second,woman,False,nan,Cherbourg,no,True
0,2,male,34.5,0,0,46.4001,C,Second,man,True,E,Cherbourg,no,True
0,2,male,39.1,0,0,25.9471,S,Second,man,True,E,Southampton,no,True
0,1,male,25.0,0,2,95.8314,S,First,man,True,nan,Southampton,no,False
0,2,female,10.0,3,0,35.3029,C,Second,child,False,nan,Cherbourg,no,False
0,1,male,19.8,0,0,337.4808,S,First,man,True,F,Southampton,no,True
0,2,male,29.6,0,0,40.8944,S,Second,man,True,C,Southampton,no,True
0,1,male,30.6,0,0,156.4614,Q,First,man,True,nan,Queenstown,no,True
0,3,male,,0,1,3.4657,S,Third,man,True,nan,Southampton,no,False
0,3,male,30.9,1,1,21.1164,C,Third,man,True,E,Cherbourg,no,False
0,3,female,46.8,0,0,9.3723,C,Third,woman,False,nan,Cherbourg,no,True
0,3,male,23.4,0,1,18.1604,S,Third,man,True,C,Southampton,no,False
0,3,male,25.2,0,0,3.0,S,Third,man,True,nan,Southampton,no,True
1,1,female,10.4,0,0,183.7769,S,First,child,False,nan,Southampton,yes,True
0,3,female,18.9,0,0,27.8246,S,Third,woman,False,nan,Southampton,no,True
0,3,male,37.3,0,0,5.5804,Q,Third,man,True,D,Queenstown,no,True
0,3,male,29.8,0,1,20.7398,S,Third,man,True,nan,Southampton,no,False
0,2,male,43.4,0,0,38.3546,S,Second,man,True,C,Southampton,no,True
0,1,male,32.3,0,4,115.4368,S,First,man,True,nan,Southampton,no,False
0,2,female,24.6,0,0,79.6578,S,Second,woman,False,nan,Southampton,no,True
0,2,female,60.9,0,0,35.322,S,Second,woman,False,nan,Southampton,no,True
0,3,female,28.3,0,0,43.4212,S,Third,woman,False,nan,Southampton,no,True
0,3,male,46.6,2,0,11.3748,S,Third,man,True,C,Southampton,no,False
0,2,male,23.9,0,0,14.3788,S,Second,man,True,nan,Southampton,no,True
0,3,male,40.0,0,0,3.0,S,Third,man,True,nan,Southampton,no,True
0,3,female,43.2,1,4,8.9245,S,Third,woman,False,C,Southampton,no,False
0,1,male,32.7,0,0,51.1963,S,First,man,True,E,Southampton,no,True
1,1,male,0.4,0,0,131.6831,S,First,child,False,nan,Southampton,yes,True
0,1,female,30.0,0,0,94.7027,C,First,woman,False,nan,Cherbourg,no,True
1,2,female,,1,0,8.2275,S,Second,woman,False,nan,Southampton,yes,False
0,1,female,37.3,1,0,180.1867,Q,First,woman,False,nan,Queenstown,no,False
0,1,male,36.2,3,3,152.8516,C,First,man,True,D,Cherbourg,no,False
0,2,female,4.7,0,0,42.9721,C,Second,child,False,nan,Cherbourg,no,True
1,1,female,19.3,1,0,115.9605,S,First,woman,False,nan,Southampton,yes,False
0,3,male,35.7,0,0,7.874,S,Third,man,True,nan,Southampton,no,True
0,1,male,35.7,0,6,120.6619,S,First,man,True,nan,Southampton,no,False
0,3,male,47.3,2,0,12.2081,Q,Third,man,True,nan,Queenstown,no,False
0,2,female,27.6,0,3,22.2591,S,Second,woman,False,nan,Southampton,no,False
0,3,male,35.6,0,0,11.859,S,Third,man,True,nan,Southampton,no,True
0,1,male,29.9,0,0,157.941,S,First,man,True,nan,Southampton,no,True
0,2,male,15.4,1,0,29.6117,S,Second,child,False,nan,Southampton,no,False
1,3,female,0.4,0,0,3.0,S,Third,child,False,nan,Southampton,yes,True
0,3,male,35.9,0,0,3.0,C,Third,man,True,E,Cherbourg,no,True
0,3,male,32.2,0,0,3.0,S,Third,man,True,C,Southampton,no,True
0,2,male,20.7,0,0,40.3352,S,Second,man,True,nan,Southampton,no,True
1,1,female,6.2,2,2,245.6097,S,First,child,False,nan,Southampton,yes,False
1,3,male,38.8,0,0,6.8419,S,Third,man,True,C,Southampton,yes,True
0,3,male,25.8,0,4,3.0,S,Third,man,True,C,Southampton,no,False
0,3,female,37.8,0,0,14.268,S,Third,woman,False,nan,Southampton,no,True
0,3,male,56.7,0,0,3.0,S,Third,man,True,nan,Southampton,no,True
1,2,female,,0,2,38.6947,C,Second,woman,False,C,Cherbourg,yes,False
0,3,male,19.6,0,1,5.4343,S,Third,man,True,nan,Southampton,no,False
0,1,male,26.7,2,0,41.4267,C,First,man,True,nan,Cherbourg,no,False
0,2,male,50.8,0,0,30.7173,S,Second,man,True,nan,Southampton,no,True
1,2,male,6.0,0,1,27.0306,S,Second,child,False,nan,Southampton,yes,False
0,3,female,57.8,0,1,32.2354,S,Third,woman,False,nan,Southampton,no,False
0,2,male,31.7,0,1,16.3082,S,Second,man,True,nan,Southampton,no,False
0,1,female,28.3,0,0,82.5931,C,First,woman,False,nan,Cherbourg,no,True
0,3,male,26.8,0,0,17.7398,S,Third,man,True,F,Southampton,no,True
0,2,male,23.4,4,1,16.68,C,Second,man,True,nan,Cherbourg,no,False
0,3,male,44.9,0,0,20.5552,C,Third,man,True,nan,Cherbourg,no,True
0,1,female,14.2,0,0,327.8546,S,First,child,False,nan,Southampton,no,True
0,3,male,34.7,0,0,13.8332,C,Third,man,True,nan,Cherbourg,no,True
0,3,male,24.1,0,0,8.9763,S,Third,man,True,nan,Southampton,no,True
0,1,male,18.6,0,0,55.4473,Q,First,man,True,nan,Queenstown,no,True
0,2,male,67.2,0,0,18.0901,C,Second,man,True,E,Cherbourg,no,True
0,1,male,35.8,0,0,142.7231,S,First,man,True,nan,Southampton,no,True
0,1,female,38.6,0,0,155.0953,S,First,woman,False,nan,Southampton,no,True
0,3,male,46.2,1,0,3.5391,S,Third,man,True,C,Southampton,no,False
0,2,female,9.1,0,0,23.7935,S,Second,child,False,G,Southampton,no,True
0,3,male,55.1,0,0,11.6056,S,Third,man,True,nan,Southampton,no,True
0,2,female,0.4,2,1,44.0536,C,Second,child,False,G,Cherbourg,no,False
1,3,female,18.6,0,0,9.3705,S,Third,woman,False,nan,Southampton,yes,True
1,3,male,23.0,1,0,13.1837,S,Third,man,True,nan,Southampton,yes,False
1,3,female,38.1,0,3,6.1362,C,Third,woman,False,nan,Cherbourg,yes,False
0,3,male,32.9,0,0,5.4055,S,Third,man,True,nan,Southampton,no,True
0,2,female,27.3,0,0,41.4491,S,Second,woman,False,D,Southampton,no,True
0,2,female,29.5,0,0,24.2474,S,Second,woman,False,D,Southampton,no,True
0,3,male,15.5,0,1,10.7111,S,Third,child,False,nan,Southampton,no,False
0,3,male,8.0,1,1,3.544,C,Third,child,False,nan,Cherbourg,no,False
0,3,male,40.2,1,0,29.5888,S,Third,man,True,nan,Southampton,no,False
0,1,male,39.8,0,0,89.1128,S,First,man,True,nan,Southampton,no,True
0,3,male,52.7,1,0,21.4059,Q,Third,man,True,nan,Queenstown,no,False
0,3,male,18.2,1,0,6.1964,C,Third,man,True,nan,Cherbourg,no,False
0,1,male,39.7,0,0,190.3725,S,First,man,True,nan,Southampton,no,True
1,1,female,25.6,1,0,25.3727,C,First,woman,False,nan,Cherbourg,yes,False
0,3,male,47.0,0,0,4.914,Q,Third,man,True,nan,Queenstown,no,True
0,3,male,44.5,1,0,11.891,S,Third,man,True,C,Southampton,no,False
0,3,male,32.8,1,0,5.2625,C,Third,man,True,nan,Cherbourg,no,False
0,1,male,24.8,0,0,67.56,S,First,man,True,nan,Southampton,no,True
0,3,male,43.6,0,0,18.7358,S,Third,man,True,nan,Southampton,no,True
0,1,male,39.1,1,0,121.6492,S,First,man,True,nan,Southampton,no,False
1,1,female,19.8,0,0,173.6209,S,First,woman,False,nan,Southampton,yes,True
0,1,female,10.4,0,2,190.6579,S,First,child,False,nan,Southampton,no,False
0,3,male,25.5,0,0,12.9235,S,Third,man,True,nan,Southampton,no,True
0,3,female,51.7,0,0,22.0476,C,Third,woman,False,nan,Cherbourg,no,True
0,3,male,,0,3,5.0399,S,Third,man,True,nan,Southampton,no,False
0,2,female,13.6,0,1,18.2098,S,Second,child,False,D,Southampton,no,False
1,3,female,12.8,0,0,4.2267,S,Third,child,False,C,Southampton,yes,True
0,2,male,48.2,1,0,26.8932,S,Second,man,True,B,Southampton,no,False
0,3,male,13.2,0,0,14.0678,S,Third,child,False,nan,Southampton,no,True
0,2,male,37.1,0,2,61.2314,S,Second,man,True,nan,Southampton,no,False
0,2,male,20.8,0,0,22.3182,S,Second,man,True,C,Southampton,no,True
0,3,female,53.1,0,0,6.6062,S,Third,woman,False,nan,Southampton,no,True
0,2,male,18.5,4,1,39.4031,C,Second,man,True,nan,Cherbourg,no,False
0,3,female,46.3,1,0,22.3969,S,Third,woman,False,nan,Southampton,no,False
0,3,female,32.4,0,0,9.2628,C,Third,woman,False,nan,Cherbourg,no,True
0,1,male,33.4,0,0,207.877,C,First,man,True,E,Cherbourg,no,True
0,3,female,1.1,0,0,8.545,S,Third,child,False,nan,Southampton,no,True
0,2,female,0.4,0,0,61.0286,S,Second,child,False,nan,Southampton,no,True
0,3,female,26.5,0,0,8.4089,Q,Third,woman,False,nan,Queenstown,no,True
0,3,female,33.3,0,0,11.2271,S,Third,woman,False,nan,Southampton,no,True
0,3,female,13.4,3,1,10.717,C,Third,child,False,E,Cherbourg,no,False
0,1,male,13.9,0,0,59.0576,S,First,child,False,nan,Southampton,no,True
0,3,female,37.8,0,0,21.3763,C,Third,woman,False,nan,Cherbourg,no,True
0,3,male,37.9,0,0,12.4274,C,Third,man,True,nan,Cherbourg,no,True
0,2,female,27.7,0,0,8.117,S,Second,woman,False,C,Southampton,no,True
0,1,female,41.0,0,0,158.3593,Q,First,woman,False,nan,Queenstown,no,True
0,3,male,12.7,0,0,27.8412,S,Third,child,False,nan,Southampton,no,True
0,3,male,24.5,1,0,5.3615,S,Third,man,True,C,Southampton,no,False
0,3,male,53.6,0,0,3.6201,S,Third,man,True,E,Southampton,no,True
0,3,male,30.7,0,0,7.0863,C,Third,man,True,nan,Cherbourg,no,True
0,3,male,31.5,0,1,17.4019,S,Third,man,True,nan,Southampton,no,False
0,1,female,63.1,1,0,158.6299,S,First,woman,False,nan,Southampton,no,False
0,2,female,9.4,0,0,133.1593,S,Second,child,False,nan,Southampton,no,True
0,2,female,41.2,0,0,48.1456,Q,Second,woman,False,nan,Queenstown,no,True
0,3,male,53.8,1,3,6.0254,S,Third,man,True,nan,Southampton,no,False
1,1,female,25.0,0,0,67.9353,S,First,woman,False,nan,Southampton,yes,True
0,3,female,42.2,1,0,15.7873,S,Third,woman,False,nan,Southampton,no,False
0,3,male,15.5,0,2,14.3257,C,Third,child,False,nan,Cherbourg,no,False
0,3,male,19.7,0,2,17.9323,S,Third,man,True,nan,Southampton,no,False
0,2,male,35.3,0,1,19.8862,S,Second,man,True,nan,Southampton,no,False
0,3,female,41.3,0,0,19.1965,S,Third,woman,False,C,Southampton,no,True
0,1,male,46.0,0,1,165.6429,S,First,man,True,nan,Southampton,no,False
0,3,female,52.5,0,0,15.352,C,Third,woman,False,nan,Cherbourg,no,True
0,1,male,28.7,0,0,129.6595,S,First,man,True,nan,Southampton,no,True
0,2,female,47.0,2,0,23.1517,S,Second,woman,False,C,Southampton,no,False
0,3,male,24.7,0,0,13.7604,S,Third,man,True,nan,Southampton,no,True
0,1,male,42.8,0,0,117.0529,S,First,man,True,nan,Southampton,no,True
0,1,male,32.7,0,0,87.6224,S,First,man,True,nan,Southampton,no,True
0,3,male,36.2,0,0,3.0,S,Third,man,True,D,Southampton,no,True
0,3,female,35.8,1,0,7.8349,S,Third,woman,False,D,Southampton,no,False
1,3,male,6.4,1,0,19.0345,S,Third,child,False,nan,Southampton,yes,False
0,3,female,13.4,0,0,11.966,S,Third,child,False,nan,Southampton,no,True
1,3,male,31.2,0,1,14.0262,S,Third,man,True,nan,Southampton,yes,False
1,2,male,5.2,0,0,72.3341,S,Second,child,False,nan,Southampton,yes,True
0,2,male,41.8,0,1,11.097,S,Second,man,True,nan,Southampton,no,False
0,1,male,42.3,1,0,84.911,C,First,man,True,nan,Cherbourg,no,False
0,3,female,34.4,0,0,13.8495,C,Third,woman,False,nan,Cherbourg,no,True
0,3,male,,0,0,25.1669,S,Third,man,True,nan,Southampton,no,True
0,2,female,49.7,0,0,59.9823,S,Second,woman,False,C,Southampton,no,True
0,3,female,59.2,0,0,5.3535,S,Third,woman,False,nan,Southampton,no,True
0,3,male,31.8,0,0,6.2352,S,Third,man,True,nan,Southampton,no,True
0,1,male,37.1,1,0,97.9486,S,First,man,True,nan,Southampton,no,False
0,3,female,32.6,1,4,20.7822,S,Third,woman,False,F,Southampton,no,False
1,3,female,37.4,0,0,16.1326,S,Third,woman,False,nan,Southampton,yes,True
1,3,female,28.0,1,0,3.5641,S,Third,woman,False,nan,Southampton,yes,False
0,1,male,29.2,0,2,83.7419,S,First,man,True,D,Southampton,no,False
0,3,female,42.8,0,1,12.8056,C,Third,woman,False,A,Cherbourg,no,False
0,3,male,63.7,0,0,14.4886,S,Third,man,True,nan,Southampton,no,True
1,3,female,9.4,0,0,23.7401,S,Third,child,False,nan,Southampton,yes,True
1,3,female,28.2,0,0,3.0194,C,Third,woman,False,nan,Cherbourg,yes,True
0,3,male,12.6,1,1,12.2654,S,Third,child,False,B,Southampton,no,False
1,3,male,52.8,0,0,8.252,S,Third,man,True,nan,Southampton,yes,True
0,1,male,21.2,2,1,47.4847,C,First,man,True,nan,Cherbourg,no,False
0,3,male,8.8,1,2,6.6354,S,Third,child,False,nan,Southampton,no,False
0,3,female,39.0,0,3,16.326,S,Third,woman,False,nan,Southampton,no,False
0,2,male,55.0,1,1,23.6122,C,Second,man,True,nan,Cherbourg,no,False
0,3,male,39.3,0,0,9.0849,S,Third,man,True,nan,Southampton,no,True
0,3,male,32.7,0,0,4.3466,S,Third,man,True,nan,Southampton,no,True
1,3,female,35.6,0,0,5.8291,C,Third,woman,False,nan,Cherbourg,yes,True
0,3,male,50.2,0,0,14.8118,S,Third,man,True,nan,Southampton,no,True
0,1,male,17.0,0,0,168.1656,S,First,man,True,nan,Southampton,no,True
0,3,male,28.1,1,0,6.7223,C,Third,man,True,E,Cherbourg,no,False
0,3,female,23.1,1,2,16.0231,S,Third,woman,False,A,Southampton,no,False
1,1,female,12.8,0,2,50.7274,S,First,child,False,D,Southampton,yes,False
0,3,male,24.9,0,0,17.5138,S,Third,man,True,nan,Southampton,no,True
0,3,male,45.8,0,0,8.3588,Q,Third,man,True,nan,Queenstown,no,True
0,3,male,37.9,0,0,14.5792,S,Third,man,True,E,Southampton,no,True
0,3,male,39.0,0,1,10.7684,S,Third,man,True,nan,Southampton,no,False
0,2,male,31.8,2,0,27.2696,C,Second,man,True,nan,Cherbourg,no,False
1,1,female,37.3,0,3,180.1987,S,First,woman,False,nan,Southampton,yes,False
0,2,male,18.1,0,1,91.6415,Q,Second,man,True,nan,Queenstown,no,False
0,3,female,25.2,1,2,6.1316,C,Third,woman,False,nan,Cherbourg,no,False
0,1,male,32.5,1,0,77.583,Q,First,man,True,nan,Queenstown,no,False
0,2,female,33.7,0,1,54.5633,S,Second,woman,False,C,Southampton,no,False
1,2,female,34.3,0,1,12.0786,S,Second,woman,False,nan,Southampton,yes,False
0,3,male,27.7,1,0,5.6828,S,Third,man,True,nan,Southampton,no,False
0,3,male,,2,0,6.1639,S,Third,man,True,nan,Southampton,no,False
0,2,male,75.5,0,1,28.2222,S,Second,man,True,E,Southampton,no,False
0,2,male,42.8,0,0,14.7951,C,Second,man,True,nan,Cherbourg,no,True
0,3,male,35.7,1,0,4.987,S,Third,man,True,nan,Southampton,no,False
0,3,male,26.3,0,1,10.6211,C,Third,man,True,nan,Cherbourg,no,False
0,1,female,23.2,4,1,121.5632,S,First,woman,False,nan,Southampton,no,False
0,3,male,27.8,0,0,11.69,S,Third,man,True,nan,Southampton,no,True
1,1,female,33.9,2,0,73.8286,S,First,woman,False,nan,Southampton,yes,False
0,1,male,2.4,0,0,55.9396,S,First,child,False,nan,Southampton,no,True
1,3,female,6.9,2,0,9.5721,S,Third,child,False,D,Southampton,yes,False
0,2,male,20.5,0,2,7.2358,C,Second,man,True,nan,Cherbourg,no,False
1,3,female,32.7,1,0,3.8073,S,Third,woman,False,A,Southampton,yes,False
0,2,male,26.2,2,3,60.2563,Q,Second,man,True,nan,Queenstown,no,False
0,3,male,51.1,0,0,17.4059,S,Third,man,True,nan,Southampton,no,True
0,3,male,8.2,0,0,6.2285,S,Third,child,False,nan,Southampton,no,True
0,1,male,18.8,0,1,203.1074,C,First,man,True,D,Cherbourg,no,False
0,3,male,51.7,0,0,11.9235,S,Third,man,True,nan,Southampton,no,True
0,1,male,31.6,1,0,86.6699,C,First,man,True,C,Cherbourg,no,False
0,3,male,42.5,0,5,21.4763,S,Third,man,True,nan,Southampton,no,False
0,1,female,59.4,1,1,150.5895,Q,First,woman,False,nan,Queenstown,no,False
0,2,male,19.6,0,0,27.0992,S,Second,man,True,E,Southampton,no,True
0,1,male,28.3,0,0,196.2491,S,First,man,True,F,Southampton,no,True
0,3,female,25.7,0,0,6.0125,C,Third,woman,False,nan,Cherbourg,no,True
0,3,male,1.4,0,4,8.8962,S,Third,child,False,nan,Southampton,no,False
0,3,male,25.2,0,1,5.0237,S,Third,man,True,nan,Southampton,no,False
0,1,male,42.5,2,0,182.99,S,First,man,True,nan,Southampton,no,False
0,3,female,,1,0,13.1732,S,Third,woman,False,nan,Southampton,no,False
1,1,female,38.7,0,1,64.7011,S,First,woman,False,nan,Southampton,yes,False
0,3,female,24.3,0,0,3.0,S,Third,woman,False,D,Southampton,no,True
0,1,male,20.2,1,2,184.1147,C,First,man,True,D,Cherbourg,no,False
0,1,female,48.1,0,6,136.845,S,First,woman,False,C,Southampton,no,False
0,1,male,22.5,0,1,118.7198,Q,First,man,True,D,Queenstown,no,False
1,3,male,34.0,0,0,12.2717,S,Third,man,True,nan,Southampton,yes,True
0,3,male,32.1,1,0,19.9477,S,Third,man,True,nan,Southampton,no,False
0,1,male,,0,0,84.1472,S,First,man,True,nan,Southampton,no,True
0,3,male,43.8,0,0,20.4217,S,Third,man,True,D,Southampton,no,True
0,3,male,10.9,2,0,18.1598,S,Third,child,False,nan,Southampton,no,False
0,3,male,12.5,0,0,3.0,C,Third,child,False,nan,Cherbourg,no,True
0,2,male,38.1,1,0,24.5067,S,Second,man,True,nan,Southampton,no,False
1,2,female,28.8,0,0,25.7529,S,Second,woman,False,nan,Southampton,yes,True
0,3,male,23.1,0,0,20.2947,S,Third,man,True,nan,Southampton,no,True
1,1,female,44.4,0,1,218.7644,Q,First,woman,False,nan,Queenstown,yes,False
0,1,male,32.4,0,0,73.5861,Q,First,man,True,nan,Queenstown,no,True
0,3,female,30.5,0,0,10.088,C,Third,woman,False,nan,Cherbourg,no,True
0,3,male,41.0,0,0,6.57,S,Third,man,True,nan,Southampton,no,True
0,2,male,24.3,0,0,18.8104,S,Second,man,True,nan,Southampton,no,True
0,2,male,52.4,0,1,68.5952,C,Second,man,True,nan,Cherbourg,no,False
0,3,male,18.3,1,0,16.9458,Q,Third,man,True,nan,Queenstown,no,False
1,2,female,39.2,1,0,28.6646,S,Second,woman,False,A,Southampton,yes,False
0,1,male,,1,0,85.8405,C,First,man,True,D,Cherbourg,no,False
1,1,male,9.7,0,4,176.1071,C,First,child,False,G,Cherbourg,yes,False
1,3,female,24.7,2,0,3.0,S,Third,woman,False,nan,Southampton,yes,False
0,3,female,46.3,0,0,3.957,S,Third,woman,False,nan,Southampton,no,True
0,1,male,46.5,0,0,111.2784,S,First,man,True,nan,Southampton,no,True
0,1,male,27.2,0,0,96.289,S,First,man,True,nan,Southampton,no,True
1,1,male,19.0,1,0,93.5489,S,First,man,True,nan,Southampton,yes,False
0,3,male,43.6,1,1,5.1397,S,Third,man,True,nan,Southampton,no,False
0,1,male,46.9,0,0,57.0982,S,First,man,True,nan,Southampton,no,True
1,1,female,12.8,0,1,142.2808,C,First,child,False,nan,Cherbourg,yes,False
0,3,male,12.2,0,0,22.2045,S,Third,child,False,D,Southampton,no,True
0,1,male,33.0,0,0,159.861,S,First,man,True,nan,Southampton,no,True
0,3,male,38.8,0,1,12.0446,S,Third,man,True,nan,Southampton,no,False
0,1,female,25.4,0,0,145.7355,S,First,woman,False,F,Southampton,no,True
1,1,female,39.5,0,0,80.6809,S,First,woman,False,nan,Southampton,yes,True
0,2,male,19.4,0,1,12.7137,C,Second,man,True,nan,Cherbourg,no,False
0,3,female,0.4,1,3,4.0134,C,Third,child,False,nan,Cherbourg,no,False
0,3,male,23.6,0,0,3.3384,S,Third,man,True,nan,Southampton,no,True
0,3,male,30.6,0,0,15.1741,S,Third,man,True,nan,Southampton,no,True
0,2,male,25.7,0,0,5.0134,S,Second,man,True,nan,Southampton,no,True
0,3,male,12.9,2,0,10.3222,S,Third,child,False,nan,Southampton,no,False
0,1,male,3.4,0,0,181.4879,C,First,child,False,nan,Cherbourg,no,True
0,2,female,22.2,0,0,16.9299,S,Second,woman,False,nan,Southampton,no,True
0,3,male,42.7,0,0,10.7688,S,Third,man,True,G,Southampton,no,True
0,1,female,47.9,0,0,86.0532,Q,First,woman,False,nan,Queenstown,no,True
0,1,male,46.9,0,1,105.4235,S,First,man,True,nan,Southampton,no,False
0,1,male,17.9,0,0,93.7107,S,First,man,True,nan,Southampton,no,True
1,1,male,13.0,0,0,109.6277,S,First,child,False,C,Southampton,yes,True
0,1,male,36.9,0,1,168.7804,S,First,man,True,nan,Southampton,no,False
0,3,male,38.9,0,0,8.5819,C,Third,man,True,nan,Cherbourg,no,True
0,2,male,35.5,0,0,35.2485,C,Second,man,True,nan,Cherbourg,no,True
0,3,male,0.5,2,0,9.3925,S,Third,child,False,D,Southampton,no,False
0,3,male,17.1,2,1,32.3144,S,Third,man,True,nan,Southampton,no,False
1,2,female,29.3,0,0,37.7329,S,Second,woman,False,C,Southampton,yes,True
0,2,male,36.8,0,0,28.077,S,Second,man,True,nan,Southampton,no,True
0,2,male,40.8,1,3,28.9386,S,Second,man,True,C,Southampton,no,False
0,3,male,31.8,1,0,13.3039,C,Third,man,True,nan,Cherbourg,no,False
1,2,female,,1,2,6.4354,S,Second,woman,False,nan,Southampton,yes,False
0,3,female,30.9,0,0,13.8109,Q,Third,woman,False,nan,Queenstown,no,True
0,2,male,39.6,0,1,41.501,S,Second,man,True,nan,Southampton,no,False
0,3,male,34.2,3,0,9.7824,C,Third,man,True,nan,Cherbourg,no,False
0,2,male,,2,1,26.4479,S,Second,man,True,E,Southampton,no,False
1,2,female,25.8,0,3,29.4012,Q,Second,woman,False,nan,Queenstown,yes,False
0,3,female,30.9,4,1,4.2012,C,Third,woman,False,nan,Cherbourg,no,False
0,3,male,36.7,1,0,8.0239,S,Third,man,True,nan,Southampton,no,False
0,1,male,33.6,0,1,151.2199,S,First,man,True,E,Southampton,no,False
0,3,male,35.2,0,0,17.5946,S,Third,man,True,nan,Southampton,no,True
1,3,female,49.2,0,0,5.6882,C,Third,woman,False,nan,Cherbourg,yes,True
0,3,male,33.5,0,2,3.0,S,Third,man,True,nan,Southampton,no,False
0,3,male,20.3,4,0,14.9953,S,Third,man,True,E,Southampton,no,False
0,2,male,42.5,0,0,61.7169,S,Second,man,True,nan,Southampton,no,True
1,1,female,,1,0,133.0275,S,First,woman,False,nan,Southampton,yes,False
1,2,female,14.0,1,0,33.68,S,Second,child,False,nan,Southampton,yes,False
1,3,female,34.6,0,0,12.3103,C,Third,woman,False,nan,Cherbourg,yes,True
0,3,male,37.2,0,0,12.2636,S,Third,man,True,D,Southampton,no,True
0,2,female,11.6,0,0,51.1982,C,Second,child,False,nan,Cherbourg,no,True
0,1,male,24.1,0,0,40.5263,S,First,man,True,nan,Southampton,no,True
0,3,male,20.9,0,2,3.201,S,Third,man,True,nan,Southampton,no,False
0,3,male,22.6,0,0,8.8198,S,Third,man,True,B,Southampton,no,True
0,3,female,43.4,0,0,5.5337,S,Third,woman,False,nan,Southampton,no,True
0,1,male,,0,0,49.5651,S,First,man,True,nan,Southampton,no,True
0,2,female,29.4,0,0,34.5268,S,Second,woman,False,nan,Southampton,no,True
0,1,female,21.8,0,0,74.1354,Q,First,woman,False,nan,Queenstown,no,True
0,3,male,10.1,3,0,16.2436,C,Third,child,False,B,Cherbourg,no,False
0,1,male,50.3,0,0,122.2251,S,First,man,True,E,Southampton,no,True
0,3,male,38.3,1,0,3.9367,S,Third,man,True,nan,Southampton,no,False
0,2,male,19.5,3,0,68.3432,S,Second,man,True,nan,Southampton,no,False
0,3,male,40.1,1,0,5.6418,Q,Third,man,True,nan,Queenstown,no,False
0,3,male,28.7,0,2,5.2801,S,Third,man,True,nan,Southampton,no,False
0,3,female,25.5,1,0,35.6189,Q,Third,woman,False,C,Queenstown,no,False
0,1,female,36.0,0,0,80.442,S,First,woman,False,nan,Southampton,no,True
0,1,male,18.9,0,2,198.6075,C,First,man,True,B,Cherbourg,no,False
0,1,male,24.7,1,2,49.0473,C,First,man,True,F,Cherbourg,no,False
1,3,male,31.5,0,0,3.0,S,Third,man,True,nan,Southampton,yes,True
0,3,female,22.5,3,0,3.0,S,Third,woman,False,nan,Southampton,no,False
0,3,female,39.4,0,0,4.4614,Q,Third,woman,False,nan,Queenstown,no,True
0,3,male,56.8,0,0,5.4294,S,Third,man,True,nan,Southampton,no,True
1,3,male,18.8,0,0,13.6795,S,Third,man,True,nan,Southampton,yes,True
1,1,female,5.6,1,0,90.0633,C,First,child,False,nan,Cherbourg,yes,False
1,3,male,0.7,0,1,3.0,C,Third,child,False,B,Cherbourg,yes,False
0,2,male,27.5,1,0,61.3245,C,Second,man,True,nan,Cherbourg,no,False
0,2,male,20.1,0,0,64.7013,Q,Second,man,True,nan,Queenstown,no,True
0,3,male,32.7,0,0,3.0,S,Third,man,True,nan,Southampton,no,True
0,1,male,31.6,0,0,143.873,S,First,man,True,nan,Southampton,no,True
1,1,female,6.5,0,0,66.0055,Q,First,child,False,D,Queenstown,yes,True
1,3,female,3.4,0,1,22.2115,C,Third,child,False,nan,Cherbourg,yes,False
0,1,male,34.0,0,2,47.3295,Q,First,man,True,D,Queenstown,no,False
0,3,female,31.7,0,3,4.5131,S,Third,woman,False,nan,Southampton,no,False
0,2,male,23.5,1,0,56.62,S,Second,man,True,nan,Southampton,no,False
1,2,female,5.7,0,1,19.4587,S,Second,child,False,nan,Southampton,yes,False
0,2,male,36.5,0,0,15.8137,S,Second,man,True,nan,Southampton,no,True
0,2,female,48.1,0,0,39.8401,S,Second,woman,False,nan,Southampton,no,True
0,3,female,33.7,0,0,3.84,S,Third,woman,False,nan,Southampton,no,True
0,2,male,17.4,0,0,51.9907,Q,Second,man,True,C,Queenstown,no,True
0,3,female,30.3,0,0,7.9365,S,Third,woman,False,F,Southampton,no,True
1,3,female,9.9,0,0,7.5954,S,Third,child,False,B,Southampton,yes,True
1,3,female,45.0,0,3,9.3008,S,Third,woman,False,E,Southampton,yes,False
0,3,male,30.9,0,0,15.7734,S,Third,man,True,nan,Southampton,no,True
1,3,female,4.1,0,0,15.2785,S,Third,child,False,B,Southampton,yes,True
0,1,female,25.3,0,0,186.0723,S,First,woman,False,E,Southampton,no,True
0,1,male,36.4,1,0,64.0229,C,First,man,True,B,Cherbourg,no,False
1,2,female,24.9,0,0,42.9422,S,Second,woman,False,nan,Southampton,yes,True
0,3,male,25.7,1,2,7.7871,S,Third,man,True,nan,Southampton,no,False
0,1,male,11.9,1,0,147.1722,Q,First,child,False,nan,Queenstown,no,False
0,3,male,37.9,0,0,5.3949,S,Third,man,True,nan,Southampton,no,True
0,3,male,20.3,1,1,14.1053,C,Third,man,True,nan,Cherbourg,no,False
0,2,male,0.4,0,0,18.9482,C,Second,child,False,nan,Cherbourg,no,True
0,3,male,24.3,1,0,3.0,Q,Third,man,True,nan,Queenstown,no,False
1,1,female,,0,0,49.7194,S,First,woman,False,nan,Southampton,yes,True
0,1,male,24.1,0,0,31.6237,S,First,man,True,nan,Southampton,no,True
0,3,male,54.9,0,0,12.4381,S,Third,man,True,nan,Southampton,no,True
1,3,male,35.9,1,0,45.0723,S,Third,man,True,nan,Southampton,yes,False
0,3,male,34.6,0,0,19.4893,S,Third,man,True,nan,Southampton,no,True
0,2,female,27.8,1,0,50.6381,S,Second,woman,False,nan,Southampton,no,False
1,2,female,28.7,1,0,69.3419,C,Second,woman,False,C,Cherbourg,yes,False
0,3,female,25.9,0,0,3.0,S,Third,woman,False,nan,Southampton,no,True
0,3,male,25.3,0,3,31.3545,S,Third,man,True,nan,Southampton,no,False
0,3,male,37.4,0,0,13.2965,C,Third,man,True,nan,Cherbourg,no,True
0,2,male,16.1,0,1,65.3834,S,Second,man,True,nan,Southampton,no,False
1,3,male,14.1,1,1,12.3717,C,Third,child,False,nan,Cherbourg,yes,False
0,2,male,13.4,2,1,41.5287,S,Second,child,False,nan,Southampton,no,False
1,1,female,59.4,1,2,143.2383,S,First,woman,False,D,Southampton,yes,False
0,3,male,37.4,3,0,35.489,S,Third,man,True,nan,Southampton,no,False
0,1,female,34.1,0,0,60.8611,S,First,woman,False,D,Southampton,no,True
0,3,male,14.4,0,0,13.1137,S,Third,child,False,nan,Southampton,no,True
0,2,male,38.7,1,0,41.4044,S,Second,man,True,nan,Southampton,no,False
0,1,male,28.0,1,0,86.5143,S,First,man,True,E,Southampton,no,False
0,3,male,32.8,0,0,3.2921,S,Third,man,True,nan,Southampton,no,True
0,3,female,15.5,0,0,31.0323,S,Third,child,False,nan,Southampton,no,True
0,3,male,32.0,1,0,9.6276,Q,Third,man,True,D,Queenstown,no,False
0,3,male,23.6,0,3,27.6904,S,Third,man,True,nan,Southampton,no,False
0,3,female,18.6,0,1,13.502,Q,Third,woman,False,nan,Queenstown,no,False
0,3,male,40.3,1,0,3.0,C,Third,man,True,nan,Cherbourg,no,False
0,3,male,7.4,3,0,40.2443,S,Third,child,False,nan,Southampton,no,False
0,2,male,37.9,1,0,23.1798,S,Second,man,True,nan,Southampton,no,False
0,3,male,39.6,1,0,3.6203,S,Third,man,True,nan,Southampton,no,False
1,1,female,16.9,0,1,175.371,S,First,woman,False,nan,Southampton,yes,False
1,3,female,17.8,0,1,9.9583,S,Third,woman,False,nan,Southampton,yes,False
1,3,female,26.5,0,0,7.9839,S,Third,woman,False,C,Southampton,yes,True
0,1,male,33.8,4,0,72.4871,C,First,man,True,nan,Cherbourg,no,False
0,3,male,27.5,0,0,3.7345,Q,Third,man,True,A,Queenstown,no,True
0,3,female,36.0,0,0,14.7855,Q,Third,woman,False,A,Queenstown,no,True
0,1,male,55.3,1,0,161.7215,S,First,man,True,nan,Southampton,no,False
0,3,male,22.3,0,3,8.5703,S,Third,man,True,nan,Southampton,no,False
0,3,male,4.8,3,0,21.7541,S,Third,child,False,nan,Southampton,no,False
0,1,male,41.7,0,0,190.0478,S,First,man,True,nan,Southampton,no,True
0,3,male,54.1,0,0,5.8838,Q,Third,man,True,nan,Queenstown,no,True
0,2,female,35.4,0,0,13.1099,S,Second,woman,False,nan,Southampton,no,True
0,3,female,13.9,1,1,3.0,S,Third,child,False,nan,Southampton,no,False
0,3,male,27.9,1,0,12.3905,S,Third,man,True,nan,Southampton,no,False
1,3,male,13.5,0,3,11.9678,S,Third,child,False,nan,Southampton,yes,False
0,3,male,,0,2,9.9666,S,Third,man,True,nan,Southampton,no,False
1,3,female,10.1,2,1,35.3204,C,Third,child,False,nan,Cherbourg,yes,False
0,3,male,25.3,0,0,11.8767,C,Third,man,True,C,Cherbourg,no,True
1,2,female,15.1,0,0,39.501,S,Second,child,False,nan,Southampton,yes,True
0,3,male,31.5,0,1,5.8491,S,Third,man,True,B,Southampton,no,False
0,1,male,24.4,1,1,132.2703,Q,First,man,True,nan,Queenstown,no,False
0,3,male,,0,0,7.991,S,Third,man,True,D,Southampton,no,True
1,1,female,30.0,0,0,97.614,S,First,woman,False,nan,Southampton,yes,True
0,1,male,15.4,3,0,79.8492,S,First,child,False,D,Southampton,no,False
0,1,male,38.8,0,3,81.5514,S,First,man,True,nan,Southampton,no,False
0,3,male,29.0,0,0,8.0861,S,Third,man,True,nan,Southampton,no,True
0,2,female,15.4,0,0,59.0387,S,Second,child,False,nan,Southampton,no,True
0,3,female,62.2,3,0,26.8483,S,Third,woman,False,nan,Southampton,no,False
0,1,male,36.6,1,1,38.2673,S,First,man,True,D,Southampton,no,False
1,2,female,27.5,0,0,49.4829,S,Second,woman,False,nan,Southampton,yes,True
0,3,male,50.2,1,0,8.7693,Q,Third,man,True,nan,Queenstown,no,False
0,3,male,56.4,0,0,4.6143,C,Third,man,True,nan,Cherbourg,no,True
0,2,male,27.6,2,0,36.2899,C,Second,man,True,C,Cherbourg,no,False
0,3,male,34.7,0,0,11.4445,S,Third,man,True,nan,Southampton,no,True
1,3,female,15.4,1,0,3.3158,Q,Third,child,False,nan,Queenstown,yes,False
0,3,female,27.6,0,0,10.1621,S,Third,woman,False,nan,Southampton,no,True
0,1,male,26.8,0,0,52.1444,S,First,man,True,nan,Southampton,no,True
0,1,male,32.4,1,0,76.5975,S,First,man,True,G,Southampton,no,False
0,3,female,34.5,0,0,9.1209,S,Third,woman,False,nan,Southampton,no,True
0,1,female,37.8,0,2,39.2078,S,First,woman,False,nan,Southampton,no,False
0,3,male,33.1,1,2,6.093,S,Third,man,True,F,Southampton,no,False
0,3,female,12.1,0,0,5.374,S,Third,child,False,nan,Southampton,no,True
0,3,male,16.1,0,0,9.3501,C,Third,man,True,nan,Cherbourg,no,True
0,3,male,21.8,3,0,10.3826,S,Third,man,True,nan,Southampton,no,False
0,3,female,25.6,0,1,9.8022,S,Third,woman,False,nan,Southampton,no,False
0,2,male,44.9,0,0,53.7533,S,Second,man,True,nan,Southampton,no,True
0,3,male,12.8,1,0,26.0542,S,Third,child,False,nan,Southampton,no,False
0,2,male,24.5,2,1,41.4456,C,Second,man,True,E,Cherbourg,no,False
0,3,female,43.5,0,0,3.0,S,Third,woman,False,nan,Southampton,no,True
0,3,female,25.4,0,0,12.6014,S,Third,woman,False,nan,Southampton,no,True
0,3,male,36.4,1,0,8.9255,S,Third,man,True,E,Southampton,no,False
0,3,male,27.7,0,0,23.1829,S,Third,man,True,B,Southampton,no,True
0,3,male,33.4,0,3,6.0858,C,Third,man,True,G,Cherbourg,no,False
0,2,male,26.4,1,0,15.172,Q,Second,man,True,nan,Queenstown,no,False
0,2,male,39.4,0,0,48.5319,S,Second,man,True,nan,Southampton,no,True
1,3,female,7.3,0,0,7.4197,S,Third,child,False,D,Southampton,yes,True
0,1,male,24.4,0,0,149.5464,S,First,man,True,nan,Southampton,no,True
0,1,male,34.0,0,0,114.1081,C,First,man,True,nan,Cherbourg,no,True
0,2,male,37.4,0,0,22.9155,C,Second,man,True,nan,Cherbourg,no,True
0,2,male,51.3,0,0,19.5877,S,Second,man,True,nan,Southampton,no,True
1,2,female,24.0,1,0,56.61,Q,Second,woman,False,nan,Queenstown,yes,False
0,1,male,,1,0,92.7597,S,First,man,True,nan,Southampton,no,False
0,1,male,20.1,0,0,78.019,S,First,man,True,nan,Southampton,no,True
0,1,male,49.0,0,0,88.6561,Q,First,man,True,C,Queenstown,no,True
0,3,male,41.6,1,0,6.9201,C,Third,man,True,D,Cherbourg,no,False
0,2,male,16.5,0,0,40.7094,S,Second,man,True,nan,Southampton,no,True
0,2,male,34.2,0,0,69.2515,S,Second,man,True,nan,Southampton,no,True
1,3,male,29.0,1,0,3.786,C,Third,man,True,E,Cherbourg,yes,False
0,1,male,38.8,0,0,95.6443,S,First,man,True,nan,Southampton,no,True
0,3,male,26.5,0,0,9.6602,S,Third,man,True,nan,Southampton,no,True
0,3,male,25.2,2,0,18.8428,S,Third,man,True,nan,Southampton,no,False
0,1,female,49.6,0,0,78.5831,S,First,woman,False,nan,Southampton,no,True
0,2,male,28.3,0,0,53.4999,S,Second,man,True,nan,Southampton,no,True
0,3,male,41.7,0,0,12.2345,S,Third,man,True,nan,Southampton,no,True
0,3,male,26.4,0,0,30.147,S,Third,man,True,nan,Southampton,no,True
0,3,male,53.9,1,3,3.8742,S,Third,man,True,nan,Southampton,no,False
0,3,female,19.9,1,1,8.3027,S,Third,woman,False,D,Southampton,no,False
0,1,male,20.8,0,0,179.9724,S,First,man,True,nan,Southampton,no,True
0,3,female,,0,1,3.9916,S,Third,woman,False,B,Southampton,no,False
0,1,male,23.2,5,0,89.8273,S,First,man,True,nan,Southampton,no,False
0,3,male,52.9,0,0,9.6401,S,Third,man,True,nan,Southampton,no,True
0,3,female,42.6,0,0,4.9608,S,Third,woman,False,nan,Southampton,no,True
0,3,male,27.5,0,2,5.9236,C,Third,man,True,nan,Cherbourg,no,False
0,3,male,3.4,0,0,23.1367,S,Third,child,False,nan,Southampton,no,True
0,1,male,29.4,0,0,117.237,S,First,man,True,C,Southampton,no,True
1,1,female,31.2,0,1,115.1108,S,First,woman,False,nan,Southampton,yes,False
1,1,male,46.6,1,2,182.8534,S,First,man,True,E,Southampton,yes,False
0,1,female,52.7,1,0,94.304,C,First,woman,False,nan,Cherbourg,no,False
0,3,male,19.8,0,0,3.0,S,Third,man,True,E,Southampton,no,True
1,2,female,41.3,0,0,71.2572,C,Second,woman,False,C,Cherbourg,yes,True
0,1,male,40.8,0,0,85.0149,C,First,man,True,C,Cherbourg,no,True
0,3,female,45.3,0,2,10.6595,C,Third,woman,False,nan,Cherbourg,no,False
0,3,male,,0,0,3.0,C,Third,man,True,D,Cherbourg,no,True
1,3,female,1.5,0,2,5.1027,Q,Third,child,False,nan,Queenstown,yes,False
0,3,male,27.4,0,1,7.0638,S,Third,man,True,nan,Southampton,no,False
0,1,male,12.9,0,0,176.3474,S,First,child,False,nan,Southampton,no,True
0,2,male,26.8,2,0,37.4558,S,Second,man,True,nan,Southampton,no,False
0,3,male,43.9,0,0,8.2045,Q,Third,man,True,nan,Queenstown,no,True
0,3,male,34.1,0,0,8.7245,S,Third,man,True,nan,Southampton,no,True
0,1,female,46.3,0,0,119.7813,S,First,woman,False,B,Southampton,no,True
1,3,female,,0,0,3.3972,S,Third,woman,False,nan,Southampton,yes,True
0,1,male,10.9,1,0,23.9782,S,First,child,False,nan,Southampton,no,False
1,1,female,0.4,0,0,58.5206,S,First,child,False,nan,Southampton,yes,True
0,3,male,31.9,1,0,20.0186,C,Third,man,True,F,Cherbourg,no,False
0,3,male,26.6,0,0,9.3829,S,Third,man,True,nan,Southampton,no,True
0,3,female,15.5,1,0,14.3516,C,Third,child,False,nan,Cherbourg,no,False
1,1,female,5.0,0,0,65.6222,S,First,child,False,C,Southampton,yes,True
1,3,female,19.0,0,0,5.5303,S,Third,woman,False,D,Southampton,yes,True
0,2,male,26.9,0,0,54.8067,S,Second,man,True,nan,Southampton,no,True
1,1,female,39.4,0,0,85.7222,S,First,woman,False,nan,Southampton,yes,True
0,3,male,32.4,0,2,8.7974,S,Third,man,True,nan,Southampton,no,False
0,3,male,53.0,0,0,3.9185,S,Third,man,True,nan,Southampton,no,True
0,3,male,14.7,1,0,24.8519,S,Third,child,False,nan,Southampton,no,False
0,3,female,42.5,0,0,18.7553,S,Third,woman,False,nan,Southampton,no,True
0,3,female,30.4,0,0,3.4075,S,Third,woman,False,nan,Southampton,no,True
0,3,female,39.8,0,0,45.2832,Q,Third,woman,False,nan,Queenstown,no,True
0,1,male,23.4,0,0,90.3605,S,First,man,True,nan,Southampton,no,True
0,2,male,45.2,0,0,21.7459,Q,Second,man,True,B,Queenstown,no,True
0,2,male,34.0,0,0,12.5776,S,Second,man,True,nan,Southampton,no,True
0,2,male,19.8,0,0,38.1683,C,Second,man,True,nan,Cherbourg,no,True
0,3,male,29.5,1,0,17.085,S,Third,man,True,nan,Southampton,no,False
1,3,female,26.2,0,0,10.4378,C,Third,woman,False,B,Cherbourg,yes,True
0,1,male,36.8,0,1,84.1222,S,First,man,True,E,Southampton,no,False
0,1,male,12.6,0,1,120.9786,S,First,child,False,nan,Southampton,no,False
0,3,male,29.3,0,0,15.6874,Q,Third,man,True,nan,Queenstown,no,True
0,1,male,35.4,0,1,47.4963,S,First,man,True,E,Southampton,no,False
0,3,male,30.2,0,0,28.6786,S,Third,man,True,nan,Southampton,no,True
0,3,female,49.2,0,0,8.7102,S,Third,woman,False,D,Southampton,no,True
0,3,male,40.9,0,0,11.9225,S,Third,man,True,nan,Southampton,no,True
1,3,female,29.6,0,2,6.9209,S,Third,woman,False,nan,Southampton,yes,False
0,3,male,32.8,0,0,13.8205,C,Third,man,True,nan,Cherbourg,no,True
0,2,male,34.0,0,0,24.2284,S,Second,man,True,D,Southampton,no,True
1,3,male,35.5,0,2,3.0,S,Third,man,True,nan,Southampton,yes,False
0,3,female,3.2,0,0,3.0,S,Third,child,False,nan,Southampton,no,True
1,2,female,25.3,1,1,12.8721,S,Second,woman,False,nan,Southampton,yes,False
0,3,male,8.2,1,0,5.1401,C,Third,child,False,nan,Cherbourg,no,False
0,3,male,48.2,0,0,8.2168,S,Third,man,True,nan,Southampton,no,True
0,3,male,28.8,0,4,4.1895,Q,Third,man,True,nan,Queenstown,no,False
0,3,male,26.9,0,0,7.2477,S,Third,man,True,nan,Southampton,no,True
0,3,female,42.7,0,1,11.7116,S,Third,woman,False,C,Southampton,no,False
0,3,male,35.8,2,3,15.8176,C,Third,man,True,nan,Cherbourg,no,False
0,3,male,13.3,0,0,11.5924,Q,Third,child,False,nan,Queenstown,no,True
0,3,male,,1,0,15.6944,S,Third,man,True,nan,Southampton,no,False
0,3,male,24.8,0,0,5.7297,S,Third,man,True,B,Southampton,no,True
0,3,male,4.4,1,0,4.0428,S,Third,child,False,nan,Southampton,no,False
0,3,male,19.7,1,0,8.3191,S,Third,man,True,B,Southampton,no,False
1,1,female,27.0,1,2,56.1401,S,First,woman,False,C,Southampton,yes,False
0,3,female,28.0,0,0,8.815,S,Third,woman,False,nan,Southampton,no,True
0,3,male,8.2,1,2,7.0069,C,Third,child,False,E,Cherbourg,no,False
0,1,female,46.4,0,1,106.7237,S,First,woman,False,D,Southampton,no,False
0,3,male,28.2,1,4,3.9902,S,Third,man,True,nan,Southampton,no,False
0,1,male,30.2,0,2,92.9073,C,First,man,True,F,Cherbourg,no,False
0,2,male,35.5,0,0,33.7033,S,Second,man,True,nan,Southampton,no,True
0,3,male,18.3,3,1,10.2332,S,Third,man,True,nan,Southampton,no,False
0,1,male,36.3,1,0,95.8064,S,First,man,True,nan,Southampton,no,False
0,3,male,24.4,1,0,16.312,S,Third,man,True,nan,Southampton,no,False
0,3,male,16.7,0,0,14.5376,S,Third,man,True,C,Southampton,no,True
0,3,female,38.0,3,0,7.1989,C,Third,woman,False,nan,Cherbourg,no,False
0,1,male,51.3,1,0,121.4833,S,First,man,True,nan,Southampton,no,False
0,2,male,40.2,0,0,48.8083,S,Second,man,True,B,Southampton,no,True
0,3,male,43.1,2,0,29.7715,S,Third,man,True,nan,Southampton,no,False
0,3,male,22.2,0,0,13.6814,S,Third,man,True,C,Southampton,no,True
0,3,male,6.5,0,0,29.4921,S,Third,child,False,nan,Southampton,no,True
1,2,female,51.3,0,2,47.7016,C,Second,woman,False,nan,Cherbourg,yes,False
0,3,male,59.5,0,0,9.6025,S,Third,man,True,nan,Southampton,no,True
0,3,male,52.1,0,0,9.7997,S,Third,man,True,nan,Southampton,no,True
1,3,male,24.8,0,1,4.9899,C,Third,man,True,nan,Cherbourg,yes,False
0,1,male,13.0,0,2,75.3946,S,First,child,False,nan,Southampton,no,False
0,3,male,14.2,0,1,21.9777,S,Third,child,False,nan,Southampton,no,False
1,3,male,5.3,0,0,9.4717,S,Third,child,False,nan,Southampton,yes,True
0,3,male,28.1,0,0,15.7619,C,Third,man,True,nan,Cherbourg,no,True
1,2,male,53.0,0,0,17.9492,S,Second,man,True,F,Southampton,yes,True
0,3,male,27.6,0,0,8.4419,S,Third,man,True,nan,Southampton,no,True
0,3,female,34.1,1,0,3.1368,S,Third,woman,False,nan,Southampton,no,False
0,1,male,49.6,1,0,30.6628,Q,First,man,True,nan,Queenstown,no,False
0,3,female,23.8,0,2,6.1998,C,Third,woman,False,nan,Cherbourg,no,False
0,3,female,59.2,0,0,11.2637,S,Third,woman,False,nan,Southampton,no,True
0,1,male,58.6,0,0,109.3056,S,First,man,True,nan,Southampton,no,True
0,2,male,27.8,0,0,23.5886,S,Second,man,True,nan,Southampton,no,True
0,3,male,21.3,2,0,4.6028,S,Third,man,True,E,Southampton,no,False
1,1,female,39.8,0,0,199.6968,S,First,woman,False,nan,Southampton,yes,True
0,3,male,24.7,0,0,21.3383,C,Third,man,True,nan,Cherbourg,no,True
0,2,female,12.9,0,0,14.0447,C,Second,child,False,B,Cherbourg,no,True
1,3,female,48.3,2,1,7.8817,S,Third,woman,False,B,Southampton,yes,False
1,1,female,47.3,0,1,96.6975,S,First,woman,False,G,Southampton,yes,False
0,3,male,32.0,0,0,17.5607,C,Third,man,True,nan,Cherbourg,no,True
0,3,male,11.4,0,1,3.1048,C,Third,child,False,E,Cherbourg,no,False
1,3,female,11.9,0,0,9.6477,S,Third,child,False,nan,Southampton,yes,True
0,3,male,31.3,1,0,3.2539,S,Third,man,True,nan,Southampton,no,False
0,1,male,22.5,0,0,137.6328,S,First,man,True,nan,Southampton,no,True
1,3,female,24.8,1,0,12.8264,S,Third,woman,False,nan,Southampton,yes,False
0,1,male,44.5,0,0,63.578,C,First,man,True,nan,Cherbourg,no,True
0,1,female,40.3,0,0,87.7788,S,First,woman,False,nan,Southampton,no,True
1,2,female,,0,0,27.5945,C,Second,woman,False,nan,Cherbourg,yes,True
0,3,male,15.3,0,0,3.0,C,Third,child,False,nan,Cherbourg,no,True
1,3,female,24.7,0,1,5.7147,Q,Third,woman,False,nan,Queenstown,yes,False
0,3,male,40.7,0,0,8.6122,C,Third,man,True,C,Cherbourg,no,True
1,2,male,36.2,0,0,27.8855,C,Second,man,True,nan,Cherbourg,yes,True
0,2,male,51.9,1,0,69.2761,S,Second,man,True,nan,Southampton,no,False
0,3,male,35.8,1,1,10.0909,S,Third,man,True,nan,Southampton,no,False
0,2,male,56.5,1,0,19.169,S,Second,man,True,nan,Southampton,no,False
0,3,male,37.5,0,0,5.6882,S,Third,man,True,nan,Southampton,no,True
0,1,male,45.1,0,0,70.7478,S,First,man,True,nan,Southampton,no,True
0,3,male,25.0,0,0,7.8577,C,Third,man,True,nan,Cherbourg,no,True
0,3,female,29.9,0,0,3.0,S,Third,woman,False,B,Southampton,no,True
0,1,female,42.9,1,0,87.8687,S,First,woman,False,nan,Southampton,no,False
0,1,male,53.1,1,2,187.7112,S,First,man,True,C,Southampton,no,False
0,3,male,40.3,1,0,23.2406,C,Third,man,True,nan,Cherbourg,no,False
0,3,male,28.5,0,0,11.3409,C,Third,man,True,nan,Cherbourg,no,True
0,2,male,49.7,1,0,37.7205,S,Second,man,True,nan,Southampton,no,False
1,3,female,0.4,2,2,19.6891,S,Third,child,False,B,Southampton,yes,False
1,1,female,9.1,0,0,141.0455,S,First,child,False,nan,Southampton,yes,True
0,2,male,39.6,0,0,13.1897,S,Second,man,True,nan,Southampton,no,True
0,3,male,29.9,0,0,3.0,C,Third,man,True,B,Cherbourg,no,True
0,2,male,38.5,0,0,59.3952,S,Second,man,True,C,Southampton,no,True
0,3,male,30.6,1,0,7.3482,S,Third,man,True,nan,Southampton,no,False
0,2,male,38.0,0,0,33.7365,S,Second,man,True,nan,Southampton,no,True
0,2,female,17.9,0,0,33.8023,Q,Second,woman,False,nan,Queenstown,no,True
0,3,female,38.0,0,0,5.9473,S,Third,woman,False,nan,Southampton,no,True
0,2,male,,0,1,39.0292,S,Second,man,True,E,Southampton,no,False
1,3,male,47.4,0,2,15.6261,S,Third,man,True,nan,Southampton,yes,False
0,1,female,,4,0,156.9614,S,First,woman,False,nan,Southampton,no,False
0,1,male,33.2,0,0,58.1969,S,First,man,True,D,Southampton,no,True
0,1,male,33.7,1,0,145.0011,S,First,man,True,nan,Southampton,no,False
0,3,male,7.6,1,0,3.0851,S,Third,child,False,nan,Southampton,no,False
1,2,female,22.0,0,0,29.6408,C,Second,woman,False,C,Cherbourg,yes,True
0,3,male,26.9,2,0,15.0589,C,Third,man,True,nan,Cherbourg,no,False
0,3,female,44.9,0,0,25.5125,S,Third,woman,False,F,Southampton,no,True
1,3,female,20.8,0,0,3.0,S,Third,woman,False,nan,Southampton,yes,True
0,1,female,41.2,0,0,96.235,S,First,woman,False,D,Southampton,no,True
0,3,female,29.7,0,0,6.2043,S,Third,woman,False,nan,Southampton,no,True
0,3,male,27.1,0,1,16.0751,C,Third,man,True,E,Cherbourg,no,False
0,3,male,33.3,1,0,5.4153,S,Third,man,True,nan,Southampton,no,False
0,3,female,24.0,0,3,7.3232,S,Third,woman,False,nan,Southampton,no,False
0,3,female,23.5,0,1,14.4645,Q,Third,woman,False,nan,Queenstown,no,False
0,3,male,5.0,1,0,12.6599,S,Third,child,False,nan,Southampton,no,False
0,1,male,26.1,1,0,143.4648,S,First,man,True,nan,Southampton,no,False
0,1,female,22.7,0,0,177.972,C,First,woman,False,C,Cherbourg,no,True
0,3,female,22.2,0,0,3.0,S,Third,woman,False,D,Southampton,no,True
0,3,male,35.7,0,0,12.1509,Q,Third,man,True,nan,Queenstown,no,True
0,3,male,39.3,0,0,3.2198,S,Third,man,True,nan,Southampton,no,True
0,3,male,33.1,0,2,4.7701,S,Third,man,True,nan,Southampton,no,False
0,1,male,,1,1,94.5285,S,First,man,True,nan,Southampton,no,False
0,1,male,38.0,0,0,108.2752,S,First,man,True,nan,Southampton,no,True
0,3,male,25.4,0,0,3.0,S,Third,man,True,nan,Southampton,no,True
0,2,male,23.0,1,1,74.6952,C,Second,man,True,D,Cherbourg,no,False
0,1,male,34.2,0,0,119.1529,S,First,man,True,C,Southampton,no,True
0,3,female,38.0,0,0,6.3238,S,Third,woman,False,nan,Southampton,no,True
0,1,female,50.0,0,0,165.7654,S,First,woman,False,nan,Southampton,no,True
0,3,male,47.0,1,0,3.0,S,Third,man,True,B,Southampton,no,False
0,2,male,21.8,1,0,74.215,C,Second,man,True,B,Cherbourg,no,False
1,3,female,28.2,1,1,14.6413,C,Third,woman,False,nan,Cherbourg,yes,False
0,2,male,39.4,0,0,32.0678,S,Second,man,True,nan,Southampton,no,True
0,3,female,,1,0,6.2662,S,Third,woman,False,nan,Southampton,no,False
0,1,female,43.3,0,0,52.188,S,First,woman,False,D,Southampton,no,True
0,1,male,28.8,0,0,70.8849,C,First,man,True,C,Cherbourg,no,True
1,2,female,11.5,0,0,21.6206,S,Second,child,False,nan,Southampton,yes,True
0,3,male,15.2,0,0,15.4321,S,Third,child,False,nan,Southampton,no,True
0,3,male,33.7,0,0,14.5863,Q,Third,man,True,nan,Queenstown,no,True
0,2,male,34.7,0,0,23.7757,S,Second,man,True,B,Southampton,no,True
0,3,male,13.8,0,0,26.6781,S,Third,child,False,nan,Southampton,no,True
1,3,female,30.3,0,0,7.9947,S,Third,woman,False,nan,Southampton,yes,True
0,3,male,38.9,1,0,16.4118,S,Third,man,True,nan,Southampton,no,False
0,1,male,13.0,1,0,148.5973,S,First,child,False,D,Southampton,no,False
0,3,male,45.7,0,0,8.1343,S,Third,man,True,nan,Southampton,no,True
1,1,female,24.2,0,0,157.0328,Q,First,woman,False,nan,Queenstown,yes,True
1,2,male,47.9,0,0,79.386,S,Second,man,True,nan,Southampton,yes,True
0,3,male,22.0,0,0,21.4777,C,Third,man,True,nan,Cherbourg,no,True
1,1,female,14.8,1,0,52.8852,C,First,child,False,nan,Cherbourg,yes,False
0,3,male,23.1,0,0,20.7683,S,Third,man,True,nan,Southampton,no,True
0,3,female,28.3,0,2,4.169,S,Third,woman,False,F,Southampton,no,False
0,3,male,24.1,0,0,3.4306,S,Third,man,True,nan,Southampton,no,True
0,3,female,26.6,1,0,6.0636,S,Third,woman,False,C,Southampton,no,False
0,1,female,34.5,0,0,51.0805,Q,First,woman,False,nan,Queenstown,no,True
0,2,male,27.2,0,0,6.5995,S,Second,man,True,G,Southampton,no,True
0,3,male,28.7,0,0,8.5233,S,Third,man,True,C,Southampton,no,True
1,1,female,4.9,1,0,82.5185,S,First,child,False,E,Southampton,yes,False
0,2,male,35.4,2,0,91.6103,S,Second,man,True,nan,Southampton,no,False
1,1,female,28.4,0,2,136.5469,S,First,woman,False,nan,Southampton,yes,False
0,1,male,53.0,1,0,244.5345,S,First,man,True,D,Southampton,no,False
0,2,male,16.1,1,0,90.6459,S,Second,man,True,nan,Southampton,no,False
0,1,male,3.5,1,0,87.5172,S,First,child,False,nan,Southampton,no,False
1,3,female,38.7,1,0,9.0392,S,Third,woman,False,nan,Southampton,yes,False
0,3,male,34.7,0,0,4.4965,Q,Third,man,True,A,Queenstown,no,True
1,3,female,15.1,0,0,3.0,S,Third,child,False,nan,Southampton,yes,True
0,1,female,7.5,2,0,140.028,S,First,child,False,F,Southampton,no,False
0,1,male,52.0,0,0,114.2019,S,First,man,True,nan,Southampton,no,True
0,1,male,50.2,3,0,178.1212,C,First,man,True,D,Cherbourg,no,False
1,3,female,0.4,0,0,37.2733,S,Third,child,False,nan,Southampton,yes,True
0,3,male,23.1,0,1,16.4801,Q,Third,man,True,nan,Queenstown,no,False
0,1,female,53.8,0,1,179.9628,C,First,woman,False,nan,Cherbourg,no,False
0,3,male,22.8,1,1,7.4314,Q,Third,man,True,nan,Queenstown,no,False
0,1,male,22.6,0,0,204.4226,S,First,man,True,nan,Southampton,no,True
0,3,female,25.6,0,0,6.3645,S,Third,woman,False,nan,Southampton,no,True
0,3,male,13.4,1,0,16.2083,C,Third,child,False,nan,Cherbourg,no,False
0,3,male,5.0,2,4,17.0112,S,Third,child,False,nan,Southampton,no,False
0,3,male,45.0,0,0,9.3763,S,Third,man,True,nan,Southampton,no,True
1,3,male,3.0,0,1,31.6567,S,Third,child,False,D,Southampton,yes,False
0,2,male,33.3,0,0,9.7302,S,Second,man,True,G,Southampton,no,True
0,3,female,42.6,1,0,3.0085,C,Third,woman,False,nan,Cherbourg,no,False
0,1,male,8.7,0,0,48.1644,S,First,child,False,G,Southampton,no,True
0,3,male,16.3,0,0,17.0248,S,Third,man,True,nan,Southampton,no,True
1,3,female,47.3,0,0,4.7571,S,Third,woman,False,nan,Southampton,yes,True
0,3,male,37.4,0,0,31.1351,S,Third,man,True,nan,Southampton,no,True
0,3,male,20.7,0,0,9.2458,S,Third,man,True,E,Southampton,no,True
0,3,female,47.1,0,1,15.711,S,Third,woman,False,nan,Southampton,no,False
0,3,female,47.2,1,0,4.109,S,Third,woman,False,nan,Southampton,no,False
0,3,male,33.6,0,1,24.0819,S,Third,man,True,B,Southampton,no,False
0,1,male,16.6,0,0,74.442,S,First,man,True,nan,Southampton,no,True
0,1,male,23.7,0,1,71.9169,S,First,man,True,nan,Southampton,no,False
0,2,male,33.9,1,0,18.668,S,Second,man,True,nan,Southampton,no,False
0,1,male,27.0,1,0,129.5488,S,First,man,True,nan,Southampton,no,False
0,3,male,43.3,0,0,17.2314,Q,Third,man,True,nan,Queenstown,no,True
0,1,male,7.5,0,0,100.6703,S,First,child,False,nan,Southampton,no,True
0,3,male,8.0,0,0,32.0281,S,Third,child,False,nan,Southampton,no,True
0,2,male,32.3,1,1,23.8505,C,Second,man,True,nan,Cherbourg,no,False
1,1,female,22.6,0,0,117.648,S,First,woman,False,nan,Southampton,yes,True
0,3,male,,0,0,17.3038,S,Third,man,True,nan,Southampton,no,True
0,3,male,4.1,1,1,10.0273,S,Third,child,False,nan,Southampton,no,False
0,3,male,30.0,0,0,3.0498,S,Third,man,True,nan,Southampton,no,True
0,3,male,28.9,0,0,3.5583,S,Third,man,True,D,Southampton,no,True
0,3,female,39.2,0,0,3.0,S,Third,woman,False,nan,Southampton,no,True
0,1,male,30.7,0,0,268.706,S,First,man,True,E,Southampton,no,True
0,3,male,27.8,0,0,9.2197,S,Third,man,True,nan,Southampton,no,True
0,3,male,46.8,0,2,14.0301,S,Third,man,True,nan,Southampton,no,False
1,3,female,,3,0,14.4076,S,Third,woman,False,nan,Southampton,yes,False
0,1,male,37.5,0,0,87.4995,C,First,man,True,B,Cherbourg,no,True
0,3,male,5.5,0,1,3.9278,S,Third,child,False,nan,Southampton,no,False
1,1,male,17.5,0,0,132.1415,S,First,man,True,nan,Southampton,yes,True
0,1,male,12.1,0,0,148.7642,S,First,child,False,nan,Southampton,no,True
0,2,male,41.0,1,0,69.9349,S,Second,man,True,G,Southampton,no,False
0,3,male,28.8,0,0,5.783,S,Third,man,True,nan,Southampton,no,True
0,3,female,29.5,5,0,35.6027,S,Third,woman,False,nan,Southampton,no,False
1,3,female,13.7,0,1,16.0115,S,Third,child,False,F,Southampton,yes,False
0,3,male,25.4,0,0,12.378,C,Third,man,True,nan,Cherbourg,no,True
0,2,male,18.6,0,0,7.1824,S,Second,man,True,B,Southampton,no,True
0,2,male,35.3,0,0,51.846,Q,Second,man,True,nan,Queenstown,no,True
1,2,female,15.3,0,0,27.1163,S,Second,child,False,nan,Southampton,yes,True
0,3,male,49.0,1,0,12.6482,C,Third,man,True,C,Cherbourg,no,False
1,1,female,5.4,0,0,95.0718,S,First,child,False,nan,Southampton,yes,True
0,3,male,18.0,2,0,12.65,S,Third,man,True,nan,Southampton,no,False
0,3,male,54.0,0,0,6.5275,S,Third,man,True,nan,Southampton,no,True
0,2,male,23.4,0,0,9.7321,Q,Second,man,True,nan,Queenstown,no,True
0,3,male,10.6,0,0,3.0,Q,Third,child,False,nan,Queenstown,no,True
0,3,female,32.9,0,0,3.0,S,Third,woman,False,nan,Southampton,no,True
0,3,female,22.8,1,0,18.4052,S,Third,woman,False,nan,Southampton,no,False
0,3,male,17.6,0,0,7.1137,S,Third,man,True,nan,Southampton,no,True
1,2,male,13.8,1,0,33.5918,S,Second,child,False,nan,Southampton,yes,False
0,2,female,69.8,0,0,16.8896,C,Second,woman,False,nan,Cherbourg,no,True
1,3,female,26.1,1,1,12.4872,S,Third,woman,False,nan,Southampton,yes,False
0,3,male,1.8,1,0,6.7731,C,Third,child,False,E,Cherbourg,no,False
0,1,male,51.4,0,0,114.577,S,First,man,True,A,Southampton,no,True
0,3,male,38.6,0,0,3.0,S,Third,man,True,nan,Southampton,no,True
0,3,male,18.6,0,0,9.9552,S,Third,man,True,nan,Southampton,no,True
0,3,male,16.2,0,0,7.0258,S,Third,man,True,nan,Southampton,no,True
0,1,male,39.5,0,0,146.0983,Q,First,man,True,nan,Queenstown,no,True
0,3,male,26.1,0,0,9.975,Q,Third,man,True,B,Queenstown,no,True
0,3,male,1.8,0,0,3.1689,C,Third,child,False,nan,Cherbourg,no,True
0,1,male,55.6,2,0,125.4994,S,First,man,True,D,Southampton,no,False
1,1,female,23.4,0,0,109.6022,S,First,woman,False,nan,Southampton,yes,True
0,3,female,51.4,2,0,14.0586,S,Third,woman,False,E,Southampton,no,False
0,1,male,48.2,0,0,131.7612,S,First,man,True,nan,Southampton,no,True
1,3,female,15.2,0,0,11.0515,S,Third,child,False,nan,Southampton,yes,True
0,3,female,44.7,0,0,5.2534,C,Third,woman,False,nan,Cherbourg,no,True
0,2,male,20.3,0,0,60.2829,C,Second,man,True,nan,Cherbourg,no,True
0,3,male,,1,2,11.5248,C,Third,man,True,nan,Cherbourg,no,False
0,2,female,23.5,3,0,15.6638,S,Second,woman,False,nan,Southampton,no,False
0,3,female,35.5,0,0,7.8544,C,Third,woman,False,nan,Cherbourg,no,True
1,2,female,23.0,2,0,10.3062,C,Second,woman,False,B,Cherbourg,yes,False
1,3,female,25.2,1,0,15.861,S,Third,woman,False,nan,Southampton,yes,False
0,1,male,46.3,2,0,57.0041,S,First,man,True,C,Southampton,no,False
0,2,male,31.2,0,0,15.5909,S,Second,man,True,nan,Southampton,no,True
0,3,male,17.5,2,0,15.7699,C,Third,man,True,nan,Cherbourg,no,False
0,2,male,39.9,1,0,22.1682,C,Second,man,True,nan,Cherbourg,no,False
0,3,male,32.6,0,0,10.5907,S,Third,man,True,nan,Southampton,no,True
0,2,male,0.4,0,0,71.7663,S,Second,child,False,nan,Southampton,no,True
0,3,male,35.9,0,3,3.0,S,Third,man,True,E,Southampton,no,False
0,1,female,35.4,0,0,167.4409,S,First,woman,False,C,Southampton,no,True
0,3,male,30.0,1,1,3.0,S,Third,man,True,nan,Southampton,no,False
0,3,male,42.6,1,1,4.8976,C,Third,man,True,nan,Cherbourg,no,False
0,1,male,20.0,1,1,103.356,Q,First,man,True,D,Queenstown,no,False
0,1,male,34.6,0,0,171.295,C,First,man,True,nan,Cherbourg,no,True
0,1,female,,0,0,47.0191,S,First,woman,False,E,Southampton,no,True
1,3,female,35.6,0,0,3.0,S,Third,woman,False,C,Southampton,yes,True
0,2,female,58.0,1,0,43.6618,S,Second,woman,False,nan,Southampton,no,False
0,3,male,15.3,0,0,5.3152,S,Third,child,False,nan,Southampton,no,True
0,2,male,18.7,0,0,3.0,Q,Second,man,True,nan,Queenstown,no,True
0,2,male,19.4,0,0,19.2768,C,Second,man,True,nan,Cherbourg,no,True
0,3,male,31.6,0,0,4.9778,S,Third,man,True,nan,Southampton,no,True
0,3,female,14.3,0,0,23.8736,Q,Third,child,False,nan,Queenstown,no,True
0,1,female,35.8,0,0,32.5082,S,First,woman,False,C,Southampton,no,True
0,1,female,42.0,2,0,72.7075,S,First,woman,False,D,Southampton,no,False
0,1,male,37.4,0,0,146.4121,S,First,man,True,C,Southampton,no,True
0,3,female,4.1,1,1,8.4276,S,Third,child,False,nan,Southampton,no,False
0,3,male,44.1,0,0,4.8675,S,Third,man,True,nan,Southampton,no,True
0,3,female,43.3,1,2,3.0,S,Third,woman,False,E,Southampton,no,False
0,3,male,41.7,0,0,4.8528,S,Third,man,True,nan,Southampton,no,True
0,3,male,35.1,1,1,6.0466,S,Third,man,True,nan,Southampton,no,False
0,3,male,32.9,1,0,4.715,C,Third,man,True,nan,Cherbourg,no,False
0,3,female,44.7,0,2,3.0,S,Third,woman,False,nan,Southampton,no,False
0,1,male,,2,0,106.844,C,First,man,True,nan,Cherbourg,no,False
0,1,male,15.9,0,0,150.5985,Q,First,child,False,nan,Queenstown,no,True
0,2,female,45.3,1,0,20.5165,C,Second,woman,False,nan,Cherbourg,no,False
0,1,male,28.4,0,0,162.8592,S,First,man,True,nan,Southampton,no,True
0,3,male,27.8,2,0,15.879,S,Third,man,True,nan,Southampton,no,False
0,3,male,7.4,1,0,6.4089,C,Third,child,False,nan,Cherbourg,no,False
0,1,male,25.6,0,0,62.5613,S,First,man,True,nan,Southampton,no,True
1,1,female,15.2,0,2,68.605,C,First,child,False,nan,Cherbourg,yes,False
1,3,female,23.0,1,0,8.7033,C,Third,woman,False,nan,Cherbourg,yes,False
1,3,male,13.8,1,0,3.0,S,Third,child,False,nan,Southampton,yes,False
0,2,female,23.2,2,0,45.8972,S,Second,woman,False,nan,Southampton,no,False
0,3,male,23.8,0,0,28.8422,C,Third,man,True,nan,Cherbourg,no,True
0,1,male,31.1,0,0,63.7586,S,First,man,True,nan,Southampton,no,True
0,1,male,6.3,0,1,93.4796,S,First,child,False,nan,Southampton,no,False
0,3,male,8.7,0,0,3.0,S,Third,child,False,nan,Southampton,no,True
0,3,male,34.9,0,0,6.1754,S,Third,man,True,nan,Southampton,no,True
1,1,female,18.1,0,0,115.5707,S,First,woman,False,nan,Southampton,yes,True
0,3,female,45.3,0,0,7.1895,S,Third,woman,False,nan,Southampton,no,True
0,3,male,33.0,0,0,6.6735,Q,Third,man,True,nan,Queenstown,no,True
0,3,male,38.5,0,0,5.4532,S,Third,man,True,D,Southampton,no,True
1,3,female,50.2,1,0,3.0,C,Third,woman,False,nan,Cherbourg,yes,False
1,3,female,25.2,0,3,3.0,S,Third,woman,False,nan,Southampton,yes,False
0,3,female,21.4,0,0,9.8908,C,Third,woman,False,nan,Cherbourg,no,True
0,3,male,42.3,0,0,7.2248,C,Third,man,True,nan,Cherbourg,no,True
1,1,female,37.1,0,0,47.6198,S,First,woman,False,B,Southampton,yes,True
0,1,male,27.0,2,0,104.9406,S,First,man,True,nan,Southampton,no,False
0,2,male,49.9,0,0,16.1363,Q,Second,man,True,nan,Queenstown,no,True
0,3,male,26.6,1,0,3.0,C,Third,man,True,nan,Cherbourg,no,False
0,1,male,30.2,0,0,93.7268,S,First,man,True,D,Southampton,no,True
0,3,male,30.0,1,0,3.0,S,Third,man,True,B,Southampton,no,False
0,3,male,16.1,0,3,3.6585,C,Third,man,True,nan,Cherbourg,no,False
0,1,male,30.8,0,0,127.4438,S,First,man,True,D,Southampton,no,True
0,3,female,50.0,1,0,3.4987,S,Third,woman,False,D,Southampton,no,False
0,2,male,36.2,0,0,15.855,S,Second,man,True,nan,Southampton,no,True
0,3,male,30.2,1,0,8.5527,S,Third,man,True,nan,Southampton,no,False
0,1,male,27.4,0,0,61.2952,S,First,man,True,A,Southampton,no,True
0,3,female,34.5,1,0,7.481,S,Third,woman,False,nan,Southampton,no,False
0,3,male,40.6,1,0,3.0,S,Third,man,True,nan,Southampton,no,False
0,3,male,38.5,3,0,18.3347,S,Third,man,True,nan,Southampton,no,False
0,3,male,,0,0,6.2318,S,Third,man,True,nan,Southampton,no,True
0,3,female,,0,0,3.0,S,Third,woman,False,B,Southampton,no,True
0,3,female,36.7,3,0,11.5977,S,Third,woman,False,nan,Southampton,no,False
0,3,male,15.1,1,0,12.9017,S,Third,child,False,nan,Southampton,no,False
0,3,male,32.1,0,0,8.6612,S,Third,man,True,nan,Southampton,no,True
1,1,female,0.4,0,0,168.3284,S,First,child,False,nan,Southampton,yes,True
0,3,male,36.7,0,2,13.9053,S,Third,man,True,D,Southampton,no,False
0,3,male,39.3,4,0,9.6026,S,Third,man,True,nan,Southampton,no,False
0,3,male,40.5,0,0,5.4397,S,Third,man,True,nan,Southampton,no,True
0,1,male,24.0,0,0,175.0746,C,First,man,True,C,Cherbourg,no,True
0,3,male,34.2,0,0,31.1349,C,Third,man,True,nan,Cherbourg,no,True
0,2,male,50.3,2,0,50.8975,S,Second,man,True,nan,Southampton,no,False
0,3,female,50.2,1,0,10.4073,Q,Third,woman,False,nan,Queenstown,no,False
0,1,female,29.3,0,0,234.0199,C,First,woman,False,nan,Cherbourg,no,True
0,3,male,31.7,0,0,9.837,S,Third,man,True,nan,Southampton,no,True
1,3,female,45.8,2,0,9.1928,S,Third,woman,False,D,Southampton,yes,False
1,1,male,7.9,1,2,189.5424,S,First,child,False,F,Southampton,yes,False
0,3,male,25.0,1,1,24.9012,S,Third,man,True,nan,Southampton,no,False
0,2,male,49.1,1,0,33.9306,S,Second,man,True,nan,Southampton,no,False
1,3,female,43.8,0,0,4.8725,S,Third,woman,False,nan,Southampton,yes,True
0,3,female,35.1,1,2,3.3223,C,Third,woman,False,D,Cherbourg,no,False
0,3,female,7.9,0,0,4.8442,S,Third,child,False,nan,Southampton,no,True
0,3,female,29.0,0,1,23.9421,Q,Third,woman,False,F,Queenstown,no,False
0,3,male,21.1,1,0,18.8833,S,Third,man,True,nan,Southampton,no,False
0,2,female,34.5,0,0,43.0655,S,Second,woman,False,nan,Southampton,no,True
1,2,female,18.0,0,0,54.0293,S,Second,woman,False,C,Southampton,yes,True
1,3,female,14.8,0,0,17.6111,S,Third,child,False,nan,Southampton,yes,True
0,3,male,0.4,0,0,6.4449,C,Third,child,False,nan,Cherbourg,no,True
0,3,male,47.4,1,0,7.2686,S,Third,man,True,nan,Southampton,no,False
0,3,male,23.9,1,0,13.5451,S,Third,man,True,nan,Southampton,no,False
0,2,male,32.0,0,0,61.5594,S,Second,man,True,nan,Southampton,no,True
0,3,male,29.7,0,0,7.6159,C,Third,man,True,nan,Cherbourg,no,True
0,1,male,14.2,0,0,131.8574,S,First,child,False,nan,Southampton,no,True
0,3,male,11.4,0,0,6.7161,S,Third,child,False,G,Southampton,no,True
0,1,male,15.1,1,0,197.7217,S,First,child,False,nan,Southampton,no,False
0,2,male,,0,3,49.1192,Q,Second,man,True,nan,Queenstown,no,False
0,2,male,35.0,1,0,48.4579,S,Second,man,True,nan,Southampton,no,False
1,2,female,18.2,0,0,47.681,C,Second,woman,False,C,Cherbourg,yes,True
0,3,male,55.0,0,0,6.6502,C,Third,man,True,D,Cherbourg,no,True
0,2,male,44.6,0,0,39.3883,S,Second,man,True,nan,Southampton,no,True
0,2,female,41.4,0,1,17.5713,C,Second,woman,False,nan,Cherbourg,no,False
0,1,male,28.0,1,0,86.1587,S,First,man,True,C,Southampton,no,False
0,2,male,51.7,0,0,35.2529,S,Second,man,True,nan,Southampton,no,True
0,1,male,26.5,0,0,119.9124,C,First,man,True,D,Cherbourg,no,True
0,1,male,29.2,2,0,89.3642,S,First,man,True,nan,Southampton,no,False
1,3,female,32.2,0,0,6.7592,S,Third,woman,False,nan,Southampton,yes,True
0,3,male,39.9,0,0,9.9654,S,Third,man,True,nan,Southampton,no,True
0,3,male,38.9,3,0,17.0979,C,Third,man,True,B,Cherbourg,no,False
0,3,male,22.8,0,0,11.1575,S,Third,man,True,nan,Southampton,no,True
0,2,male,22.0,1,0,24.707,C,Second,man,True,nan,Cherbourg,no,False
0,3,female,39.0,0,0,3.696,S,Third,woman,False,nan,Southampton,no,True
0,3,male,40.1,0,0,7.3319,S,Third,man,True,nan,Southampton,no,True
0,3,male,24.0,0,0,15.0759,C,Third,man,True,nan,Cherbourg,no,True
1,1,male,6.7,0,0,83.149,S,First,child,False,nan,Southampton,yes,True
0,2,male,26.7,0,0,15.2355,S,Second,man,True,D,Southampton,no,True
0,2,male,38.7,0,1,76.2978,S,Second,man,True,nan,Southampton,no,False
0,2,female,55.9,1,0,12.6483,S,Second,woman,False,nan,Southampton,no,False
0,3,female,12.3,1,0,30.6017,Q,Third,child,False,nan,Queenstown,no,False
0,3,female,23.5,0,0,3.6521,Q,Third,woman,False,C,Queenstown,no,True
0,3,female,,0,2,13.3837,S,Third,woman,False,E,Southampton,no,False
0,3,female,49.4,0,0,15.4131,S,Third,woman,False,nan,Southampton,no,True
0,3,male,29.2,1,0,7.8934,S,Third,man,True,nan,Southampton,no,False
0,3,female,16.5,0,2,3.0,S,Third,woman,False,nan,Southampton,no,False
0,3,female,37.8,0,0,16.4556,S,Third,woman,False,nan,Southampton,no,True
0,1,female,23.8,0,0,114.9433,S,First,woman,False,D,Southampton,no,True
0,1,male,11.9,3,0,68.19,S,First,child,False,E,Southampton,no,False
0,1,male,16.8,0,1,75.3398,S,First,man,True,nan,Southampton,no,False
0,3,female,54.8,0,0,4.5273,C,Third,woman,False,nan,Cherbourg,no,True
0,3,female,35.3,0,1,9.5358,Q,Third,woman,False,nan,Queenstown,no,False
0,2,female,31.3,1,0,114.7463,S,Second,woman,False,D,Southampton,no,False
0,3,male,26.1,1,1,5.5555,S,Third,man,True,nan,Southampton,no,False
0,1,male,33.9,1,0,95.0026,S,First,man,True,nan,Southampton,no,False
0,3,male,33.8,1,0,27.5577,S,Third,man,True,nan,Southampton,no,False
1,2,female,33.9,0,0,33.8304,S,Second,woman,False,nan,Southampton,yes,True
0,1,male,31.4,0,0,289.1153,S,First,man,True,nan,Southampton,no,True
0,3,male,42.3,1,0,14.2926,S,Third,man,True,nan,Southampton,no,False
0,2,female,30.0,0,0,16.7121,Q,Second,woman,False,nan,Queenstown,no,True
0,2,male,15.5,0,0,62.3777,S,Second,child,False,nan,Southampton,no,True
1,2,female,20.8,1,0,30.5997,S,Second,woman,False,C,Southampton,yes,False
0,3,male,1.0,1,4,13.3773,C,Third,child,False,nan,Cherbourg,no,False
0,3,female,59.1,3,0,16.5153,C,Third,woman,False,nan,Cherbourg,no,False
0,2,male,42.2,4,0,68.2236,C,Second,man,True,nan,Cherbourg,no,False
0,3,female,17.7,0,0,4.9045,S,Third,woman,False,nan,Southampton,no,True
0,3,female,25.6,1,1,22.5361,Q,Third,woman,False,nan,Queenstown,no,False
0,2,male,20.5,0,0,42.2332,C,Second,man,True,nan,Cherbourg,no,True
0,2,male,52.1,1,2,26.7472,Q,Second,man,True,nan,Queenstown,no,False
0,1,male,9.1,0,0,171.9736,Q,First,child,False,nan,Queenstown,no,True
1,1,female,31.4,0,1,91.2196,S,First,woman,False,nan,Southampton,yes,False
0,3,female,28.1,2,0,10.5215,S,Third,woman,False,B,Southampton,no,False
0,1,male,41.7,0,0,63.2667,C,First,man,True,nan,Cherbourg,no,True
0,3,male,28.2,0,1,10.2686,C,Third,man,True,E,Cherbourg,no,False
0,3,male,4.2,0,0,6.3859,Q,Third,child,False,C,Queenstown,no,True
1,1,female,26.1,0,1,158.4926,Q,First,woman,False,nan,Queenstown,yes,False
0,3,female,15.6,0,0,10.8225,S,Third,child,False,nan,Southampton,no,True
0,2,male,30.9,0,0,7.254,S,Second,man,True,nan,Southampton,no,True
0,3,male,50.5,0,0,3.0,S,Third,man,True,nan,Southampton,no,True
0,3,male,4.5,0,0,11.7326,C,Third,child,False,nan,Cherbourg,no,True
0,3,male,18.1,1,0,17.8076,S,Third,man,True,F,Southampton,no,False
0,3,male,21.7,0,0,3.0,C,Third,man,True,nan,Cherbourg,no,True
0,1,male,24.2,0,2,176.6208,Q,First,man,True,nan,Queenstown,no,False
0,3,male,40.4,2,2,8.3769,S,Third,man,True,nan,Southampton,no,False
0,3,male,27.2,0,0,5.0049,S,Third,man,True,nan,Southampton,no,True
0,3,male,,0,0,19.4897,S,Third,man,True,D,Southampton,no,True
0,3,male,20.6,1,0,8.9317,S,Third,man,True,B,Southampton,no,False
0,3,male,33.0,1,0,3.0723,S,Third,man,True,nan,Southampton,no,False
1,1,female,41.0,1,0,139.7825,S,First,woman,False,nan,Southampton,yes,False
1,1,female,19.1,4,0,30.872,S,First,woman,False,B,Southampton,yes,False
0,3,male,41.0,0,0,7.7728,S,Third,man,True,nan,Southampton,no,True
1,2,male,30.5,3,0,31.9698,S,Second,man,True,B,Southampton,yes,False
0,3,female,44.9,2,0,4.5128,S,Third,woman,False,A,Southampton,no,False
1,3,female,26.8,1,0,36.4943,S,Third,woman,False,nan,Southampton,yes,False
0,2,male,35.2,0,0,3.0,S,Second,man,True,nan,Southampton,no,True
0,1,male,29.1,1,0,209.8448,S,First,man,True,nan,Southampton,no,False
0,3,male,28.3,0,0,16.878,S,Third,man,True,nan,Southampton,no,True
0,2,male,33.5,1,0,40.7772,S,Second,man,True,nan,Southampton,no,False
0,3,male,37.5,0,0,5.2115,S,Third,man,True,nan,Southampton,no,True
0,2,male,11.6,1,0,34.042,Q,Second,child,False,nan,Queenstown,no,False
0,3,female,50.5,0,0,3.6678,C,Third,woman,False,nan,Cherbourg,no,True
1,1,male,2.7,0,0,65.3365,S,First,child,False,nan,Southampton,yes,True
0,3,male,19.8,1,0,25.7025,S,Third,man,True,nan,Southampton,no,False
0,3,male,28.3,0,0,9.6492,S,Third,man,True,nan,Southampton,no,True
0,3,male,35.7,0,0,5.4026,C,Third,man,True,nan,Cherbourg,no,True
0,1,male,52.6,0,0,72.4837,S,First,man,True,E,Southampton,no,True
0,3,male,2.8,1,0,7.1521,S,Third,child,False,D,Southampton,no,False
0,3,female,22.3,0,0,16.0084,C,Third,woman,False,E,Cherbourg,no,True
0,1,male,0.4,0,0,176.8246,Q,First,child,False,nan,Queenstown,no,True
1,1,female,30.2,0,0,220.9949,S,First,woman,False,C,Southampton,yes,True
0,1,female,33.6,1,0,136.0564,C,First,woman,False,nan,Cherbourg,no,False
0,3,male,52.8,1,0,11.694,S,Third,man,True,nan,Southampton,no,False
0,3,male,31.4,0,1,6.7056,S,Third,man,True,nan,Southampton,no,False
0,3,male,44.8,0,0,28.4103,S,Third,man,True,nan,Southampton,no,True
0,1,female,38.2,0,0,135.4379,S,First,woman,False,nan,Southampton,no,True
1,2,female,23.4,2,0,51.5406,C,Second,woman,False,nan,Cherbourg,yes,False
1,3,female,9.3,1,0,9.2691,S,Third,child,False,nan,Southampton,yes,False
0,3,male,33.7,0,0,4.2293,S,Third,man,True,nan,Southampton,no,True
0,3,female,8.1,0,0,9.364,C,Third,child,False,C,Cherbourg,no,True
1,1,male,48.5,0,0,166.0199,S,First,man,True,nan,Southampton,yes,True
0,3,male,27.4,1,0,13.8022,S,Third,man,True,nan,Southampton,no,False
0,2,male,47.0,0,0,26.0676,S,Second,man,True,nan,Southampton,no,True
0,2,male,22.7,1,0,16.6958,S,Second,man,True,nan,Southampton,no,False
0,3,female,33.6,0,1,3.0,C,Third,woman,False,nan,Cherbourg,no,False
0,3,male,32.7,0,0,3.8725,Q,Third,man,True,nan,Queenstown,no,True
0,3,male,,0,0,3.0,S,Third,man,True,nan,Southampton,no,True
0,1,male,23.4,1,3,119.8664,S,First,man,True,nan,Southampton,no,False
1,1,female,35.4,2,0,125.9305,S,First,woman,False,nan,Southampton,yes,False
0,3,female,16.3,0,0,3.0,S,Third,woman,False,nan,Southampton,no,True
0,3,male,12.2,0,1,3.7122,C,Third,child,False,nan,Cherbourg,no,False
0,2,male,47.7,0,1,86.0811,S,Second,man,True,nan,Southampton,no,False
0,1,male,40.2,1,0,70.4138,S,First,man,True,E,Southampton,no,False
1,1,female,30.7,0,0,137.4545,S,First,woman,False,A,Southampton,yes,True
0,3,male,53.8,0,0,16.4576,S,Third,man,True,E,Southampton,no,True
0,1,male,25.8,0,0,169.5619,C,First,man,True,nan,Cherbourg,no,True
0,2,male,48.9,1,0,37.658,C,Second,man,True,nan,Cherbourg,no,False
0,1,male,32.2,0,1,103.785,C,First,man,True,D,Cherbourg,no,False
1,2,female,14.8,0,0,61.0025,S,Second,child,False,nan,Southampton,yes,True
0,1,male,56.5,0,0,310.5953,C,First,man,True,nan,Cherbourg,no,True
0,3,male,44.1,1,0,3.3103,S,Third,man,True,nan,Southampton,no,False
0,1,male,27.9,0,0,152.9538,S,First,man,True,nan,Southampton,no,True
0,3,male,40.2,0,0,15.4366,S,Third,man,True,nan,Southampton,no,True
0,1,female,23.8,0,2,56.3384,S,First,woman,False,nan,Southampton,no,False
0,3,male,41.7,0,0,21.2272,S,Third,man,True,C,Southampton,no,True
1,3,female,0.4,0,0,5.7083,C,Third,child,False,nan,Cherbourg,yes,True
1,3,female,14.9,2,0,19.1091,C,Third,child,False,nan,Cherbourg,yes,False
0,3,male,43.9,0,1,9.1419,S,Third,man,True,nan,Southampton,no,False
0,2,male,26.1,0,0,51.1155,S,Second,man,True,nan,Southampton,no,True
0,2,male,32.7,0,0,50.4241,S,Second,man,True,nan,Southampton,no,True
0,3,female,10.2,0,0,9.0152,C,Third,child,False,nan,Cherbourg,no,True
0,3,male,56.5,0,1,9.3621,S,Third,man,True,B,Southampton,no,False
0,3,male,47.0,2,0,10.8154,Q,Third,man,True,D,Queenstown,no,False
0,3,male,26.8,0,0,5.8657,S,Third,man,True,nan,Southampton,no,True
0,3,female,23.8,2,3,7.9207,S,Third,woman,False,nan,Southampton,no,False
0,3,male,44.6,0,1,20.2951,S,Third,man,True,E,Southampton,no,False
0,1,male,58.4,0,1,241.4457,C,First,man,True,nan,Cherbourg,no,False
0,3,male,43.5,0,0,24.7233,S,Third,man,True,C,Southampton,no,True
0,3,male,61.2,0,0,13.5311,S,Third,man,True,nan,Southampton,no,True
1,1,female,16.3,0,2,207.4866,C,First,woman,False,nan,Cherbourg,yes,False
0,3,male,,0,0,9.5937,S,Third,man,True,nan,Southampton,no,True
1,1,female,12.5,0,0,87.3201,C,First,child,False,nan,Cherbourg,yes,True
0,3,female,36.1,0,0,6.1098,S,Third,woman,False,nan,Southampton,no,True
0,1,male,32.2,0,0,70.4109,S,First,man,True,nan,Southampton,no,True
0,3,female,27.5,0,0,10.6019,Q,Third,woman,False,nan,Queenstown,no,True
0,3,male,41.4,1,1,3.191,C,Third,man,True,E,Cherbourg,no,False
0,2,male,47.6,0,0,28.127,S,Second,man,True,nan,Southampton,no,True
0,3,female,7.6,0,0,11.7616,C,Third,child,False,E,Cherbourg,no,True
0,3,male,21.0,0,0,27.5066,S,Third,man,True,F,Southampton,no,True
0,3,male,41.6,1,1,32.6006,S,Third,man,True,nan,Southampton,no,False
1,1,male,22.9,0,0,110.9248,C,First,man,True,nan,Cherbourg,yes,True
0,2,female,18.1,1,0,6.7422,S,Second,woman,False,B,Southampton,no,False
0,1,male,44.5,0,0,134.0859,C,First,man,True,nan,Cherbourg,no,True
1,3,male,11.0,0,0,29.4602,S,Third,child,False,nan,Southampton,yes,True
0,3,male,25.3,0,0,13.5563,S,Third,man,True,nan,Southampton,no,True
0,3,female,34.5,3,0,22.1589,S,Third,woman,False,nan,Southampton,no,False
0,3,female,21.4,1,4,12.0065,S,Third,woman,False,C,Southampton,no,False
0,3,male,41.1,2,0,4.1006,S,Third,man,True,nan,Southampton,no,False
0,3,female,21.5,0,0,8.3882,C,Third,woman,False,nan,Cherbourg,no,True
0,1,male,50.1,1,0,76.5758,C,First,man,True,nan,Cherbourg,no,False
0,3,male,27.9,0,0,13.4591,S,Third,man,True,D,Southampton,no,True
1,1,female,39.4,1,0,225.9495,S,First,woman,False,nan,Southampton,yes,False
0,3,female,40.5,0,6,11.0913,C,Third,woman,False,nan,Cherbourg,no,False
1,3,female,20.6,1,0,9.2209,S,Third,woman,False,nan,Southampton,yes,False
1,3,female,0.4,2,0,9.723,S,Third,child,False,nan,Southampton,yes,False
0,1,male,34.9,0,0,127.7282,C,First,man,True,nan,Cherbourg,no,True
1,2,female,30.7,0,1,84.3677,C,Second,woman,False,nan,Cherbourg,yes,False
0,2,male,37.8,0,0,12.3501,C,Second,man,True,nan,Cherbourg,no,True
0,2,male,26.4,0,0,37.0438,S,Second,man,True,D,Southampton,no,True
1,1,male,23.5,0,0,110.9719,S,First,man,True,F,Southampton,yes,True
0,3,male,58.8,1,0,8.2783,S,Third,man,True,nan,Southampton,no,False
0,3,male,8.4,0,0,8.7151,Q,Third,child,False,nan,Queenstown,no,True
0,2,male,40.3,0,0,46.0694,Q,Second,man,True,nan,Queenstown,no,True
0,2,male,21.4,0,0,29.1912,S,Second,man,True,nan,Southampton,no,True
0,2,male,24.8,0,2,37.7684,Q,Second,man,True,nan,Queenstown,no,False
0,3,male,25.1,0,1,17.3089,C,Third,man,True,nan,Cherbourg,no,False
0,3,male,18.1,0,0,14.8131,S,Third,man,True,nan,Southampton,no,True
0,3,male,38.0,0,4,12.9692,C,Third,man,True,nan,Cherbourg,no,False
0,3,female,49.9,0,0,9.553,S,Third,woman,False,nan,Southampton,no,True
0,3,female,36.5,1,1,9.7237,Q,Third,woman,False,F,Queenstown,no,False
1,3,female,31.2,0,0,3.0,S,Third,woman,False,nan,Southampton,yes,True
0,1,male,15.4,5,0,139.1638,C,First,child,False,nan,Cherbourg,no,False
1,3,female,37.2,1,0,11.8304,S,Third,woman,False,E,Southampton,yes,False
0,1,male,61.0,0,0,53.5575,C,First,man,True,nan,Cherbourg,no,True
0,3,male,24.2,0,0,3.5117,S,Third,man,True,nan,Southampton,no,True
0,2,male,24.2,0,0,20.7372,C,Second,man,True,nan,Cherbourg,no,True
0,3,female,21.6,1,0,12.9998,S,Third,woman,False,nan,Southampton,no,False
0,3,male,22.6,0,0,5.1521,S,Third,man,True,nan,Southampton,no,True
0,3,male,0.4,1,0,7.922,S,Third,child,False,nan,Southampton,no,False
0,3,male,35.6,0,0,13.6061,S,Third,man,True,nan,Southampton,no,True
0,2,female,17.4,0,0,6.1988,S,Second,woman,False,nan,Southampton,no,True
0,1,male,6.4,0,0,35.2604,S,First,child,False,nan,Southampton,no,True
0,2,male,40.6,0,0,6.6941,S,Second,man,True,E,Southampton,no,True
0,1,male,14.0,0,0,210.5966,Q,First,child,False,nan,Queenstown,no,True
0,3,male,24.8,0,2,6.5644,S,Third,man,True,nan,Southampton,no,False
0,2,female,51.0,1,0,23.7743,Q,Second,woman,False,nan,Queenstown,no,False
1,3,male,9.3,1,0,11.7285,C,Third,child,False,B,Cherbourg,yes,False
0,3,female,7.5,0,1,16.0809,S,Third,child,False,nan,Southampton,no,False
0,3,male,33.6,0,2,5.6268,S,Third,man,True,nan,Southampton,no,False
0,1,female,46.4,0,0,127.7469,S,First,woman,False,nan,Southampton,no,True
0,3,male,6.9,1,0,3.2096,S,Third,child,False,nan,Southampton,no,False
0,3,male,35.6,0,1,5.319,S,Third,man,True,F,Southampton,no,False
0,3,male,38.1,0,1,3.0,S,Third,man,True,nan,Southampton,no,False
1,3,male,0.4,0,0,25.5815,S,Third,child,False,nan,Southampton,yes,True
0,3,male,41.3,0,0,10.201,C,Third,man,True,nan,Cherbourg,no,True
1,1,female,42.4,3,0,160.4824,C,First,woman,False,nan,Cherbourg,yes,False
0,3,male,25.2,1,0,9.7202,S,Third,man,True,nan,Southampton,no,False
0,2,female,47.9,0,1,4.342,Q,Second,woman,False,nan,Queenstown,no,False
0,1,female,46.2,1,0,107.7274,S,First,woman,False,nan,Southampton,no,False
0,2,male,31.2,2,0,73.1654,S,Second,man,True,D,Southampton,no,False
1,1,female,23.2,0,0,187.2715,S,First,woman,False,C,Southampton,yes,True
1,1,female,15.6,1,1,21.4801,S,First,child,False,F,Southampton,yes,False
0,1,male,29.2,0,0,139.4097,S,First,man,True,B,Southampton,no,True
0,3,female,38.0,1,0,16.3264,S,Third,woman,False,nan,Southampton,no,False
0,3,male,25.0,0,0,23.4874,S,Third,man,True,C,Southampton,no,True
1,3,male,0.4,3,0,3.0,S,Third,child,False,nan,Southampton,yes,False
0,2,female,48.1,0,0,35.8015,S,Second,woman,False,nan,Southampton,no,True
1,2,male,32.5,1,0,46.8797,S,Second,man,True,nan,Southampton,yes,False
0,3,male,24.2,0,0,5.6872,C,Third,man,True,C,Cherbourg,no,True
0,2,male,42.1,0,0,46.2635,S,Second,man,True,D,Southampton,no,True
0,1,female,51.8,3,2,171.4268,S,First,woman,False,nan,Southampton,no,False
1,3,female,0.4,1,0,12.9021,C,Third,child,False,nan,Cherbourg,yes,False
0,1,male,36.0,0,0,77.5555,S,First,man,True,C,Southampton,no,True
1,3,female,9.0,0,0,22.1536,C,Third,child,False,nan,Cherbourg,yes,True
1,3,female,36.9,0,0,10.8587,Q,Third,woman,False,D,Queenstown,yes,True
0,1,male,31.6,0,0,87.4615,S,First,man,True,nan,Southampton,no,True
0,1,male,38.9,1,0,100.6297,S,First,man,True,nan,Southampton,no,False
0,3,female,22.5,0,0,23.1701,C,Third,woman,False,nan,Cherbourg,no,True
1,3,female,2.5,0,2,7.1529,Q,Third,child,False,nan,Queenstown,yes,False
1,1,female,23.2,1,0,228.9238,S,First,woman,False,nan,Southampton,yes,False
0,3,male,35.6,0,0,6.8857,S,Third,man,True,A,Southampton,no,True
0,1,male,44.4,0,3,139.5216,C,First,man,True,nan,Cherbourg,no,False
0,3,male,12.7,0,0,18.3996,S,Third,child,False,nan,Southampton,no,True
0,3,male,44.6,1,0,3.2679,S,Third,man,True,nan,Southampton,no,False
0,1,male,20.3,1,0,88.3297,S,First,man,True,nan,Southampton,no,False
1,1,female,35.0,0,0,210.9843,S,First,woman,False,E,Southampton,yes,True
0,1,male,22.3,0,0,75.2655,S,First,man,True,C,Southampton,no,True
0,2,female,32.3,0,0,14.6766,S,Second,woman,False,nan,Southampton,no,True
0,1,male,,1,0,23.9755,S,First,man,True,nan,Southampton,no,False
0,3,male,11.9,0,0,9.1857,S,Third,child,False,nan,Southampton,no,True
0,1,male,19.8,0,0,92.23,S,First,man,True,B,Southampton,no,True
0,3,male,32.4,4,3,21.5312,S,Third,man,True,nan,Southampton,no,False
0,3,male,64.5,0,0,13.3409,S,Third,man,True,nan,Southampton,no,True
0,3,female,17.2,0,0,16.7131,S,Third,woman,False,nan,Southampton,no,True
0,3,female,59.3,0,1,3.0707,S,Third,woman,False,nan,Southampton,no,False
0,2,male,58.8,0,0,35.1261,C,Second,man,True,nan,Cherbourg,no,True
0,3,male,28.3,0,0,16.201,C,Third,man,True,E,Cherbourg,no,True
1,3,female,25.4,2,0,4.8417,S,Third,woman,False,C,Southampton,yes,False
0,2,male,19.7,0,1,43.909,S,Second,man,True,E,Southampton,no,False
0,1,male,28.7,0,0,54.1788,C,First,man,True,nan,Cherbourg,no,True
1,3,male,9.3,0,3,9.9839,C,Third,child,False,nan,Cherbourg,yes,False
1,2,female,28.6,1,0,29.5989,S,Second,woman,False,nan,Southampton,yes,False
0,1,male,51.4,1,0,132.4062,S,First,man,True,nan,Southampton,no,False
0,2,male,20.8,0,0,53.2786,S,Second,man,True,nan,Southampton,no,True
1,2,female,26.2,1,0,5.3426,Q,Second,woman,False,nan,Queenstown,yes,False
0,3,male,5.0,0,0,5.4913,C,Third,child,False,nan,Cherbourg,no,True
0,3,male,35.1,0,1,17.3746,S,Third,man,True,nan,Southampton,no,False
0,3,male,33.5,1,0,9.677,S,Third,man,True,nan,Southampton,no,False
0,1,female,30.6,0,0,125.1043,S,First,woman,False,E,Southampton,no,True
0,2,male,26.6,3,2,35.6949,S,Second,man,True,nan,Southampton,no,False
0,3,female,25.5,0,0,22.172,S,Third,woman,False,nan,Southampton,no,True
0,1,female,37.0,0,3,169.0507,S,First,woman,False,F,Southampton,no,False
0,2,male,29.3,0,0,14.863,S,Second,man,True,nan,Southampton,no,True
1,3,female,34.3,0,0,9.0812,C,Third,woman,False,nan,Cherbourg,yes,True
0,1,male,32.8,0,1,140.9959,S,First,man,True,nan,Southampton,no,False
0,3,male,46.0,0,1,22.009,C,Third,man,True,nan,Cherbourg,no,False
0,1,male,39.5,0,0,64.5357,S,First,man,True,A,Southampton,no,True
0,1,male,32.5,1,0,172.649,C,First,man,True,nan,Cherbourg,no,False
0,2,male,51.7,1,0,18.5154,Q,Second,man,True,nan,Queenstown,no,False
0,3,male,35.8,0,0,10.5387,S,Third,man,True,nan,Southampton,no,True
0,3,male,48.6,0,1,10.0115,S,Third,man,True,nan,Southampton,no,False
0,3,female,38.5,0,0,24.3607,S,Third,woman,False,C,Southampton,no,True
1,3,male,3.0,0,1,15.6815,C,Third,child,False,nan,Cherbourg,yes,False
0,1,female,48.6,0,0,91.7066,C,First,woman,False,D,Cherbourg,no,True
0,3,male,31.7,1,0,43.8936,C,Third,man,True,D,Cherbourg,no,False
0,3,male,28.9,0,1,12.6602,C,Third,man,True,nan,Cherbourg,no,False
0,3,male,33.8,2,0,4.7628,S,Third,man,True,C,Southampton,no,False
0,1,male,24.7,0,1,121.7141,S,First,man,True,nan,Southampton,no,False
0,3,male,33.0,1,0,11.1648,S,Third,man,True,nan,Southampton,no,False
1,1,female,21.1,0,0,101.7557,S,First,woman,False,nan,Southampton,yes,True
0,2,female,48.2,1,0,23.5288,S,Second,woman,False,nan,Southampton,no,False
0,3,female,28.1,0,2,19.4695,C,Third,woman,False,E,Cherbourg,no,False
0,3,male,24.2,1,0,9.5208,S,Third,man,True,nan,Southampton,no,False
0,2,female,16.3,0,0,15.2641,S,Second,woman,False,B,Southampton,no,True
0,2,male,33.6,0,0,45.1706,S,Second,man,True,C,Southampton,no,True
0,3,male,32.4,0,0,10.4268,S,Third,man,True,nan,Southampton,no,True
0,3,female,35.3,0,0,11.0628,C,Third,woman,False,nan,Cherbourg,no,True
0,3,male,14.8,0,0,14.6314,S,Third,child,False,E,Southampton,no,True
0,3,male,6.5,0,0,20.2074,Q,Third,child,False,nan,Queenstown,no,True
0,3,male,38.8,0,0,22.7532,Q,Third,man,True,nan,Queenstown,no,True
0,2,male,51.2,0,1,11.787,S,Second,man,True,nan,Southampton,no,False
1,3,female,14.8,0,1,21.5766,S,Third,child,False,nan,Southampton,yes,False
0,2,male,52.7,1,0,36.0085,S,Second,man,True,nan,Southampton,no,False
0,2,female,33.8,1,0,24.507,S,Second,woman,False,nan,Southampton,no,False
0,3,male,29.6,0,0,14.1083,C,Third,man,True,nan,Cherbourg,no,True
0,1,male,23.9,0,0,195.971,S,First,man,True,nan,Southampton,no,True
0,3,male,9.6,1,3,7.716,S,Third,child,False,nan,Southampton,no,False
0,3,male,44.0,1,0,21.2329,C,Third,man,True,nan,Cherbourg,no,False
0,3,male,18.5,0,0,12.6081,S,Third,man,True,nan,Southampton,no,True
1,3,female,18.4,1,0,3.0,S,Third,woman,False,D,Southampton,yes,False
0,3,female,44.1,0,0,15.6976,C,Third,woman,False,G,Cherbourg,no,True
1,3,female,2.4,1,0,10.7415,S,Third,child,False,nan,Southampton,yes,False
1,3,female,7.6,0,0,13.2459,C,Third,child,False,nan,Cherbourg,yes,True
0,1,female,29.4,0,0,158.3922,S,First,woman,False,nan,Southampton,no,True
0,3,male,34.0,0,0,6.3319,C,Third,man,True,E,Cherbourg,no,True
1,1,female,36.7,0,0,138.5021,S,First,woman,False,B,Southampton,yes,True
0,3,male,25.3,0,0,5.2877,C,Third,man,True,E,Cherbourg,no,True
0,3,male,66.4,1,1,5.202,S,Third,man,True,nan,Southampton,no,False
0,3,male,26.4,0,0,19.6085,S,Third,man,True,D,Southampton,no,True
1,1,male,26.4,0,0,228.6328,S,First,man,True,B,Southampton,yes,True
0,1,male,18.1,0,0,30.1774,S,First,man,True,C,Southampton,no,True
0,3,female,31.5,0,0,25.102,S,Third,woman,False,nan,Southampton,no,True
0,1,male,38.6,1,0,161.4158,C,First,man,True,B,Cherbourg,no,False
0,1,male,47.2,1,0,71.3602,S,First,man,True,nan,Southampton,no,False
0,1,male,8.1,0,0,129.5386,Q,First,child,False,nan,Queenstown,no,True
0,3,male,26.1,0,0,4.2109,S,Third,man,True,E,Southampton,no,True
0,3,male,36.2,0,0,15.6689,C,Third,man,True,nan,Cherbourg,no,True
0,2,male,38.2,3,2,45.1863,S,Second,man,True,B,Southampton,no,False
0,2,male,29.8,0,0,9.9075,S,Second,man,True,nan,Southampton,no,True
0,2,male,37.6,0,1,24.6343,S,Second,man,True,nan,Southampton,no,False
0,3,female,18.0,1,0,10.501,S,Third,woman,False,nan,Southampton,no,False
0,3,female,52.3,1,0,14.7675,S,Third,woman,False,nan,Southampton,no,False
0,1,male,44.1,0,0,75.2007,S,First,man,True,nan,Southampton,no,True
0,1,male,10.2,0,2,78.7787,S,First,child,False,nan,Southampton,no,False
0,1,male,14.1,0,1,110.7017,C,First,child,False,nan,Cherbourg,no,False
0,3,female,14.5,0,4,10.7373,S,Third,child,False,B,Southampton,no,False
0,3,male,39.5,0,1,8.6606,Q,Third,man,True,nan,Queenstown,no,False
0,2,male,11.1,0,0,29.869,S,Second,child,False,E,Southampton,no,True
1,1,female,24.9,0,3,148.5592,C,First,woman,False,nan,Cherbourg,yes,False
0,1,male,36.3,1,4,73.8302,S,First,man,True,C,Southampton,no,False
0,3,male,28.7,0,0,10.6663,C,Third,man,True,nan,Cherbourg,no,True
0,2,male,33.5,0,2,10.6537,S,Second,man,True,nan,Southampton,no,False
1,3,female,14.2,1,0,6.7064,C,Third,child,False,C,Cherbourg,yes,False
0,3,female,38.3,1,2,21.3018,S,Third,woman,False,nan,Southampton,no,False
1,2,female,20.8,1,2,28.5206,S,Second,woman,False,nan,Southampton,yes,False
0,1,male,25.0,1,1,102.5756,S,First,man,True,C,Southampton,no,False
0,1,male,33.1,0,1,47.3881,S,First,man,True,nan,Southampton,no,False
1,3,female,31.2,0,0,16.1577,S,Third,woman,False,nan,Southampton,yes,True
0,3,female,30.0,0,0,11.9638,Q,Third,woman,False,nan,Queenstown,no,True
0,3,male,18.8,2,0,3.0,C,Third,man,True,nan,Cherbourg,no,False
1,3,female,25.4,0,0,6.4174,S,Third,woman,False,D,Southampton,yes,True
0,1,male,29.7,0,0,176.2543,S,First,man,True,nan,Southampton,no,True
0,3,male,9.8,0,0,9.7281,S,Third,child,False,nan,Southampton,no,True
0,3,female,23.0,1,0,14.1565,S,Third,woman,False,nan,Southampton,no,False
0,2,male,35.3,1,0,31.5304,S,Second,man,True,nan,Southampton,no,False
1,3,female,11.2,1,1,14.7587,S,Third,child,False,nan,Southampton,yes,False
0,3,male,46.5,0,0,7.4052,S,Third,man,True,nan,Southampton,no,True
0,3,male,48.1,0,0,7.8714,S,Third,man,True,nan,Southampton,no,True
1,3,female,11.6,0,0,6.7615,S,Third,child,False,nan,Southampton,yes,True
0,3,female,49.4,0,0,7.7185,C,Third,woman,False,nan,Cherbourg,no,True
0,3,male,27.6,0,0,3.8146,S,Third,man,True,nan,Southampton,no,True
0,1,male,35.8,0,0,116.1885,S,First,man,True,nan,Southampton,no,True
0,2,male,22.5,0,0,55.0229,S,Second,man,True,G,Southampton,no,True
0,3,male,43.1,1,0,11.3607,S,Third,man,True,nan,Southampton,no,False
0,1,female,35.6,0,0,123.2676,S,First,woman,False,E,Southampton,no,True
1,2,female,17.9,2,0,20.2018,S,Second,woman,False,nan,Southampton,yes,False
0,2,male,12.8,0,1,14.4433,S,Second,child,False,nan,Southampton,no,False
0,2,male,8.5,0,0,38.4022,S,Second,child,False,nan,Southampton,no,True
0,3,male,32.4,0,0,15.8741,S,Third,man,True,nan,Southampton,no,True
0,3,female,38.0,0,1,8.1401,S,Third,woman,False,nan,Southampton,no,False
1,2,male,39.1,0,0,44.9439,S,Second,man,True,B,Southampton,yes,True
0,1,male,28.0,1,0,270.9914,S,First,man,True,nan,Southampton,no,False
1,1,male,12.9,1,0,145.3129,S,First,child,False,nan,Southampton,yes,False
0,3,male,19.8,1,0,5.9702,S,Third,man,True,nan,Southampton,no,False
0,3,male,46.4,0,0,4.936,S,Third,man,True,A,Southampton,no,True
0,2,male,22.7,1,1,39.2664,S,Second,man,True,nan,Southampton,no,False
0,3,female,31.8,0,0,16.7799,S,Third,woman,False,B,Southampton,no,True
1,3,female,14.1,2,0,4.5812,C,Third,child,False,nan,Cherbourg,yes,False
0,3,female,34.6,0,0,13.1534,S,Third,woman,False,nan,Southampton,no,True
0,3,male,23.1,4,0,11.5632,S,Third,man,True,E,Southampton,no,False
0,2,male,44.9,1,0,14.8208,S,Second,man,True,nan,Southampton,no,False
0,3,male,40.9,1,0,11.5655,C,Third,man,True,nan,Cherbourg,no,False
0,3,male,22.5,0,0,5.6071,S,Third,man,True,nan,Southampton,no,True
0,3,female,27.9,0,0,6.3338,S,Third,woman,False,nan,Southampton,no,True
0,3,male,21.7,0,1,5.7155,S,Third,man,True,A,Southampton,no,False
0,3,male,9.1,0,0,12.5055,C,Third,child,False,nan,Cherbourg,no,True
1,3,female,,0,1,9.59,C,Third,woman,False,G,Cherbourg,yes,False
0,1,female,32.6,2,1,39.3519,C,First,woman,False,nan,Cherbourg,no,False
0,3,male,34.4,0,0,15.5508,S,Third,man,True,nan,Southampton,no,True
0,3,male,31.9,0,0,12.9291,S,Third,man,True,nan,Southampton,no,True
0,3,male,25.3,0,0,39.8753,S,Third,man,True,nan,Southampton,no,True
0,1,male,43.2,0,5,142.3904,S,First,man,True,nan,Southampton,no,False
0,1,male,30.6,0,0,127.3734,S,First,man,True,nan,Southampton,no,True
0,1,male,39.9,0,2,297.3247,S,First,man,True,nan,Southampton,no,False
0,3,female,4.0,0,0,16.532,S,Third,child,False,nan,Southampton,no,True
0,3,male,0.4,1,1,3.0,C,Third,child,False,nan,Cherbourg,no,False
0,1,male,33.8,0,0,232.5019,S,First,man,True,nan,Southampton,no,True
0,3,male,9.0,1,1,12.6418,C,Third,child,False,nan,Cherbourg,no,False
0,3,male,26.6,2,0,6.2139,S,Third,man,True,nan,Southampton,no,False
1,3,female,25.3,0,0,6.7667,S,Third,woman,False,E,Southampton,yes,True
0,3,male,52.7,1,0,36.7261,C,Third,man,True,nan,Cherbourg,no,False
0,3,male,35.5,0,0,4.6585,Q,Third,man,True,F,Queenstown,no,True
0,3,male,32.1,0,0,10.1571,S,Third,man,True,nan,Southampton,no,True
1,2,female,41.8,0,0,48.4174,S,Second,woman,False,nan,Southampton,yes,True
0,3,male,35.0,0,0,7.4842,C,Third,man,True,nan,Cherbourg,no,True
0,3,female,23.1,2,0,11.0195,S,Third,woman,False,nan,Southampton,no,False
0,3,male,45.2,0,0,15.2826,S,Third,man,True,D,Southampton,no,True
0,3,male,13.6,0,0,15.0941,S,Third,child,False,E,Southampton,no,True
0,3,male,34.4,0,1,9.9427,S,Third,man,True,nan,Southampton,no,False
1,1,female,7.3,0,0,171.9282,S,First,child,False,F,Southampton,yes,True
0,3,female,32.7,2,0,3.0754,S,Third,woman,False,nan,Southampton,no,False
0,1,male,32.5,0,0,82.3774,C,First,man,True,D,Cherbourg,no,True
0,2,male,54.0,0,1,26.4444,S,Second,man,True,nan,Southampton,no,False
0,3,male,7.0,0,0,12.6526,S,Third,child,False,nan,Southampton,no,True
0,3,male,21.0,0,1,9.7458,S,Third,man,True,B,Southampton,no,False
0,1,male,,0,0,140.4493,S,First,man,True,E,Southampton,no,True
1,2,female,34.6,0,1,47.2946,S,Second,woman,False,nan,Southampton,yes,False
0,3,female,32.3,0,0,6.1092,S,Third,woman,False,nan,Southampton,no,True
0,1,male,15.8,1,1,96.8007,C,First,child,False,nan,Cherbourg,no,False
0,3,male,21.1,0,0,25.7972,S,Third,man,True,C,Southampton,no,True
0,3,female,47.8,1,0,13.6796,S,Third,woman,False,D,Southampton,no,False
0,3,female,29.0,2,0,26.3296,S,Third,woman,False,nan,Southampton,no,False
0,1,male,35.1,2,2,198.5525,S,First,man,True,nan,Southampton,no,False
0,2,male,28.0,0,0,20.7296,S,Second,man,True,nan,Southampton,no,True
0,3,male,12.5,2,1,10.4615,Q,Third,child,False,E,Queenstown,no,False
0,3,male,43.2,1,0,10.7131,Q,Third,man,True,nan,Queenstown,no,False
0,1,male,37.0,1,0,240.9287,C,First,man,True,nan,Cherbourg,no,False
0,3,male,63.1,0,0,7.7797,S,Third,man,True,C,Southampton,no,True
0,1,male,15.0,0,0,84.8404,S,First,child,False,nan,Southampton,no,True
0,3,male,41.6,3,1,5.0993,C,Third,man,True,nan,Cherbourg,no,False
0,1,male,10.7,0,0,177.5668,S,First,child,False,nan,Southampton,no,True
0,3,male,32.0,0,0,24.6063,C,Third,man,True,nan,Cherbourg,no,True
1,2,female,43.9,0,0,28.5943,S,Second,woman,False,nan,Southampton,yes,True
1,2,female,0.4,2,0,17.5862,S,Second,child,False,nan,Southampton,yes,False
0,1,male,,0,0,218.7902,S,First,man,True,nan,Southampton,no,True
0,2,male,21.5,2,3,43.68,Q,Second,man,True,nan,Queenstown,no,False
1,3,female,19.5,0,0,38.763,C,Third,woman,False,nan,Cherbourg,yes,True
0,3,male,35.3,0,0,3.0,S,Third,man,True,C,Southampton,no,True
1,2,male,45.9,0,0,23.0458,S,Second,man,True,nan,Southampton,yes,True
0,2,male,27.8,0,0,22.2622,S,Second,man,True,nan,Southampton,no,True
0,3,male,32.7,0,0,31.9604,S,Third,man,True,C,Southampton,no,True
0,3,male,31.4,0,0,6.8363,C,Third,man,True,nan,Cherbourg,no,True
0,3,female,29.7,0,0,36.968,S,Third,woman,False,F,Southampton,no,True
0,2,male,13.9,0,0,42.7805,Q,Second,child,False,nan,Queenstown,no,True
1,2,male,45.8,0,0,52.943,S,Second,man,True,nan,Southampton,yes,True
1,3,female,34.0,0,1,13.0346,C,Third,woman,False,E,Cherbourg,yes,False
0,1,male,35.4,0,0,148.2818,C,First,man,True,nan,Cherbourg,no,True
0,3,male,18.0,0,1,11.7781,Q,Third,man,True,nan,Queenstown,no,False
0,2,male,23.0,0,0,16.2321,S,Second,man,True,nan,Southampton,no,True
0,3,male,27.1,2,0,16.8186,C,Third,man,True,nan,Cherbourg,no,False
0,1,male,7.5,0,0,130.5002,C,First,child,False,nan,Cherbourg,no,True
0,3,male,5.2,0,2,3.6314,S,Third,child,False,D,Southampton,no,False
0,3,male,21.0,0,2,6.1694,S,Third,man,True,nan,Southampton,no,False
0,3,female,37.3,0,0,3.0,Q,Third,woman,False,nan,Queenstown,no,True
0,1,male,20.2,0,0,119.1778,S,First,man,True,nan,Southampton,no,True
0,3,male,14.9,0,0,5.6662,Q,Third,child,False,nan,Queenstown,no,True
0,3,male,17.9,1,1,3.0,S,Third,man,True,nan,Southampton,no,False
0,3,male,23.1,0,1,18.3943,S,Third,man,True,nan,Southampton,no,False
0,3,male,24.6,0,0,3.7716,S,Third,man,True,nan,Southampton,no,True
0,3,female,61.1,0,0,3.0911,S,Third,woman,False,D,Southampton,no,True
0,3,male,45.0,0,0,6.5577,S,Third,man,True,nan,Southampton,no,True
0,2,male,44.6,0,0,38.2431,S,Second,man,True,nan,Southampton,no,True
0,3,female,46.6,2,1,6.3267,C,Third,woman,False,nan,Cherbourg,no,False
1,3,male,15.2,0,0,15.8289,Q,Third,child,False,nan,Queenstown,yes,True
0,1,male,12.0,1,1,369.2392,S,First,child,False,nan,Southampton,no,False
1,1,female,13.7,0,0,91.5886,S,First,child,False,nan,Southampton,yes,True
0,2,female,49.1,1,0,50.1431,S,Second,woman,False,D,Southampton,no,False
1,3,female,21.8,0,0,13.2003,S,Third,woman,False,nan,Southampton,yes,True
0,3,male,11.6,0,0,16.5156,Q,Third,child,False,nan,Queenstown,no,True
0,3,male,23.5,0,0,6.1552,C,Third,man,True,C,Cherbourg,no,True
1,3,female,26.2,0,0,19.0603,S,Third,woman,False,nan,Southampton,yes,True
0,2,male,33.6,1,1,18.1482,S,Second,man,True,nan,Southampton,no,False
0,1,male,33.3,0,0,256.3227,S,First,man,True,F,Southampton,no,True
0,2,female,17.7,0,1,27.6058,S,Second,woman,False,nan,Southampton,no,False
0,2,male,39.6,0,3,41.4939,S,Second,man,True,nan,Southampton,no,False
0,1,female,,0,0,118.433,S,First,woman,False,F,Southampton,no,True
0,1,male,27.4,0,0,93.9771,S,First,man,True,nan,Southampton,no,True
0,3,male,39.7,0,0,13.1362,Q,Third,man,True,nan,Queenstown,no,True
0,3,male,20.4,0,0,50.9544,S,Third,man,True,nan,Southampton,no,True
0,3,female,21.4,0,0,9.2508,C,Third,woman,False,nan,Cherbourg,no,True
0,3,male,38.3,1,0,9.3035,S,Third,man,True,nan,Southampton,no,False
0,3,male,17.3,2,0,3.0,S,Third,man,True,A,Southampton,no,False
0,2,female,24.1,0,2,60.3772,S,Second,woman,False,D,Southampton,no,False
0,3,female,37.8,0,0,24.1577,S,Third,woman,False,nan,Southampton,no,True
0,3,female,59.5,0,3,3.4467,S,Third,woman,False,nan,Southampton,no,False
0,1,male,38.5,0,0,242.6523,S,First,man,True,C,Southampton,no,True
0,2,male,36.6,1,1,90.149,C,Second,man,True,nan,Cherbourg,no,False
0,3,female,37.4,0,0,6.9298,C,Third,woman,False,nan,Cherbourg,no,True
0,2,male,14.1,0,0,63.01,S,Second,child,False,F,Southampton,no,True
0,3,male,31.4,0,0,4.5979,S,Third,man,True,nan,Southampton,no,True
0,3,male,29.3,2,0,7.3791,S,Third,man,True,nan,Southampton,no,False
0,1,female,34.4,1,0,189.3013,S,First,woman,False,B,Southampton,no,False
0,2,male,31.4,1,2,19.3174,C,Second,man,True,D,Cherbourg,no,False
0,2,female,35.2,0,0,25.6159,S,Second,woman,False,nan,Southampton,no,True
0,1,male,25.2,0,0,149.8182,S,First,man,True,nan,Southampton,no,True
0,1,male,30.5,1,0,166.6812,Q,First,man,True,nan,Queenstown,no,False
0,3,male,11.9,0,0,10.0263,C,Third,child,False,nan,Cherbourg,no,True
0,2,male,25.1,0,0,69.3464,S,Second,man,True,nan,Southampton,no,True
0,3,male,49.9,0,2,17.6278,C,Third,man,True,nan,Cherbourg,no,False
0,2,male,34.3,0,0,36.6945,Q,Second,man,True,nan,Queenstown,no,True
0,3,male,29.4,0,0,6.2972,S,Third,man,True,A,Southampton,no,True
0,2,female,57.2,1,0,24.7626,S,Second,woman,False,C,Southampton,no,False
0,2,female,10.0,0,1,17.4878,S,Second,child,False,nan,Southampton,no,False
0,3,female,13.6,1,0,3.1406,C,Third,child,False,nan,Cherbourg,no,False
0,3,male,54.5,1,0,27.1544,S,Third,man,True,nan,Southampton,no,False
0,1,male,30.4,2,0,78.9142,S,First,man,True,nan,Southampton,no,False
0,3,male,26.2,0,0,22.2182,Q,Third,man,True,nan,Queenstown,no,True
1,3,female,12.3,0,0,16.8169,S,Third,child,False,nan,Southampton,yes,True
1,3,female,36.2,2,0,14.9351,S,Third,woman,False,nan,Southampton,yes,False
0,1,female,37.6,0,0,59.2399,S,First,woman,False,B,Southampton,no,True
0,1,male,13.8,0,2,175.7845,S,First,child,False,nan,Southampton,no,False
0,3,male,27.7,0,0,15.7916,S,Third,man,True,nan,Southampton,no,True
1,3,male,24.8,0,0,6.3644,S,Third,man,True,nan,Southampton,yes,True
0,2,male,33.4,0,0,23.7191,S,Second,man,True,nan,Southampton,no,True
0,3,male,13.5,0,0,13.8747,S,Third,child,False,nan,Southampton,no,True
1,3,female,47.9,1,0,31.9771,Q,Third,woman,False,B,Queenstown,yes,False
0,1,male,43.0,0,0,120.5605,S,First,man,True,nan,Southampton,no,True
0,3,male,24.4,1,0,29.1968,S,Third,man,True,nan,Southampton,no,False
0,1,male,26.6,0,0,95.1346,S,First,man,True,nan,Southampton,no,True
0,3,female,27.7,0,0,13.5392,S,Third,woman,False,D,Southampton,no,True
0,3,male,18.4,2,2,5.8555,S,Third,man,True,nan,Southampton,no,False
1,3,female,23.3,0,2,10.0279,C,Third,woman,False,F,Cherbourg,yes,False
1,1,female,25.8,1,0,124.7582,C,First,woman,False,D,Cherbourg,yes,False
0,1,male,53.1,0,2,161.3674,S,First,man,True,D,Southampton,no,False
0,2,male,43.4,1,3,36.1496,S,Second,man,True,nan,Southampton,no,False
0,2,male,43.3,0,1,52.889,S,Second,man,True,nan,Southampton,no,False
0,2,male,35.1,0,0,16.8739,S,Second,man,True,C,Southampton,no,True
0,3,female,13.5,0,0,3.4064,C,Third,child,False,nan,Cherbourg,no,True
0,2,female,29.1,0,2,25.3868,C,Second,woman,False,nan,Cherbourg,no,False
0,2,male,43.8,0,0,12.9839,S,Second,man,True,E,Southampton,no,True
0,3,male,11.5,1,1,26.797,S,Third,child,False,nan,Southampton,no,False
0,2,male,38.9,0,0,17.4584,C,Second,man,True,nan,Cherbourg,no,True
0,3,male,63.4,1,0,3.0,S,Third,man,True,nan,Southampton,no,False
0,1,male,45.1,0,0,156.8171,S,First,man,True,nan,Southampton,no,True
0,3,male,50.2,0,0,7.2184,S,Third,man,True,E,Southampton,no,True
0,1,male,32.9,4,2,97.332,S,First,man,True,nan,Southampton,no,False
1,1,female,43.7,2,0,140.155,S,First,woman,False,nan,Southampton,yes,False
0,3,male,19.3,0,0,3.0,S,Third,man,True,nan,Southampton,no,True
0,1,male,41.2,1,0,118.3642,S,First,man,True,A,Southampton,no,False
0,3,male,39.2,0,0,16.1066,S,Third,man,True,nan,Southampton,no,True
0,2,female,33.9,0,0,33.1483,S,Second,woman,False,nan,Southampton,no,True
0,2,male,48.8,0,4,24.1882,Q,Second,man,True,nan,Queenstown,no,False
0,3,male,21.9,3,1,7.0782,Q,Third,man,True,nan,Queenstown,no,False
0,1,male,27.0,3,0,96.2956,S,First,man,True,nan,Southampton,no,False
0,3,female,31.1,0,2,4.0479,S,Third,woman,False,C,Southampton,no,False
0,3,male,14.8,1,3,3.0,C,Third,child,False,nan,Cherbourg,no,False
0,3,female,33.0,1,0,7.1927,C,Third,woman,False,D,Cherbourg,no,False
1,3,female,4.8,0,0,11.8677,S,Third,child,False,nan,Southampton,yes,True
0,1,female,44.9,0,0,179.556,C,First,woman,False,nan,Cherbourg,no,True
1,2,male,30.4,0,0,29.0731,S,Second,man,True,nan,Southampton,yes,True
0,2,male,22.1,0,0,7.5987,S,Second,man,True,A,Southampton,no,True
0,3,male,17.6,1,0,11.9013,Q,Third,man,True,nan,Queenstown,no,False
1,3,female,26.3,0,0,8.6297,C,Third,woman,False,D,Cherbourg,yes,True
0,2,male,39.7,0,1,14.4636,Q,Second,man,True,E,Queenstown,no,False
0,3,male,37.6,0,1,3.0,Q,Third,man,True,nan,Queenstown,no,False
1,1,female,19.5,1,0,192.7861,S,First,woman,False,C,Southampton,yes,False
0,3,male,17.4,0,1,32.5623,C,Third,man,True,nan,Cherbourg,no,False
0,3,male,39.2,0,1,8.5666,C,Third,man,True,C,Cherbourg,no,False
0,3,male,19.2,0,0,3.0,S,Third,man,True,nan,Southampton,no,True
0,3,male,30.6,0,0,3.0,S,Third,man,True,nan,Southampton,no,True
1,2,female,31.5,1,0,20.0194,S,Second,woman,False,nan,Southampton,yes,False
0,1,male,34.2,0,0,136.4562,S,First,man,True,nan,Southampton,no,True
0,1,male,42.1,0,0,111.0369,S,First,man,True,nan,Southampton,no,True
0,1,male,11.4,0,0,174.6666,S,First,child,False,C,Southampton,no,True
1,2,female,2.0,0,0,70.0503,S,Second,child,False,nan,Southampton,yes,True
0,3,female,21.5,2,0,10.8907,S,Third,woman,False,nan,Southampton,no,False
0,3,male,55.8,0,2,16.128,S,Third,man,True,nan,Southampton,no,False
0,3,male,59.0,1,0,7.7801,S,Third,man,True,nan,Southampton,no,False
0,1,male,56.3,0,0,97.3202,C,First,man,True,nan,Cherbourg,no,True
0,3,female,26.9,0,0,5.1633,S,Third,woman,False,nan,Southampton,no,True
0,3,male,3.9,2,0,19.7993,S,Third,child,False,nan,Southampton,no,False
0,1,female,0.4,0,0,100.7509,C,First,child,False,E,Cherbourg,no,True
0,3,male,20.8,0,2,12.2637,S,Third,man,True,nan,Southampton,no,False
0,3,male,26.8,2,1,16.4403,S,Third,man,True,nan,Southampton,no,False
0,1,male,48.6,1,0,36.0775,S,First,man,True,C,Southampton,no,False
0,3,female,42.3,0,0,15.2671,S,Third,woman,False,F,Southampton,no,True
0,3,male,33.0,0,0,3.0,S,Third,man,True,nan,Southampton,no,True
1,1,female,16.8,0,0,138.1011,C,First,woman,False,nan,Cherbourg,yes,True
0,3,male,15.8,1,0,11.2563,C,Third,child,False,nan,Cherbourg,no,False
0,3,male,33.4,0,0,18.2282,S,Third,man,True,nan,Southampton,no,True
0,3,male,39.8,2,1,10.2227,S,Third,man,True,nan,Southampton,no,False
0,3,female,35.4,0,0,3.0,S,Third,woman,False,nan,Southampton,no,True
1,2,male,14.7,0,0,65.0414,S,Second,child,False,E,Southampton,yes,True
0,3,female,39.1,0,0,6.3548,S,Third,woman,False,nan,Southampton,no,True
0,3,female,35.9,0,1,5.051,C,Third,woman,False,nan,Cherbourg,no,False
1,1,female,14.2,0,2,62.7838,S,First,child,False,nan,Southampton,yes,False
0,3,male,18.3,0,0,3.0,C,Third,man,True,nan,Cherbourg,no,True
0,3,female,39.7,1,0,5.6633,S,Third,woman,False,nan,Southampton,no,False
1,3,female,26.3,0,0,8.8393,S,Third,woman,False,nan,Southampton,yes,True
0,1,male,52.7,0,1,77.2327,C,First,man,True,nan,Cherbourg,no,False
0,3,male,37.0,2,0,53.726,S,Third,man,True,B,Southampton,no,False
0,1,male,22.6,5,0,120.5828,S,First,man,True,nan,Southampton,no,False
0,2,male,29.6,0,0,21.9568,S,Second,man,True,nan,Southampton,no,True
0,1,male,30.6,2,0,102.0093,S,First,man,True,nan,Southampton,no,False
0,2,male,19.1,0,0,25.1928,Q,Second,man,True,nan,Queenstown,no,True
0,3,male,16.5,0,2,9.5205,C,Third,man,True,nan,Cherbourg,no,False
0,3,male,39.9,1,0,11.1741,S,Third,man,True,B,Southampton,no,False
0,1,male,42.0,1,0,43.106,S,First,man,True,A,Southampton,no,False
0,3,male,,1,2,17.4385,S,Third,man,True,nan,Southampton,no,False
0,3,male,51.7,1,1,19.3047,S,Third,man,True,nan,Southampton,no,False
0,3,male,21.8,0,0,6.2353,S,Third,man,True,nan,Southampton,no,True
0,1,male,54.0,0,0,98.8099,S,First,man,True,nan,Southampton,no,True
0,3,male,16.6,0,2,5.2644,C,Third,man,True,D,Cherbourg,no,False
1,3,male,15.0,0,4,5.6035,S,Third,child,False,B,Southampton,yes,False
1,3,female,4.2,0,0,4.5017,S,Third,child,False,F,Southampton,yes,True
0,1,male,23.2,0,1,104.9729,C,First,man,True,nan,Cherbourg,no,False
0,1,female,22.4,1,0,272.6037,S,First,woman,False,nan,Southampton,no,False
0,3,male,37.3,1,0,8.995,S,Third,man,True,nan,Southampton,no,False
0,3,male,33.2,0,0,7.3077,S,Third,man,True,G,Southampton,no,True
0,3,male,12.4,0,1,3.1749,S,Third,child,False,nan,Southampton,no,False
0,3,male,24.0,1,0,3.0,C,Third,man,True,B,Cherbourg,no,False
0,1,female,24.3,0,0,107.4818,S,First,woman,False,A,Southampton,no,True
0,3,male,3.9,3,0,11.5066,S,Third,child,False,nan,Southampton,no,False
0,3,male,15.5,0,0,15.0138,S,Third,child,False,nan,Southampton,no,True
0,2,male,18.5,0,2,41.2957,S,Second,man,True,nan,Southampton,no,False
0,3,male,50.5,2,0,12.5038,S,Third,man,True,B,Southampton,no,False
0,3,female,32.5,2,0,10.5608,S,Third,woman,False,nan,Southampton,no,False
0,1,female,39.3,0,0,86.0718,C,First,woman,False,nan,Cherbourg,no,True
0,3,male,8.0,0,0,3.8266,S,Third,child,False,nan,Southampton,no,True
0,2,male,47.0,1,4,21.493,S,Second,man,True,nan,Southampton,no,False
0,3,male,48.6,0,0,4.9259,S,Third,man,True,F,Southampton,no,True
1,3,female,0.7,1,0,5.7595,C,Third,child,False,nan,Cherbourg,yes,False
0,3,male,19.5,0,0,37.3561,S,Third,man,True,nan,Southampton,no,True
0,3,male,36.9,0,0,16.6015,C,Third,man,True,C,Cherbourg,no,True
1,2,female,39.0,0,0,64.671,S,Second,woman,False,nan,Southampton,yes,True
0,3,male,19.9,0,0,4.8435,S,Third,man,True,nan,Southampton,no,True
0,3,male,25.3,0,2,7.6383,S,Third,man,True,nan,Southampton,no,False
0,1,female,21.0,0,0,80.9214,S,First,woman,False,nan,Southampton,no,True
0,3,male,31.3,0,0,10.3252,S,Third,man,True,nan,Southampton,no,True
0,3,male,47.1,0,0,7.893,C,Third,man,True,nan,Cherbourg,no,True
0,2,male,18.5,0,0,9.7442,S,Second,man,True,nan,Southampton,no,True
0,3,male,44.2,0,0,6.2808,S,Third,man,True,E,Southampton,no,True
0,3,male,18.4,2,1,6.1816,S,Third,man,True,C,Southampton,no,False
0,2,female,17.4,0,0,17.2653,C,Second,woman,False,E,Cherbourg,no,True
1,3,male,41.6,0,0,16.4885,S,Third,man,True,E,Southampton,yes,True
1,1,female,43.1,0,0,104.6553,S,First,woman,False,nan,Southampton,yes,True
0,1,female,42.0,1,0,302.9086,S,First,woman,False,nan,Southampton,no,False
0,1,male,,0,0,98.5654,C,First,man,True,nan,Cherbourg,no,True
0,3,male,22.9,0,0,16.9733,S,Third,man,True,nan,Southampton,no,True
0,3,male,41.6,0,0,3.1728,Q,Third,man,True,B,Queenstown,no,True
1,1,female,30.3,1,0,27.3234,Q,First,woman,False,B,Queenstown,yes,False
0,2,female,14.1,1,0,55.8858,C,Second,child,False,nan,Cherbourg,no,False
0,3,male,36.3,0,0,24.2527,S,Third,man,True,B,Southampton,no,True
1,1,female,19.3,0,1,129.2961,C,First,woman,False,nan,Cherbourg,yes,False
0,3,male,55.7,0,0,3.206,S,Third,man,True,nan,Southampton,no,True
0,3,female,52.1,0,0,8.8281,S,Third,woman,False,nan,Southampton,no,True
0,3,male,38.5,1,0,8.7585,S,Third,man,True,F,Southampton,no,False
0,3,male,49.4,0,0,8.3765,S,Third,man,True,nan,Southampton,no,True
0,2,female,30.6,0,0,31.3442,S,Second,woman,False,nan,Southampton,no,True
0,3,male,40.8,0,0,16.2661,S,Third,man,True,nan,Southampton,no,True
0,3,male,51.1,0,0,13.031,S,Third,man,True,nan,Southampton,no,True
0,3,male,33.3,0,0,14.0443,S,Third,man,True,nan,Southampton,no,True
1,1,male,26.0,2,0,175.3571,S,First,man,True,nan,Southampton,yes,False
1,3,male,5.0,0,0,21.1143,S,Third,child,False,nan,Southampton,yes,True
1,2,female,28.5,0,1,31.8211,S,Second,woman,False,nan,Southampton,yes,False
0,1,male,41.6,0,0,115.4101,S,First,man,True,nan,Southampton,no,True
0,1,male,43.4,0,0,63.3285,Q,First,man,True,C,Queenstown,no,True
0,3,female,37.0,0,0,5.9231,S,Third,woman,False,nan,Southampton,no,True
1,3,male,21.9,0,0,24.4562,S,Third,man,True,C,Southampton,yes,True
0,3,male,1.0,0,0,7.8541,S,Third,child,False,nan,Southampton,no,True
1,3,female,22.5,2,0,21.82,S,Third,woman,False,A,Southampton,yes,False
0,1,female,25.3,0,1,172.4546,S,First,woman,False,nan,Southampton,no,False
0,3,male,25.2,0,0,25.1736,S,Third,man,True,C,Southampton,no,True
1,1,female,38.7,0,0,74.4107,C,First,woman,False,nan,Cherbourg,yes,True
0,3,male,58.5,0,0,3.0,S,Third,man,True,nan,Southampton,no,True
0,3,female,31.5,0,1,7.1324,S,Third,woman,False,nan,Southampton,no,False
0,3,male,26.6,0,0,3.0,S,Third,man,True,nan,Southampton,no,True
0,3,female,25.9,0,0,3.4865,Q,Third,woman,False,D,Queenstown,no,True
0,2,male,31.5,2,0,21.0223,S,Second,man,True,nan,Southampton,no,False
0,3,female,17.7,0,0,12.0875,S,Third,woman,False,nan,Southampton,no,True
0,3,female,31.4,0,3,3.0,Q,Third,woman,False,nan,Queenstown,no,False
0,3,female,36.2,1,0,9.2461,S,Third,woman,False,nan,Southampton,no,False
0,2,male,32.7,0,0,32.0067,S,Second,man,True,D,Southampton,no,True
0,3,male,36.3,0,0,9.2138,S,Third,man,True,nan,Southampton,no,True
0,3,male,36.0,0,0,6.2182,S,Third,man,True,nan,Southampton,no,True
1,2,female,4.0,1,0,83.2876,C,Second,child,False,nan,Cherbourg,yes,False
0,1,male,38.9,0,0,75.1049,C,First,man,True,nan,Cherbourg,no,True
0,3,female,20.0,0,0,5.724,S,Third,woman,False,nan,Southampton,no,True
1,3,female,13.8,2,0,4.1742,S,Third,child,False,nan,Southampton,yes,False
0,1,male,13.7,0,0,63.4585,S,First,child,False,nan,Southampton,no,True
1,1,female,36.0,1,0,50.4272,C,First,woman,False,nan,Cherbourg,yes,False
0,1,male,26.5,1,0,168.1139,S,First,man,True,nan,Southampton,no,False
0,2,male,,0,0,18.6941,C,Second,man,True,nan,Cherbourg,no,True
0,3,male,36.6,1,0,28.9715,S,Third,man,True,nan,Southampton,no,False
0,3,male,8.8,1,0,3.3966,S,Third,child,False,nan,Southampton,no,False
0,3,female,31.7,1,1,7.3629,Q,Third,woman,False,nan,Queenstown,no,False
0,3,male,33.2,0,0,3.0,S,Third,man,True,nan,Southampton,no,True
0,2,male,42.5,2,0,8.2125,S,Second,man,True,C,Southampton,no,False
0,3,female,55.5,0,0,15.5576,C,Third,woman,False,nan,Cherbourg,no,True
0,3,female,9.9,1,0,9.889,S,Third,child,False,nan,Southampton,no,False
0,3,male,28.9,0,0,7.6325,S,Third,man,True,E,Southampton,no,True
0,3,female,25.7,0,0,10.4318,C,Third,woman,False,D,Cherbourg,no,True
0,1,male,36.0,0,2,80.3612,C,First,man,True,nan,Cherbourg,no,False
0,3,male,32.8,0,0,3.0,S,Third,man,True,D,Southampton,no,True
0,2,male,24.6,0,0,40.1363,S,Second,man,True,F,Southampton,no,True
0,3,male,23.3,0,0,9.2216,S,Third,man,True,nan,Southampton,no,True
1,1,female,13.5,0,0,51.4002,S,First,child,False,nan,Southampton,yes,True
0,1,male,44.0,0,0,44.4924,C,First,man,True,F,Cherbourg,no,True
0,3,female,36.4,0,0,15.5928,S,Third,woman,False,E,Southampton,no,True
0,1,male,43.0,0,1,99.666,S,First,man,True,nan,Southampton,no,False
0,3,male,,1,0,6.7417,Q,Third,man,True,nan,Queenstown,no,False
1,2,female,20.2,0,0,46.7783,S,Second,woman,False,D,Southampton,yes,True
1,3,female,14.1,0,0,3.8627,S,Third,child,False,nan,Southampton,yes,True
0,3,male,34.9,0,0,11.044,S,Third,man,True,C,Southampton,no,True
0,3,male,14.6,1,0,18.0073,C,Third,child,False,C,Cherbourg,no,False
0,2,male,56.5,0,0,49.1463,S,Second,man,True,nan,Southampton,no,True
0,1,male,10.7,0,0,227.9847,C,First,child,False,E,Cherbourg,no,True
0,1,female,33.7,0,1,168.9963,S,First,woman,False,E,Southampton,no,False
0,2,female,52.4,2,0,26.8679,S,Second,woman,False,nan,Southampton,no,False
0,3,male,38.4,0,0,5.2232,S,Third,man,True,nan,Southampton,no,True
0,3,female,32.2,1,1,8.2984,S,Third,woman,False,nan,Southampton,no,False
1,3,male,15.7,0,0,12.9789,S,Third,child,False,C,Southampton,yes,True
1,3,male,9.7,1,0,3.0,S,Third,child,False,nan,Southampton,yes,False
0,3,male,40.9,0,0,7.8907,Q,Third,man,True,nan,Queenstown,no,True
0,3,male,51.5,0,0,8.6762,C,Third,man,True,nan,Cherbourg,no,True
0,2,male,23.3,0,0,67.5502,C,Second,man,True,nan,Cherbourg,no,True
0,3,male,13.2,2,1,17.6274,C,Third,child,False,nan,Cherbourg,no,False
0,3,male,0.4,0,0,8.743,S,Third,child,False,nan,Southampton,no,True
0,3,male,15.5,0,4,9.7838,S,Third,child,False,F,Southampton,no,False
1,1,female,28.1,1,0,139.9384,C,First,woman,False,nan,Cherbourg,yes,False
0,2,male,52.9,0,4,42.9367,S,Second,man,True,nan,Southampton,no,False
0,3,male,39.5,0,0,12.5956,S,Third,man,True,nan,Southampton,no,True
0,3,female,34.1,0,0,3.0,Q,Third,woman,False,nan,Queenstown,no,True
0,3,female,23.9,0,0,12.6747,S,Third,woman,False,nan,Southampton,no,True
1,2,female,21.2,0,1,95.42,C,Second,woman,False,E,Cherbourg,yes,False
0,3,male,50.1,1,1,12.6373,S,Third,man,True,nan,Southampton,no,False
0,1,male,32.6,0,0,60.0876,S,First,man,True,B,Southampton,no,True
1,2,male,0.4,1,0,22.1943,S,Second,child,False,nan,Southampton,yes,False
0,1,male,19.9,0,1,51.1922,S,First,man,True,nan,Southampton,no,False
1,3,female,17.3,0,1,18.6644,Q,Third,woman,False,nan,Queenstown,yes,False
0,3,male,,0,0,3.0,C,Third,man,True,nan,Cherbourg,no,True
0,2,male,37.9,0,0,26.5035,S,Second,man,True,nan,Southampton,no,True
0,3,male,28.1,0,0,4.1185,Q,Third,man,True,nan,Queenstown,no,True
0,2,male,28.6,1,0,64.1533,S,Second,man,True,nan,Southampton,no,False
0,3,female,48.7,1,2,3.6798,S,Third,woman,False,nan,Southampton,no,False
0,3,male,19.6,0,0,6.4706,S,Third,man,True,nan,Southampton,no,True
0,3,male,56.7,0,0,11.8199,S,Third,man,True,nan,Southampton,no,True
1,1,male,20.0,0,1,99.0046,S,First,man,True,nan,Southampton,yes,False
0,3,male,31.0,1,0,14.1778,S,Third,man,True,G,Southampton,no,False
0,3,male,25.6,0,1,30.7047,S,Third,man,True,nan,Southampton,no,False
0,2,male,31.5,1,0,47.7181,S,Second,man,True,E,Southampton,no,False
0,3,male,,0,1,8.8023,S,Third,man,True,nan,Southampton,no,False
1,2,female,36.0,1,0,13.3639,S,Second,woman,False,nan,Southampton,yes,False
1,3,female,18.8,0,0,9.0495,S,Third,woman,False,nan,Southampton,yes,True
1,1,female,13.4,0,0,89.3111,S,First,child,False,nan,Southampton,yes,True
0,3,female,66.0,2,0,6.1848,S,Third,woman,False,D,Southampton,no,False
0,3,male,22.7,1,0,3.5883,S,Third,man,True,nan,Southampton,no,False
0,1,male,39.8,0,0,169.3404,S,First,man,True,nan,Southampton,no,True
0,2,male,6.4,0,0,49.1064,C,Second,child,False,nan,Cherbourg,no,True
1,1,female,25.6,0,0,81.4708,Q,First,woman,False,C,Queenstown,yes,True
0,3,female,27.9,0,0,11.1843,S,Third,woman,False,F,Southampton,no,True
1,2,female,36.6,0,1,41.1157,S,Second,woman,False,nan,Southampton,yes,False
0,3,male,0.4,0,0,9.1426,C,Third,child,False,nan,Cherbourg,no,True
1,2,female,32.1,5,1,46.7533,Q,Second,woman,False,C,Queenstown,yes,False
1,2,male,13.0,0,0,30.8778,Q,Second,child,False,E,Queenstown,yes,True
0,3,male,,0,1,20.3884,Q,Third,man,True,nan,Queenstown,no,False
0,1,male,14.7,0,0,32.4469,C,First,child,False,nan,Cherbourg,no,True
0,3,male,17.3,0,0,3.8308,S,Third,man,True,E,Southampton,no,True
0,3,male,25.7,0,0,15.907,S,Third,man,True,C,Southampton,no,True
0,3,male,14.4,0,0,5.9219,C,Third,child,False,C,Cherbourg,no,True
0,3,male,22.8,0,0,5.0781,S,Third,man,True,nan,Southampton,no,True
1,3,male,12.4,3,0,7.0136,S,Third,child,False,nan,Southampton,yes,False
1,1,female,3.1,3,0,120.5192,S,First,child,False,nan,Southampton,yes,False
1,1,female,44.5,0,0,163.1235,S,First,woman,False,C,Southampton,yes,True
0,1,male,10.9,0,0,128.2818,C,First,child,False,nan,Cherbourg,no,True
0,3,female,27.1,1,0,8.6661,S,Third,woman,False,E,Southampton,no,False
0,1,female,40.6,0,0,70.942,Q,First,woman,False,E,Queenstown,no,True
0,3,male,20.8,1,0,7.4271,S,Third,man,True,nan,Southampton,no,False
0,3,male,17.7,1,1,12.0381,S,Third,man,True,nan,Southampton,no,False
0,3,male,33.0,0,0,5.2466,S,Third,man,True,nan,Southampton,no,True
0,3,male,45.9,0,2,3.0,C,Third,man,True,nan,Cherbourg,no,False
0,1,female,12.7,2,0,71.7845,S,First,child,False,E,Southampton,no,False
0,3,female,27.5,1,1,16.7101,S,Third,woman,False,nan,Southampton,no,False
0,3,male,4.6,1,0,10.7544,Q,Third,child,False,nan,Queenstown,no,False
0,1,female,24.0,0,0,33.695,S,First,woman,False,nan,Southampton,no,True
1,1,female,30.2,1,0,214.7475,S,First,woman,False,nan,Southampton,yes,False
1,3,female,17.3,0,0,15.1318,S,Third,woman,False,F,Southampton,yes,True
0,3,male,23.1,0,0,7.5596,Q,Third,man,True,nan,Queenstown,no,True
0,3,female,9.3,0,2,9.1831,C,Third,child,False,nan,Cherbourg,no,False
1,3,male,30.8,4,1,26.0947,S,Third,man,True,nan,Southampton,yes,False
0,3,male,45.0,1,0,3.0,S,Third,man,True,C,Southampton,no,False
0,3,male,13.8,1,2,3.7365,Q,Third,child,False,D,Queenstown,no,False
0,2,male,20.7,0,4,28.3056,S,Second,man,True,nan,Southampton,no,False
0,2,female,37.0,0,0,23.444,S,Second,woman,False,nan,Southampton,no,True
0,2,male,,1,1,91.7778,S,Second,man,True,nan,Southampton,no,False
0,3,male,8.0,0,0,5.8859,Q,Third,child,False,nan,Queenstown,no,True
0,3,male,27.3,1,0,16.4492,C,Third,man,True,nan,Cherbourg,no,False
0,3,female,33.8,0,0,16.5199,S,Third,woman,False,nan,Southampton,no,True
0,2,male,28.2,1,1,46.7654,S,Second,man,True,nan,Southampton,no,False
1,3,female,0.4,1,0,4.7376,C,Third,child,False,nan,Cherbourg,yes,False
0,3,male,37.0,0,0,12.4236,C,Third,man,True,nan,Cherbourg,no,True
0,3,male,51.7,0,0,9.266,S,Third,man,True,nan,Southampton,no,True
1,3,male,31.4,0,0,19.966,Q,Third,man,True,nan,Queenstown,yes,True
0,1,male,14.7,2,0,195.422,S,First,child,False,nan,Southampton,no,False
0,3,male,22.3,1,0,22.5681,C,Third,man,True,nan,Cherbourg,no,False
0,1,male,55.4,1,0,31.2941,S,First,man,True,nan,Southampton,no,False
0,2,female,42.9,0,0,56.1895,S,Second,woman,False,E,Southampton,no,True
0,3,male,39.0,1,0,8.6735,S,Third,man,True,nan,Southampton,no,False
0,3,male,34.9,0,1,9.0309,S,Third,man,True,nan,Southampton,no,False
0,3,male,,0,4,9.2166,S,Third,man,True,nan,Southampton,no,False
0,3,female,26.8,2,0,12.4927,S,Third,woman,False,G,Southampton,no,False
0,3,male,28.6,0,0,11.4298,C,Third,man,True,nan,Cherbourg,no,True
0,3,male,,0,2,5.6848,S,Third,man,True,E,Southampton,no,False
0,3,female,51.6,0,0,26.1161,S,Third,woman,False,C,Southampton,no,True
0,1,male,45.9,0,0,148.5456,S,First,man,True,nan,Southampton,no,True
0,2,male,9.1,0,0,24.4609,S,Second,child,False,nan,Southampton,no,True
0,2,male,32.9,0,0,27.189,S,Second,man,True,nan,Southampton,no,True
0,3,male,40.4,1,0,24.4663,S,Third,man,True,E,Southampton,no,False
0,1,male,38.7,0,0,225.5865,S,First,man,True,nan,Southampton,no,True
0,1,male,20.6,0,0,180.0449,S,First,man,True,nan,Southampton,no,True
0,2,male,72.0,0,0,30.7826,S,Second,man,True,nan,Southampton,no,True
0,3,male,11.2,1,1,5.9049,S,Third,child,False,C,Southampton,no,False
0,2,male,14.0,0,0,47.8929,S,Second,child,False,nan,Southampton,no,True
1,3,female,33.1,2,0,8.54,S,Third,woman,False,nan,Southampton,yes,False
0,1,female,60.4,0,0,173.165,S,First,woman,False,nan,Southampton,no,True
0,3,female,17.6,0,0,3.0,S,Third,woman,False,nan,Southampton,no,True
0,2,male,25.8,0,0,6.5831,Q,Second,man,True,E,Queenstown,no,True
0,1,male,45.3,0,0,42.0528,S,First,man,True,C,Southampton,no,True
0,3,male,29.4,1,0,11.1643,S,Third,man,True,nan,Southampton,no,False
0,1,male,24.8,0,0,97.18,S,First,man,True,nan,Southampton,no,True
0,1,female,37.9,0,0,113.8083,S,First,woman,False,nan,Southampton,no,True
0,1,male,33.7,0,3,45.9967,S,First,man,True,D,Southampton,no,False
0,1,male,44.6,0,4,164.7233,C,First,man,True,nan,Cherbourg,no,False
0,1,male,48.4,1,0,207.425,C,First,man,True,nan,Cherbourg,no,False
0,2,male,34.2,0,4,45.9758,S,Second,man,True,nan,Southampton,no,False
0,3,male,33.9,0,0,13.5103,Q,Third,man,True,nan,Queenstown,no,True
0,3,male,32.8,0,4,17.3391,C,Third,man,True,C,Cherbourg,no,False
0,3,male,36.8,0,0,7.9502,Q,Third,man,True,nan,Queenstown,no,True
0,2,female,30.5,1,0,13.5386,S,Second,woman,False,nan,Southampton,no,False
0,3,male,29.7,1,0,17.3905,S,Third,man,True,nan,Southampton,no,False
0,2,female,47.1,0,2,9.9887,S,Second,woman,False,nan,Southampton,no,False
0,1,female,51.7,0,0,180.4336,S,First,woman,False,E,Southampton,no,True
0,3,male,7.8,0,0,4.2698,S,Third,child,False,B,Southampton,no,True
1,1,female,29.8,2,5,96.5722,C,First,woman,False,nan,Cherbourg,yes,False
1,2,male,19.7,0,0,18.2533,S,Second,man,True,D,Southampton,yes,True
0,3,female,25.2,0,0,14.0382,S,Third,woman,False,nan,Southampton,no,True
0,3,male,35.5,0,0,11.1502,S,Third,man,True,E,Southampton,no,True
0,3,male,39.4,0,1,15.3819,S,Third,man,True,C,Southampton,no,False
0,3,male,28.1,0,3,5.7477,S,Third,man,True,nan,Southampton,no,False
1,3,male,2.0,0,3,10.3551,S,Third,child,False,E,Southampton,yes,False
0,1,female,15.7,0,0,205.2262,S,First,child,False,nan,Southampton,no,True
0,2,male,42.7,0,0,33.6695,S,Second,man,True,A,Southampton,no,True
1,2,female,0.4,0,0,14.1659,C,Second,child,False,nan,Cherbourg,yes,True
0,2,male,46.9,0,0,38.4559,C,Second,man,True,nan,Cherbourg,no,True
0,2,female,37.3,0,0,19.6501,C,Second,woman,False,nan,Cherbourg,no,True
0,3,male,48.8,1,0,12.3172,S,Third,man,True,C,Southampton,no,False
0,3,male,26.8,0,1,17.1606,S,Third,man,True,D,Southampton,no,False
1,3,male,0.4,2,2,33.2425,C,Third,child,False,G,Cherbourg,yes,False
1,2,female,35.9,0,0,30.3464,S,Second,woman,False,nan,Southampton,yes,True
0,3,male,48.2,0,0,8.552,S,Third,man,True,nan,Southampton,no,True
0,3,male,43.1,1,0,8.232,S,Third,man,True,E,Southampton,no,False
0,3,male,20.1,1,0,3.608,S,Third,man,True,nan,Southampton,no,False
1,1,female,31.0,0,0,139.7711,C,First,woman,False,nan,Cherbourg,yes,True
0,3,male,22.0,1,0,40.9879,S,Third,man,True,nan,Southampton,no,False
0,1,male,17.8,0,2,39.5084,S,First,man,True,nan,Southampton,no,False
0,2,male,43.6,0,0,20.438,S,Second,man,True,nan,Southampton,no,True
1,1,female,12.3,0,0,106.4253,S,First,child,False,B,Southampton,yes,True
1,3,female,16.7,0,0,6.8989,C,Third,woman,False,nan,Cherbourg,yes,True
0,3,male,13.7,0,0,3.0,S,Third,child,False,F,Southampton,no,True
0,1,male,8.1,0,0,152.671,Q,First,child,False,F,Queenstown,no,True
0,2,male,31.8,0,1,31.7509,C,Second,man,True,D,Cherbourg,no,False
0,3,male,46.5,0,0,6.3397,S,Third,man,True,D,Southampton,no,True
0,2,male,27.0,2,1,16.6863,S,Second,man,True,nan,Southampton,no,False
0,1,female,7.9,0,0,178.8247,S,First,child,False,nan,Southampton,no,True
0,2,male,41.9,0,0,28.7597,S,Second,man,True,nan,Southampton,no,True
0,3,female,54.1,1,1,17.6858,S,Third,woman,False,nan,Southampton,no,False
0,1,male,,0,0,147.7581,S,First,man,True,nan,Southampton,no,True
1,1,female,22.8,0,0,114.3452,S,First,woman,False,nan,Southampton,yes,True
0,2,male,37.2,0,0,22.4423,Q,Second,man,True,nan,Queenstown,no,True
0,3,male,53.2,0,0,8.5371,S,Third,man,True,nan,Southampton,no,True
0,3,male,22.2,2,0,20.2059,S,Third,man,True,nan,Southampton,no,False
0,3,male,10.4,0,1,17.0595,Q,Third,child,False,nan,Queenstown,no,False
0,2,male,38.9,0,1,45.225,S,Second,man,True,nan,Southampton,no,False
0,3,female,41.3,0,0,7.8586,S,Third,woman,False,nan,Southampton,no,True
1,1,female,29.8,0,0,271.4942,S,First,woman,False,D,Southampton,yes,True
0,3,male,21.6,0,2,10.822,S,Third,man,True,nan,Southampton,no,False
0,3,male,44.1,1,0,20.0354,C,Third,man,True,nan,Cherbourg,no,False
0,3,male,37.4,1,0,6.3341,S,Third,man,True,D,Southampton,no,False
0,3,male,,1,0,18.8801,S,Third,man,True,nan,Southampton,no,False
0,3,male,30.4,0,0,16.3383,S,Third,man,True,nan,Southampton,no,True
1,1,female,10.1,0,0,79.8876,C,First,child,False,nan,Cherbourg,yes,True
0,3,female,39.6,3,0,4.7694,S,Third,woman,False,nan,Southampton,no,False
0,1,female,25.9,0,2,185.6525,S,First,woman,False,nan,Southampton,no,False
0,3,male,23.4,2,0,17.9633,S,Third,man,True,nan,Southampton,no,False
0,1,female,29.2,1,1,120.9301,Q,First,woman,False,nan,Queenstown,no,False
1,1,female,30.3,2,0,200.286,S,First,woman,False,nan,Southampton,yes,False
0,2,male,42.7,0,0,35.0652,S,Second,man,True,nan,Southampton,no,True
0,2,male,38.3,0,0,36.514,C,Second,man,True,nan,Cherbourg,no,True
0,3,female,27.4,0,3,3.8785,C,Third,woman,False,nan,Cherbourg,no,False
0,3,male,40.8,1,0,3.102,S,Third,man,True,D,Southampton,no,False
0,1,male,35.5,0,0,45.8918,S,First,man,True,B,Southampton,no,True
0,1,male,23.5,1,0,86.6046,S,First,man,True,C,Southampton,no,False
0,3,male,27.9,0,0,12.6592,S,Third,man,True,nan,Southampton,no,True
0,2,male,27.6,0,0,53.4046,C,Second,man,True,nan,Cherbourg,no,True
0,3,female,37.0,1,0,15.9369,C,Third,woman,False,E,Cherbourg,no,False
1,3,female,24.4,0,1,5.03,S,Third,woman,False,B,Southampton,yes,False
0,3,male,24.0,0,0,8.1216,S,Third,man,True,nan,Southampton,no,True
0,3,male,58.2,0,0,18.3792,S,Third,man,True,E,Southampton,no,True
0,2,male,43.3,0,2,35.0004,S,Second,man,True,nan,Southampton,no,False
0,3,male,18.7,0,0,7.0177,S,Third,man,True,C,Southampton,no,True
0,2,male,38.0,0,1,51.4292,Q,Second,man,True,nan,Queenstown,no,False
0,2,male,31.4,0,0,45.9208,S,Second,man,True,nan,Southampton,no,True
0,3,male,35.4,1,1,8.3914,S,Third,man,True,E,Southampton,no,False
0,2,male,31.7,2,0,83.6866,S,Second,man,True,nan,Southampton,no,False
0,3,male,46.9,0,0,7.7664,S,Third,man,True,D,Southampton,no,True
0,3,male,34.7,0,0,5.838,S,Third,man,True,A,Southampton,no,True
0,3,male,28.8,0,0,23.1836,S,Third,man,True,nan,Southampton,no,True
0,3,female,44.8,1,0,3.0,S,Third,woman,False,nan,Southampton,no,False
0,2,male,33.1,0,1,18.0626,S,Second,man,True,nan,Southampton,no,False
0,2,female,31.5,2,0,18.8458,S,Second,woman,False,E,Southampton,no,False
0,3,male,34.3,0,2,7.1254,S,Third,man,True,nan,Southampton,no,False
0,2,male,28.3,1,0,18.2841,S,Second,man,True,nan,Southampton,no,False
1,3,female,29.8,0,0,55.2468,S,Third,woman,False,B,Southampton,yes,True
0,3,male,,1,0,9.7998,S,Third,man,True,C,Southampton,no,False
0,3,male,18.8,0,0,10.1783,S,Third,man,True,nan,Southampton,no,True
0,2,male,15.2,0,0,19.9935,S,Second,child,False,nan,Southampton,no,True
0,1,male,9.5,0,1,174.1282,Q,First,child,False,nan,Queenstown,no,False
1,2,female,16.9,1,0,30.0433,S,Second,woman,False,C,Southampton,yes,False
0,1,male,27.2,0,0,141.4956,S,First,man,True,F,Southampton,no,True
0,3,male,31.2,0,0,10.2045,C,Third,man,True,nan,Cherbourg,no,True
0,2,male,25.8,0,0,62.3039,S,Second,man,True,E,Southampton,no,True
0,1,male,0.4,0,1,118.3636,S,First,child,False,nan,Southampton,no,False
1,1,female,52.5,0,0,86.8288,S,First,woman,False,nan,Southampton,yes,True
0,3,female,45.5,4,0,18.3417,S,Third,woman,False,E,Southampton,no,False
0,3,male,36.2,0,0,19.4683,Q,Third,man,True,nan,Queenstown,no,True
0,2,male,57.4,1,0,23.0419,S,Second,man,True,nan,Southampton,no,False
1,1,female,15.5,0,0,139.4431,S,First,child,False,E,Southampton,yes,True
0,2,male,,1,0,28.2189,S,Second,man,True,nan,Southampton,no,False
0,2,male,15.7,2,1,9.7018,S,Second,child,False,E,Southampton,no,False
0,3,male,33.2,0,0,3.0,S,Third,man,True,nan,Southampton,no,True
0,3,male,11.2,0,0,5.0531,S,Third,child,False,nan,Southampton,no,True
1,2,female,29.9,0,1,18.8137,S,Second,woman,False,nan,Southampton,yes,False
1,1,female,35.3,0,0,272.0672,S,First,woman,False,nan,Southampton,yes,True
0,3,male,27.5,0,1,3.7442,C,Third,man,True,nan,Cherbourg,no,False
0,3,male,40.1,0,0,14.4468,S,Third,man,True,nan,Southampton,no,True
0,3,male,31.1,1,0,5.1782,C,Third,man,True,nan,Cherbourg,no,False
0,1,male,22.1,0,0,81.8181,S,First,man,True,nan,Southampton,no,True
0,3,male,21.5,0,0,9.279,S,Third,man,True,nan,Southampton,no,True
0,1,female,41.5,2,1,200.3294,S,First,woman,False,nan,Southampton,no,False
0,3,male,20.2,0,0,15.1358,S,Third,man,True,E,Southampton,no,True
0,3,male,43.0,0,5,3.0,S,Third,man,True,nan,Southampton,no,False
0,2,male,47.4,1,0,18.8432,S,Second,man,True,nan,Southampton,no,False
0,1,male,5.5,0,0,91.8801,Q,First,child,False,nan,Queenstown,no,True
0,1,male,46.1,0,4,47.6742,S,First,man,True,nan,Southampton,no,False
0,2,female,59.6,1,0,11.8137,S,Second,woman,False,nan,Southampton,no,False
0,1,male,33.4,0,0,93.4076,S,First,man,True,E,Southampton,no,True
1,1,female,38.4,0,0,119.4766,S,First,woman,False,C,Southampton,yes,True
0,3,male,44.7,0,0,15.5782,S,Third,man,True,D,Southampton,no,True
0,3,male,25.7,0,3,4.2789,S,Third,man,True,nan,Southampton,no,False
1,2,male,32.3,0,4,37.8563,S,Second,man,True,nan,Southampton,yes,False
0,3,male,10.6,1,2,10.9227,S,Third,child,False,nan,Southampton,no,False
0,1,male,31.7,0,2,72.5715,S,First,man,True,nan,Southampton,no,False
0,3,male,36.9,1,0,25.9694,S,Third,man,True,C,Southampton,no,False
0,2,female,37.2,1,0,51.1161,C,Second,woman,False,nan,Cherbourg,no,False
0,3,female,45.1,0,0,21.0065,S,Third,woman,False,nan,Southampton,no,True
0,3,male,18.5,0,0,4.6865,S,Third,man,True,nan,Southampton,no,True
0,3,male,22.0,1,0,13.3145,S,Third,man,True,B,Southampton,no,False
0,3,male,57.2,0,1,12.7739,S,Third,man,True,nan,Southampton,no,False
0,2,male,27.5,0,3,17.5203,C,Second,man,True,nan,Cherbourg,no,False
0,3,male,32.6,0,0,3.0,S,Third,man,True,nan,Southampton,no,True
0,2,female,28.7,0,0,61.0062,S,Second,woman,False,nan,Southampton,no,True
1,2,male,17.8,0,0,61.1744,S,Second,man,True,nan,Southampton,yes,True
0,2,male,53.2,0,1,32.703,S,Second,man,True,nan,Southampton,no,False
0,3,male,22.0,0,1,7.0343,C,Third,man,True,nan,Cherbourg,no,False
1,1,male,13.4,0,0,82.3951,S,First,child,False,nan,Southampton,yes,True
0,3,male,23.2,0,1,9.2847,S,Third,man,True,nan,Southampton,no,False
0,3,male,0.7,2,0,10.3428,S,Third,child,False,nan,Southampton,no,False
0,3,male,20.3,0,0,9.5004,C,Third,man,True,nan,Cherbourg,no,True
0,3,male,15.7,0,0,10.4937,S,Third,child,False,nan,Southampton,no,True
0,2,male,38.7,0,0,24.7938,C,Second,man,True,nan,Cherbourg,no,True
0,2,female,,0,0,15.5503,S,Second,woman,False,nan,Southampton,no,True
0,2,male,42.6,0,1,64.3324,C,Second,man,True,nan,Cherbourg,no,False
0,1,male,50.0,2,3,209.4956,S,First,man,True,nan,Southampton,no,False
1,1,female,41.0,1,0,236.0173,C,First,woman,False,F,Cherbourg,yes,False
0,2,male,26.6,3,2,58.5607,C,Second,man,True,nan,Cherbourg,no,False
0,2,male,31.7,1,0,24.3886,S,Second,man,True,nan,Southampton,no,False
0,3,male,7.6,0,3,3.596,C,Third,child,False,D,Cherbourg,no,False
0,3,male,27.8,0,0,17.0903,S,Third,man,True,nan,Southampton,no,True
0,2,male,17.2,1,0,51.7045,S,Second,man,True,nan,Southampton,no,False
0,3,female,39.8,0,0,3.9001,S,Third,woman,False,B,Southampton,no,True
0,1,female,67.0,0,1,23.0466,C,First,woman,False,nan,Cherbourg,no,False
0,2,male,36.9,0,0,29.7999,S,Second,man,True,nan,Southampton,no,True
0,3,male,0.8,0,0,21.2512,Q,Third,child,False,nan,Queenstown,no,True
0,3,male,,1,0,6.9017,S,Third,man,True,nan,Southampton,no,False
0,2,male,31.5,1,0,40.9697,S,Second,man,True,nan,Southampton,no,False
0,3,male,31.0,4,0,7.5176,S,Third,man,True,nan,Southampton,no,False
0,3,male,19.1,0,0,23.4433,C,Third,man,True,nan,Cherbourg,no,True
1,3,female,33.3,1,0,4.7969,S,Third,woman,False,E,Southampton,yes,False
0,3,male,11.7,0,0,16.0783,S,Third,child,False,D,Southampton,no,True
0,3,male,16.0,0,0,3.0,Q,Third,man,True,nan,Queenstown,no,True
0,1,male,39.1,2,0,139.1859,S,First,man,True,nan,Southampton,no,False
0,2,female,15.0,1,0,10.4741,S,Second,child,False,C,Southampton,no,False
1,1,female,,0,0,89.0974,S,First,woman,False,nan,Southampton,yes,True
0,3,male,9.8,0,0,5.0604,S,Third,child,False,nan,Southampton,no,True
0,3,male,55.3,1,0,3.0,S,Third,man,True,nan,Southampton,no,False
0,1,female,18.5,1,0,103.695,S,First,woman,False,nan,Southampton,no,False
0,3,male,26.5,0,0,6.7139,S,Third,man,True,nan,Southampton,no,True
0,3,female,34.5,1,0,6.4606,S,Third,woman,False,nan,Southampton,no,False
0,3,male,21.5,0,0,5.932,S,Third,man,True,nan,Southampton,no,True
0,3,male,31.8,0,0,13.0443,S,Third,man,True,nan,Southampton,no,True
0,3,male,,1,0,7.282,S,Third,man,True,nan,Southampton,no,False
0,1,female,43.6,0,0,57.4127,S,First,woman,False,G,Southampton,no,True
0,3,male,41.2,0,0,3.0,S,Third,man,True,nan,Southampton,no,True
1,1,female,27.2,1,0,146.5477,S,First,woman,False,nan,Southampton,yes,False
0,3,male,27.6,1,0,13.6336,S,Third,man,True,nan,Southampton,no,False
0,2,male,63.8,0,2,50.4085,S,Second,man,True,F,Southampton,no,False
0,3,male,43.5,2,0,7.5425,S,Third,man,True,nan,Southampton,no,False
0,3,male,16.3,0,0,8.8859,S,Third,man,True,A,Southampton,no,True
0,1,male,31.1,4,0,39.1435,S,First,man,True,nan,Southampton,no,False
0,3,male,24.8,1,0,6.1949,C,Third,man,True,nan,Cherbourg,no,False
0,3,female,27.7,0,0,5.1709,C,Third,woman,False,nan,Cherbourg,no,True
0,3,male,11.9,0,0,16.0062,S,Third,child,False,nan,Southampton,no,True
0,3,female,23.7,0,0,5.2264,S,Third,woman,False,nan,Southampton,no,True
0,3,male,56.0,0,1,8.2046,C,Third,man,True,E,Cherbourg,no,False
1,2,female,38.1,0,0,25.9884,S,Second,woman,False,nan,Southampton,yes,True
0,2,male,0.4,0,0,73.6434,S,Second,child,False,nan,Southampton,no,True
0,1,male,47.3,0,0,83.969,C,First,man,True,nan,Cherbourg,no,True
0,3,male,45.5,1,0,3.0,C,Third,man,True,B,Cherbourg,no,False
0,2,male,24.5,0,0,29.8335,S,Second,man,True,nan,Southampton,no,True
0,3,female,40.1,0,0,17.4485,S,Third,woman,False,nan,Southampton,no,True
0,3,male,17.2,0,0,5.0574,S,Third,man,True,B,Southampton,no,True
0,3,male,,1,0,9.133,S,Third,man,True,nan,Southampton,no,False
0,3,female,51.4,0,0,8.3469,S,Third,woman,False,E,Southampton,no,True
0,3,male,25.8,1,0,3.6875,S,Third,man,True,nan,Southampton,no,False
1,2,female,2.6,0,1,11.9812,S,Second,child,False,nan,Southampton,yes,False
0,3,male,28.8,0,3,8.4099,C,Third,man,True,D,Cherbourg,no,False
0,3,female,28.6,0,2,10.9912,S,Third,woman,False,E,Southampton,no,False
0,3,male,47.1,0,0,3.0,S,Third,man,True,B,Southampton,no,True
0,3,male,29.9,0,0,4.2457,S,Third,man,True,nan,Southampton,no,True
0,1,male,23.6,0,0,46.0091,S,First,man,True,nan,Southampton,no,True
0,1,female,44.9,0,0,28.2518,S,First,woman,False,nan,Southampton,no,True
0,3,male,31.5,1,0,14.297,S,Third,man,True,G,Southampton,no,False
0,2,male,18.8,0,0,37.9151,S,Second,man,True,E,Southampton,no,True
0,3,male,46.4,0,0,4.4835,C,Third,man,True,C,Cherbourg,no,True
0,3,female,32.5,4,0,9.7656,Q,Third,woman,False,nan,Queenstown,no,False
0,1,female,29.7,0,0,44.4685,S,First,woman,False,F,Southampton,no,True
0,3,female,32.3,0,0,10.9312,S,Third,woman,False,C,Southampton,no,True
0,2,male,14.2,4,0,99.0585,S,Second,child,False,nan,Southampton,no,False
0,3,male,,4,0,3.0,S,Third,man,True,D,Southampton,no,False
0,3,male,,0,0,19.6962,C,Third,man,True,nan,Cherbourg,no,True
0,3,female,26.9,0,0,17.3292,S,Third,woman,False,D,Southampton,no,True
0,1,male,48.2,0,0,301.956,C,First,man,True,nan,Cherbourg,no,True
0,3,male,32.9,1,1,15.2591,S,Third,man,True,nan,Southampton,no,False
0,3,female,42.1,2,0,13.7637,S,Third,woman,False,nan,Southampton,no,False
0,3,male,29.8,0,0,8.1338,S,Third,man,True,nan,Southampton,no,True
0,3,male,45.0,1,0,22.2974,S,Third,man,True,nan,Southampton,no,False
0,1,male,35.5,0,2,169.3053,S,First,man,True,nan,Southampton,no,False
0,2,male,29.9,0,0,14.9401,S,Second,man,True,nan,Southampton,no,True
0,2,female,29.5,1,0,73.9382,S,Second,woman,False,nan,Southampton,no,False
0,3,male,15.9,0,0,7.5376,Q,Third,child,False,D,Queenstown,no,True
0,2,male,37.1,0,3,55.7953,S,Second,man,True,E,Southampton,no,False
0,1,male,29.1,4,0,133.6351,C,First,man,True,nan,Cherbourg,no,False
0,3,male,22.4,0,0,3.0,S,Third,man,True,nan,Southampton,no,True
0,1,male,45.7,0,0,93.1726,S,First,man,True,nan,Southampton,no,True
0,3,male,11.6,1,0,15.0026,C,Third,child,False,nan,Cherbourg,no,False
0,3,male,23.6,2,0,3.0,S,Third,man,True,nan,Southampton,no,False
0,3,male,44.6,1,0,9.971,S,Third,man,True,nan,Southampton,no,False
0,2,male,34.3,0,1,59.0272,S,Second,man,True,nan,Southampton,no,False
0,1,male,29.0,0,0,119.418,C,First,man,True,nan,Cherbourg,no,True
0,3,female,33.3,0,0,5.4413,S,Third,woman,False,nan,Southampton,no,True
0,3,female,32.3,0,0,47.8584,S,Third,woman,False,F,Southampton,no,True
1,3,female,7.7,2,0,24.5052,S,Third,child,False,nan,Southampton,yes,False
0,1,male,24.6,1,0,63.8168,S,First,man,True,nan,Southampton,no,False
0,3,male,53.1,0,0,9.2878,S,Third,man,True,nan,Southampton,no,True
0,3,male,20.1,0,0,5.761,S,Third,man,True,nan,Southampton,no,True
0,3,male,25.1,2,0,15.0944,S,Third,man,True,nan,Southampton,no,False
1,3,male,21.8,1,2,17.3133,C,Third,man,True,nan,Cherbourg,yes,False
0,3,male,28.4,0,1,6.3983,S,Third,man,True,nan,Southampton,no,False
1,3,female,21.2,0,0,24.3865,S,Third,woman,False,nan,Southampton,yes,True
0,1,male,36.8,0,0,100.9604,S,First,man,True,nan,Southampton,no,True
0,3,male,32.6,1,2,22.9961,S,Third,man,True,nan,Southampton,no,False
1,1,female,40.9,0,0,134.1993,S,First,woman,False,nan,Southampton,yes,True
0,2,male,14.5,1,0,46.4715,S,Second,child,False,nan,Southampton,no,False
0,2,female,24.8,0,0,18.3305,S,Second,woman,False,nan,Southampton,no,True
0,1,female,26.4,0,0,79.0983,S,First,woman,False,nan,Southampton,no,True
0,2,female,36.3,0,2,32.0794,C,Second,woman,False,nan,Cherbourg,no,False
0,1,male,18.2,2,1,58.4337,S,First,man,True,nan,Southampton,no,False
0,3,female,43.0,2,0,9.9183,S,Third,woman,False,nan,Southampton,no,False
0,3,male,46.9,1,0,7.4323,C,Third,man,True,nan,Cherbourg,no,False
0,1,male,15.4,2,0,63.636,S,First,child,False,D,Southampton,no,False
0,3,male,22.6,0,0,3.704,S,Third,man,True,nan,Southampton,no,True
0,3,male,22.0,0,0,3.0,S,Third,man,True,D,Southampton,no,True
0,2,male,67.9,1,3,79.8331,C,Second,man,True,D,Cherbourg,no,False
0,1,male,23.5,0,0,45.4667,S,First,man,True,nan,Southampton,no,True
0,3,female,54.0,0,0,5.8503,S,Third,woman,False,nan,Southampton,no,True
0,3,female,11.3,0,0,3.0,S,Third,child,False,C,Southampton,no,True
0,3,female,15.4,0,3,3.0,S,Third,child,False,nan,Southampton,no,False
0,1,male,19.7,0,0,110.9861,Q,First,man,True,E,Queenstown,no,True
0,1,female,17.4,0,0,130.911,Q,First,woman,False,nan,Queenstown,no,True
0,2,male,25.8,0,0,129.9845,S,Second,man,True,nan,Southampton,no,True
1,2,female,19.4,1,0,53.1751,S,Second,woman,False,C,Southampton,yes,False
1,1,female,17.8,1,0,45.65,S,First,woman,False,nan,Southampton,yes,False
0,2,male,46.5,0,2,49.4155,Q,Second,man,True,F,Queenstown,no,False
0,3,female,47.4,0,0,31.9196,S,Third,woman,False,nan,Southampton,no,True
0,3,male,43.5,0,0,6.1278,C,Third,man,True,nan,Cherbourg,no,True
0,2,male,37.3,1,1,38.0239,S,Second,man,True,E,Southampton,no,False
0,3,male,,1,1,10.9591,C,Third,man,True,nan,Cherbourg,no,False
0,2,male,22.5,0,0,31.0319,S,Second,man,True,C,Southampton,no,True
1,3,female,15.9,2,0,15.0419,C,Third,child,False,nan,Cherbourg,yes,False
0,1,male,35.0,0,3,140.9237,S,First,man,True,nan,Southampton,no,False
0,3,male,12.7,0,0,8.3908,S,Third,child,False,nan,Southampton,no,True
1,3,male,15.3,0,0,5.4726,C,Third,child,False,nan,Cherbourg,yes,True
0,3,female,46.4,0,0,6.2496,C,Third,woman,False,nan,Cherbourg,no,True
0,2,female,57.3,3,0,31.9602,S,Second,woman,False,nan,Southampton,no,False
1,3,female,,0,0,24.8388,S,Third,woman,False,nan,Southampton,yes,True
0,1,female,45.7,0,0,76.0901,S,First,woman,False,nan,Southampton,no,True
0,3,male,26.1,0,0,11.103,S,Third,man,True,nan,Southampton,no,True
0,3,male,10.3,0,0,27.9793,S,Third,child,False,E,Southampton,no,True
0,2,male,38.6,0,2,30.0187,S,Second,man,True,nan,Southampton,no,False
0,3,male,38.0,0,1,6.7818,S,Third,man,True,D,Southampton,no,False
0,3,female,30.7,0,1,3.0,S,Third,woman,False,nan,Southampton,no,False
1,1,male,26.2,0,0,139.5363,S,First,man,True,nan,Southampton,yes,True
0,3,female,43.7,1,0,10.4022,S,Third,woman,False,nan,Southampton,no,False
0,2,male,15.4,1,2,56.8869,S,Second,child,False,nan,Southampton,no,False
0,3,male,18.5,0,1,5.1871,S,Third,man,True,nan,Southampton,no,False
0,3,male,15.1,0,1,4.8324,S,Third,child,False,A,Southampton,no,False
0,3,female,30.9,1,0,12.7654,S,Third,woman,False,nan,Southampton,no,False
0,3,female,13.9,0,0,19.4026,C,Third,child,False,nan,Cherbourg,no,True
1,3,female,19.8,0,0,3.2347,S,Third,woman,False,nan,Southampton,yes,True
0,1,male,19.5,0,0,60.592,S,First,man,True,nan,Southampton,no,True
0,3,female,25.9,1,0,8.8867,S,Third,woman,False,nan,Southampton,no,False
1,2,male,8.1,0,0,30.5288,S,Second,child,False,nan,Southampton,yes,True
0,3,male,31.0,0,0,6.1596,S,Third,man,True,nan,Southampton,no,True
0,2,female,47.8,0,1,41.317,C,Second,woman,False,nan,Cherbourg,no,False
0,1,male,31.7,1,0,71.1261,C,First,man,True,nan,Cherbourg,no,False
0,3,female,52.0,0,0,48.1651,S,Third,woman,False,nan,Southampton,no,True
0,1,male,49.0,0,0,203.5401,S,First,man,True,nan,Southampton,no,True
0,3,male,41.0,0,2,22.8935,S,Third,man,True,nan,Southampton,no,False
0,2,female,,0,0,41.6999,C,Second,woman,False,nan,Cherbourg,no,True
0,1,male,30.0,0,1,222.1424,C,First,man,True,nan,Cherbourg,no,False
0,3,female,40.8,0,0,13.3666,C,Third,woman,False,nan,Cherbourg,no,True
0,1,male,24.0,0,0,178.3013,S,First,man,True,nan,Southampton,no,True
0,2,male,2.4,0,0,32.6229,S,Second,child,False,E,Southampton,no,True
0,3,male,36.8,0,2,3.0,C,Third,man,True,nan,Cherbourg,no,False
0,1,male,13.3,1,0,57.6386,C,First,child,False,nan,Cherbourg,no,False
0,3,male,15.7,0,0,15.934,S,Third,child,False,nan,Southampton,no,True
0,1,male,29.7,1,0,210.5058,C,First,man,True,nan,Cherbourg,no,False
1,2,female,28.3,4,0,61.6599,S,Second,woman,False,nan,Southampton,yes,False
0,3,male,9.2,0,2,12.4179,Q,Third,child,False,D,Queenstown,no,False
0,2,male,32.1,2,0,11.6784,C,Second,man,True,nan,Cherbourg,no,False
0,1,male,43.7,0,0,129.4709,S,First,man,True,G,Southampton,no,True
0,2,male,13.3,1,0,47.555,S,Second,child,False,nan,Southampton,no,False
1,2,female,48.2,0,0,133.4576,S,Second,woman,False,C,Southampton,yes,True
0,3,female,7.1,0,0,13.0041,S,Third,child,False,nan,Southampton,no,True
0,2,male,60.4,0,0,24.504,S,Second,man,True,D,Southampton,no,True
0,3,female,23.7,0,0,6.8124,S,Third,woman,False,D,Southampton,no,True
0,3,male,31.8,1,0,10.9737,C,Third,man,True,nan,Cherbourg,no,False
0,2,male,2.3,0,1,37.0406,S,Second,child,False,nan,Southampton,no,False
0,3,female,28.8,0,0,4.631,S,Third,woman,False,E,Southampton,no,True
0,2,male,33.0,3,0,45.8701,Q,Second,man,True,nan,Queenstown,no,False
0,3,female,28.5,2,0,14.9718,S,Third,woman,False,C,Southampton,no,False
0,1,female,21.5,2,0,98.9333,S,First,woman,False,nan,Southampton,no,False
0,3,male,16.0,1,0,8.2334,S,Third,man,True,nan,Southampton,no,False
0,3,female,46.1,0,0,8.7654,S,Third,woman,False,F,Southampton,no,True
1,2,female,30.1,0,1,28.9376,S,Second,woman,False,nan,Southampton,yes,False
0,3,male,52.0,0,2,10.6998,S,Third,man,True,C,Southampton,no,False
0,3,male,22.1,3,1,7.7617,S,Third,man,True,nan,Southampton,no,False
0,1,male,23.4,0,0,189.7128,C,First,man,True,nan,Cherbourg,no,True
1,1,female,,0,0,140.0763,S,First,woman,False,nan,Southampton,yes,True
0,3,female,6.2,0,4,3.0,S,Third,child,False,nan,Southampton,no,False
0,3,male,12.1,0,0,6.7845,C,Third,child,False,A,Cherbourg,no,True
0,3,male,45.6,0,0,3.0,C,Third,man,True,G,Cherbourg,no,True
0,3,male,12.7,0,0,4.1923,S,Third,child,False,nan,Southampton,no,True
0,3,male,3.3,0,0,14.6395,S,Third,child,False,nan,Southampton,no,True
0,3,male,56.8,0,0,13.7142,S,Third,man,True,nan,Southampton,no,True
0,2,male,9.5,1,2,36.3285,S,Second,child,False,B,Southampton,no,False
0,1,male,32.4,1,0,145.9067,S,First,man,True,nan,Southampton,no,False
0,3,male,30.7,0,0,22.4404,S,Third,man,True,F,Southampton,no,True
0,3,male,0.4,2,0,5.3138,C,Third,child,False,nan,Cherbourg,no,False
0,1,male,25.8,1,0,96.9044,C,First,man,True,nan,Cherbourg,no,False
1,2,female,36.2,0,0,14.6881,S,Second,woman,False,nan,Southampton,yes,True
0,3,male,34.8,1,0,28.9412,S,Third,man,True,nan,Southampton,no,False
0,3,male,42.8,1,0,10.4133,S,Third,man,True,C,Southampton,no,False
0,2,male,24.1,0,0,25.9271,S,Second,man,True,nan,Southampton,no,True
0,3,male,40.0,0,0,17.8056,S,Third,man,True,nan,Southampton,no,True
0,1,male,19.7,0,0,139.5141,S,First,man,True,nan,Southampton,no,True
0,2,male,9.2,1,0,20.7952,S,Second,child,False,C,Southampton,no,False
0,2,male,10.9,0,0,10.6437,S,Second,child,False,nan,Southampton,no,True
1,1,female,8.5,0,0,92.9268,S,First,child,False,nan,Southampton,yes,True
0,3,female,44.3,0,0,5.2889,S,Third,woman,False,nan,Southampton,no,True
1,2,female,7.7,0,0,41.1535,C,Second,child,False,nan,Cherbourg,yes,True
0,3,female,33.7,0,0,14.3349,C,Third,woman,False,B,Cherbourg,no,True
1,3,female,25.8,0,0,3.0,S,Third,woman,False,nan,Southampton,yes,True
0,1,male,28.2,1,1,222.6919,S,First,man,True,E,Southampton,no,False
0,3,male,49.5,1,0,8.6675,C,Third,man,True,nan,Cherbourg,no,False
0,3,male,23.3,0,0,13.673,S,Third,man,True,E,Southampton,no,True
0,3,male,38.6,0,2,15.3366,S,Third,man,True,nan,Southampton,no,False
0,1,female,30.2,1,0,28.5044,S,First,woman,False,nan,Southampton,no,False
0,3,male,27.5,1,0,5.238,S,Third,man,True,nan,Southampton,no,False
0,3,male,63.0,1,0,7.8707,C,Third,man,True,B,Cherbourg,no,False
0,2,male,8.8,0,0,18.2515,S,Second,child,False,nan,Southampton,no,True
0,1,male,48.4,2,0,155.1133,S,First,man,True,nan,Southampton,no,False
0,3,female,39.2,1,0,9.31,S,Third,woman,False,nan,Southampton,no,False
0,3,female,22.7,0,0,6.5119,S,Third,woman,False,nan,Southampton,no,True
0,2,male,53.3,0,0,44.467,C,Second,man,True,nan,Cherbourg,no,True
1,3,female,2.9,0,0,12.0223,S,Third,child,False,nan,Southampton,yes,True
0,2,male,22.1,1,0,10.2122,S,Second,man,True,nan,Southampton,no,False
1,3,female,12.2,0,0,7.5373,S,Third,child,False,nan,Southampton,yes,True
0,1,male,35.7,0,0,77.9718,S,First,man,True,nan,Southampton,no,True
0,3,male,13.6,0,0,14.6758,Q,Third,child,False,nan,Queenstown,no,True
0,2,male,36.0,0,0,67.146,S,Second,man,True,nan,Southampton,no,True
1,2,female,27.0,0,0,82.7562,S,Second,woman,False,B,Southampton,yes,True
0,1,female,22.7,0,0,48.3306,Q,First,woman,False,nan,Queenstown,no,True
0,1,male,35.3,0,0,61.2991,S,First,man,True,nan,Southampton,no,True
0,3,male,25.8,0,0,11.4541,S,Third,man,True,nan,Southampton,no,True
0,2,female,13.9,0,0,24.0663,S,Second,child,False,nan,Southampton,no,True
0,3,male,70.3,0,1,7.3745,S,Third,man,True,nan,Southampton,no,False
0,1,male,22.6,0,2,91.1459,S,First,man,True,nan,Southampton,no,False
0,2,male,0.4,0,1,24.5877,C,Second,child,False,nan,Cherbourg,no,False
0,2,male,17.5,0,0,42.2729,C,Second,man,True,nan,Cherbourg,no,True
1,1,female,11.3,1,6,59.4454,S,First,child,False,nan,Southampton,yes,False
0,1,female,41.7,0,0,67.2771,C,First,woman,False,nan,Cherbourg,no,True
0,2,male,34.4,1,0,78.1136,S,Second,man,True,D,Southampton,no,False
0,3,male,35.5,0,2,3.0,S,Third,man,True,A,Southampton,no,False
1,2,female,24.3,0,1,90.5758,S,Second,woman,False,nan,Southampton,yes,False
0,3,male,25.6,1,0,9.7248,S,Third,man,True,C,Southampton,no,False
1,3,female,24.3,0,1,8.4874,C,Third,woman,False,nan,Cherbourg,yes,False
0,1,male,28.5,2,0,135.3181,S,First,man,True,nan,Southampton,no,False
0,3,male,41.8,0,0,3.0,S,Third,man,True,nan,Southampton,no,True
0,3,female,34.6,0,0,13.0207,S,Third,woman,False,nan,Southampton,no,True
0,3,female,37.0,0,4,16.2424,S,Third,woman,False,C,Southampton,no,False
0,3,male,36.9,1,0,8.8612,S,Third,man,True,nan,Southampton,no,False
0,2,female,42.5,3,1,24.1262,S,Second,woman,False,nan,Southampton,no,False
0,3,male,33.9,0,0,18.9982,Q,Third,man,True,nan,Queenstown,no,True
0,3,male,34.9,0,0,11.1064,S,Third,man,True,nan,Southampton,no,True
0,3,female,46.9,0,0,3.0,S,Third,woman,False,C,Southampton,no,True
1,3,female,20.1,1,0,14.3532,S,Third,woman,False,nan,Southampton,yes,False
0,1,male,17.3,0,1,184.4868,C,First,man,True,D,Cherbourg,no,False
0,1,male,12.5,0,0,127.5593,S,First,child,False,nan,Southampton,no,True
0,3,male,32.4,0,0,7.6308,S,Third,man,True,nan,Southampton,no,True
0,3,male,2.8,1,0,28.1056,S,Third,child,False,nan,Southampton,no,False
0,1,male,36.4,0,0,120.7002,C,First,man,True,nan,Cherbourg,no,True
0,2,female,28.1,1,0,47.4454,C,Second,woman,False,nan,Cherbourg,no,False
0,1,male,46.2,1,0,127.3757,S,First,man,True,nan,Southampton,no,False
1,2,female,20.0,0,0,37.2338,Q,Second,woman,False,nan,Queenstown,yes,True
0,3,male,,0,1,25.6656,C,Third,man,True,nan,Cherbourg,no,False
0,3,male,46.0,0,2,3.0,S,Third,man,True,nan,Southampton,no,False
0,2,male,,0,0,57.7761,S,Second,man,True,C,Southampton,no,True
0,2,male,19.8,0,0,43.4422,C,Second,man,True,nan,Cherbourg,no,True
0,1,male,32.3,1,1,144.554,S,First,man,True,F,Southampton,no,False
0,2,female,34.0,4,0,15.8056,S,Second,woman,False,nan,Southampton,no,False
0,3,male,35.1,2,0,15.6114,S,Third,man,True,B,Southampton,no,False
0,3,female,25.9,1,0,21.9829,S,Third,woman,False,nan,Southampton,no,False
1,3,male,48.3,0,0,30.4782,S,Third,man,True,nan,Southampton,yes,True
0,1,female,2.3,0,0,122.8157,C,First,child,False,nan,Cherbourg,no,True
0,3,male,23.6,0,0,4.3781,S,Third,man,True,nan,Southampton,no,True
0,3,female,36.2,0,1,3.6448,S,Third,woman,False,D,Southampton,no,False
0,3,male,36.3,0,0,19.9428,S,Third,man,True,nan,Southampton,no,True
0,3,female,49.3,0,0,16.4996,S,Third,woman,False,nan,Southampton,no,True
0,2,female,47.1,1,0,18.3704,S,Second,woman,False,nan,Southampton,no,False
0,2,male,25.6,2,0,100.8185,S,Second,man,True,G,Southampton,no,False
0,1,male,48.5,2,0,29.2016,C,First,man,True,nan,Cherbourg,no,False
1,1,male,19.3,0,0,122.6661,C,First,man,True,nan,Cherbourg,yes,True
0,2,female,43.2,1,0,36.907,S,Second,woman,False,nan,Southampton,no,False
0,3,male,56.0,0,0,3.2862,S,Third,man,True,nan,Southampton,no,True
0,3,male,,0,0,8.6781,S,Third,man,True,nan,Southampton,no,True
0,3,male,31.2,0,0,32.558,S,Third,man,True,nan,Southampton,no,True
0,1,male,24.9,0,0,92.4245,S,First,man,True,nan,Southampton,no,True
0,3,female,,2,1,16.7724,S,Third,woman,False,E,Southampton,no,False
0,3,male,34.2,0,0,18.0577,S,Third,man,True,C,Southampton,no,True
0,3,male,13.5,0,0,32.025,Q,Third,child,False,nan,Queenstown,no,True
0,3,female,18.2,0,0,12.7896,S,Third,woman,False,F,Southampton,no,True
0,3,male,12.4,1,0,8.9315,S,Third,child,False,nan,Southampton,no,False
0,3,female,23.0,0,3,6.0537,C,Third,woman,False,nan,Cherbourg,no,False
0,1,male,29.3,1,0,151.8975,S,First,man,True,nan,Southampton,no,False
0,2,male,33.7,1,1,29.8179,S,Second,man,True,nan,Southampton,no,False
1,1,male,21.0,0,0,85.3154,S,First,man,True,C,Southampton,yes,True
0,1,female,45.2,0,0,106.6453,S,First,woman,False,C,Southampton,no,True
0,1,male,26.7,0,3,127.473,S,First,man,True,nan,Southampton,no,False
0,3,male,18.3,0,0,7.4943,S,Third,man,True,nan,Southampton,no,True
0,3,male,33.0,2,0,12.05,C,Third,man,True,G,Cherbourg,no,False
0,3,male,58.2,1,0,3.0,S,Third,man,True,nan,Southampton,no,False
0,1,female,34.6,0,4,160.2839,S,First,woman,False,nan,Southampton,no,False
0,3,male,24.4,0,0,3.9138,Q,Third,man,True,nan,Queenstown,no,True
1,3,female,7.6,0,0,5.3146,S,Third,child,False,nan,Southampton,yes,True
0,2,male,26.5,1,0,26.2177,S,Second,man,True,B,Southampton,no,False
1,3,female,33.1,0,2,8.1534,C,Third,woman,False,nan,Cherbourg,yes,False
0,2,male,24.1,1,0,27.968,S,Second,man,True,nan,Southampton,no,False
1,2,male,5.6,2,1,56.7618,S,Second,child,False,nan,Southampton,yes,False
0,3,male,17.4,0,1,22.7475,C,Third,man,True,nan,Cherbourg,no,False
1,2,female,50.8,0,0,20.4479,S,Second,woman,False,nan,Southampton,yes,True
0,3,male,50.5,2,0,12.4149,S,Third,man,True,nan,Southampton,no,False
1,3,female,16.8,0,0,17.7384,S,Third,woman,False,nan,Southampton,yes,True
0,3,female,39.5,0,0,3.9018,Q,Third,woman,False,nan,Queenstown,no,True
0,1,male,12.6,0,0,148.9571,S,First,child,False,nan,Southampton,no,True
0,1,male,50.1,0,0,222.2026,S,First,man,True,nan,Southampton,no,True
0,1,male,33.3,0,0,148.0262,S,First,man,True,nan,Southampton,no,True
0,3,male,43.5,0,4,15.1247,Q,Third,man,True,nan,Queenstown,no,False
0,2,female,4.8,0,0,27.568,S,Second,child,False,nan,Southampton,no,True
0,1,female,39.5,1,0,104.7546,C,First,woman,False,nan,Cherbourg,no,False
0,3,male,29.6,0,0,10.3772,S,Third,man,True,nan,Southampton,no,True
0,3,male,42.1,0,0,14.7852,S,Third,man,True,nan,Southampton,no,True
0,2,male,43.0,1,0,12.2228,S,Second,man,True,nan,Southampton,no,False
0,3,male,30.7,1,0,6.5408,S,Third,man,True,nan,Southampton,no,False
0,3,female,21.0,0,0,15.7257,S,Third,woman,False,nan,Southampton,no,True
0,1,male,41.0,0,0,218.6767,S,First,man,True,nan,Southampton,no,True
1,2,female,28.8,0,0,31.0258,S,Second,woman,False,nan,Southampton,yes,True
0,3,male,17.0,0,1,12.7648,C,Third,man,True,nan,Cherbourg,no,False
0,3,male,16.4,0,0,8.9975,Q,Third,man,True,C,Queenstown,no,True
0,3,male,8.3,0,2,3.0,Q,Third,child,False,nan,Queenstown,no,False
0,2,male,22.3,0,1,16.8988,C,Second,man,True,nan,Cherbourg,no,False
0,1,male,45.7,1,0,39.875,Q,First,man,True,nan,Queenstown,no,False
1,1,female,32.3,0,0,78.8049,Q,First,woman,False,C,Queenstown,yes,True
0,2,female,22.0,1,0,68.5434,S,Second,woman,False,F,Southampton,no,False
0,1,male,41.4,0,0,95.762,S,First,man,True,C,Southampton,no,True
0,1,male,17.6,0,0,154.1553,S,First,man,True,nan,Southampton,no,True
0,3,male,31.1,2,2,33.6762,S,Third,man,True,nan,Southampton,no,False
1,3,female,27.1,0,0,16.2363,C,Third,woman,False,nan,Cherbourg,yes,True
0,3,male,41.0,0,1,6.8027,Q,Third,man,True,E,Queenstown,no,False
1,3,female,6.8,0,0,12.5976,S,Third,child,False,nan,Southampton,yes,True
0,2,male,17.4,0,0,27.9578,S,Second,man,True,nan,Southampton,no,True
0,3,male,5.9,0,1,18.3321,S,Third,child,False,B,Southampton,no,False
1,1,female,25.9,0,0,190.7615,S,First,woman,False,nan,Southampton,yes,True
0,3,male,47.3,2,1,11.49,Q,Third,man,True,nan,Queenstown,no,False
0,3,male,22.4,0,0,6.3826,S,Third,man,True,nan,Southampton,no,True
1,3,male,22.3,1,1,4.7323,S,Third,man,True,F,Southampton,yes,False
0,3,male,42.3,0,1,22.9458,S,Third,man,True,nan,Southampton,no,False
0,3,male,45.2,0,0,6.0213,S,Third,man,True,nan,Southampton,no,True
0,2,female,28.4,0,1,4.5147,C,Second,woman,False,nan,Cherbourg,no,False
0,2,female,,0,0,15.9084,S,Second,woman,False,B,Southampton,no,True
0,3,male,14.1,0,0,8.6201,Q,Third,child,False,nan,Queenstown,no,True
0,1,female,49.7,0,0,31.8647,Q,First,woman,False,nan,Queenstown,no,True
0,3,male,,1,0,5.2712,S,Third,man,True,nan,Southampton,no,False
0,3,male,37.3,0,0,5.683,S,Third,man,True,nan,Southampton,no,True
1,1,male,0.4,0,1,151.772,S,First,child,False,nan,Southampton,yes,False
0,3,male,21.6,0,0,5.5741,S,Third,man,True,D,Southampton,no,True
0,3,male,38.6,4,2,9.0362,C,Third,man,True,C,Cherbourg,no,False
0,3,female,23.6,0,2,3.0,S,Third,woman,False,F,Southampton,no,False
0,3,male,48.1,0,0,21.5271,S,Third,man,True,C,Southampton,no,True
0,3,male,38.2,0,2,6.9775,C,Third,man,True,nan,Cherbourg,no,False
0,3,male,19.5,0,1,3.8016,S,Third,man,True,B,Southampton,no,False
1,3,female,30.2,0,0,15.074,C,Third,woman,False,nan,Cherbourg,yes,True
1,1,female,16.7,0,0,80.9729,S,First,woman,False,C,Southampton,yes,True
1,3,male,27.1,0,0,6.3311,S,Third,man,True,nan,Southampton,yes,True
0,3,male,21.7,0,0,14.2657,S,Third,man,True,F,Southampton,no,True
0,2,male,46.7,1,0,19.7367,C,Second,man,True,nan,Cherbourg,no,False
0,3,male,60.4,0,0,27.7652,S,Third,man,True,nan,Southampton,no,True
1,3,male,8.9,0,0,17.6257,S,Third,child,False,C,Southampton,yes,True
1,1,male,1.8,0,3,77.7457,S,First,child,False,nan,Southampton,yes,False
0,3,male,26.1,0,0,3.0,C,Third,man,True,nan,Cherbourg,no,True
0,3,male,7.7,0,0,10.1226,S,Third,child,False,nan,Southampton,no,True
1,3,male,30.4,0,0,5.1243,S,Third,man,True,nan,Southampton,yes,True
0,1,female,40.6,0,0,110.0024,C,First,woman,False,nan,Cherbourg,no,True
0,1,female,51.4,0,0,57.0133,Q,First,woman,False,nan,Queenstown,no,True
0,2,male,32.6,1,0,32.0028,S,Second,man,True,nan,Southampton,no,False
0,3,male,26.9,0,3,7.5529,S,Third,man,True,nan,Southampton,no,False
1,1,male,1.0,0,0,68.5661,S,First,child,False,nan,Southampton,yes,True
0,3,male,30.1,0,0,3.2369,S,Third,man,True,C,Southampton,no,True
0,1,female,30.7,0,0,89.5359,S,First,woman,False,nan,Southampton,no,True
0,2,male,,0,2,15.1105,S,Second,man,True,nan,Southampton,no,False
0,3,female,19.4,0,0,3.4294,S,Third,woman,False,B,Southampton,no,True
1,3,female,23.4,0,0,9.0022,Q,Third,woman,False,D,Queenstown,yes,True
0,1,male,8.3,0,1,94.857,S,First,child,False,nan,Southampton,no,False
0,2,male,0.4,0,0,46.2411,S,Second,child,False,nan,Southampton,no,True
0,1,male,13.6,1,0,116.1899,C,First,child,False,nan,Cherbourg,no,False
0,3,male,6.9,0,0,8.0622,S,Third,child,False,nan,Southampton,no,True
0,3,male,34.6,0,0,3.0,C,Third,man,True,F,Cherbourg,no,True
0,1,male,22.2,0,0,114.2368,S,First,man,True,nan,Southampton,no,True
1,2,female,21.9,0,0,26.7124,S,Second,woman,False,nan,Southampton,yes,True
0,2,male,15.4,0,1,36.7504,S,Second,child,False,nan,Southampton,no,False
0,3,male,0.4,0,0,5.3424,S,Third,child,False,E,Southampton,no,True
0,3,male,51.6,0,0,19.5701,S,Third,man,True,nan,Southampton,no,True
0,1,female,15.2,0,3,133.4038,S,First,child,False,nan,Southampton,no,False
0,3,male,23.7,0,2,3.0,S,Third,man,True,D,Southampton,no,False
1,2,female,8.6,0,5,22.6331,S,Second,child,False,nan,Southampton,yes,False
0,2,male,43.8,0,0,43.1798,S,Second,man,True,nan,Southampton,no,True
0,3,male,31.8,3,0,19.5535,S,Third,man,True,D,Southampton,no,False
0,3,male,17.7,0,1,4.2529,S,Third,man,True,nan,Southampton,no,False
0,3,male,24.0,0,0,3.0,Q,Third,man,True,E,Queenstown,no,True
0,3,female,54.0,0,0,12.0014,S,Third,woman,False,nan,Southampton,no,True
0,2,male,28.6,0,0,33.6787,S,Second,man,True,nan,Southampton,no,True
0,3,female,27.1,1,0,50.0321,S,Third,woman,False,nan,Southampton,no,False
0,2,male,16.0,0,0,9.2744,Q,Second,man,True,nan,Queenstown,no,True
0,3,male,2.2,0,1,4.757,S,Third,child,False,nan,Southampton,no,False
0,2,male,27.4,0,0,29.3283,S,Second,man,True,nan,Southampton,no,True
0,3,male,34.4,0,0,8.09,Q,Third,man,True,nan,Queenstown,no,True
0,2,female,,0,0,17.3055,S,Second,woman,False,nan,Southampton,no,True
1,1,female,0.4,0,0,58.8072,S,First,child,False,A,Southampton,yes,True
0,3,male,13.4,0,4,7.9764,Q,Third,child,False,nan,Queenstown,no,False
0,1,male,21.3,0,3,104.4058,S,First,man,True,nan,Southampton,no,False
0,3,male,29.6,0,0,3.8395,C,Third,man,True,nan,Cherbourg,no,True
0,1,male,27.6,2,2,222.4186,S,First,man,True,B,Southampton,no,False
0,1,male,27.9,0,0,96.7275,S,First,man,True,nan,Southampton,no,True
0,1,male,35.6,0,0,321.0671,S,First,man,True,D,Southampton,no,True
0,1,male,16.6,1,0,186.553,S,First,man,True,nan,Southampton,no,False
0,3,male,43.2,2,2,6.3715,S,Third,man,True,nan,Southampton,no,False
0,2,male,36.0,0,0,45.9718,S,Second,man,True,E,Southampton,no,True
0,3,male,25.1,0,0,8.6022,S,Third,man,True,D,Southampton,no,True
0,3,male,52.9,0,0,18.0801,S,Third,man,True,nan,Southampton,no,True
0,2,male,52.3,0,0,52.4255,S,Second,man,True,D,Southampton,no,True
0,3,female,43.2,1,0,7.1531,S,Third,woman,False,nan,Southampton,no,False
0,3,male,0.4,1,0,4.1706,S,Third,child,False,G,Southampton,no,False
0,3,male,52.6,0,1,11.5649,S,Third,man,True,B,Southampton,no,False
0,2,male,41.2,1,0,150.108,S,Second,man,True,C,Southampton,no,False
1,2,male,58.8,0,0,16.5534,Q,Second,man,True,D,Queenstown,yes,True
0,3,female,47.6,2,1,8.5247,S,Third,woman,False,nan,Southampton,no,False
0,3,male,52.6,3,0,36.6088,C,Third,man,True,E,Cherbourg,no,False
0,3,female,42.4,0,1,10.2842,S,Third,woman,False,nan,Southampton,no,False
0,2,female,49.3,0,5,13.3126,S,Second,woman,False,B,Southampton,no,False
0,3,male,58.6,0,3,3.0,Q,Third,man,True,nan,Queenstown,no,False
0,3,male,32.8,2,0,3.0,C,Third,man,True,C,Cherbourg,no,False
0,3,female,6.9,4,0,12.5147,C,Third,child,False,nan,Cherbourg,no,False
0,1,male,25.2,0,0,81.3847,C,First,man,True,B,Cherbourg,no,True
0,3,male,35.4,0,0,3.0,C,Third,man,True,D,Cherbourg,no,True
0,1,male,30.8,0,3,115.6158,C,First,man,True,nan,Cherbourg,no,False
0,2,male,11.6,1,0,18.5411,C,Second,child,False,C,Cherbourg,no,False
1,3,male,6.0,0,0,5.49,S,Third,child,False,nan,Southampton,yes,True
0,1,male,19.0,0,1,82.02,S,First,man,True,D,Southampton,no,False
1,1,female,41.4,0,0,114.6513,S,First,woman,False,C,Southampton,yes,True
0,1,male,52.6,1,0,96.385,S,First,man,True,C,Southampton,no,False
0,3,female,43.0,1,2,9.5991,S,Third,woman,False,nan,Southampton,no,False
0,3,male,45.0,0,0,14.4823,S,Third,man,True,nan,Southampton,no,True
0,2,male,28.5,0,0,26.3717,S,Second,man,True,nan,Southampton,no,True
0,3,male,4.4,0,0,7.221,S,Third,child,False,nan,Southampton,no,True
0,3,male,23.1,2,0,3.2398,S,Third,man,True,nan,Southampton,no,False
0,2,male,25.9,0,0,11.3004,S,Second,man,True,nan,Southampton,no,True
0,3,male,22.5,0,0,11.4375,S,Third,man,True,nan,Southampton,no,True
0,3,female,30.5,0,0,12.0527,S,Third,woman,False,nan,Southampton,no,True
0,3,male,36.1,0,0,11.5314,S,Third,man,True,nan,Southampton,no,True
0,1,male,42.1,0,0,396.1807,S,First,man,True,nan,Southampton,no,True
0,3,female,25.7,0,0,4.0409,S,Third,woman,False,E,Southampton,no,True
1,3,female,2.1,0,0,5.0914,S,Third,child,False,nan,Southampton,yes,True
0,2,male,22.7,0,1,39.5174,S,Second,man,True,C,Southampton,no,False
1,2,male,30.3,0,0,39.9547,Q,Second,man,True,nan,Queenstown,yes,True
0,1,female,47.4,0,0,50.7078,S,First,woman,False,E,Southampton,no,True
0,1,male,21.5,0,1,100.9866,S,First,man,True,nan,Southampton,no,False
0,3,male,37.1,0,0,8.8234,S,Third,man,True,nan,Southampton,no,True
0,1,male,33.9,0,1,232.2151,S,First,man,True,nan,Southampton,no,False
0,2,female,30.3,1,1,21.9521,Q,Second,woman,False,nan,Queenstown,no,False
0,3,male,43.2,0,0,37.6732,S,Third,man,True,nan,Southampton,no,True
1,1,female,20.1,0,0,70.5677,S,First,woman,False,A,Southampton,yes,True
0,3,male,21.4,0,0,3.8507,S,Third,man,True,A,Southampton,no,True
0,1,female,29.5,1,0,87.4758,C,First,woman,False,nan,Cherbourg,no,False
0,2,male,20.4,0,0,44.7845,S,Second,man,True,C,Southampton,no,True
0,2,male,37.1,0,0,43.0978,C,Second,man,True,nan,Cherbourg,no,True
1,1,female,19.4,0,1,64.24,C,First,woman,False,nan,Cherbourg,yes,False
0,1,male,33.0,0,1,53.4055,C,First,man,True,nan,Cherbourg,no,False
0,3,male,28.2,1,0,5.25,S,Third,man,True,nan,Southampton,no,False
0,3,male,32.8,0,0,13.7633,S,Third,man,True,nan,Southampton,no,True
0,1,male,23.0,1,0,110.6364,S,First,man,True,C,Southampton,no,False
0,3,male,24.8,0,1,18.5293,S,Third,man,True,D,Southampton,no,False
0,3,female,31.1,4,0,15.9281,C,Third,woman,False,B,Cherbourg,no,False
0,3,male,32.6,0,0,13.5076,C,Third,man,True,nan,Cherbourg,no,True
0,2,male,29.6,1,0,69.2168,S,Second,man,True,nan,Southampton,no,False
0,2,male,54.4,0,0,67.4263,S,Second,man,True,nan,Southampton,no,True
0,2,male,15.3,0,3,55.9685,Q,Second,child,False,nan,Queenstown,no,False
0,3,female,28.8,0,0,12.6649,S,Third,woman,False,nan,Southampton,no,True
1,3,male,6.9,1,2,17.8934,C,Third,child,False,nan,Cherbourg,yes,False
0,1,male,35.1,0,0,118.8504,S,First,man,True,D,Southampton,no,True
0,2,female,13.5,0,1,38.0475,S,Second,child,False,nan,Southampton,no,False
0,3,male,25.7,0,0,12.7681,S,Third,man,True,E,Southampton,no,True
1,3,female,24.3,2,0,4.4559,S,Third,woman,False,nan,Southampton,yes,False
1,3,female,33.8,0,0,26.8548,S,Third,woman,False,nan,Southampton,yes,True
1,3,female,21.7,0,0,9.7796,S,Third,woman,False,nan,Southampton,yes,True
0,2,male,21.1,2,0,16.3312,C,Second,man,True,nan,Cherbourg,no,False
0,3,female,50.5,1,0,17.4068,C,Third,woman,False,E,Cherbourg,no,False
1,3,female,33.8,0,2,7.9263,Q,Third,woman,False,nan,Queenstown,yes,False
0,1,male,21.6,1,0,110.7265,S,First,man,True,nan,Southampton,no,False
0,3,male,,0,0,11.7768,S,Third,man,True,nan,Southampton,no,True
0,3,male,53.6,0,2,3.7107,S,Third,man,True,nan,Southampton,no,False
0,1,male,26.3,1,0,104.3658,S,First,man,True,F,Southampton,no,False
0,3,male,19.7,1,0,6.2163,C,Third,man,True,D,Cherbourg,no,False
0,3,male,19.8,0,1,8.5805,S,Third,man,True,nan,Southampton,no,False
0,3,male,21.7,0,4,8.9734,S,Third,man,True,nan,Southampton,no,False
0,1,male,21.1,0,0,75.5456,S,First,man,True,nan,Southampton,no,True
0,2,male,11.1,1,1,30.3782,S,Second,child,False,B,Southampton,no,False
1,3,male,13.4,2,0,6.4363,S,Third,child,False,nan,Southampton,yes,False
0,2,female,17.7,0,0,14.5533,S,Second,woman,False,A,Southampton,no,True
0,3,male,,1,0,20.2741,S,Third,man,True,nan,Southampton,no,False
0,3,male,,0,0,4.8102,S,Third,man,True,nan,Southampton,no,True
0,1,male,26.7,0,0,165.0624,S,First,man,True,nan,Southampton,no,True
0,3,male,48.1,0,0,6.3992,S,Third,man,True,nan,Southampton,no,True
0,3,female,48.5,0,0,5.0998,Q,Third,woman,False,nan,Queenstown,no,True
0,2,female,25.6,0,0,55.7243,Q,Second,woman,False,nan,Queenstown,no,True
0,3,male,20.6,2,0,4.1921,S,Third,man,True,nan,Southampton,no,False
0,3,female,17.2,0,1,31.2398,C,Third,woman,False,nan,Cherbourg,no,False
0,3,male,39.7,0,0,6.3376,C,Third,man,True,nan,Cherbourg,no,True
0,3,male,26.7,1,1,25.3262,C,Third,man,True,nan,Cherbourg,no,False
0,3,male,24.1,0,2,7.927,S,Third,man,True,D,Southampton,no,False
0,3,female,17.9,0,0,8.4846,S,Third,woman,False,nan,Southampton,no,True
0,3,male,18.5,0,1,9.1711,S,Third,man,True,nan,Southampton,no,False
0,3,female,34.3,1,0,7.8308,S,Third,woman,False,nan,Southampton,no,False
1,3,female,10.6,0,2,8.8945,S,Third,child,False,nan,Southampton,yes,False
0,2,male,44.1,0,0,94.124,C,Second,man,True,nan,Cherbourg,no,True
0,3,male,22.0,0,0,3.0,C,Third,man,True,nan,Cherbourg,no,True
0,1,female,27.5,2,0,53.7022,S,First,woman,False,nan,Southampton,no,False
0,2,male,10.3,0,0,46.1413,S,Second,child,False,G,Southampton,no,True
0,2,male,29.5,0,0,22.0901,S,Second,man,True,D,Southampton,no,True
0,3,male,24.9,0,0,14.9171,S,Third,man,True,nan,Southampton,no,True
0,3,male,29.0,0,0,15.572,S,Third,man,True,nan,Southampton,no,True
0,3,male,51.0,0,0,7.8089,S,Third,man,True,nan,Southampton,no,True
0,3,male,32.3,2,0,12.6412,S,Third,man,True,B,Southampton,no,False
0,3,male,18.2,0,1,5.3135,S,Third,man,True,nan,Southampton,no,False
0,3,male,,1,0,4.4842,Q,Third,man,True,nan,Queenstown,no,False
1,3,female,38.3,1,1,12.552,S,Third,woman,False,nan,Southampton,yes,False
1,2,female,48.5,0,2,39.1804,S,Second,woman,False,nan,Southampton,yes,False
0,1,male,33.8,0,0,82.1498,C,First,man,True,nan,Cherbourg,no,True
0,3,male,39.7,2,1,9.5549,S,Third,man,True,nan,Southampton,no,False
0,3,female,38.5,1,0,7.1794,S,Third,woman,False,nan,Southampton,no,False
0,2,male,50.3,0,1,15.9515,S,Second,man,True,D,Southampton,no,False
1,1,male,1.4,0,0,182.2691,S,First,child,False,F,Southampton,yes,True
0,3,female,39.4,0,2,4.5989,S,Third,woman,False,nan,Southampton,no,False
0,1,female,44.0,0,0,287.2983,C,First,woman,False,B,Cherbourg,no,True
0,3,female,10.3,0,0,17.5724,S,Third,child,False,nan,Southampton,no,True
0,3,female,16.9,2,0,19.5312,S,Third,woman,False,nan,Southampton,no,False
0,2,male,17.4,0,0,35.325,S,Second,man,True,nan,Southampton,no,True
0,1,male,19.1,1,0,105.0185,Q,First,man,True,E,Queenstown,no,False
1,3,female,22.7,0,0,3.8032,C,Third,woman,False,nan,Cherbourg,yes,True
0,3,male,33.2,0,2,3.0,S,Third,man,True,B,Southampton,no,False
0,3,male,42.3,1,0,24.1815,S,Third,man,True,D,Southampton,no,False
0,3,female,45.4,0,0,3.0,C,Third,woman,False,nan,Cherbourg,no,True
0,1,female,17.6,0,0,60.2404,S,First,woman,False,nan,Southampton,no,True
0,3,male,17.5,0,0,4.5694,S,Third,man,True,nan,Southampton,no,True
0,3,female,48.8,0,1,9.3416,S,Third,woman,False,nan,Southampton,no,False
0,3,female,39.1,0,0,8.6059,S,Third,woman,False,B,Southampton,no,True
1,1,female,30.9,2,0,39.5185,S,First,woman,False,nan,Southampton,yes,False
0,3,male,36.6,1,0,5.1323,S,Third,man,True,nan,Southampton,no,False
0,3,male,29.3,0,0,10.7161,S,Third,man,True,nan,Southampton,no,True
0,2,male,37.3,1,1,19.2741,S,Second,man,True,nan,Southampton,no,False
0,1,male,24.8,0,0,134.2654,Q,First,man,True,nan,Queenstown,no,True
0,3,male,33.6,0,4,8.5831,C,Third,man,True,nan,Cherbourg,no,False
0,1,male,7.8,0,0,136.7836,S,First,child,False,nan,Southampton,no,True
0,2,male,19.7,0,1,25.3362,S,Second,man,True,C,Southampton,no,False
0,2,female,19.9,0,3,6.1177,S,Second,woman,False,nan,Southampton,no,False
0,3,male,24.3,0,0,12.8411,S,Third,man,True,nan,Southampton,no,True
0,3,female,16.3,0,1,4.3554,S,Third,woman,False,nan,Southampton,no,False
0,3,female,22.0,0,0,7.8003,S,Third,woman,False,nan,Southampton,no,True
0,2,male,7.7,2,0,32.647,S,Second,child,False,F,Southampton,no,False
0,3,female,37.7,4,0,3.0,S,Third,woman,False,nan,Southampton,no,False
0,3,male,28.5,1,0,7.4884,S,Third,man,True,nan,Southampton,no,False
0,3,male,5.0,0,0,3.0,Q,Third,child,False,nan,Queenstown,no,True
0,3,female,17.6,1,0,6.259,S,Third,woman,False,B,Southampton,no,False
0,1,male,34.6,1,2,128.6661,S,First,man,True,nan,Southampton,no,False
1,3,female,21.8,1,2,12.2744,S,Third,woman,False,nan,Southampton,yes,False
0,1,male,19.6,0,0,62.6656,C,First,man,True,nan,Cherbourg,no,True
0,3,female,28.6,0,0,21.3252,S,Third,woman,False,A,Southampton,no,True
0,2,male,34.7,0,1,7.7993,S,Second,man,True,nan,Southampton,no,False
0,2,male,8.9,0,1,21.4923,S,Second,child,False,nan,Southampton,no,False
0,2,male,,0,0,24.8152,Q,Second,man,True,D,Queenstown,no,True
0,3,female,18.1,1,0,7.2846,S,Third,woman,False,nan,Southampton,no,False
1,2,female,29.4,1,1,35.7623,Q,Second,woman,False,nan,Queenstown,yes,False
0,3,male,29.2,0,1,13.2175,C,Third,man,True,nan,Cherbourg,no,False
0,2,male,22.1,0,0,43.0879,S,Second,man,True,nan,Southampton,no,True
0,1,male,14.9,0,3,172.0219,S,First,child,False,nan,Southampton,no,False
1,3,female,,0,0,6.7516,S,Third,woman,False,nan,Southampton,yes,True
0,2,male,53.3,0,5,46.5978,S,Second,man,True,D,Southampton,no,False
1,2,female,10.0,1,0,47.5236,Q,Second,child,False,C,Queenstown,yes,False
0,3,female,54.2,0,0,9.3271,S,Third,woman,False,nan,Southampton,no,True
0,2,male,25.9,1,0,41.2964,C,Second,man,True,nan,Cherbourg,no,False
0,1,male,30.2,1,2,242.7661,S,First,man,True,nan,Southampton,no,False
1,2,male,13.9,1,0,35.4745,S,Second,child,False,B,Southampton,yes,False
1,3,female,18.5,0,1,5.9699,C,Third,woman,False,nan,Cherbourg,yes,False
0,3,male,22.4,0,0,8.5298,C,Third,man,True,C,Cherbourg,no,True
0,3,male,14.5,0,1,13.5993,S,Third,child,False,nan,Southampton,no,False
1,3,female,26.7,0,0,3.0,Q,Third,woman,False,E,Queenstown,yes,True
0,1,male,23.8,0,0,60.3662,S,First,man,True,G,Southampton,no,True
0,2,male,56.5,1,0,21.8633,S,Second,man,True,nan,Southampton,no,False
0,3,male,12.8,2,0,3.0,S,Third,child,False,nan,Southampton,no,False
0,1,male,31.2,1,0,118.7093,S,First,man,True,nan,Southampton,no,False
0,2,female,33.3,0,0,19.9802,S,Second,woman,False,nan,Southampton,no,True
1,2,male,14.2,0,0,42.5018,S,Second,child,False,nan,Southampton,yes,True
0,2,male,39.7,0,0,41.2854,S,Second,man,True,D,Southampton,no,True
1,3,female,,0,0,9.9196,S,Third,woman,False,nan,Southampton,yes,True
1,1,male,0.4,1,0,118.7774,S,First,child,False,nan,Southampton,yes,False
0,3,female,39.3,0,0,11.4526,S,Third,woman,False,nan,Southampton,no,True
0,1,female,13.5,0,0,100.8962,C,First,child,False,A,Cherbourg,no,True
0,3,male,14.5,1,0,10.6247,S,Third,child,False,nan,Southampton,no,False
0,1,male,39.7,0,0,137.1162,S,First,man,True,nan,Southampton,no,True
0,2,female,24.7,3,0,37.422,S,Second,woman,False,nan,Southampton,no,False
0,3,male,43.0,0,0,3.2892,Q,Third,man,True,nan,Queenstown,no,True
0,3,male,47.2,1,1,5.7025,S,Third,man,True,nan,Southampton,no,False
0,2,female,20.3,0,2,9.9189,S,Second,woman,False,B,Southampton,no,False
0,2,male,41.2,0,0,29.8057,S,Second,man,True,nan,Southampton,no,True
1,2,female,18.7,0,0,55.3023,S,Second,woman,False,nan,Southampton,yes,True
0,2,male,62.1,1,0,55.4008,S,Second,man,True,nan,Southampton,no,False
0,1,male,19.7,1,1,25.4482,S,First,man,True,E,Southampton,no,False
0,3,male,44.6,0,0,11.3134,S,Third,man,True,nan,Southampton,no,True
0,2,female,41.9,2,1,33.9724,S,Second,woman,False,nan,Southampton,no,False
0,2,female,34.3,1,0,19.4955,S,Second,woman,False,nan,Southampton,no,False
0,3,female,20.0,0,0,10.5203,S,Third,woman,False,nan,Southampton,no,True
0,3,male,27.5,0,0,5.3204,Q,Third,man,True,nan,Queenstown,no,True
0,3,male,0.4,0,0,22.344,Q,Third,child,False,nan,Queenstown,no,True
0,1,male,33.0,0,0,176.8856,S,First,man,True,nan,Southampton,no,True
0,1,male,34.8,0,0,112.217,S,First,man,True,nan,Southampton,no,True
0,3,male,31.6,0,1,15.0927,C,Third,man,True,nan,Cherbourg,no,False
0,2,male,0.4,0,2,20.9695,S,Second,child,False,nan,Southampton,no,False
0,1,male,11.3,0,0,188.9707,Q,First,child,False,nan,Queenstown,no,True
0,3,female,18.9,0,0,15.7228,Q,Third,woman,False,nan,Queenstown,no,True
0,3,male,33.9,2,2,11.7822,S,Third,man,True,nan,Southampton,no,False
0,3,female,33.9,0,0,9.2861,C,Third,woman,False,nan,Cherbourg,no,True
0,2,male,27.2,1,0,18.5037,S,Second,man,True,nan,Southampton,no,False
0,1,male,38.9,0,0,158.6665,S,First,man,True,nan,Southampton,no,True
1,3,male,14.8,0,0,7.6406,S,Third,child,False,G,Southampton,yes,True
0,2,male,38.5,1,2,54.5872,S,Second,man,True,nan,Southampton,no,False
0,3,male,36.6,0,0,4.4059,C,Third,man,True,nan,Cherbourg,no,True
0,3,male,35.2,0,0,15.3624,C,Third,man,True,E,Cherbourg,no,True
0,3,male,27.1,0,0,6.2923,S,Third,man,True,nan,Southampton,no,True
0,2,female,56.2,0,0,27.5248,C,Second,woman,False,E,Cherbourg,no,True
0,2,female,36.9,0,1,78.0264,S,Second,woman,False,E,Southampton,no,False
0,3,female,15.7,0,0,10.0622,C,Third,child,False,C,Cherbourg,no,True
0,3,male,33.3,0,0,6.2559,C,Third,man,True,nan,Cherbourg,no,True
0,3,male,40.6,1,4,12.3232,S,Third,man,True,nan,Southampton,no,False
0,1,male,21.2,1,0,88.2385,S,First,man,True,C,Southampton,no,False
0,1,male,45.5,0,0,142.3821,S,First,man,True,nan,Southampton,no,True
0,3,male,35.2,0,0,9.1511,Q,Third,man,True,nan,Queenstown,no,True
1,3,male,0.4,0,0,13.5899,S,Third,child,False,D,Southampton,yes,True
0,3,male,34.0,1,0,3.0,S,Third,man,True,nan,Southampton,no,False
0,1,male,23.8,0,0,148.1484,S,First,man,True,C,Southampton,no,True
0,3,male,37.5,0,0,9.8366,S,Third,man,True,nan,Southampton,no,True
0,3,female,43.4,0,0,3.4169,S,Third,woman,False,nan,Southampton,no,True
0,3,female,32.5,1,0,10.0327,S,Third,woman,False,nan,Southampton,no,False
0,2,female,53.8,0,0,49.2094,C,Second,woman,False,C,Cherbourg,no,True
0,1,female,27.1,0,0,107.7704,S,First,woman,False,nan,Southampton,no,True
0,3,male,38.8,1,2,18.4762,S,Third,man,True,nan,Southampton,no,False
0,2,female,,0,1,25.5739,Q,Second,woman,False,nan,Queenstown,no,False
0,3,female,28.3,1,0,29.4815,S,Third,woman,False,C,Southampton,no,False
0,3,male,41.0,0,2,24.0302,C,Third,man,True,nan,Cherbourg,no,False
0,2,male,21.1,1,0,35.3865,S,Second,man,True,nan,Southampton,no,False
0,3,female,23.6,0,0,7.7805,C,Third,woman,False,nan,Cherbourg,no,True
0,1,male,10.7,0,1,51.6648,S,First,child,False,D,Southampton,no,False
0,3,female,33.2,0,0,13.0657,S,Third,woman,False,nan,Southampton,no,True
0,3,male,34.4,0,0,7.2028,S,Third,man,True,nan,Southampton,no,True
0,1,male,46.8,0,0,36.3265,S,First,man,True,nan,Southampton,no,True
0,1,male,41.2,0,0,79.4055,C,First,man,True,E,Cherbourg,no,True
0,2,male,25.6,0,0,48.14,C,Second,man,True,nan,Cherbourg,no,True
1,1,female,12.6,0,0,73.9616,S,First,child,False,nan,Southampton,yes,True
0,3,female,36.0,1,0,9.6902,S,Third,woman,False,C,Southampton,no,False
0,3,male,45.8,0,0,12.8448,C,Third,man,True,nan,Cherbourg,no,True
0,2,male,40.7,2,0,6.311,S,Second,man,True,nan,Southampton,no,False
0,2,female,45.4,0,0,22.8015,Q,Second,woman,False,nan,Queenstown,no,True
0,2,male,26.6,0,0,28.573,C,Second,man,True,nan,Cherbourg,no,True
0,3,male,22.9,0,0,3.0,S,Third,man,True,B,Southampton,no,True
0,1,male,19.0,0,1,41.0479,S,First,man,True,nan,Southampton,no,False
0,3,female,28.9,1,0,6.6711,C,Third,woman,False,nan,Cherbourg,no,False
1,3,female,28.6,2,1,8.0216,C,Third,woman,False,nan,Cherbourg,yes,False
0,3,male,32.7,0,2,7.3506,S,Third,man,True,C,Southampton,no,False
0,2,male,27.8,0,3,15.8365,C,Second,man,True,nan,Cherbourg,no,False
0,3,female,27.8,1,0,23.6389,S,Third,woman,False,G,Southampton,no,False
1,1,female,18.4,1,0,248.2668,S,First,woman,False,E,Southampton,yes,False
0,1,male,43.4,2,0,68.8191,Q,First,man,True,F,Queenstown,no,False
0,3,male,30.8,0,0,11.5689,S,Third,man,True,nan,Southampton,no,True
0,3,female,27.2,1,0,7.2734,S,Third,woman,False,nan,Southampton,no,False
0,1,male,18.9,0,0,151.2941,C,First,man,True,nan,Cherbourg,no,True
1,2,male,10.4,0,0,41.8867,S,Second,child,False,C,Southampton,yes,True
0,1,male,48.7,0,0,43.1449,Q,First,man,True,nan,Queenstown,no,True
0,2,male,37.7,0,0,29.223,S,Second,man,True,C,Southampton,no,True
0,2,male,6.2,0,3,36.6764,S,Second,child,False,E,Southampton,no,False
0,1,male,40.8,0,5,120.1437,Q,First,man,True,D,Queenstown,no,False
0,3,female,43.1,0,0,14.0228,S,Third,woman,False,nan,Southampton,no,True
0,3,male,31.5,0,0,18.3975,S,Third,man,True,nan,Southampton,no,True
0,3,male,52.9,0,2,23.3896,C,Third,man,True,nan,Cherbourg,no,False
0,3,male,32.8,0,0,4.6734,S,Third,man,True,F,Southampton,no,True
1,1,female,9.2,0,0,167.5245,S,First,child,False,E,Southampton,yes,True
0,3,female,35.0,1,0,6.7123,S,Third,woman,False,nan,Southampton,no,False
0,3,male,33.3,0,0,19.0721,S,Third,man,True,C,Southampton,no,True
1,3,female,21.0,0,0,15.988,S,Third,woman,False,nan,Southampton,yes,True
0,3,male,38.0,2,1,11.3754,S,Third,man,True,nan,Southampton,no,False
1,3,female,5.5,0,0,11.4047,C,Third,child,False,nan,Cherbourg,yes,True
0,3,male,44.1,1,2,14.7827,S,Third,man,True,nan,Southampton,no,False
0,1,female,17.0,0,0,101.2466,S,First,woman,False,B,Southampton,no,True
0,3,male,15.4,2,0,9.3999,S,Third,child,False,E,Southampton,no,False
0,3,male,28.0,0,0,4.0017,S,Third,man,True,nan,Southampton,no,True
0,3,female,36.0,1,0,3.0,C,Third,woman,False,nan,Cherbourg,no,False
0,3,male,32.1,0,0,11.4998,C,Third,man,True,G,Cherbourg,no,True
0,1,male,18.9,2,1,131.7271,C,First,man,True,D,Cherbourg,no,False
0,2,male,22.4,0,0,63.4177,S,Second,man,True,nan,Southampton,no,True
0,3,female,13.3,0,0,16.8698,S,Third,child,False,nan,Southampton,no,True
0,3,male,26.4,0,0,3.0,S,Third,man,True,nan,Southampton,no,True
0,3,male,45.3,2,1,3.3313,S,Third,man,True,D,Southampton,no,False
1,2,female,29.6,0,0,63.3749,S,Second,woman,False,nan,Southampton,yes,True
0,2,male,42.2,0,0,29.5714,S,Second,man,True,nan,Southampton,no,True
0,3,male,50.8,0,0,6.7199,S,Third,man,True,nan,Southampton,no,True
0,3,female,21.2,0,0,9.2869,S,Third,woman,False,nan,Southampton,no,True
0,3,male,27.0,0,0,3.8584,S,Third,man,True,nan,Southampton,no,True
0,3,male,61.2,0,3,3.0,C,Third,man,True,C,Cherbourg,no,False
0,3,male,50.6,4,0,16.9615,S,Third,man,True,E,Southampton,no,False
1,2,female,5.5,0,0,36.7603,C,Second,child,False,nan,Cherbourg,yes,True
0,3,male,35.3,2,1,12.9997,C,Third,man,True,nan,Cherbourg,no,False
0,2,female,29.7,0,1,25.7221,S,Second,woman,False,D,Southampton,no,False
0,2,female,41.7,1,0,21.2962,C,Second,woman,False,nan,Cherbourg,no,False
1,3,male,18.9,0,0,14.5085,S,Third,man,True,nan,Southampton,yes,True
0,3,female,17.5,0,4,5.5287,S,Third,woman,False,B,Southampton,no,False
0,1,male,19.9,0,0,54.8331,S,First,man,True,nan,Southampton,no,True
0,3,male,21.4,0,2,13.2853,S,Third,man,True,nan,Southampton,no,False
1,2,female,41.5,3,0,31.5358,S,Second,woman,False,nan,Southampton,yes,False
1,2,female,12.6,0,0,21.0316,S,Second,child,False,nan,Southampton,yes,True
0,1,male,20.7,1,0,121.6146,C,First,man,True,nan,Cherbourg,no,False
1,2,male,3.8,0,1,46.0904,C,Second,child,False,C,Cherbourg,yes,False
0,3,male,,0,5,14.3831,Q,Third,man,True,nan,Queenstown,no,False
0,1,male,48.1,0,0,106.7956,S,First,man,True,nan,Southampton,no,True
0,3,male,25.0,0,0,7.9124,C,Third,man,True,nan,Cherbourg,no,True
0,3,male,25.4,0,0,3.0,S,Third,man,True,G,Southampton,no,True
1,1,female,36.3,1,1,58.6153,C,First,woman,False,nan,Cherbourg,yes,False
0,3,male,51.1,2,0,20.9552,S,Third,man,True,nan,Southampton,no,False
0,2,male,35.6,0,1,51.0668,S,Second,man,True,nan,Southampton,no,False
0,3,female,19.6,2,0,15.9461,C,Third,woman,False,nan,Cherbourg,no,False
1,2,female,6.2,0,0,68.4455,S,Second,child,False,nan,Southampton,yes,True
0,1,male,,0,0,111.5612,S,First,man,True,nan,Southampton,no,True
0,1,male,30.8,0,0,137.8876,S,First,man,True,nan,Southampton,no,True
0,1,male,20.2,0,0,231.7619,S,First,man,True,G,Southampton,no,True
0,1,male,32.5,0,2,61.799,S,First,man,True,C,Southampton,no,False
0,3,male,21.7,0,0,9.7257,S,Third,man,True,E,Southampton,no,True
0,3,female,14.4,0,0,16.2604,S,Third,child,False,nan,Southampton,no,True
0,3,male,,0,1,3.0,S,Third,man,True,nan,Southampton,no,False
0,3,male,52.4,0,1,4.4067,S,Third,man,True,C,Southampton,no,False
1,1,male,42.6,0,0,199.378,S,First,man,True,nan,Southampton,yes,True
0,2,male,54.8,0,0,37.5482,S,Second,man,True,nan,Southampton,no,True
0,2,male,37.5,0,0,85.1682,C,Second,man,True,nan,Cherbourg,no,True
1,2,female,23.5,1,0,43.6372,S,Second,woman,False,D,Southampton,yes,False
0,3,male,48.9,0,0,11.6655,Q,Third,man,True,nan,Queenstown,no,True
0,3,male,29.2,0,0,7.3035,S,Third,man,True,D,Southampton,no,True
0,2,male,32.9,1,0,30.5816,S,Second,man,True,nan,Southampton,no,False
1,2,female,29.1,0,1,12.8184,S,Second,woman,False,D,Southampton,yes,False
0,3,male,0.4,1,1,44.1774,C,Third,child,False,C,Cherbourg,no,False
1,3,male,53.0,0,4,10.0882,S,Third,man,True,nan,Southampton,yes,False
0,2,female,36.8,0,1,34.5082,S,Second,woman,False,C,Southampton,no,False
0,3,male,34.5,0,0,19.9241,S,Third,man,True,nan,Southampton,no,True
0,3,male,28.8,0,0,6.3857,S,Third,man,True,nan,Southampton,no,True
0,2,male,32.1,1,0,39.0512,S,Second,man,True,nan,Southampton,no,False
0,2,male,21.0,0,0,16.9411,S,Second,man,True,nan,Southampton,no,True
0,3,male,38.6,4,0,4.4039,S,Third,man,True,D,Southampton,no,False
1,3,female,10.7,0,0,42.0517,S,Third,child,False,nan,Southampton,yes,True
0,3,male,,2,1,12.2115,Q,Third,man,True,D,Queenstown,no,False
0,1,male,37.8,0,0,238.2595,C,First,man,True,E,Cherbourg,no,True
0,2,male,26.8,0,2,33.1949,S,Second,man,True,nan,Southampton,no,False
0,3,male,35.1,0,0,3.6799,C,Third,man,True,nan,Cherbourg,no,True
0,3,male,15.3,0,0,15.7188,S,Third,child,False,nan,Southampton,no,True
0,1,female,15.7,1,0,100.5294,S,First,child,False,nan,Southampton,no,False
0,3,male,33.1,0,0,15.3588,C,Third,man,True,nan,Cherbourg,no,True
0,3,female,39.5,1,0,3.0,S,Third,woman,False,nan,Southampton,no,False
0,3,male,2.5,0,0,20.2041,S,Third,child,False,nan,Southampton,no,True
0,3,male,37.3,0,0,5.9961,S,Third,man,True,nan,Southampton,no,True
0,3,male,21.8,0,1,13.6049,S,Third,man,True,G,Southampton,no,False
0,2,male,26.9,1,0,18.065,S,Second,man,True,C,Southampton,no,False
0,3,male,10.3,0,0,3.0,Q,Third,child,False,D,Queenstown,no,True
0,1,male,17.4,2,1,169.9953,S,First,man,True,nan,Southampton,no,False
0,3,female,43.7,2,0,10.9071,C,Third,woman,False,nan,Cherbourg,no,False
0,1,male,30.2,1,0,74.7986,S,First,man,True,D,Southampton,no,False
0,3,male,24.1,0,0,16.9764,S,Third,man,True,nan,Southampton,no,True
0,1,male,28.0,0,0,84.9072,S,First,man,True,nan,Southampton,no,True
0,1,male,36.8,0,0,91.3065,S,First,man,True,B,Southampton,no,True
0,1,male,36.1,2,0,198.4233,C,First,man,True,nan,Cherbourg,no,False
0,1,male,28.6,2,0,75.6948,S,First,man,True,nan,Southampton,no,False
0,3,male,45.5,0,0,3.7915,S,Third,man,True,nan,Southampton,no,True
0,3,female,43.8,0,1,3.0,Q,Third,woman,False,nan,Queenstown,no,False
0,3,female,35.7,1,0,17.1417,S,Third,woman,False,nan,Southampton,no,False
0,1,male,30.5,0,2,85.6507,S,First,man,True,nan,Southampton,no,False
0,1,male,39.2,0,0,166.4994,C,First,man,True,nan,Cherbourg,no,True
0,1,female,34.3,3,1,85.8511,C,First,woman,False,C,Cherbourg,no,False
0,1,male,45.1,1,1,73.8407,S,First,man,True,D,Southampton,no,False
0,3,male,42.7,2,0,17.6204,C,Third,man,True,nan,Cherbourg,no,False
0,2,male,14.9,0,3,37.4425,S,Second,child,False,C,Southampton,no,False
0,2,male,14.0,0,0,26.2743,S,Second,child,False,C,Southampton,no,True
0,1,male,19.5,0,0,68.6166,C,First,man,True,nan,Cherbourg,no,True
0,1,male,43.9,0,0,91.3702,S,First,man,True,F,Southampton,no,True
0,3,male,6.8,0,5,4.8315,S,Third,child,False,nan,Southampton,no,False
0,3,male,35.4,1,2,11.1305,S,Third,man,True,E,Southampton,no,False
1,2,female,35.0,1,0,18.4304,S,Second,woman,False,nan,Southampton,yes,False
0,1,male,46.6,0,0,133.6096,Q,First,man,True,nan,Queenstown,no,True
0,2,male,32.3,0,0,16.7967,S,Second,man,True,nan,Southampton,no,True
0,1,male,10.2,0,0,47.5386,Q,First,child,False,nan,Queenstown,no,True
1,1,female,15.8,0,0,135.0149,S,First,child,False,nan,Southampton,yes,True
0,3,female,12.6,0,0,4.2052,Q,Third,child,False,nan,Queenstown,no,True
0,3,male,21.9,0,0,17.0317,S,Third,man,True,D,Southampton,no,True
0,3,male,27.0,0,2,23.491,C,Third,man,True,nan,Cherbourg,no,False
1,2,female,12.8,1,0,50.6833,C,Second,child,False,nan,Cherbourg,yes,False
1,2,female,,0,1,35.6441,Q,Second,woman,False,nan,Queenstown,yes,False
0,3,male,10.5,0,0,7.297,S,Third,child,False,nan,Southampton,no,True
0,3,male,49.2,1,3,39.8091,S,Third,man,True,nan,Southampton,no,False
0,3,male,46.9,0,0,6.3382,S,Third,man,True,F,Southampton,no,True
1,1,female,42.7,2,0,88.0977,S,First,woman,False,C,Southampton,yes,False
0,3,male,19.6,0,1,14.0238,S,Third,man,True,E,Southampton,no,False
1,2,male,34.7,1,1,6.6194,C,Second,man,True,nan,Cherbourg,yes,False
0,3,female,11.2,0,0,3.0,S,Third,child,False,nan,Southampton,no,True
0,3,female,42.9,0,0,6.6988,S,Third,woman,False,A,Southampton,no,True
0,3,female,28.6,0,0,7.9574,S,Third,woman,False,nan,Southampton,no,True
1,1,female,23.8,3,0,63.8815,C,First,woman,False,B,Cherbourg,yes,False
0,3,male,12.0,0,0,6.9238,C,Third,child,False,C,Cherbourg,no,True
0,1,male,0.4,0,0,34.0008,S,First,child,False,nan,Southampton,no,True
0,2,male,14.6,0,0,59.3932,C,Second,child,False,nan,Cherbourg,no,True
0,1,female,45.8,0,0,76.1278,S,First,woman,False,E,Southampton,no,True
0,3,male,,0,0,3.0,S,Third,man,True,nan,Southampton,no,True
1,1,female,27.2,3,1,147.8906,S,First,woman,False,B,Southampton,yes,False
0,2,male,39.2,2,0,17.0107,S,Second,man,True,nan,Southampton,no,False
0,3,female,,0,0,5.6136,C,Third,woman,False,nan,Cherbourg,no,True
0,1,male,48.9,0,0,84.3857,S,First,man,True,nan,Southampton,no,True
0,3,male,15.6,0,0,11.6978,S,Third,child,False,nan,Southampton,no,True
1,2,female,1.5,0,0,48.4615,C,Second,child,False,D,Cherbourg,yes,True
0,1,male,63.9,0,0,154.2289,S,First,man,True,nan,Southampton,no,True
0,3,female,62.6,1,1,18.5631,S,Third,woman,False,nan,Southampton,no,False
0,1,male,32.4,0,4,120.7954,S,First,man,True,C,Southampton,no,False
0,3,female,,0,1,14.9793,C,Third,woman,False,B,Cherbourg,no,False
0,3,male,43.7,1,0,8.8863,S,Third,man,True,A,Southampton,no,False
0,3,male,28.1,0,0,42.475,Q,Third,man,True,nan,Queenstown,no,True
0,3,female,28.1,0,2,13.4991,S,Third,woman,False,E,Southampton,no,False
0,2,male,42.7,1,0,23.2858,C,Second,man,True,D,Cherbourg,no,False
0,1,male,,0,0,82.2042,C,First,man,True,nan,Cherbourg,no,True
0,3,male,12.5,1,0,26.3375,S,Third,child,False,nan,Southampton,no,False
0,3,male,25.0,0,0,16.7812,S,Third,man,True,nan,Southampton,no,True
0,3,male,39.3,0,0,12.278,Q,Third,man,True,D,Queenstown,no,True
0,3,female,37.1,0,0,16.735,Q,Third,woman,False,F,Queenstown,no,True
0,3,male,33.5,0,0,14.2252,Q,Third,man,True,C,Queenstown,no,True
0,3,male,43.2,0,1,15.5407,S,Third,man,True,nan,Southampton,no,False
0,2,male,24.5,1,0,58.0424,S,Second,man,True,nan,Southampton,no,False
0,3,male,32.3,1,0,9.0759,S,Third,man,True,nan,Southampton,no,False
0,3,male,0.4,0,0,16.2631,S,Third,child,False,nan,Southampton,no,True
1,1,female,23.2,1,1,132.5401,S,First,woman,False,nan,Southampton,yes,False
0,3,female,40.8,1,0,10.3403,C,Third,woman,False,nan,Cherbourg,no,False
0,3,male,24.0,1,0,9.2207,S,Third,man,True,nan,Southampton,no,False
0,3,male,22.9,0,1,5.8623,C,Third,man,True,nan,Cherbourg,no,False
1,1,female,14.6,0,0,41.2855,C,First,child,False,D,Cherbourg,yes,True
0,2,male,44.2,0,0,14.4773,S,Second,man,True,nan,Southampton,no,True
0,3,male,37.7,1,0,3.0,Q,Third,man,True,nan,Queenstown,no,False
0,3,male,41.7,0,3,20.6605,S,Third,man,True,nan,Southampton,no,False
1,1,male,4.7,1,0,174.0973,S,First,child,False,nan,Southampton,yes,False
0,1,female,27.4,0,0,104.4471,S,First,woman,False,nan,Southampton,no,True
0,3,female,25.6,0,0,6.7341,S,Third,woman,False,nan,Southampton,no,True
0,2,male,25.6,0,0,52.668,S,Second,man,True,nan,Southampton,no,True
0,3,male,20.8,0,0,3.0,C,Third,man,True,D,Cherbourg,no,True
1,3,female,24.7,0,0,19.8094,C,Third,woman,False,nan,Cherbourg,yes,True
0,1,female,42.0,1,1,119.4826,Q,First,woman,False,nan,Queenstown,no,False
0,3,male,2.0,0,2,12.9266,C,Third,child,False,nan,Cherbourg,no,False
0,1,male,55.5,0,1,38.3679,S,First,man,True,E,Southampton,no,False
0,2,male,36.7,0,0,46.527,S,Second,man,True,nan,Southampton,no,True
1,3,female,29.1,0,0,13.0577,S,Third,woman,False,nan,Southampton,yes,True
1,2,female,42.8,0,0,9.9773,S,Second,woman,False,nan,Southampton,yes,True
0,3,male,8.6,1,0,19.3719,Q,Third,child,False,D,Queenstown,no,False
1,3,female,20.1,1,0,6.6185,S,Third,woman,False,D,Southampton,yes,False
0,2,male,,1,0,35.3848,S,Second,man,True,nan,Southampton,no,False
0,1,male,49.5,0,1,114.0821,S,First,man,True,nan,Southampton,no,False
0,2,male,29.0,0,0,29.7283,S,Second,man,True,nan,Southampton,no,True
0,2,male,36.2,1,0,32.8285,S,Second,man,True,nan,Southampton,no,False
0,1,male,21.2,0,0,184.734,S,First,man,True,nan,Southampton,no,True
0,2,male,36.8,0,0,31.0348,Q,Second,man,True,D,Queenstown,no,True
0,3,male,54.0,1,0,7.3731,S,Third,man,True,nan,Southampton,no,False
0,3,male,44.1,1,0,8.7576,S,Third,man,True,E,Southampton,no,False
0,3,male,28.5,0,0,15.725,S,Third,man,True,nan,Southampton,no,True
0,3,male,39.5,0,1,32.7246,S,Third,man,True,nan,Southampton,no,False
0,1,male,38.1,0,0,206.6492,S,First,man,True,C,Southampton,no,True
0,1,male,37.0,0,0,96.5086,S,First,man,True,nan,Southampton,no,True
0,3,male,45.8,0,0,11.5961,S,Third,man,True,nan,Southampton,no,True
0,3,female,45.7,0,1,4.3945,S,Third,woman,False,D,Southampton,no,False
0,1,female,27.9,0,0,81.2022,C,First,woman,False,nan,Cherbourg,no,True
0,3,female,39.0,1,0,29.6121,S,Third,woman,False,nan,Southampton,no,False
0,3,male,24.1,1,0,5.7517,S,Third,man,True,D,Southampton,no,False
0,3,male,16.3,0,0,3.0,S,Third,man,True,nan,Southampton,no,True
0,1,female,25.8,0,1,54.8549,S,First,woman,False,nan,Southampton,no,False
0,3,male,28.6,0,4,3.0,S,Third,man,True,nan,Southampton,no,False
0,3,male,5.6,0,0,15.2868,S,Third,child,False,nan,Southampton,no,True
0,3,male,42.2,0,0,20.428,S,Third,man,True,nan,Southampton,no,True
1,3,female,0.4,3,0,4.5858,S,Third,child,False,E,Southampton,yes,False
0,3,male,69.1,0,1,3.0,S,Third,man,True,nan,Southampton,no,False
0,3,female,51.5,0,0,16.8155,C,Third,woman,False,nan,Cherbourg,no,True
1,1,female,25.9,0,0,184.9105,S,First,woman,False,C,Southampton,yes,True
0,3,male,29.8,0,0,10.6635,S,Third,man,True,F,Southampton,no,True
0,3,female,34.1,0,1,11.7162,Q,Third,woman,False,nan,Queenstown,no,False
0,3,male,21.2,0,0,3.5599,S,Third,man,True,nan,Southampton,no,True
0,1,female,32.5,0,3,56.4958,S,First,woman,False,nan,Southampton,no,False
0,1,male,27.6,0,0,67.9121,S,First,man,True,F,Southampton,no,True
0,3,female,28.3,0,0,15.3469,S,Third,woman,False,nan,Southampton,no,True
0,3,male,32.3,0,0,3.0,C,Third,man,True,D,Cherbourg,no,True
1,3,female,10.7,0,0,9.815,S,Third,child,False,B,Southampton,yes,True
0,3,male,30.3,1,0,28.4183,S,Third,man,True,nan,Southampton,no,False
0,3,male,32.1,0,1,3.8873,S,Third,man,True,B,Southampton,no,False
1,3,female,31.6,1,0,7.1709,C,Third,woman,False,nan,Cherbourg,yes,False
1,3,female,26.6,0,0,12.6014,S,Third,woman,False,nan,Southampton,yes,True
0,3,male,46.2,0,1,3.0,S,Third,man,True,nan,Southampton,no,False
0,3,male,24.6,0,0,7.0294,S,Third,man,True,nan,Southampton,no,True
0,1,male,33.0,0,0,62.0462,C,First,man,True,nan,Cherbourg,no,True
0,3,female,48.5,0,0,11.6694,S,Third,woman,False,C,Southampton,no,True
0,3,female,28.5,0,0,31.9627,S,Third,woman,False,nan,Southampton,no,True
0,2,female,32.8,1,0,7.395,C,Second,woman,False,nan,Cherbourg,no,False
0,1,male,28.3,0,0,77.0453,S,First,man,True,nan,Southampton,no,True
0,2,male,47.6,0,0,37.5687,S,Second,man,True,nan,Southampton,no,True
0,2,male,26.0,0,2,29.8709,S,Second,man,True,nan,Southampton,no,False
0,1,female,48.3,0,0,73.9648,Q,First,woman,False,nan,Queenstown,no,True
0,2,male,28.2,1,0,49.2149,S,Second,man,True,A,Southampton,no,False
1,3,female,17.2,3,1,21.9293,S,Third,woman,False,nan,Southampton,yes,False
1,3,male,39.6,0,0,17.6974,S,Third,man,True,nan,Southampton,yes,True
0,1,male,25.3,0,0,115.6279,S,First,man,True,G,Southampton,no,True
0,1,male,38.7,1,0,122.3883,S,First,man,True,nan,Southampton,no,False
0,3,male,0.4,0,2,5.9883,S,Third,child,False,nan,Southampton,no,False
0,2,male,29.8,0,0,10.3884,S,Second,man,True,nan,Southampton,no,True
0,3,male,23.0,4,2,8.3175,S,Third,man,True,D,Southampton,no,False
0,3,male,14.3,0,0,39.125,S,Third,child,False,nan,Southampton,no,True
1,3,female,21.7,0,0,9.7357,S,Third,woman,False,nan,Southampton,yes,True
0,2,male,21.4,1,0,53.3343,S,Second,man,True,nan,Southampton,no,False
0,3,male,29.0,2,0,13.1409,S,Third,man,True,nan,Southampton,no,False
0,2,male,9.9,1,0,70.2812,S,Second,child,False,C,Southampton,no,False
0,3,male,34.3,0,0,5.6543,Q,Third,man,True,nan,Queenstown,no,True
0,3,female,49.5,2,0,3.1362,S,Third,woman,False,nan,Southampton,no,False
0,2,male,33.8,2,4,42.3534,S,Second,man,True,nan,Southampton,no,False
0,2,female,41.4,2,0,38.8515,S,Second,woman,False,A,Southampton,no,False
0,1,male,45.6,0,0,44.145,C,First,man,True,nan,Cherbourg,no,True
0,3,male,47.6,1,1,8.6806,S,Third,man,True,nan,Southampton,no,False
0,1,male,56.8,0,3,57.3847,C,First,man,True,nan,Cherbourg,no,False
0,3,male,22.5,0,2,5.6166,S,Third,man,True,nan,Southampton,no,False
0,2,male,19.3,0,1,31.9493,S,Second,man,True,nan,Southampton,no,False
0,3,female,41.1,1,0,9.9158,S,Third,woman,False,nan,Southampton,no,False
0,3,male,40.0,1,0,3.0,S,Third,man,True,nan,Southampton,no,False
0,3,male,40.9,1,0,19.9768,S,Third,man,True,nan,Southampton,no,False
0,3,male,57.1,0,0,32.0611,S,Third,man,True,nan,Southampton,no,True
0,1,male,29.9,0,0,114.4476,C,First,man,True,F,Cherbourg,no,True
0,1,male,35.9,0,2,132.4146,S,First,man,True,nan,Southampton,no,False
1,3,male,15.5,1,2,3.0,S,Third,child,False,A,Southampton,yes,False
0,2,male,60.7,0,0,14.9803,S,Second,man,True,nan,Southampton,no,True
0,2,male,24.8,1,0,23.442,S,Second,man,True,nan,Southampton,no,False
1,1,female,25.2,0,0,135.791,S,First,woman,False,D,Southampton,yes,True
0,2,female,24.7,2,0,32.0762,S,Second,woman,False,nan,Southampton,no,False
0,1,male,20.3,0,2,23.3061,S,First,man,True,E,Southampton,no,False
0,3,male,19.1,0,0,14.5529,Q,Third,man,True,nan,Queenstown,no,True
0,2,female,22.1,3,0,39.9369,S,Second,woman,False,nan,Southampton,no,False
0,3,male,9.9,1,0,11.1594,S,Third,child,False,nan,Southampton,no,False
0,1,male,18.3,0,1,33.5417,S,First,man,True,nan,Southampton,no,False
0,3,male,58.0,0,0,5.0381,S,Third,man,True,nan,Southampton,no,True
0,2,male,40.4,1,0,29.4622,Q,Second,man,True,nan,Queenstown,no,False
0,3,male,43.1,0,0,5.5969,C,Third,man,True,nan,Cherbourg,no,True
0,3,female,46.8,1,0,45.2492,S,Third,woman,False,A,Southampton,no,False
0,2,female,56.3,1,0,40.9879,C,Second,woman,False,nan,Cherbourg,no,False
0,3,female,4.0,4,0,3.7761,S,Third,child,False,nan,Southampton,no,False
0,3,female,11.9,0,1,8.3673,S,Third,child,False,nan,Southampton,no,False
0,3,male,18.0,1,1,4.0592,S,Third,man,True,nan,Southampton,no,False
0,3,male,22.9,0,0,5.2002,C,Third,man,True,C,Cherbourg,no,True
1,2,female,25.3,0,0,17.2504,S,Second,woman,False,nan,Southampton,yes,True
1,3,female,23.2,0,1,5.1178,Q,Third,woman,False,C,Queenstown,yes,False
0,1,male,32.9,1,0,197.093,S,First,man,True,nan,Southampton,no,False
0,1,female,30.2,1,0,131.2976,S,First,woman,False,nan,Southampton,no,False
0,3,male,19.2,0,0,3.5263,S,Third,man,True,nan,Southampton,no,True
0,2,male,0.4,0,0,60.7421,C,Second,child,False,nan,Cherbourg,no,True
0,3,male,,1,0,11.3175,S,Third,man,True,C,Southampton,no,False
0,3,male,21.7,1,0,7.9326,C,Third,man,True,nan,Cherbourg,no,False
0,3,male,26.1,0,0,12.3551,C,Third,man,True,nan,Cherbourg,no,True
0,3,male,13.3,4,0,9.8979,S,Third,child,False,C,Southampton,no,False
0,2,male,22.6,1,0,60.9925,C,Second,man,True,nan,Cherbourg,no,False
1,1,male,13.3,0,0,113.1008,S,First,child,False,nan,Southampton,yes,True
0,2,male,27.9,0,1,50.0957,C,Second,man,True,D,Cherbourg,no,False
1,1,female,14.1,0,0,77.1318,S,First,child,False,nan,Southampton,yes,True
0,1,male,17.4,1,0,106.4315,S,First,man,True,C,Southampton,no,False
0,2,male,10.7,0,0,26.2192,S,Second,child,False,E,Southampton,no,True
0,3,male,27.5,1,0,8.6814,S,Third,man,True,C,Southampton,no,False
0,3,male,17.1,0,0,7.9449,Q,Third,man,True,nan,Queenstown,no,True
1,2,female,42.8,2,5,16.4937,Q,Second,woman,False,nan,Queenstown,yes,False
0,3,male,35.6,1,0,25.0878,Q,Third,man,True,nan,Queenstown,no,False
1,1,female,28.7,0,0,91.1605,S,First,woman,False,nan,Southampton,yes,True
0,1,male,18.1,0,0,151.3478,C,First,man,True,C,Cherbourg,no,True
0,3,male,35.2,0,2,10.749,S,Third,man,True,nan,Southampton,no,False
0,3,male,39.7,1,0,7.6579,Q,Third,man,True,nan,Queenstown,no,False
0,3,male,31.8,1,0,8.2922,Q,Third,man,True,nan,Queenstown,no,False
0,1,male,53.0,0,0,150.4055,C,First,man,True,nan,Cherbourg,no,True
0,3,male,36.4,0,0,8.022,S,Third,man,True,nan,Southampton,no,True
0,3,male,42.9,0,0,10.9246,Q,Third,man,True,nan,Queenstown,no,True
0,3,male,31.6,0,0,6.6931,Q,Third,man,True,B,Queenstown,no,True
0,3,female,39.5,0,0,5.2039,S,Third,woman,False,nan,Southampton,no,True
0,3,male,18.1,0,0,6.1152,S,Third,man,True,nan,Southampton,no,True
1,3,male,23.1,0,0,4.6682,S,Third,man,True,nan,Southampton,yes,True
0,3,male,34.8,0,0,3.0,S,Third,man,True,nan,Southampton,no,True
0,3,male,34.7,0,0,8.4307,S,Third,man,True,nan,Southampton,no,True
0,3,male,37.1,1,0,18.3548,C,Third,man,True,nan,Cherbourg,no,False
0,2,female,45.7,0,2,16.6754,S,Second,woman,False,nan,Southampton,no,False
1,3,female,9.0,1,0,28.1159,S,Third,child,False,E,Southampton,yes,False
1,2,male,15.6,0,0,25.7278,S,Second,child,False,nan,Southampton,yes,True
0,1,male,33.0,0,0,188.4727,S,First,man,True,nan,Southampton,no,True
0,3,male,19.2,2,0,7.0554,S,Third,man,True,nan,Southampton,no,False
0,3,male,78.7,0,0,6.1621,S,Third,man,True,nan,Southampton,no,True
0,3,male,37.2,0,0,7.0624,C,Third,man,True,E,Cherbourg,no,True
0,2,male,28.6,0,0,15.9601,S,Second,man,True,nan,Southampton,no,True
0,3,male,22.2,0,0,8.2102,S,Third,man,True,nan,Southampton,no,True
1,1,female,22.7,0,0,203.5157,S,First,woman,False,nan,Southampton,yes,True
0,3,male,,0,0,3.0,C,Third,man,True,A,Cherbourg,no,True
0,3,male,31.3,0,0,3.0,S,Third,man,True,C,Southampton,no,True
0,3,female,23.1,1,0,17.7672,S,Third,woman,False,nan,Southampton,no,False
1,3,male,25.7,0,0,13.2836,S,Third,man,True,nan,Southampton,yes,True
0,3,female,49.2,0,0,3.9943,S,Third,woman,False,E,Southampton,no,True
0,3,male,49.8,2,1,18.1612,S,Third,man,True,nan,Southampton,no,False
1,1,female,33.4,0,1,188.8337,S,First,woman,False,nan,Southampton,yes,False
0,3,female,10.3,1,0,15.4535,S,Third,child,False,B,Southampton,no,False
0,3,male,37.5,3,1,11.3976,S,Third,man,True,nan,Southampton,no,False
0,3,female,52.2,0,0,3.0,S,Third,woman,False,nan,Southampton,no,True
0,2,male,,0,0,69.9395,S,Second,man,True,C,Southampton,no,True
0,3,female,40.3,0,0,15.7935,S,Third,woman,False,D,Southampton,no,True
0,1,male,50.3,1,1,152.5832,S,First,man,True,nan,Southampton,no,False
0,3,male,30.5,0,0,7.8772,Q,Third,man,True,nan,Queenstown,no,True
0,3,male,38.8,1,0,6.8729,S,Third,man,True,nan,Southampton,no,False
1,3,female,19.8,3,0,6.4145,S,Third,woman,False,C,Southampton,yes,False
0,3,male,33.9,1,2,12.2354,S,Third,man,True,nan,Southampton,no,False
0,2,female,49.0,1,0,45.2461,S,Second,woman,False,nan,Southampton,no,False
1,1,female,21.2,1,0,159.8922,S,First,woman,False,nan,Southampton,yes,False
0,3,male,17.2,1,0,3.9874,S,Third,man,True,nan,Southampton,no,False
0,3,female,31.1,0,1,16.5474,S,Third,woman,False,nan,Southampton,no,False
1,1,female,26.4,1,0,99.405,C,First,woman,False,nan,Cherbourg,yes,False
0,3,male,39.1,1,0,20.2567,S,Third,man,True,nan,Southampton,no,False
0,3,male,23.1,0,0,4.4198,S,Third,man,True,nan,Southampton,no,True
0,3,male,54.6,0,0,11.0319,S,Third,man,True,G,Southampton,no,True
0,3,male,11.0,0,0,3.0,S,Third,child,False,nan,Southampton,no,True
0,1,male,47.9,0,0,166.5881,Q,First,man,True,G,Queenstown,no,True
0,1,male,18.6,0,1,245.0809,S,First,man,True,nan,Southampton,no,False
0,3,male,3.7,0,0,3.0,S,Third,child,False,E,Southampton,no,True
0,3,male,33.1,5,4,6.9366,C,Third,man,True,nan,Cherbourg,no,False
0,3,male,26.0,0,1,21.5455,S,Third,man,True,nan,Southampton,no,False
0,3,female,13.6,1,0,34.0561,S,Third,child,False,nan,Southampton,no,False
0,3,female,5.3,0,0,8.675,S,Third,child,False,nan,Southampton,no,True
0,3,male,29.6,0,1,14.5603,S,Third,man,True,nan,Southampton,no,False
0,3,female,43.8,0,0,5.314,S,Third,woman,False,nan,Southampton,no,True
0,3,female,38.2,0,0,21.8506,S,Third,woman,False,nan,Southampton,no,True
0,2,female,30.5,1,0,76.1273,C,Second,woman,False,nan,Cherbourg,no,False
0,1,male,36.6,1,0,45.7532,S,First,man,True,nan,Southampton,no,False
0,3,male,29.3,1,0,10.9872,S,Third,man,True,A,Southampton,no,False
1,2,female,9.0,0,2,40.9609,S,Second,child,False,nan,Southampton,yes,False
0,3,female,9.1,1,1,9.1165,S,Third,child,False,nan,Southampton,no,False
0,3,female,26.8,0,0,4.2919,C,Third,woman,False,nan,Cherbourg,no,True
0,3,female,27.4,0,0,3.8826,S,Third,woman,False,nan,Southampton,no,True
0,2,male,42.0,1,0,11.4656,S,Second,man,True,nan,Southampton,no,False
0,1,male,40.7,1,0,267.0738,S,First,man,True,G,Southampton,no,False
0,1,male,38.5,0,0,282.5116,S,First,man,True,nan,Southampton,no,True
0,2,male,25.6,2,1,38.8185,S,Second,man,True,B,Southampton,no,False
0,1,female,9.7,1,2,99.7207,S,First,child,False,nan,Southampton,no,False
0,3,male,35.7,0,0,3.0,Q,Third,man,True,nan,Queenstown,no,True
0,3,male,37.3,0,0,17.1146,S,Third,man,True,D,Southampton,no,True
1,3,female,0.4,3,0,7.6528,S,Third,child,False,E,Southampton,yes,False
0,3,male,17.6,1,0,19.5486,S,Third,man,True,nan,Southampton,no,False
0,1,female,19.7,0,0,164.0531,Q,First,woman,False,D,Queenstown,no,True
0,3,female,31.4,0,1,16.9462,S,Third,woman,False,C,Southampton,no,False
0,3,male,,0,5,5.9317,Q,Third,man,True,nan,Queenstown,no,False
0,1,male,29.1,0,2,82.2983,S,First,man,True,nan,Southampton,no,False
0,3,male,26.6,0,1,14.2498,S,Third,man,True,nan,Southampton,no,False
0,2,male,27.4,0,4,33.2608,S,Second,man,True,E,Southampton,no,False
0,3,male,19.3,0,2,3.0,S,Third,man,True,nan,Southampton,no,False
0,3,male,20.4,1,0,3.1827,S,Third,man,True,D,Southampton,no,False
0,1,female,14.0,4,0,141.892,S,First,child,False,D,Southampton,no,False
0,3,male,35.2,1,0,6.6697,S,Third,man,True,nan,Southampton,no,False
1,3,female,38.0,2,0,16.6618,C,Third,woman,False,nan,Cherbourg,yes,False
0,3,male,18.5,1,0,6.4797,S,Third,man,True,nan,Southampton,no,False
0,3,male,51.7,0,1,3.0,C,Third,man,True,nan,Cherbourg,no,False
0,3,female,25.1,2,0,30.2332,S,Third,woman,False,nan,Southampton,no,False
0,1,male,51.9,0,0,93.9564,S,First,man,True,nan,Southampton,no,True
0,2,male,20.4,0,0,12.0754,S,Second,man,True,nan,Southampton,no,True
1,1,female,0.4,0,0,149.3845,S,First,child,False,nan,Southampton,yes,True
0,3,female,35.5,0,0,4.2726,C,Third,woman,False,nan,Cherbourg,no,True
0,3,female,33.3,0,0,7.0693,C,Third,woman,False,G,Cherbourg,no,True
0,3,male,30.2,1,0,3.8907,Q,Third,man,True,nan,Queenstown,no,False
0,3,male,20.4,0,0,5.8831,Q,Third,man,True,E,Queenstown,no,True
0,1,female,29.2,3,0,48.7909,Q,First,woman,False,D,Queenstown,no,False
0,2,female,22.3,0,0,16.2843,S,Second,woman,False,nan,Southampton,no,True
1,1,male,25.3,2,0,91.3872,S,First,man,True,G,Southampton,yes,False
1,1,female,41.9,0,0,203.5922,C,First,woman,False,nan,Cherbourg,yes,True
0,1,male,32.4,0,0,268.9624,S,First,man,True,nan,Southampton,no,True
0,3,male,38.5,0,0,4.0096,S,Third,man,True,nan,Southampton,no,True
0,2,male,,0,0,14.307,S,Second,man,True,nan,Southampton,no,True
0,1,male,24.7,0,0,76.3378,S,First,man,True,nan,Southampton,no,True
0,1,male,13.0,0,2,126.9369,S,First,child,False,nan,Southampton,no,False
1,1,male,24.3,0,0,144.6725,C,First,man,True,D,Cherbourg,yes,True
0,3,male,0.4,0,0,4.9457,C,Third,child,False,nan,Cherbourg,no,True
0,3,female,21.1,2,1,4.6491,C,Third,woman,False,B,Cherbourg,no,False
0,3,female,28.5,0,2,11.8741,S,Third,woman,False,nan,Southampton,no,False
0,2,male,37.9,0,0,32.2863,S,Second,man,True,nan,Southampton,no,True
0,2,female,25.8,1,1,91.6984,S,Second,woman,False,nan,Southampton,no,False
0,3,male,34.7,0,1,5.6909,S,Third,man,True,nan,Southampton,no,False
0,2,male,0.4,0,0,29.7766,S,Second,child,False,E,Southampton,no,True
0,2,female,28.9,0,0,36.388,S,Second,woman,False,nan,Southampton,no,True
0,1,male,5.3,0,0,121.1783,Q,First,child,False,G,Queenstown,no,True
0,1,male,12.2,0,0,84.9016,S,First,child,False,B,Southampton,no,True
0,2,male,27.0,0,0,60.4706,S,Second,man,True,nan,Southampton,no,True
0,2,female,48.2,0,0,42.062,S,Second,woman,False,C,Southampton,no,True
0,3,male,35.1,1,1,3.0,Q,Third,man,True,nan,Queenstown,no,False
1,1,female,30.0,1,1,128.2584,S,First,woman,False,nan,Southampton,yes,False
0,1,male,29.4,1,2,78.3082,S,First,man,True,B,Southampton,no,False
1,3,female,19.4,0,0,6.4109,S,Third,woman,False,nan,Southampton,yes,True
1,1,female,21.8,0,0,79.5095,S,First,woman,False,nan,Southampton,yes,True
1,2,female,35.9,0,1,25.6308,C,Second,woman,False,nan,Cherbourg,yes,False
0,3,male,9.6,0,0,3.4801,S,Third,child,False,nan,Southampton,no,True
0,1,male,38.3,0,0,59.4253,S,First,man,True,nan,Southampton,no,True
1,1,female,24.1,2,1,72.6686,C,First,woman,False,nan,Cherbourg,yes,False
0,3,male,41.7,0,0,10.4833,S,Third,man,True,nan,Southampton,no,True
0,2,male,,0,0,24.6315,S,Second,man,True,nan,Southampton,no,True
1,3,male,5.4,0,0,12.6794,C,Third,child,False,C,Cherbourg,yes,True
1,3,female,21.3,1,0,13.4283,S,Third,woman,False,nan,Southampton,yes,False
0,1,male,17.3,0,0,146.7181,Q,First,man,True,nan,Queenstown,no,True
0,3,male,3.4,0,0,14.0155,S,Third,child,False,nan,Southampton,no,True
0,3,male,14.7,1,0,3.0,S,Third,child,False,nan,Southampton,no,False
0,1,male,65.1,0,1,73.0957,S,First,man,True,D,Southampton,no,False
0,3,female,38.5,0,0,19.4477,S,Third,woman,False,C,Southampton,no,True
0,2,male,57.5,1,0,39.2689,S,Second,man,True,nan,Southampton,no,False
0,3,male,41.7,2,0,6.4019,S,Third,man,True,E,Southampton,no,False
0,1,female,18.9,0,0,214.9951,S,First,woman,False,nan,Southampton,no,True
1,3,female,24.2,0,6,16.3941,S,Third,woman,False,nan,Southampton,yes,False
0,2,male,,0,0,25.2746,S,Second,man,True,nan,Southampton,no,True
0,3,female,36.0,0,0,9.8895,S,Third,woman,False,nan,Southampton,no,True
1,1,female,21.3,0,0,63.6038,S,First,woman,False,nan,Southampton,yes,True
1,2,female,7.8,5,0,18.2198,S,Second,child,False,D,Southampton,yes,False
0,3,male,77.4,0,1,8.4964,C,Third,man,True,D,Cherbourg,no,False
0,3,male,27.7,0,1,23.7441,S,Third,man,True,nan,Southampton,no,False
0,3,female,25.0,0,0,5.653,S,Third,woman,False,nan,Southampton,no,True
0,3,female,31.3,0,2,20.637,S,Third,woman,False,C,Southampton,no,False
0,3,male,26.2,0,0,3.3419,S,Third,man,True,nan,Southampton,no,True
0,3,male,31.5,0,0,3.0,C,Third,man,True,nan,Cherbourg,no,True
0,2,male,48.4,1,0,49.6676,S,Second,man,True,nan,Southampton,no,False
0,3,male,27.9,0,0,16.5911,C,Third,man,True,G,Cherbourg,no,True
0,3,male,12.8,0,0,9.4487,S,Third,child,False,E,Southampton,no,True
0,3,male,27.4,0,2,12.1377,S,Third,man,True,nan,Southampton,no,False
0,3,female,23.0,0,1,3.0,C,Third,woman,False,nan,Cherbourg,no,False
0,2,male,50.3,0,0,17.8137,S,Second,man,True,D,Southampton,no,True
0,1,female,46.7,1,0,131.8577,S,First,woman,False,nan,Southampton,no,False
0,3,male,31.3,2,0,5.7883,S,Third,man,True,nan,Southampton,no,False
0,3,male,11.2,0,0,15.7605,S,Third,child,False,nan,Southampton,no,True
0,3,male,11.9,1,0,5.7358,S,Third,child,False,D,Southampton,no,False
0,3,male,,0,0,7.0892,S,Third,man,True,nan,Southampton,no,True
1,3,female,34.6,0,0,5.9458,S,Third,woman,False,nan,Southampton,yes,True
0,2,female,24.3,1,0,80.2249,S,Second,woman,False,nan,Southampton,no,False
0,3,male,22.7,0,0,16.8238,S,Third,man,True,nan,Southampton,no,True
0,2,male,21.1,0,0,41.4218,S,Second,man,True,F,Southampton,no,True
0,2,male,29.4,0,0,39.6344,S,Second,man,True,nan,Southampton,no,True
0,3,female,,0,4,18.5326,Q,Third,woman,False,nan,Queenstown,no,False
0,3,female,13.7,0,1,5.25,S,Third,child,False,nan,Southampton,no,False
0,1,male,20.6,0,0,68.0577,S,First,man,True,F,Southampton,no,True
0,1,female,47.2,0,0,213.437,S,First,woman,False,nan,Southampton,no,True
0,3,female,17.9,1,0,3.0,S,Third,woman,False,nan,Southampton,no,False
0,1,male,32.3,0,0,184.4638,S,First,man,True,C,Southampton,no,True
0,3,male,33.0,0,0,5.9247,S,Third,man,True,nan,Southampton,no,True
0,3,female,48.5,0,0,11.7908,Q,Third,woman,False,nan,Queenstown,no,True
0,3,female,48.0,1,0,16.8868,S,Third,woman,False,nan,Southampton,no,False
0,3,male,28.9,0,1,11.1603,S,Third,man,True,C,Southampton,no,False
0,1,male,22.8,1,0,72.6371,S,First,man,True,nan,Southampton,no,False
0,3,male,20.1,0,2,8.1675,S,Third,man,True,nan,Southampton,no,False
0,2,male,26.2,2,1,26.5751,C,Second,man,True,E,Cherbourg,no,False
0,3,female,23.4,0,0,29.2077,S,Third,woman,False,nan,Southampton,no,True
0,1,male,37.7,0,2,53.4511,S,First,man,True,nan,Southampton,no,False
0,3,female,35.8,0,0,10.7174,S,Third,woman,False,nan,Southampton,no,True
1,1,female,38.3,0,3,112.6692,S,First,woman,False,nan,Southampton,yes,False
0,2,male,48.0,0,0,28.699,S,Second,man,True,nan,Southampton,no,True
0,1,male,56.7,0,0,72.499,S,First,man,True,nan,Southampton,no,True
0,1,male,31.5,0,0,88.4421,S,First,man,True,nan,Southampton,no,True
0,3,female,45.6,0,0,7.0271,S,Third,woman,False,nan,Southampton,no,True
0,2,male,24.6,2,0,30.8976,S,Second,man,True,nan,Southampton,no,False
1,3,male,46.9,2,2,5.5065,S,Third,man,True,nan,Southampton,yes,False
0,3,female,45.1,0,2,23.1721,S,Third,woman,False,nan,Southampton,no,False
0,3,male,44.3,0,0,5.4273,S,Third,man,True,B,Southampton,no,True
0,1,female,31.1,0,0,117.63,S,First,woman,False,nan,Southampton,no,True
1,2,female,20.0,1,0,30.3923,Q,Second,woman,False,nan,Queenstown,yes,False
0,3,male,9.5,1,1,13.5698,S,Third,child,False,D,Southampton,no,False
0,2,male,29.1,2,0,13.992,S,Second,man,True,nan,Southampton,no,False
0,1,female,51.9,0,1,213.5365,S,First,woman,False,nan,Southampton,no,False
1,3,female,25.2,1,0,25.8942,S,Third,woman,False,nan,Southampton,yes,False
0,3,male,41.1,1,0,6.5936,C,Third,man,True,E,Cherbourg,no,False
0,3,male,41.9,0,0,34.8996,S,Third,man,True,nan,Southampton,no,True
0,1,male,25.6,1,0,104.3642,S,First,man,True,nan,Southampton,no,False
0,3,female,48.8,0,0,5.792,S,Third,woman,False,nan,Southampton,no,True
0,1,male,0.4,0,0,120.0618,S,First,child,False,E,Southampton,no,True
0,1,male,12.0,2,0,124.8299,C,First,child,False,nan,Cherbourg,no,False
1,3,female,16.4,0,0,19.0565,S,Third,woman,False,nan,Southampton,yes,True
0,2,male,17.8,1,0,4.8862,S,Second,man,True,nan,Southampton,no,False
0,2,male,34.6,0,0,70.8785,C,Second,man,True,nan,Cherbourg,no,True
0,1,male,33.9,1,0,120.1176,,First,man,True,nan,,no,False
0,3,female,35.4,1,0,6.517,C,Third,woman,False,A,Cherbourg,no,False
0,3,male,38.3,2,0,11.5141,S,Third,man,True,nan,Southampton,no,False
0,3,female,15.9,1,0,15.7097,S,Third,child,False,nan,Southampton,no,False
1,3,female,12.0,0,0,12.349,S,Third,child,False,nan,Southampton,yes,True
0,1,male,35.4,0,2,222.1304,S,First,man,True,nan,Southampton,no,False
0,3,male,20.6,1,0,13.2185,S,Third,man,True,nan,Southampton,no,False
1,2,male,6.9,0,1,7.5323,C,Second,child,False,C,Cherbourg,yes,False
0,1,male,43.8,0,3,136.1034,S,First,man,True,nan,Southampton,no,False
0,3,female,49.9,0,0,3.0,Q,Third,woman,False,E,Queenstown,no,True
0,3,female,52.3,1,0,5.6039,Q,Third,woman,False,nan,Queenstown,no,False
0,1,male,32.4,0,0,238.4914,S,First,man,True,nan,Southampton,no,True
0,2,male,38.8,2,0,58.3789,Q,Second,man,True,E,Queenstown,no,False
0,1,male,49.6,1,0,208.5388,S,First,man,True,nan,Southampton,no,False
1,1,female,20.4,0,0,108.7982,S,First,woman,False,nan,Southampton,yes,True
0,3,male,45.8,0,0,6.285,S,Third,man,True,nan,Southampton,no,True
0,3,male,33.7,1,1,15.5983,C,Third,man,True,nan,Cherbourg,no,False
0,3,male,42.9,1,0,4.3761,Q,Third,man,True,B,Queenstown,no,False
0,3,male,32.4,0,0,4.617,C,Third,man,True,nan,Cherbourg,no,True
0,1,male,48.5,2,0,86.0567,S,First,man,True,nan,Southampton,no,False
0,3,male,32.9,0,0,15.8376,S,Third,man,True,B,Southampton,no,True
0,2,male,8.2,0,0,28.552,S,Second,child,False,nan,Southampton,no,True
0,3,female,50.8,1,0,7.7101,S,Third,woman,False,C,Southampton,no,False
0,3,male,16.0,0,0,5.3039,S,Third,man,True,nan,Southampton,no,True
0,3,male,47.9,0,0,3.6378,S,Third,man,True,nan,Southampton,no,True
0,2,male,28.4,1,0,23.3623,C,Second,man,True,nan,Cherbourg,no,False
0,3,male,46.8,0,0,14.9591,Q,Third,man,True,D,Queenstown,no,True
0,1,male,46.2,0,1,50.6905,S,First,man,True,nan,Southampton,no,False
0,1,male,35.9,0,0,74.5426,S,First,man,True,nan,Southampton,no,True
0,1,male,37.1,0,0,69.3792,S,First,man,True,nan,Southampton,no,True
0,2,male,35.8,0,0,51.3612,C,Second,man,True,nan,Cherbourg,no,True
0,3,male,0.5,1,0,7.4364,S,Third,child,False,C,Southampton,no,False
0,3,male,31.4,0,0,3.0,C,Third,man,True,nan,Cherbourg,no,True
0,3,female,13.5,1,0,8.9544,Q,Third,child,False,nan,Queenstown,no,False
0,3,male,32.2,1,3,3.0,S,Third,man,True,nan,Southampton,no,False
0,3,male,13.1,1,0,4.507,S,Third,child,False,C,Southampton,no,False
1,1,male,12.5,0,0,75.072,S,First,child,False,nan,Southampton,yes,True
0,1,male,53.0,0,0,143.8783,C,First,man,True,F,Cherbourg,no,True
0,3,male,45.2,0,0,18.7064,S,Third,man,True,nan,Southampton,no,True
0,2,male,29.6,1,0,22.9147,S,Second,man,True,nan,Southampton,no,False
0,3,female,32.4,0,0,7.3402,S,Third,woman,False,nan,Southampton,no,True
0,1,male,26.1,0,0,171.9927,S,First,man,True,B,Southampton,no,True
0,1,male,38.0,0,0,173.0892,S,First,man,True,nan,Southampton,no,True
0,2,female,,1,0,44.2839,S,Second,woman,False,nan,Southampton,no,False
0,1,female,44.1,0,0,99.4278,C,First,woman,False,E,Cherbourg,no,True
0,1,male,26.0,3,0,249.4488,S,First,man,True,nan,Southampton,no,False
0,3,male,23.6,0,0,8.6727,S,Third,man,True,nan,Southampton,no,True
0,1,male,30.0,0,0,110.1663,S,First,man,True,D,Southampton,no,True
0,3,male,21.1,0,1,6.2052,C,Third,man,True,E,Cherbourg,no,False
0,2,male,34.5,0,1,17.5212,S,Second,man,True,nan,Southampton,no,False
0,1,male,21.9,2,0,77.6329,S,First,man,True,nan,Southampton,no,False
0,2,female,36.5,0,0,14.8209,S,Second,woman,False,E,Southampton,no,True
0,3,male,47.3,0,0,11.0892,S,Third,man,True,C,Southampton,no,True
0,2,male,19.3,1,2,45.2289,C,Second,man,True,nan,Cherbourg,no,False
0,3,male,27.8,0,2,14.7742,C,Third,man,True,nan,Cherbourg,no,False
0,1,female,36.4,2,0,115.9325,C,First,woman,False,nan,Cherbourg,no,False
0,3,male,23.4,0,0,7.62,S,Third,man,True,F,Southampton,no,True
0,1,male,36.4,0,0,118.9648,S,First,man,True,B,Southampton,no,True
0,3,male,37.8,0,0,3.9402,S,Third,man,True,nan,Southampton,no,True
0,3,male,45.4,1,2,6.741,S,Third,man,True,nan,Southampton,no,False
0,3,male,20.9,0,0,3.9501,S,Third,man,True,nan,Southampton,no,True
1,2,male,16.0,3,1,23.3077,S,Second,man,True,nan,Southampton,yes,False
0,1,male,25.2,1,0,144.2338,S,First,man,True,nan,Southampton,no,False
0,1,male,15.7,2,0,97.1996,S,First,child,False,nan,Southampton,no,False
0,3,male,37.9,4,0,17.588,S,Third,man,True,nan,Southampton,no,False
0,3,female,12.9,0,0,18.473,S,Third,child,False,A,Southampton,no,True
0,3,male,63.5,0,0,3.0,C,Third,man,True,nan,Cherbourg,no,True
0,1,male,48.5,0,0,49.7244,S,First,man,True,nan,Southampton,no,True
0,2,male,29.9,0,3,29.5673,S,Second,man,True,D,Southampton,no,False
0,1,male,42.3,0,2,194.1537,S,First,man,True,nan,Southampton,no,False
0,3,female,6.0,0,0,12.6593,S,Third,child,False,B,Southampton,no,True
0,3,male,66.3,0,0,14.506,C,Third,man,True,nan,Cherbourg,no,True
0,3,male,21.1,0,1,4.2648,S,Third,man,True,D,Southampton,no,False
0,2,male,28.0,0,0,8.2725,S,Second,man,True,nan,Southampton,no,True
1,3,female,2.8,0,1,41.3616,S,Third,child,False,nan,Southampton,yes,False
0,3,female,36.8,0,0,9.0177,C,Third,woman,False,A,Cherbourg,no,True
1,2,male,13.7,0,1,32.2834,S,Second,child,False,nan,Southampton,yes,False
0,3,male,31.2,0,0,8.7712,Q,Third,man,True,nan,Queenstown,no,True
0,3,male,21.8,1,0,3.0,S,Third,man,True,nan,Southampton,no,False
0,3,male,14.1,0,0,3.3957,S,Third,child,False,nan,Southampton,no,True
0,3,female,18.0,1,1,3.0,S,Third,woman,False,E,Southampton,no,False
1,2,male,33.0,0,0,29.3029,C,Second,man,True,nan,Cherbourg,yes,True
0,2,male,11.1,0,3,34.6221,S,Second,child,False,nan,Southampton,no,False
0,3,female,18.8,0,0,5.529,S,Third,woman,False,nan,Southampton,no,True
0,1,female,39.3,0,0,110.2776,S,First,woman,False,C,Southampton,no,True
1,3,male,67.4,0,0,24.2933,S,Third,man,True,nan,Southampton,yes,True
0,3,female,36.6,1,0,13.137,S,Third,woman,False,nan,Southampton,no,False
0,3,male,16.4,2,0,6.5195,S,Third,man,True,nan,Southampton,no,False
0,3,female,24.4,2,0,4.9317,S,Third,woman,False,E,Southampton,no,False
0,2,female,30.2,0,0,16.1493,S,Second,woman,False,E,Southampton,no,True
0,2,male,24.6,0,0,18.379,S,Second,man,True,C,Southampton,no,True
0,1,female,42.8,0,0,108.4232,S,First,woman,False,E,Southampton,no,True
1,2,female,32.9,0,0,55.0526,C,Second,woman,False,C,Cherbourg,yes,True
0,2,male,42.9,1,0,63.5601,S,Second,man,True,nan,Southampton,no,False
0,2,male,25.1,0,4,6.72,S,Second,man,True,nan,Southampton,no,False
0,3,female,48.9,2,0,16.2318,C,Third,woman,False,nan,Cherbourg,no,False
0,3,male,27.3,0,0,11.3101,C,Third,man,True,C,Cherbourg,no,True
0,1,male,15.6,0,0,92.5446,S,First,child,False,D,Southampton,no,True
0,2,female,61.3,2,0,18.6371,S,Second,woman,False,nan,Southampton,no,False
0,3,female,3.2,2,0,14.3486,S,Third,child,False,nan,Southampton,no,False
0,1,male,19.0,1,0,62.7275,C,First,man,True,nan,Cherbourg,no,False
0,1,male,20.6,0,0,140.5049,S,First,man,True,E,Southampton,no,True
0,1,male,66.1,0,0,77.0633,S,First,man,True,D,Southampton,no,True
0,3,male,55.9,0,0,4.1992,S,Third,man,True,nan,Southampton,no,True
0,1,male,51.4,1,0,84.0254,C,First,man,True,nan,Cherbourg,no,False
0,3,female,24.9,0,0,3.0,S,Third,woman,False,nan,Southampton,no,True
0,2,male,64.9,0,0,33.24,Q,Second,man,True,nan,Queenstown,no,True
0,3,male,35.0,0,0,5.6807,S,Third,man,True,nan,Southampton,no,True
0,2,male,43.9,0,3,29.4501,S,Second,man,True,nan,Southampton,no,False
0,3,female,32.3,0,0,3.0,S,Third,woman,False,nan,Southampton,no,True
0,3,male,29.0,2,0,7.7036,S,Third,man,True,nan,Southampton,no,False
0,3,male,26.0,0,2,5.0548,S,Third,man,True,nan,Southampton,no,False
1,3,male,26.7,1,2,8.351,S,Third,man,True,nan,Southampton,yes,False
0,3,male,38.5,0,0,13.2013,C,Third,man,True,A,Cherbourg,no,True
0,3,male,35.0,1,1,11.9955,Q,Third,man,True,nan,Queenstown,no,False
0,3,male,29.2,2,0,8.7555,S,Third,man,True,nan,Southampton,no,False
0,3,male,51.6,0,1,11.6416,C,Third,man,True,nan,Cherbourg,no,False
1,1,male,0.4,0,0,52.3489,S,First,child,False,A,Southampton,yes,True
0,1,male,37.1,0,0,87.0117,S,First,man,True,nan,Southampton,no,True
0,1,male,40.1,0,0,109.2478,S,First,man,True,nan,Southampton,no,True
0,3,male,46.3,1,4,12.4133,C,Third,man,True,nan,Cherbourg,no,False
0,2,male,28.8,0,0,51.3081,C,Second,man,True,nan,Cherbourg,no,True
0,2,male,32.7,0,0,37.6916,S,Second,man,True,D,Southampton,no,True
0,3,male,44.0,1,0,7.0946,S,Third,man,True,nan,Southampton,no,False
0,3,male,51.3,0,0,9.8922,S,Third,man,True,D,Southampton,no,True
0,3,male,25.3,0,0,6.7891,C,Third,man,True,nan,Cherbourg,no,True
0,2,male,33.6,0,0,18.365,S,Second,man,True,nan,Southampton,no,True
0,3,male,54.0,1,1,6.1474,S,Third,man,True,nan,Southampton,no,False
1,2,female,0.4,0,0,32.3415,S,Second,child,False,nan,Southampton,yes,True
0,1,female,19.7,0,0,77.3892,S,First,woman,False,nan,Southampton,no,True
0,1,male,51.0,1,0,104.2893,S,First,man,True,nan,Southampton,no,False
0,2,male,45.5,0,3,44.4238,S,Second,man,True,nan,Southampton,no,False
0,2,male,37.3,1,0,17.053,S,Second,man,True,nan,Southampton,no,False
0,3,male,23.2,1,0,8.1984,S,Third,man,True,E,Southampton,no,False
0,1,male,16.9,1,0,99.0832,S,First,man,True,E,Southampton,no,False
0,3,female,21.1,0,0,17.4878,C,Third,woman,False,nan,Cherbourg,no,True
0,3,male,52.1,1,0,8.0491,Q,Third,man,True,nan,Queenstown,no,False
0,2,female,20.6,1,0,32.9563,Q,Second,woman,False,nan,Queenstown,no,False
0,3,male,31.2,1,0,8.7416,S,Third,man,True,nan,Southampton,no,False
1,2,female,18.8,0,0,28.7833,S,Second,woman,False,C,Southampton,yes,True
0,3,female,41.9,0,0,7.8983,S,Third,woman,False,nan,Southampton,no,True
0,2,male,21.9,0,0,37.6437,Q,Second,man,True,D,Queenstown,no,True
0,1,male,28.3,0,2,197.1194,Q,First,man,True,nan,Queenstown,no,False
1,1,male,5.3,0,0,160.6155,Q,First,child,False,B,Queenstown,yes,True
0,3,male,6.3,0,0,18.043,S,Third,child,False,nan,Southampton,no,True
0,3,male,29.8,2,1,8.2636,S,Third,man,True,nan,Southampton,no,False
0,2,male,10.5,2,0,14.8664,S,Second,child,False,nan,Southampton,no,False
0,3,male,60.2,1,0,9.0531,S,Third,man,True,nan,Southampton,no,False
0,3,female,0.4,3,0,19.5717,C,Third,child,False,nan,Cherbourg,no,False
0,3,male,18.1,5,0,12.6161,S,Third,man,True,E,Southampton,no,False
1,3,female,29.9,1,0,3.0,S,Third,woman,False,D,Southampton,yes,False
0,3,male,24.4,0,0,15.2274,C,Third,man,True,nan,Cherbourg,no,True
0,3,female,13.7,0,0,6.2583,S,Third,child,False,nan,Southampton,no,True
0,3,male,15.8,0,0,15.4411,S,Third,child,False,nan,Southampton,no,True
0,2,male,,0,0,37.314,S,Second,man,True,nan,Southampton,no,True
0,2,female,25.5,1,0,3.7276,S,Second,woman,False,nan,Southampton,no,False
0,1,male,58.0,0,0,85.5388,C,First,man,True,nan,Cherbourg,no,True
0,3,female,30.8,0,0,21.5939,S,Third,woman,False,nan,Southampton,no,True
0,3,male,46.9,0,3,7.5897,S,Third,man,True,nan,Southampton,no,False
0,1,male,37.1,0,0,58.6377,S,First,man,True,E,Southampton,no,True
0,3,male,45.9,0,0,3.0,S,Third,man,True,nan,Southampton,no,True
1,3,female,0.4,1,0,29.9019,S,Third,child,False,nan,Southampton,yes,False
1,1,male,25.3,0,1,166.4261,S,First,man,True,E,Southampton,yes,False
0,3,female,48.7,0,2,3.0,S,Third,woman,False,nan,Southampton,no,False
0,1,female,21.4,1,2,87.6183,S,First,woman,False,nan,Southampton,no,False
0,1,male,55.3,1,0,231.9743,S,First,man,True,nan,Southampton,no,False
0,3,male,51.2,0,0,3.0,Q,Third,man,True,nan,Queenstown,no,True
1,3,female,22.9,0,0,21.2051,S,Third,woman,False,E,Southampton,yes,True
0,1,male,22.4,0,0,103.9577,C,First,man,True,nan,Cherbourg,no,True
0,3,male,15.0,1,0,18.5165,S,Third,child,False,nan,Southampton,no,False
0,3,male,20.6,0,0,10.7733,S,Third,man,True,nan,Southampton,no,True
1,1,male,11.8,0,0,147.353,S,First,child,False,nan,Southampton,yes,True
0,1,male,35.9,0,2,58.9809,C,First,man,True,nan,Cherbourg,no,False
0,3,male,8.6,1,0,5.2267,C,Third,child,False,nan,Cherbourg,no,False
0,2,female,38.5,0,0,37.8461,S,Second,woman,False,nan,Southampton,no,True
0,3,male,38.8,0,0,12.93,S,Third,man,True,nan,Southampton,no,True
0,3,male,5.6,0,0,10.6539,S,Third,child,False,nan,Southampton,no,True
0,3,female,52.2,0,0,8.8095,S,Third,woman,False,nan,Southampton,no,True
0,2,female,37.1,0,0,44.8465,S,Second,woman,False,C,Southampton,no,True
0,3,female,40.6,0,0,17.0477,S,Third,woman,False,nan,Southampton,no,True
0,2,male,18.7,0,0,44.6407,S,Second,man,True,nan,Southampton,no,True
0,2,female,38.7,1,1,15.6746,S,Second,woman,False,B,Southampton,no,False
0,1,male,46.0,0,0,31.5963,S,First,man,True,nan,Southampton,no,True
0,1,male,28.3,1,1,57.815,S,First,man,True,nan,Southampton,no,False
0,3,male,58.7,0,1,6.8987,S,Third,man,True,F,Southampton,no,False
0,3,male,30.3,0,0,11.8468,S,Third,man,True,nan,Southampton,no,True
1,1,female,46.2,0,0,55.0439,S,First,woman,False,E,Southampton,yes,True
0,3,male,33.9,1,0,15.7977,S,Third,man,True,nan,Southampton,no,False
1,2,female,38.2,0,0,16.9975,C,Second,woman,False,D,Cherbourg,yes,True
1,3,female,5.5,0,1,10.0931,S,Third,child,False,nan,Southampton,yes,False
0,2,male,35.1,1,0,5.8276,S,Second,man,True,A,Southampton,no,False
0,3,male,19.0,3,0,15.605,S,Third,man,True,nan,Southampton,no,False
0,3,male,17.4,0,0,8.8285,S,Third,man,True,B,Southampton,no,True
0,3,male,55.0,0,0,24.4164,S,Third,man,True,nan,Southampton,no,True
0,2,male,26.6,0,0,57.8965,S,Second,man,True,nan,Southampton,no,True
1,2,female,15.2,1,0,26.215,C,Second,child,False,E,Cherbourg,yes,False
0,3,male,24.5,0,0,6.3427,S,Third,man,True,D,Southampton,no,True
0,2,male,10.8,0,0,32.0795,S,Second,child,False,E,Southampton,no,True
0,1,female,50.5,0,0,86.8613,C,First,woman,False,C,Cherbourg,no,True
0,1,male,19.6,0,2,105.4187,C,First,man,True,F,Cherbourg,no,False
1,3,female,37.4,0,0,20.8349,Q,Third,woman,False,C,Queenstown,yes,True
0,3,male,49.4,0,0,15.5241,Q,Third,man,True,nan,Queenstown,no,True
0,3,male,22.4,0,0,30.3014,S,Third,man,True,nan,Southampton,no,True
0,1,male,37.4,0,1,293.0331,S,First,man,True,nan,Southampton,no,False
0,2,male,14.8,0,0,30.4516,C,Second,child,False,nan,Cherbourg,no,True
0,3,male,65.2,0,1,9.327,C,Third,man,True,nan,Cherbourg,no,False
0,3,female,43.3,0,0,3.0,S,Third,woman,False,E,Southampton,no,True
0,2,male,26.9,0,0,32.5542,S,Second,man,True,nan,Southampton,no,True
0,3,female,18.5,0,0,8.6507,S,Third,woman,False,D,Southampton,no,True
0,2,male,28.0,0,3,36.3633,S,Second,man,True,nan,Southampton,no,False
0,3,male,24.8,1,0,4.2529,C,Third,man,True,nan,Cherbourg,no,False
0,1,male,58.0,1,0,219.2052,C,First,man,True,E,Cherbourg,no,False
0,3,female,11.9,0,0,17.0513,C,Third,child,False,nan,Cherbourg,no,True
0,3,male,31.7,0,0,6.0949,S,Third,man,True,nan,Southampton,no,True
0,3,male,29.4,1,4,3.0,C,Third,man,True,D,Cherbourg,no,False
1,1,female,28.0,0,0,165.0743,S,First,woman,False,F,Southampton,yes,True
0,3,male,28.1,0,1,14.2783,S,Third,man,True,nan,Southampton,no,False
0,2,female,28.0,1,0,43.1248,S,Second,woman,False,nan,Southampton,no,False
0,1,male,42.4,0,0,225.7698,S,First,man,True,E,Southampton,no,True
0,3,female,38.5,0,0,13.3449,S,Third,woman,False,nan,Southampton,no,True
0,3,female,35.8,1,0,3.0,S,Third,woman,False,nan,Southampton,no,False
0,3,female,0.4,0,0,16.3051,S,Third,child,False,nan,Southampton,no,True
0,3,male,34.0,0,0,3.0,C,Third,man,True,nan,Cherbourg,no,True
1,1,male,5.7,0,0,20.1893,C,First,child,False,nan,Cherbourg,yes,True
0,2,female,39.1,0,1,65.3211,C,Second,woman,False,G,Cherbourg,no,False
0,1,male,51.1,0,0,76.1917,C,First,man,True,nan,Cherbourg,no,True
0,3,male,16.3,0,0,3.7699,C,Third,man,True,nan,Cherbourg,no,True
0,3,female,25.9,0,1,12.1584,Q,Third,woman,False,nan,Queenstown,no,False
0,3,male,21.0,0,0,12.7874,C,Third,man,True,nan,Cherbourg,no,True
0,1,male,47.6,0,0,101.8657,S,First,man,True,nan,Southampton,no,True
0,2,male,31.1,0,0,25.483,S,Second,man,True,nan,Southampton,no,True
0,3,male,54.8,0,0,5.1982,S,Third,man,True,nan,Southampton,no,True
0,2,male,35.7,0,1,18.0818,S,Second,man,True,nan,Southampton,no,False
0,3,male,33.2,0,0,4.342,S,Third,man,True,nan,Southampton,no,True
0,3,male,30.7,0,0,16.7991,C,Third,man,True,nan,Cherbourg,no,True
0,3,female,41.6,1,0,19.0726,C,Third,woman,False,nan,Cherbourg,no,False
0,2,female,4.5,0,0,15.3688,S,Second,child,False,nan,Southampton,no,True
0,2,male,30.9,0,0,34.6803,S,Second,man,True,nan,Southampton,no,True
0,1,male,28.7,1,0,73.6523,S,First,man,True,nan,Southampton,no,False
0,2,female,40.2,0,0,57.0253,S,Second,woman,False,nan,Southampton,no,True
0,2,male,27.0,0,1,60.5098,S,Second,man,True,nan,Southampton,no,False
0,3,male,14.6,1,0,22.437,S,Third,child,False,nan,Southampton,no,False
0,3,male,29.8,0,0,3.0939,S,Third,man,True,nan,Southampton,no,True
0,1,male,14.0,3,0,69.9194,S,First,child,False,nan,Southampton,no,False
1,2,female,1.8,1,0,59.2949,S,Second,child,False,nan,Southampton,yes,False
0,1,male,40.2,0,0,99.3573,C,First,man,True,nan,Cherbourg,no,True
0,1,female,38.1,1,0,144.6212,S,First,woman,False,C,Southampton,no,False
0,3,male,,1,0,25.6148,S,Third,man,True,nan,Southampton,no,False
0,1,female,48.6,2,1,66.7883,S,First,woman,False,E,Southampton,no,False
0,2,male,20.1,1,1,73.9246,Q,Second,man,True,nan,Queenstown,no,False
0,1,male,8.9,0,2,101.5086,S,First,child,False,nan,Southampton,no,False
0,3,male,28.7,0,4,29.3835,S,Third,man,True,A,Southampton,no,False
0,3,male,24.7,0,0,5.2313,S,Third,man,True,nan,Southampton,no,True
1,1,male,17.5,0,1,118.5766,Q,First,man,True,nan,Queenstown,yes,False
0,3,male,28.5,0,0,27.3245,S,Third,man,True,nan,Southampton,no,True
0,3,male,20.8,3,0,9.6831,C,Third,man,True,E,Cherbourg,no,False
1,3,male,3.1,0,0,3.0,S,Third,child,False,nan,Southampton,yes,True
0,1,male,23.3,1,0,67.9834,C,First,man,True,nan,Cherbourg,no,False
0,3,female,13.2,0,2,3.0,S,Third,child,False,nan,Southampton,no,False
0,3,female,33.1,0,0,5.3234,S,Third,woman,False,nan,Southampton,no,True
0,3,female,20.2,0,1,7.8551,S,Third,woman,False,nan,Southampton,no,False
1,3,female,45.8,0,0,30.8844,S,Third,woman,False,nan,Southampton,yes,True
0,3,male,53.0,2,0,26.4995,S,Third,man,True,nan,Southampton,no,False
0,2,male,39.6,0,0,69.9329,S,Second,man,True,E,Southampton,no,True
0,3,male,7.2,0,1,4.9108,C,Third,child,False,F,Cherbourg,no,False
0,3,female,51.5,0,1,7.167,S,Third,woman,False,nan,Southampton,no,False
0,3,female,52.5,0,1,13.3042,C,Third,woman,False,nan,Cherbourg,no,False
0,2,male,30.0,0,0,32.7449,S,Second,man,True,E,Southampton,no,True
0,3,male,48.9,0,0,12.6943,S,Third,man,True,B,Southampton,no,True
0,3,male,21.7,0,0,8.3439,S,Third,man,True,C,Southampton,no,True
0,1,male,2.6,0,0,41.2652,S,First,child,False,nan,Southampton,no,True
0,3,male,18.7,0,1,11.318,C,Third,man,True,E,Cherbourg,no,False
0,3,male,54.8,1,0,18.0781,S,Third,man,True,nan,Southampton,no,False
1,3,female,8.1,0,0,3.0,S,Third,child,False,nan,Southampton,yes,True
0,2,male,29.7,0,0,32.8929,S,Second,man,True,F,Southampton,no,True
0,2,female,30.2,1,0,52.5833,C,Second,woman,False,nan,Cherbourg,no,False
1,3,female,22.3,1,0,3.0,S,Third,woman,False,G,Southampton,yes,False
1,2,female,23.3,1,3,57.6013,S,Second,woman,False,D,Southampton,yes,False
0,3,male,30.7,1,0,4.3128,C,Third,man,True,nan,Cherbourg,no,False
0,3,male,21.5,0,0,12.8156,Q,Third,man,True,nan,Queenstown,no,True
1,3,male,9.1,0,0,6.5382,C,Third,child,False,nan,Cherbourg,yes,True
0,2,male,32.8,0,1,25.8468,S,Second,man,True,B,Southampton,no,False
0,3,male,45.3,1,0,16.9239,S,Third,man,True,nan,Southampton,no,False
0,2,female,42.3,0,0,43.2783,C,Second,woman,False,nan,Cherbourg,no,True
1,1,female,18.0,0,0,60.4429,Q,First,woman,False,nan,Queenstown,yes,True
1,2,female,11.6,1,0,39.8719,S,Second,child,False,A,Southampton,yes,False
0,1,female,25.6,0,0,82.3148,S,First,woman,False,nan,Southampton,no,True
0,3,male,52.4,0,2,8.5205,S,Third,man,True,F,Southampton,no,False
0,3,male,39.1,0,0,6.6008,S,Third,man,True,nan,Southampton,no,True
0,2,male,39.9,0,0,24.7454,S,Second,man,True,nan,Southampton,no,True
0,3,male,42.6,0,0,8.0188,S,Third,man,True,nan,Southampton,no,True
0,2,female,35.8,0,0,46.646,C,Second,woman,False,A,Cherbourg,no,True
0,3,male,31.4,1,0,6.9054,S,Third,man,True,nan,Southampton,no,False
0,3,male,39.3,1,0,12.2258,Q,Third,man,True,nan,Queenstown,no,False
0,3,male,21.8,0,0,6.6459,S,Third,man,True,nan,Southampton,no,True
0,2,male,9.2,0,0,4.659,S,Second,child,False,nan,Southampton,no,True
0,3,male,40.2,0,1,6.6469,S,Third,man,True,nan,Southampton,no,False
0,2,female,47.6,0,0,22.1188,C,Second,woman,False,nan,Cherbourg,no,True
0,3,male,13.5,0,1,5.6537,S,Third,child,False,nan,Southampton,no,False
0,1,male,41.6,0,0,246.0086,S,First,man,True,nan,Southampton,no,True
0,3,male,54.1,1,0,8.1658,S,Third,man,True,nan,Southampton,no,False
0,3,male,29.7,2,0,6.0068,S,Third,man,True,nan,Southampton,no,False
0,3,male,17.8,0,0,16.4095,S,Third,man,True,nan,Southampton,no,True
1,1,female,31.5,0,0,144.5029,S,First,woman,False,nan,Southampton,yes,True
1,3,male,21.7,0,1,5.8997,C,Third,man,True,G,Cherbourg,yes,False
0,1,male,20.8,0,0,87.6629,Q,First,man,True,nan,Queenstown,no,True
0,3,male,36.0,0,1,25.4635,C,Third,man,True,nan,Cherbourg,no,False
1,1,female,6.4,1,0,91.2675,C,First,child,False,D,Cherbourg,yes,False
0,2,male,8.8,1,1,56.2677,S,Second,child,False,nan,Southampton,no,False
0,3,male,30.0,0,0,3.505,S,Third,man,True,nan,Southampton,no,True
0,2,male,29.4,0,0,27.9872,S,Second,man,True,nan,Southampton,no,True
0,1,female,34.7,2,1,50.686,S,First,woman,False,nan,Southampton,no,False
0,1,male,56.9,1,0,145.7299,S,First,man,True,nan,Southampton,no,False
0,2,male,31.2,0,0,36.8121,S,Second,man,True,nan,Southampton,no,True
0,3,male,38.4,0,0,23.7027,C,Third,man,True,nan,Cherbourg,no,True
0,3,male,15.6,1,2,7.2743,S,Third,child,False,C,Southampton,no,False
1,1,female,40.8,0,0,137.5908,Q,First,woman,False,nan,Queenstown,yes,True
1,2,female,22.1,0,0,74.3656,Q,Second,woman,False,nan,Queenstown,yes,True
1,1,male,30.7,0,0,124.5708,S,First,man,True,nan,Southampton,yes,True
1,1,female,28.1,1,1,122.8374,S,First,woman,False,nan,Southampton,yes,False
0,3,female,44.7,0,0,3.0,S,Third,woman,False,nan,Southampton,no,True
1,3,female,10.7,0,0,18.499,S,Third,child,False,nan,Southampton,yes,True
1,1,male,0.4,1,0,146.3483,S,First,child,False,nan,Southampton,yes,False
0,1,male,26.6,2,0,103.6892,C,First,man,True,nan,Cherbourg,no,False
0,1,male,36.5,1,0,145.6682,C,First,man,True,nan,Cherbourg,no,False
1,3,female,31.9,0,0,9.0339,S,Third,woman,False,nan,Southampton,yes,True
0,3,male,,0,0,3.0,S,Third,man,True,nan,Southampton,no,True
0,1,male,36.0,0,2,85.7098,S,First,man,True,G,Southampton,no,False
0,1,male,21.5,0,0,114.7004,S,First,man,True,nan,Southampton,no,True
0,3,male,0.4,1,0,11.5622,C,Third,child,False,nan,Cherbourg,no,False
0,3,male,26.3,1,0,8.5411,S,Third,man,True,nan,Southampton,no,False
0,2,female,44.6,0,0,70.3867,S,Second,woman,False,nan,Southampton,no,True
0,1,male,24.0,0,0,164.8587,S,First,man,True,nan,Southampton,no,True
0,1,female,30.1,0,0,143.4772,S,First,woman,False,C,Southampton,no,True
0,3,male,35.8,0,1,8.7899,Q,Third,man,True,nan,Queenstown,no,False
0,2,male,15.0,0,0,55.2403,C,Second,child,False,G,Cherbourg,no,True
0,1,male,38.7,0,0,233.6738,C,First,man,True,nan,Cherbourg,no,True
0,3,male,53.4,0,0,4.7466,C,Third,man,True,C,Cherbourg,no,True
0,1,male,27.2,1,0,101.9002,S,First,man,True,nan,Southampton,no,False
1,3,female,13.3,0,0,4.6619,S,Third,child,False,F,Southampton,yes,True
0,2,male,28.7,0,0,41.6803,C,Second,man,True,C,Cherbourg,no,True
1,1,female,0.4,1,0,111.896,S,First,child,False,C,Southampton,yes,False
0,3,male,34.6,0,1,9.9741,S,Third,man,True,nan,Southampton,no,False
0,2,male,36.3,0,0,30.9036,S,Second,man,True,G,Southampton,no,True
0,3,male,54.0,0,0,6.5832,S,Third,man,True,nan,Southampton,no,True
0,3,male,26.9,1,0,3.0,C,Third,man,True,nan,Cherbourg,no,False
0,2,male,35.6,1,1,27.5104,S,Second,man,True,nan,Southampton,no,False
0,3,male,17.2,1,0,8.9737,Q,Third,man,True,nan,Queenstown,no,False
0,2,male,24.5,0,3,20.9091,C,Second,man,True,nan,Cherbourg,no,False
1,3,male,7.6,1,0,5.6676,S,Third,child,False,nan,Southampton,yes,False
0,2,male,26.9,0,2,45.4222,S,Second,man,True,nan,Southampton,no,False
0,3,female,25.3,0,0,16.7255,C,Third,woman,False,nan,Cherbourg,no,True
0,1,male,34.0,3,0,152.6461,S,First,man,True,nan,Southampton,no,False
0,2,male,20.7,0,3,38.1729,S,Second,man,True,nan,Southampton,no,False
0,3,female,30.9,1,0,4.0196,S,Third,woman,False,nan,Southampton,no,False
0,3,male,24.9,1,0,4.9297,S,Third,man,True,E,Southampton,no,False
0,1,male,24.9,0,1,161.6625,S,First,man,True,nan,Southampton,no,False
0,1,male,30.9,0,0,99.1096,S,First,man,True,E,Southampton,no,True
0,3,male,30.3,0,0,4.9416,Q,Third,man,True,nan,Queenstown,no,True
1,3,female,40.7,1,0,3.9273,S,Third,woman,False,nan,Southampton,yes,False
0,1,male,28.0,0,0,67.4895,Q,First,man,True,nan,Queenstown,no,True
0,3,female,,1,1,4.4429,S,Third,woman,False,nan,Southampton,no,False
1,2,female,27.1,0,0,48.303,S,Second,woman,False,nan,Southampton,yes,True
1,3,male,19.3,1,0,3.0,S,Third,man,True,E,Southampton,yes,False
0,1,male,24.5,0,1,85.1699,C,First,man,True,nan,Cherbourg,no,False
0,1,male,59.2,0,3,41.9242,S,First,man,True,nan,Southampton,no,False
0,3,male,16.5,1,0,15.2059,S,Third,man,True,nan,Southampton,no,False
0,1,male,25.7,0,0,77.2189,C,First,man,True,nan,Cherbourg,no,True
0,3,male,24.1,0,0,8.6643,S,Third,man,True,nan,Southampton,no,True
0,2,male,26.1,0,1,9.6314,S,Second,man,True,C,Southampton,no,False
0,2,male,24.9,0,0,7.0736,C,Second,man,True,nan,Cherbourg,no,True
0,2,female,33.7,0,1,60.5556,S,Second,woman,False,nan,Southampton,no,False
1,3,male,,1,4,3.0,S,Third,man,True,E,Southampton,yes,False
0,1,female,44.7,1,0,65.2423,C,First,woman,False,nan,Cherbourg,no,False
1,3,female,38.9,0,0,12.1687,S,Third,woman,False,nan,Southampton,yes,True
0,3,male,11.7,0,0,23.8825,C,Third,child,False,nan,Cherbourg,no,True
1,3,female,0.4,0,0,5.2622,C,Third,child,False,nan,Cherbourg,yes,True
0,1,male,15.5,0,0,52.0825,S,First,child,False,nan,Southampton,no,True
0,1,male,26.2,0,0,249.8235,S,First,man,True,nan,Southampton,no,True
0,2,male,67.1,0,0,18.2055,C,Second,man,True,nan,Cherbourg,no,True
1,2,male,37.6,0,3,15.5529,S,Second,man,True,F,Southampton,yes,False
0,2,male,3.5,0,0,38.9875,S,Second,child,False,D,Southampton,no,True
0,3,male,19.7,1,0,5.1283,S,Third,man,True,nan,Southampton,no,False
0,1,male,28.9,0,1,224.5257,C,First,man,True,nan,Cherbourg,no,False
0,1,male,33.4,0,0,72.5381,S,First,man,True,nan,Southampton,no,True
0,2,male,10.6,0,0,21.6739,S,Second,child,False,nan,Southampton,no,True
0,3,male,27.7,2,0,8.8853,C,Third,man,True,nan,Cherbourg,no,False
0,1,male,19.3,1,1,116.3138,S,First,man,True,nan,Southampton,no,False
1,3,male,13.7,0,0,15.8106,S,Third,child,False,E,Southampton,yes,True
0,2,male,33.5,0,0,8.559,S,Second,man,True,nan,Southampton,no,True
0,3,male,40.9,1,3,3.0,S,Third,man,True,C,Southampton,no,False
0,3,female,41.9,0,0,19.1919,S,Third,woman,False,C,Southampton,no,True
0,2,male,38.0,4,0,30.8018,S,Second,man,True,A,Southampton,no,False
0,1,female,22.5,0,0,202.4018,S,First,woman,False,C,Southampton,no,True
0,2,male,40.1,0,0,50.684,S,Second,man,True,nan,Southampton,no,True
0,2,female,34.2,1,0,28.1729,S,Second,woman,False,nan,Southampton,no,False
0,3,male,31.6,0,0,5.8216,C,Third,man,True,B,Cherbourg,no,True
0,3,male,20.8,5,1,20.2451,S,Third,man,True,nan,Southampton,no,False
0,3,male,22.5,1,1,3.0,C,Third,man,True,nan,Cherbourg,no,False
0,3,male,30.8,0,0,3.8811,S,Third,man,True,nan,Southampton,no,True
0,2,male,65.1,0,0,23.9972,S,Second,man,True,nan,Southampton,no,True
0,1,male,34.1,1,0,107.07,S,First,man,True,nan,Southampton,no,False
1,3,female,20.8,0,0,4.617,S,Third,woman,False,nan,Southampton,yes,True
0,2,male,17.6,0,0,30.4524,S,Second,man,True,C,Southampton,no,True
0,3,male,22.6,0,0,15.1396,S,Third,man,True,nan,Southampton,no,True
0,2,female,61.3,0,0,15.5152,C,Second,woman,False,nan,Cherbourg,no,True
0,1,male,,1,0,99.9017,S,First,man,True,B,Southampton,no,False
0,3,female,42.8,0,0,5.489,Q,Third,woman,False,nan,Queenstown,no,True
0,1,male,24.2,0,0,130.8092,S,First,man,True,A,Southampton,no,True
0,3,female,,1,0,3.0,Q,Third,woman,False,nan,Queenstown,no,False
0,3,male,41.2,0,0,54.9122,S,Third,man,True,G,Southampton,no,True
0,3,female,21.4,0,0,3.856,S,Third,woman,False,nan,Southampton,no,True
0,3,female,20.4,1,0,19.6743,S,Third,woman,False,nan,Southampton,no,False
0,3,male,53.8,0,0,14.1187,S,Third,man,True,C,Southampton,no,True
0,3,male,44.0,0,0,6.9186,S,Third,man,True,nan,Southampton,no,True
0,2,male,41.2,0,0,15.362,S,Second,man,True,nan,Southampton,no,True
0,3,female,41.1,1,0,3.0,S,Third,woman,False,nan,Southampton,no,False
0,3,male,36.4,0,0,13.937,S,Third,man,True,F,Southampton,no,True
0,2,male,59.0,0,0,13.6268,S,Second,man,True,D,Southampton,no,True
0,2,male,30.3,0,0,26.6079,S,Second,man,True,nan,Southampton,no,True
0,2,male,38.1,1,0,22.0103,S,Second,man,True,nan,Southampton,no,False
0,3,male,8.7,0,1,7.2166,S,Third,child,False,F,Southampton,no,False
0,3,female,17.7,1,1,12.1622,C,Third,woman,False,nan,Cherbourg,no,False
1,1,male,12.3,0,0,134.5434,S,First,child,False,nan,Southampton,yes,True
0,3,female,,0,0,5.5605,S,Third,woman,False,nan,Southampton,no,True
0,3,male,0.4,1,0,8.0924,S,Third,child,False,G,Southampton,no,False
0,3,male,23.9,0,0,15.1383,Q,Third,man,True,nan,Queenstown,no,True
0,3,male,0.4,0,2,12.8668,S,Third,child,False,nan,Southampton,no,False
0,3,male,17.6,0,0,3.0,S,Third,man,True,nan,Southampton,no,True
1,1,female,22.6,0,0,54.346,S,First,woman,False,C,Southampton,yes,True
0,3,female,49.8,0,0,5.6322,S,Third,woman,False,nan,Southampton,no,True
0,1,male,35.5,3,0,153.9286,C,First,man,True,nan,Cherbourg,no,False
0,3,male,17.6,1,0,11.4351,S,Third,man,True,nan,Southampton,no,False
0,3,male,45.2,0,0,7.2539,Q,Third,man,True,D,Queenstown,no,True
0,2,female,30.0,1,0,44.1065,Q,Second,woman,False,nan,Queenstown,no,False
0,1,female,30.2,0,2,136.5079,S,First,woman,False,F,Southampton,no,False
1,3,female,12.3,0,0,3.0,S,Third,child,False,nan,Southampton,yes,True
1,2,male,15.3,0,1,44.4599,S,Second,child,False,C,Southampton,yes,False
0,3,male,17.7,0,1,8.0666,C,Third,man,True,nan,Cherbourg,no,False
0,1,male,30.4,0,1,211.8737,S,First,man,True,nan,Southampton,no,False
0,1,male,30.8,1,0,78.6339,C,First,man,True,nan,Cherbourg,no,False
0,3,male,52.1,1,0,14.516,S,Third,man,True,nan,Southampton,no,False
1,3,male,35.3,0,0,20.92,S,Third,man,True,nan,Southampton,yes,True
0,3,male,0.4,0,3,11.8878,Q,Third,child,False,nan,Queenstown,no,False
0,2,female,33.5,0,1,20.6205,S,Second,woman,False,nan,Southampton,no,False
0,3,female,8.7,2,0,15.0593,S,Third,child,False,nan,Southampton,no,False
0,3,male,15.7,0,0,7.186,S,Third,child,False,E,Southampton,no,True
0,3,male,17.9,0,0,6.7224,C,Third,man,True,E,Cherbourg,no,True
0,3,male,20.1,2,0,10.8763,S,Third,man,True,nan,Southampton,no,False
0,3,female,9.8,0,1,8.668,C,Third,child,False,nan,Cherbourg,no,False
0,2,female,32.7,0,1,11.2443,C,Second,woman,False,nan,Cherbourg,no,False
1,2,female,9.2,0,0,41.0432,S,Second,child,False,nan,Southampton,yes,True
1,3,female,34.9,0,0,8.1429,S,Third,woman,False,nan,Southampton,yes,True
0,1,male,62.1,1,0,166.7038,S,First,man,True,nan,Southampton,no,False
1,3,male,10.4,0,0,18.2758,S,Third,child,False,nan,Southampton,yes,True
0,1,male,25.6,0,1,89.8984,S,First,man,True,C,Southampton,no,False
0,3,male,0.4,0,1,15.6767,S,Third,child,False,F,Southampton,no,False
1,3,female,25.3,0,0,21.1045,S,Third,woman,False,nan,Southampton,yes,True
0,1,male,39.0,0,0,123.361,C,First,man,True,nan,Cherbourg,no,True
0,1,male,40.1,0,0,117.0423,S,First,man,True,nan,Southampton,no,True
0,1,male,30.8,1,1,167.3406,S,First,man,True,nan,Southampton,no,False
0,3,female,42.6,0,0,4.9685,S,Third,woman,False,nan,Southampton,no,True
0,3,male,66.6,0,0,17.3872,S,Third,man,True,A,Southampton,no,True
0,1,male,54.5,0,0,169.6078,S,First,man,True,E,Southampton,no,True
0,3,male,22.1,0,1,7.7136,C,Third,man,True,nan,Cherbourg,no,False
1,2,male,8.7,0,0,20.7794,C,Second,child,False,C,Cherbourg,yes,True
0,3,male,23.8,2,0,15.3477,S,Third,man,True,nan,Southampton,no,False
1,3,female,16.0,0,0,3.0,C,Third,woman,False,nan,Cherbourg,yes,True
0,2,male,36.2,1,0,8.3967,S,Second,man,True,C,Southampton,no,False
0,3,female,12.6,0,1,7.0389,C,Third,child,False,nan,Cherbourg,no,False
0,1,male,28.6,0,0,224.3743,Q,First,man,True,nan,Queenstown,no,True
0,1,male,41.9,1,0,142.6485,S,First,man,True,C,Southampton,no,False
0,2,female,28.2,0,0,88.3507,S,Second,woman,False,E,Southampton,no,True
0,1,male,16.0,0,0,76.6893,S,First,man,True,nan,Southampton,no,True
0,3,male,46.7,0,1,3.0,S,Third,man,True,nan,Southampton,no,False
1,2,female,2.5,0,0,46.2147,S,Second,child,False,nan,Southampton,yes,True
0,3,male,24.9,0,1,17.3214,C,Third,man,True,C,Cherbourg,no,False
1,1,female,29.1,1,0,137.1622,C,First,woman,False,nan,Cherbourg,yes,False
0,2,male,29.9,0,0,59.179,S,Second,man,True,nan,Southampton,no,True
0,3,male,32.3,2,0,14.979,S,Third,man,True,nan,Southampton,no,False
0,3,male,38.6,0,0,14.0456,Q,Third,man,True,nan,Queenstown,no,True
0,1,female,29.2,0,0,93.3908,C,First,woman,False,nan,Cherbourg,no,True
0,3,male,24.4,0,0,6.8717,S,Third,man,True,E,Southampton,no,True
0,3,female,23.8,0,0,7.9371,C,Third,woman,False,nan,Cherbourg,no,True
0,3,female,20.8,0,1,18.5119,S,Third,woman,False,D,Southampton,no,False
0,3,male,41.1,0,0,22.241,S,Third,man,True,nan,Southampton,no,True
0,1,male,20.3,2,0,236.3208,Q,First,man,True,nan,Queenstown,no,False
0,1,male,42.0,1,1,61.5915,C,First,man,True,nan,Cherbourg,no,False
0,3,male,30.0,1,2,10.2171,S,Third,man,True,nan,Southampton,no,False
0,2,male,22.1,0,0,55.9139,S,Second,man,True,nan,Southampton,no,True
0,3,male,38.7,2,1,14.35,S,Third,man,True,nan,Southampton,no,False
0,2,female,19.2,0,0,54.6104,S,Second,woman,False,nan,Southampton,no,True
0,1,female,39.0,1,4,178.3381,S,First,woman,False,nan,Southampton,no,False
0,3,female,32.8,0,0,3.0,S,Third,woman,False,E,Southampton,no,True
0,2,female,21.1,0,3,32.7148,S,Second,woman,False,nan,Southampton,no,False
0,3,male,37.4,4,0,4.3218,S,Third,man,True,nan,Southampton,no,False
0,3,female,37.6,0,0,3.9914,C,Third,woman,False,nan,Cherbourg,no,True
0,3,female,46.5,1,0,3.0,C,Third,woman,False,nan,Cherbourg,no,False
0,3,male,43.7,0,0,8.5606,S,Third,man,True,nan,Southampton,no,True
0,3,female,36.8,0,0,3.0,S,Third,woman,False,nan,Southampton,no,True
0,3,male,13.3,1,0,5.049,C,Third,child,False,G,Cherbourg,no,False
0,3,male,65.2,0,0,14.2477,S,Third,man,True,nan,Southampton,no,True
1,2,female,9.3,1,0,8.2258,S,Second,child,False,nan,Southampton,yes,False
1,1,female,43.5,0,0,82.4977,C,First,woman,False,nan,Cherbourg,yes,True
0,2,male,36.0,0,0,18.4672,S,Second,man,True,nan,Southampton,no,True
1,1,female,12.7,0,0,98.3496,S,First,child,False,nan,Southampton,yes,True
0,3,male,27.9,0,0,8.2526,S,Third,man,True,C,Southampton,no,True
0,3,male,28.6,1,0,51.2469,S,Third,man,True,D,Southampton,no,False
0,3,female,48.6,0,0,21.2869,S,Third,woman,False,F,Southampton,no,True
0,1,male,19.4,0,1,129.9273,S,First,man,True,nan,Southampton,no,False
1,3,female,25.9,1,0,16.8063,S,Third,woman,False,nan,Southampton,yes,False
0,2,male,0.4,0,0,25.4113,S,Second,child,False,nan,Southampton,no,True
0,3,male,54.9,1,0,25.5673,C,Third,man,True,nan,Cherbourg,no,False
0,3,male,14.2,2,0,17.2508,S,Third,child,False,nan,Southampton,no,False
0,2,male,34.4,0,0,19.9048,Q,Second,man,True,nan,Queenstown,no,True
0,1,male,28.2,0,2,193.1933,S,First,man,True,nan,Southampton,no,False
0,1,female,28.3,0,0,70.4412,S,First,woman,False,nan,Southampton,no,True
0,3,male,41.4,1,0,3.0,S,Third,man,True,A,Southampton,no,False
0,3,female,53.9,0,0,13.4004,C,Third,woman,False,nan,Cherbourg,no,True
0,3,male,33.3,1,0,10.0076,S,Third,man,True,D,Southampton,no,False
0,1,male,39.2,0,0,181.065,C,First,man,True,nan,Cherbourg,no,True
0,2,male,34.5,1,1,56.2098,S,Second,man,True,nan,Southampton,no,False
0,3,male,44.5,1,1,13.776,S,Third,man,True,nan,Southampton,no,False
0,3,male,23.0,2,0,9.1351,S,Third,man,True,nan,Southampton,no,False
0,1,male,45.3,0,0,123.0882,S,First,man,True,C,Southampton,no,True
0,1,male,45.8,0,0,108.053,S,First,man,True,nan,Southampton,no,True
0,3,male,45.4,0,0,7.9166,S,Third,man,True,nan,Southampton,no,True
0,2,male,20.1,0,1,38.052,Q,Second,man,True,nan,Queenstown,no,False
0,2,male,27.3,0,0,5.4404,S,Second,man,True,nan,Southampton,no,True
0,1,male,33.2,2,0,81.4149,C,First,man,True,nan,Cherbourg,no,False
0,3,female,9.8,1,1,5.4978,S,Third,child,False,C,Southampton,no,False
0,3,male,52.8,0,0,25.2984,S,Third,man,True,E,Southampton,no,True
0,3,female,29.5,1,0,12.3268,C,Third,woman,False,G,Cherbourg,no,False
0,3,male,33.8,0,0,6.4675,S,Third,man,True,nan,Southampton,no,True
0,3,female,21.3,0,0,6.423,S,Third,woman,False,B,Southampton,no,True
0,1,male,10.5,1,0,109.8227,S,First,child,False,nan,Southampton,no,False
0,3,female,20.9,3,0,10.439,S,Third,woman,False,nan,Southampton,no,False
0,2,male,32.9,0,1,89.3297,Q,Second,man,True,nan,Queenstown,no,False
0,3,female,39.5,1,0,8.6019,S,Third,woman,False,nan,Southampton,no,False
0,2,female,32.0,1,0,47.5928,Q,Second,woman,False,nan,Queenstown,no,False
0,2,female,,0,1,36.1826,Q,Second,woman,False,nan,Queenstown,no,False
0,1,male,24.8,0,0,102.9775,S,First,man,True,nan,Southampton,no,True
0,2,male,36.9,1,1,14.8013,Q,Second,man,True,nan,Queenstown,no,False
0,1,male,51.2,1,0,242.1168,C,First,man,True,nan,Cherbourg,no,False
0,1,male,39.9,0,0,72.1322,C,First,man,True,E,Cherbourg,no,True
0,3,female,41.4,0,0,14.7837,C,Third,woman,False,nan,Cherbourg,no,True
0,2,male,34.0,0,0,48.9502,S,Second,man,True,nan,Southampton,no,True
0,3,male,7.9,1,2,17.3935,C,Third,child,False,nan,Cherbourg,no,False
0,3,male,14.6,0,0,3.0,S,Third,child,False,nan,Southampton,no,True
0,3,male,36.3,0,0,6.1317,S,Third,man,True,nan,Southampton,no,True
0,3,male,29.5,1,0,6.4325,S,Third,man,True,nan,Southampton,no,False
0,3,female,36.1,0,0,30.2457,S,Third,woman,False,E,Southampton,no,True
0,2,male,54.0,1,1,5.9427,S,Second,man,True,nan,Southampton,no,False
0,2,male,40.2,2,2,71.4236,S,Second,man,True,nan,Southampton,no,False
0,2,male,48.0,1,0,23.8911,S,Second,man,True,nan,Southampton,no,False
0,3,male,31.1,2,0,3.0,S,Third,man,True,nan,Southampton,no,False
0,3,male,18.0,2,0,31.5669,S,Third,man,True,nan,Southampton,no,False
0,2,female,28.9,0,0,16.8051,C,Second,woman,False,nan,Cherbourg,no,True
0,1,female,18.0,1,0,166.0418,S,First,woman,False,nan,Southampton,no,False
0,3,female,52.3,1,0,25.1642,S,Third,woman,False,nan,Southampton,no,False
1,1,female,41.2,0,0,167.3772,S,First,woman,False,nan,Southampton,yes,True
0,3,male,37.2,0,0,28.7017,C,Third,man,True,nan,Cherbourg,no,True
0,3,female,47.6,0,0,13.9127,S,Third,woman,False,nan,Southampton,no,True
1,3,female,0.4,0,0,7.1832,S,Third,child,False,C,Southampton,yes,True
0,3,female,38.2,0,0,17.1194,S,Third,woman,False,nan,Southampton,no,True
0,3,male,10.7,0,0,3.0,Q,Third,child,False,nan,Queenstown,no,True
1,3,female,29.6,2,0,6.5127,S,Third,woman,False,nan,Southampton,yes,False
1,3,female,25.2,0,0,5.0719,S,Third,woman,False,nan,Southampton,yes,True
0,3,female,39.3,0,0,8.0442,Q,Third,woman,False,nan,Queenstown,no,True
0,1,male,33.0,0,0,189.0085,S,First,man,True,nan,Southampton,no,True
1,1,female,49.2,0,5,219.3881,S,First,woman,False,nan,Southampton,yes,False
1,2,female,21.0,1,1,59.6877,Q,Second,woman,False,nan,Queenstown,yes,False
0,2,female,40.0,0,0,40.5438,S,Second,woman,False,C,Southampton,no,True
0,3,male,32.1,0,1,16.5406,S,Third,man,True,nan,Southampton,no,False
0,3,female,6.0,1,0,6.3737,S,Third,child,False,E,Southampton,no,False
1,1,male,16.4,0,1,75.2819,S,First,man,True,nan,Southampton,yes,False
0,1,male,27.5,1,0,74.8156,S,First,man,True,E,Southampton,no,False
0,3,male,45.8,0,0,4.5303,S,Third,man,True,nan,Southampton,no,True
1,1,female,36.4,0,0,70.3575,S,First,woman,False,nan,Southampton,yes,True
0,3,male,12.8,0,0,6.4075,S,Third,child,False,D,Southampton,no,True
0,3,male,27.7,0,0,3.1698,Q,Third,man,True,nan,Queenstown,no,True
0,3,female,59.0,0,0,32.0617,Q,Third,woman,False,nan,Queenstown,no,True
1,1,female,31.3,0,0,121.9906,S,First,woman,False,nan,Southampton,yes,True
1,1,male,25.0,1,0,167.9598,S,First,man,True,B,Southampton,yes,False
1,1,female,36.8,1,0,70.736,Q,First,woman,False,nan,Queenstown,yes,False
0,3,female,40.8,0,0,5.9122,S,Third,woman,False,nan,Southampton,no,True
0,3,male,23.1,0,0,5.5018,S,Third,man,True,nan,Southampton,no,True
0,1,male,37.0,2,0,141.4604,C,First,man,True,D,Cherbourg,no,False
0,3,male,24.9,0,0,14.4867,S,Third,man,True,nan,Southampton,no,True
1,3,male,40.1,0,0,4.2411,S,Third,man,True,nan,Southampton,yes,True
0,1,male,32.2,0,0,139.859,C,First,man,True,nan,Cherbourg,no,True
0,3,female,36.7,1,0,13.0836,C,Third,woman,False,nan,Cherbourg,no,False
0,3,female,18.7,0,1,3.0,S,Third,woman,False,nan,Southampton,no,False
0,2,male,17.8,2,1,18.3534,C,Second,man,True,nan,Cherbourg,no,False
0,2,male,43.4,0,0,18.1365,C,Second,man,True,nan,Cherbourg,no,True
0,3,male,28.5,0,0,20.7758,S,Third,man,True,nan,Southampton,no,True
1,3,male,33.8,0,0,10.3199,S,Third,man,True,nan,Southampton,yes,True
0,3,male,25.3,0,0,16.8709,S,Third,man,True,nan,Southampton,no,True
0,3,female,42.7,0,0,20.3136,C,Third,woman,False,F,Cherbourg,no,True
0,3,female,20.9,2,0,14.336,S,Third,woman,False,nan,Southampton,no,False
1,2,male,27.7,0,0,48.9897,S,Second,man,True,nan,Southampton,yes,True
0,3,female,41.1,1,2,8.9612,S,Third,woman,False,nan,Southampton,no,False
0,3,male,46.7,0,0,35.8671,S,Third,man,True,nan,Southampton,no,True
0,1,female,22.1,0,0,95.4232,Q,First,woman,False,A,Queenstown,no,True
0,3,male,58.1,0,0,8.7152,C,Third,man,True,nan,Cherbourg,no,True
0,3,male,34.2,0,1,5.187,S,Third,man,True,nan,Southampton,no,False
1,2,female,14.6,0,0,39.6405,C,Second,child,False,nan,Cherbourg,yes,True
0,3,male,35.1,1,3,5.8512,S,Third,man,True,nan,Southampton,no,False
0,1,female,24.1,0,1,199.9569,S,First,woman,False,F,Southampton,no,False
0,2,male,36.0,0,0,14.5195,C,Second,man,True,nan,Cherbourg,no,True
0,1,male,29.1,0,0,73.1497,S,First,man,True,nan,Southampton,no,True
0,3,male,30.8,2,0,14.9423,C,Third,man,True,C,Cherbourg,no,False
0,3,male,16.5,1,3,14.2719,S,Third,man,True,nan,Southampton,no,False
0,2,female,44.1,0,2,33.9047,S,Second,woman,False,nan,Southampton,no,False
0,3,male,12.9,0,0,10.4752,S,Third,child,False,nan,Southampton,no,True
1,2,female,13.6,1,0,23.7668,C,Second,child,False,nan,Cherbourg,yes,False
0,3,female,,1,0,9.0797,C,Third,woman,False,nan,Cherbourg,no,False
0,3,female,52.9,0,0,10.828,S,Third,woman,False,nan,Southampton,no,True
0,2,male,24.6,0,1,37.4401,S,Second,man,True,F,Southampton,no,False
0,3,female,39.9,1,0,5.6204,C,Third,woman,False,nan,Cherbourg,no,False
0,2,male,45.3,0,2,32.141,C,Second,man,True,nan,Cherbourg,no,False
0,1,male,41.5,0,0,191.0417,S,First,man,True,nan,Southampton,no,True
0,3,male,25.2,0,0,6.1366,S,Third,man,True,C,Southampton,no,True
0,3,male,13.9,0,0,10.1185,S,Third,child,False,nan,Southampton,no,True
0,2,male,0.4,2,0,52.5687,S,Second,child,False,nan,Southampton,no,False
0,1,male,25.9,0,0,142.6222,S,First,man,True,nan,Southampton,no,True
0,2,male,46.8,1,0,11.3983,S,Second,man,True,D,Southampton,no,False
0,3,male,13.4,0,0,3.7333,S,Third,child,False,nan,Southampton,no,True
0,1,female,39.9,1,0,148.1662,C,First,woman,False,D,Cherbourg,no,False
0,3,male,15.9,0,0,7.4625,C,Third,child,False,nan,Cherbourg,no,True
0,3,male,31.2,0,2,34.6983,S,Third,man,True,nan,Southampton,no,False
0,3,male,40.0,1,0,4.9601,S,Third,man,True,nan,Southampton,no,False
1,2,female,20.1,0,0,51.526,C,Second,woman,False,C,Cherbourg,yes,True
0,2,male,32.2,0,0,21.1492,S,Second,man,True,C,Southampton,no,True
0,1,male,23.7,0,0,30.8257,C,First,man,True,nan,Cherbourg,no,True
0,3,male,39.9,0,0,8.9728,S,Third,man,True,nan,Southampton,no,True
0,2,female,33.1,0,2,44.7249,Q,Second,woman,False,D,Queenstown,no,False
0,2,male,30.5,1,0,49.4102,S,Second,man,True,nan,Southampton,no,False
0,3,female,52.3,0,0,21.6123,S,Third,woman,False,nan,Southampton,no,True
0,2,male,39.3,0,1,67.3135,S,Second,man,True,nan,Southampton,no,False
1,3,male,19.7,0,0,4.393,S,Third,man,True,D,Southampton,yes,True
0,1,male,,0,1,113.0361,S,First,man,True,nan,Southampton,no,False
0,3,male,28.6,1,1,16.2535,S,Third,man,True,nan,Southampton,no,False
0,3,male,30.9,1,0,10.3931,S,Third,man,True,E,Southampton,no,False
0,3,male,,0,0,3.7499,S,Third,man,True,nan,Southampton,no,True
0,3,male,35.1,0,0,21.2362,S,Third,man,True,nan,Southampton,no,True
1,1,female,0.4,0,0,141.4892,S,First,child,False,B,Southampton,yes,True
0,3,male,21.8,0,0,3.0895,Q,Third,man,True,B,Queenstown,no,True
1,3,female,1.7,0,0,3.0,S,Third,child,False,nan,Southampton,yes,True
0,3,male,24.9,0,1,6.1492,C,Third,man,True,nan,Cherbourg,no,False
0,2,male,0.9,0,0,41.8178,S,Second,child,False,nan,Southampton,no,True
0,2,male,17.1,0,0,40.4194,S,Second,man,True,nan,Southampton,no,True
0,1,male,7.6,0,0,65.7445,C,First,child,False,nan,Cherbourg,no,True
0,2,male,35.3,0,0,10.3337,S,Second,man,True,nan,Southampton,no,True
0,1,male,29.7,3,0,70.5868,S,First,man,True,nan,Southampton,no,False
0,3,female,34.1,0,1,3.081,S,Third,woman,False,nan,Southampton,no,False
1,1,female,28.2,0,0,83.1884,S,First,woman,False,E,Southampton,yes,True
0,1,male,9.5,0,1,199.7405,S,First,child,False,nan,Southampton,no,False
0,3,female,37.1,1,0,4.4228,S,Third,woman,False,nan,Southampton,no,False
0,3,female,57.6,0,3,5.4578,S,Third,woman,False,nan,Southampton,no,False
0,3,male,35.6,0,0,10.3996,S,Third,man,True,C,Southampton,no,True
0,3,female,23.5,0,0,10.1142,S,Third,woman,False,nan,Southampton,no,True
1,2,male,9.0,1,0,88.8845,S,Second,child,False,B,Southampton,yes,False
0,3,male,16.5,1,2,10.5523,C,Third,man,True,C,Cherbourg,no,False
0,3,male,36.3,0,0,8.3011,S,Third,man,True,nan,Southampton,no,True
0,1,male,45.3,1,0,152.8549,Q,First,man,True,nan,Queenstown,no,False
0,3,male,33.5,1,0,21.2913,S,Third,man,True,nan,Southampton,no,False
0,3,male,41.3,3,0,3.0,Q,Third,man,True,C,Queenstown,no,False
0,2,female,40.0,2,0,14.5907,S,Second,woman,False,nan,Southampton,no,False
1,2,female,37.0,0,0,113.3737,S,Second,woman,False,nan,Southampton,yes,True
1,1,female,20.2,1,0,108.6823,C,First,woman,False,nan,Cherbourg,yes,False
1,1,female,32.2,0,0,284.586,Q,First,woman,False,A,Queenstown,yes,True
0,2,female,17.4,0,0,23.7356,C,Second,woman,False,C,Cherbourg,no,True
0,3,male,30.0,0,2,3.0,S,Third,man,True,nan,Southampton,no,False
0,1,male,,0,0,36.1177,S,First,man,True,nan,Southampton,no,True
0,3,male,54.0,0,0,6.0047,S,Third,man,True,E,Southampton,no,True
1,3,female,10.7,2,4,3.6417,C,Third,child,False,nan,Cherbourg,yes,False
0,3,male,36.7,0,0,16.1564,C,Third,man,True,nan,Cherbourg,no,True
0,3,female,51.2,0,0,22.6829,S,Third,woman,False,nan,Southampton,no,True
0,1,male,40.7,0,0,92.4363,S,First,man,True,nan,Southampton,no,True
1,3,male,41.8,0,0,10.9246,S,Third,man,True,E,Southampton,yes,True
1,3,female,38.2,2,0,3.6914,S,Third,woman,False,nan,Southampton,yes,False
0,3,male,48.5,1,0,3.5316,C,Third,man,True,nan,Cherbourg,no,False
1,3,male,13.9,0,0,4.1556,Q,Third,child,False,E,Queenstown,yes,True
0,2,male,9.6,2,0,83.3232,C,Second,child,False,nan,Cherbourg,no,False
0,3,male,29.6,0,0,7.0982,C,Third,man,True,C,Cherbourg,no,True
1,1,female,0.4,3,0,146.4878,S,First,child,False,nan,Southampton,yes,False
0,3,male,47.5,0,0,8.2053,S,Third,man,True,nan,Southampton,no,True
0,3,male,47.4,1,2,25.364,S,Third,man,True,nan,Southampton,no,False
0,1,male,23.4,0,3,141.873,S,First,man,True,nan,Southampton,no,False
0,3,female,24.3,2,1,4.102,S,Third,woman,False,E,Southampton,no,False
0,1,male,28.7,0,4,91.1085,S,First,man,True,C,Southampton,no,False
0,2,male,30.5,0,0,10.1904,C,Second,man,True,A,Cherbourg,no,True
0,3,female,31.5,1,1,3.0,C,Third,woman,False,nan,Cherbourg,no,False
0,3,male,37.8,0,0,8.2025,S,Third,man,True,nan,Southampton,no,True
0,3,female,27.2,1,0,13.8187,S,Third,woman,False,E,Southampton,no,False
0,3,male,43.4,1,0,11.4681,S,Third,man,True,nan,Southampton,no,False
0,3,male,36.2,0,1,8.7056,C,Third,man,True,nan,Cherbourg,no,False
0,3,male,20.9,0,0,12.5912,C,Third,man,True,nan,Cherbourg,no,True
0,3,female,49.1,2,0,7.0083,S,Third,woman,False,nan,Southampton,no,False
0,1,female,10.0,1,1,33.8333,S,First,child,False,B,Southampton,no,False
0,3,male,28.4,0,0,14.4355,S,Third,man,True,B,Southampton,no,True
0,1,male,43.7,0,0,63.8695,S,First,man,True,nan,Southampton,no,True
1,3,female,19.2,0,0,17.0454,S,Third,woman,False,C,Southampton,yes,True
0,2,female,34.2,0,0,24.9921,S,Second,woman,False,nan,Southampton,no,True
0,1,female,37.6,0,0,169.9763,S,First,woman,False,C,Southampton,no,True
0,2,male,17.2,1,0,26.8572,S,Second,man,True,nan,Southampton,no,False
0,3,female,28.6,1,1,10.9306,S,Third,woman,False,E,Southampton,no,False
0,2,male,27.4,1,0,53.3844,S,Second,man,True,B,Southampton,no,False
0,1,male,21.7,0,2,110.3246,S,First,man,True,nan,Southampton,no,False
0,3,male,63.1,0,0,11.3662,S,Third,man,True,nan,Southampton,no,True
0,3,female,,1,0,12.0814,S,Third,woman,False,nan,Southampton,no,False
0,2,male,44.3,1,0,32.4214,C,Second,man,True,nan,Cherbourg,no,False
0,1,male,24.0,1,0,100.2879,C,First,man,True,C,Cherbourg,no,False
1,2,female,13.9,0,0,68.0854,S,Second,child,False,A,Southampton,yes,True
0,1,male,31.2,0,1,152.8862,S,First,man,True,nan,Southampton,no,False
0,3,female,39.1,0,0,6.0621,S,Third,woman,False,nan,Southampton,no,True
1,3,female,43.0,0,0,3.0,S,Third,woman,False,E,Southampton,yes,True
0,3,male,52.4,1,0,9.9036,S,Third,man,True,D,Southampton,no,False
0,2,female,72.4,0,0,52.7518,S,Second,woman,False,nan,Southampton,no,True
0,3,female,33.3,2,0,3.5087,S,Third,woman,False,nan,Southampton,no,False
1,3,female,20.1,0,1,7.9756,S,Third,woman,False,nan,Southampton,yes,False
1,3,female,36.3,0,0,18.5671,S,Third,woman,False,nan,Southampton,yes,True
0,3,female,25.8,1,0,4.2565,S,Third,woman,False,nan,Southampton,no,False
0,3,male,43.1,0,0,19.725,S,Third,man,True,B,Southampton,no,True
0,3,male,10.9,1,2,16.0965,S,Third,child,False,E,Southampton,no,False
0,2,female,,1,0,20.9211,S,Second,woman,False,nan,Southampton,no,False
0,3,male,42.1,2,3,4.4527,C,Third,man,True,nan,Cherbourg,no,False
0,3,male,5.3,0,0,3.0,S,Third,child,False,nan,Southampton,no,True
1,3,female,19.4,0,2,16.9959,S,Third,woman,False,nan,Southampton,yes,False
0,1,female,41.5,0,1,118.8984,S,First,woman,False,nan,Southampton,no,False
0,3,male,46.8,1,1,3.0,S,Third,man,True,nan,Southampton,no,False
1,3,female,11.3,0,0,10.5781,C,Third,child,False,nan,Cherbourg,yes,True
1,1,female,40.0,0,0,24.0697,S,First,woman,False,nan,Southampton,yes,True
0,1,male,1.5,0,0,182.1146,C,First,child,False,nan,Cherbourg,no,True
1,3,female,28.4,0,0,21.4603,S,Third,woman,False,nan,Southampton,yes,True
0,3,male,45.8,1,0,3.0,S,Third,man,True,nan,Southampton,no,False
0,3,male,,0,0,3.4474,S,Third,man,True,nan,Southampton,no,True
1,1,male,7.8,0,6,132.639,S,First,child,False,nan,Southampton,yes,False
0,3,male,31.8,0,0,13.022,S,Third,man,True,G,Southampton,no,True
0,1,male,20.9,1,0,114.5741,S,First,man,True,G,Southampton,no,False
0,2,female,38.8,1,0,46.503,S,Second,woman,False,nan,Southampton,no,False
1,1,female,16.9,0,0,71.8736,Q,First,woman,False,nan,Queenstown,yes,True
0,1,male,18.5,0,0,103.5196,Q,First,man,True,nan,Queenstown,no,True
1,1,female,0.4,0,0,93.115,S,First,child,False,nan,Southampton,yes,True
0,2,male,32.2,0,1,110.3386,S,Second,man,True,nan,Southampton,no,False
0,1,male,27.4,0,0,201.4674,S,First,man,True,nan,Southampton,no,True
1,2,female,,0,0,15.1738,Q,Second,woman,False,nan,Queenstown,yes,True
0,3,male,32.5,2,1,16.8434,C,Third,man,True,D,Cherbourg,no,False
0,3,male,44.6,2,0,7.6001,C,Third,man,True,nan,Cherbourg,no,False
0,2,female,26.6,0,2,32.3838,S,Second,woman,False,nan,Southampton,no,False
0,3,male,33.6,0,0,29.6031,S,Third,man,True,nan,Southampton,no,True
1,1,female,33.7,0,0,127.3612,S,First,woman,False,nan,Southampton,yes,True
0,3,male,12.2,0,0,16.2085,S,Third,child,False,nan,Southampton,no,True
0,1,male,59.5,0,2,107.2396,C,First,man,True,B,Cherbourg,no,False
1,1,male,22.9,1,5,62.7245,S,First,man,True,nan,Southampton,yes,False
0,3,male,,0,0,8.3206,S,Third,man,True,C,Southampton,no,True
1,3,male,40.9,1,0,10.5436,C,Third,man,True,nan,Cherbourg,yes,False
0,3,male,27.7,0,0,5.3148,S,Third,man,True,nan,Southampton,no,True
0,3,female,38.5,3,0,8.3486,S,Third,woman,False,nan,Southampton,no,False
1,3,female,33.3,0,0,26.5887,S,Third,woman,False,nan,Southampton,yes,True
0,1,male,9.1,1,0,219.9536,S,First,child,False,B,Southampton,no,False
0,1,male,24.9,0,1,49.2838,C,First,man,True,nan,Cherbourg,no,False
0,1,male,20.8,1,0,49.3239,Q,First,man,True,D,Queenstown,no,False
0,1,female,,0,0,217.6478,C,First,woman,False,nan,Cherbourg,no,True
0,3,female,10.8,0,0,16.2545,S,Third,child,False,E,Southampton,no,True
0,3,male,46.0,0,1,5.4076,S,Third,man,True,nan,Southampton,no,False
0,1,female,52.9,0,0,72.4934,S,First,woman,False,E,Southampton,no,True
0,3,male,43.9,0,0,11.4326,S,Third,man,True,nan,Southampton,no,True
0,3,male,,0,0,4.2509,S,Third,man,True,nan,Southampton,no,True
0,2,male,24.7,0,1,70.3519,S,Second,man,True,nan,Southampton,no,False
0,1,male,20.5,4,0,57.1016,C,First,man,True,nan,Cherbourg,no,False
0,1,male,18.4,0,0,95.6185,S,First,man,True,nan,Southampton,no,True
0,1,male,39.0,1,0,63.544,S,First,man,True,nan,Southampton,no,False
1,1,female,33.0,0,0,138.1775,S,First,woman,False,F,Southampton,yes,True
0,3,male,28.6,0,0,5.116,C,Third,man,True,G,Cherbourg,no,True
0,2,male,48.5,0,0,26.0648,S,Second,man,True,nan,Southampton,no,True
0,2,male,35.6,0,0,27.8889,S,Second,man,True,C,Southampton,no,True
0,3,male,17.5,0,0,3.0,S,Third,man,True,nan,Southampton,no,True
0,3,male,19.8,0,0,6.627,S,Third,man,True,nan,Southampton,no,True
0,3,male,39.6,0,1,20.677,Q,Third,man,True,nan,Queenstown,no,False
0,1,male,44.8,1,0,92.1443,S,First,man,True,nan,Southampton,no,False
0,2,male,,0,1,8.1772,Q,Second,man,True,nan,Queenstown,no,False
0,3,male,57.2,1,0,11.3916,Q,Third,man,True,C,Queenstown,no,False
0,1,male,53.4,3,0,42.0323,S,First,man,True,nan,Southampton,no,False
0,1,female,36.1,0,0,93.0703,S,First,woman,False,nan,Southampton,no,True
0,3,female,17.5,1,0,5.1613,S,Third,woman,False,nan,Southampton,no,False
0,3,male,10.7,0,0,3.0,S,Third,child,False,A,Southampton,no,True
0,2,male,24.1,1,0,65.1429,S,Second,man,True,C,Southampton,no,False
0,3,male,40.6,0,0,3.0,C,Third,man,True,nan,Cherbourg,no,True
0,2,male,56.2,0,0,9.1832,S,Second,man,True,C,Southampton,no,True
0,1,male,35.8,0,1,120.7548,C,First,man,True,nan,Cherbourg,no,False
0,2,male,46.6,1,0,45.3203,S,Second,man,True,E,Southampton,no,False
0,1,male,26.1,2,0,76.9714,S,First,man,True,nan,Southampton,no,False
0,1,female,38.7,0,0,117.1597,S,First,woman,False,nan,Southampton,no,True
0,3,male,41.6,0,0,9.9225,Q,Third,man,True,nan,Queenstown,no,True
0,3,male,1.0,1,1,13.9838,S,Third,child,False,B,Southampton,no,False
0,3,male,23.7,1,0,4.2178,S,Third,man,True,nan,Southampton,no,False
0,2,female,43.5,0,0,10.7345,S,Second,woman,False,nan,Southampton,no,True
1,2,female,33.7,0,1,70.2504,S,Second,woman,False,G,Southampton,yes,False
1,1,male,12.4,1,0,109.0914,S,First,child,False,nan,Southampton,yes,False
1,1,female,0.4,1,0,135.0773,S,First,child,False,nan,Southampton,yes,False
0,1,male,24.4,0,1,150.9179,S,First,man,True,nan,Southampton,no,False
0,3,female,28.7,1,0,4.8495,S,Third,woman,False,nan,Southampton,no,False
1,3,female,,0,0,3.0,S,Third,woman,False,nan,Southampton,yes,True
0,3,male,31.8,2,0,11.7761,C,Third,man,True,nan,Cherbourg,no,False
1,3,female,37.0,0,1,19.5899,S,Third,woman,False,nan,Southampton,yes,False
0,3,male,,0,0,12.1643,S,Third,man,True,nan,Southampton,no,True
0,1,male,0.4,1,0,66.2517,S,First,child,False,nan,Southampton,no,False
1,2,male,10.6,0,0,28.3852,C,Second,child,False,nan,Cherbourg,yes,True
0,2,female,25.3,1,0,28.8165,S,Second,woman,False,nan,Southampton,no,False
0,3,male,38.0,1,0,11.0134,Q,Third,man,True,nan,Queenstown,no,False
0,3,male,36.8,2,0,14.0727,S,Third,man,True,nan,Southampton,no,False
0,2,female,36.5,0,0,42.3549,S,Second,woman,False,nan,Southampton,no,True
0,3,male,24.1,1,0,5.5754,S,Third,man,True,nan,Southampton,no,False
0,3,male,24.9,1,0,7.547,S,Third,man,True,nan,Southampton,no,False
0,1,male,,1,0,145.3588,S,First,man,True,nan,Southampton,no,False
0,2,male,40.8,0,1,28.9073,C,Second,man,True,nan,Cherbourg,no,False
0,2,male,16.4,0,0,13.7828,S,Second,man,True,nan,Southampton,no,True
0,3,male,42.0,0,0,8.7406,S,Third,man,True,nan,Southampton,no,True
0,1,female,32.7,0,0,133.4811,S,First,woman,False,nan,Southampton,no,True
0,3,female,29.0,1,0,9.5946,C,Third,woman,False,nan,Cherbourg,no,False
0,2,male,20.2,0,0,42.0172,S,Second,man,True,nan,Southampton,no,True
0,3,male,10.0,1,0,8.3522,S,Third,child,False,nan,Southampton,no,False
0,2,male,20.3,0,0,95.1031,S,Second,man,True,E,Southampton,no,True
0,3,male,24.9,0,0,9.4783,S,Third,man,True,nan,Southampton,no,True
0,3,male,0.4,0,1,3.0,S,Third,child,False,nan,Southampton,no,False
0,3,male,26.8,0,0,22.4877,S,Third,man,True,G,Southampton,no,True
0,3,female,43.1,0,0,8.5939,Q,Third,woman,False,D,Queenstown,no,True
0,1,male,37.9,0,0,127.1751,S,First,man,True,G,Southampton,no,True
0,3,male,22.5,1,0,24.0959,Q,Third,man,True,nan,Queenstown,no,False
0,1,female,30.4,0,2,144.2398,S,First,woman,False,C,Southampton,no,False
1,2,female,21.6,4,2,51.8914,Q,Second,woman,False,nan,Queenstown,yes,False
0,3,male,31.9,2,0,9.3118,S,Third,man,True,nan,Southampton,no,False
0,2,female,52.0,0,0,19.0686,S,Second,woman,False,nan,Southampton,no,True
0,3,male,43.7,1,0,15.1486,C,Third,man,True,nan,Cherbourg,no,False
0,3,female,37.3,1,2,20.6049,S,Third,woman,False,nan,Southampton,no,False
0,1,male,22.6,0,0,82.6527,S,First,man,True,D,Southampton,no,True
0,3,female,40.6,0,0,3.0,S,Third,woman,False,nan,Southampton,no,True
0,2,female,5.2,1,0,32.9946,S,Second,child,False,E,Southampton,no,False
1,1,female,26.0,2,0,80.8224,S,First,woman,False,nan,Southampton,yes,False
0,1,female,38.2,0,0,95.986,S,First,woman,False,nan,Southampton,no,True
0,3,male,40.4,0,0,6.2156,C,Third,man,True,nan,Cherbourg,no,True
0,3,male,39.4,0,0,11.4424,S,Third,man,True,D,Southampton,no,True
0,3,male,34.0,0,0,19.2985,C,Third,man,True,nan,Cherbourg,no,True
0,3,female,26.9,0,0,5.2719,S,Third,woman,False,D,Southampton,no,True
0,1,female,37.5,1,0,31.4027,S,First,woman,False,nan,Southampton,no,False
0,2,male,15.9,0,1,60.3888,C,Second,child,False,nan,Cherbourg,no,False
0,3,female,17.5,0,0,18.2356,S,Third,woman,False,nan,Southampton,no,True
1,3,female,30.6,1,0,8.3622,S,Third,woman,False,nan,Southampton,yes,False
0,2,female,32.2,0,0,48.1187,S,Second,woman,False,nan,Southampton,no,True
1,2,female,3.2,0,0,23.7326,S,Second,child,False,nan,Southampton,yes,True
0,3,male,36.3,1,0,3.0,S,Third,man,True,nan,Southampton,no,False
0,3,male,40.9,2,0,8.3695,C,Third,man,True,nan,Cherbourg,no,False
0,1,male,28.6,1,0,127.3992,S,First,man,True,A,Southampton,no,False
0,3,male,64.1,0,0,24.4591,C,Third,man,True,nan,Cherbourg,no,True
1,3,male,19.8,0,0,3.0,C,Third,man,True,F,Cherbourg,yes,True
0,3,female,24.5,0,0,12.517,Q,Third,woman,False,D,Queenstown,no,True
1,1,female,24.0,1,0,99.5035,S,First,woman,False,nan,Southampton,yes,False
0,3,male,28.6,0,0,14.1521,S,Third,man,True,nan,Southampton,no,True
0,1,male,24.9,2,0,155.6223,S,First,man,True,nan,Southampton,no,False
0,2,male,9.3,3,0,17.8986,C,Second,child,False,nan,Cherbourg,no,False
0,3,male,21.8,0,1,8.378,S,Third,man,True,nan,Southampton,no,False
0,3,male,28.3,3,0,26.1034,C,Third,man,True,nan,Cherbourg,no,False
0,2,male,47.5,2,0,60.9798,S,Second,man,True,nan,Southampton,no,False
0,3,male,61.6,0,2,22.0991,S,Third,man,True,C,Southampton,no,False
0,3,male,49.1,0,0,4.151,S,Third,man,True,nan,Southampton,no,True
0,3,male,18.5,1,1,12.8899,S,Third,man,True,nan,Southampton,no,False
0,3,male,19.6,0,0,7.9793,C,Third,man,True,nan,Cherbourg,no,True
0,3,male,27.4,0,0,3.3853,S,Third,man,True,nan,Southampton,no,True
0,3,male,55.6,0,0,4.1109,S,Third,man,True,nan,Southampton,no,True
0,1,male,27.3,0,1,33.6458,S,First,man,True,nan,Southampton,no,False
0,2,female,10.5,2,0,28.0593,C,Second,child,False,nan,Cherbourg,no,False
0,2,male,,0,0,14.9067,C,Second,man,True,A,Cherbourg,no,True
0,3,male,40.7,1,0,21.3812,S,Third,man,True,nan,Southampton,no,False
0,3,female,39.7,0,0,9.6425,C,Third,woman,False,nan,Cherbourg,no,True
0,2,male,26.8,1,1,38.3706,S,Second,man,True,E,Southampton,no,False
0,1,female,39.6,1,0,216.3448,S,First,woman,False,nan,Southampton,no,False
0,3,male,0.4,0,0,3.9164,S,Third,child,False,nan,Southampton,no,True
0,2,male,31.2,0,0,22.8923,S,Second,man,True,nan,Southampton,no,True
0,3,male,42.2,1,0,19.334,S,Third,man,True,nan,Southampton,no,False
0,1,male,17.6,0,0,94.0078,S,First,man,True,nan,Southampton,no,True
0,3,male,17.6,1,0,13.7927,S,Third,man,True,nan,Southampton,no,False
0,3,male,2.6,0,0,5.9535,S,Third,child,False,C,Southampton,no,True
0,1,male,52.8,0,3,94.7038,S,First,man,True,nan,Southampton,no,False
0,3,male,19.3,2,0,20.3136,Q,Third,man,True,nan,Queenstown,no,False
0,1,male,33.2,0,1,56.6102,S,First,man,True,C,Southampton,no,False
0,3,female,38.5,0,1,4.8498,S,Third,woman,False,nan,Southampton,no,False
0,3,male,51.6,0,0,3.4058,S,Third,man,True,nan,Southampton,no,True
0,2,male,27.5,0,2,81.8294,S,Second,man,True,C,Southampton,no,False
0,3,male,21.9,1,0,9.6588,S,Third,man,True,C,Southampton,no,False
0,3,female,32.2,0,1,3.0,S,Third,woman,False,E,Southampton,no,False
0,1,male,48.3,1,0,168.565,S,First,man,True,D,Southampton,no,False
1,1,male,27.2,1,1,116.4528,C,First,man,True,nan,Cherbourg,yes,False
0,3,male,15.9,0,0,22.176,C,Third,child,False,nan,Cherbourg,no,True
0,3,male,7.4,0,1,6.4387,S,Third,child,False,nan,Southampton,no,False
0,3,female,12.0,3,1,5.2244,S,Third,child,False,nan,Southampton,no,False
0,3,female,42.2,2,0,6.845,S,Third,woman,False,C,Southampton,no,False
0,3,male,25.1,0,0,21.8257,S,Third,man,True,nan,Southampton,no,True
0,2,male,20.9,1,1,7.2482,S,Second,man,True,nan,Southampton,no,False
1,3,female,19.3,0,0,10.6546,S,Third,woman,False,D,Southampton,yes,True
0,3,male,30.9,0,0,19.2794,C,Third,man,True,E,Cherbourg,no,True
0,3,female,26.2,1,0,6.8041,C,Third,woman,False,nan,Cherbourg,no,False
0,1,female,25.7,0,0,71.5143,S,First,woman,False,nan,Southampton,no,True
0,2,male,49.3,0,0,26.5277,S,Second,man,True,nan,Southampton,no,True
0,1,female,52.0,1,0,183.0528,S,First,woman,False,E,Southampton,no,False
1,2,male,6.4,2,0,41.8847,S,Second,child,False,C,Southampton,yes,False
0,2,female,34.5,2,0,17.2839,S,Second,woman,False,nan,Southampton,no,False
0,3,male,18.4,0,0,4.417,C,Third,man,True,nan,Cherbourg,no,True
0,3,male,26.1,0,0,3.7561,C,Third,man,True,C,Cherbourg,no,True
0,2,male,34.2,0,0,17.7288,S,Second,man,True,nan,Southampton,no,True
0,3,female,26.6,1,0,8.9129,S,Third,woman,False,E,Southampton,no,False
0,1,male,33.0,2,0,153.0116,S,First,man,True,nan,Southampton,no,False
0,1,male,39.5,1,2,42.8964,S,First,man,True,nan,Southampton,no,False
0,1,male,34.0,1,0,29.2054,S,First,man,True,nan,Southampton,no,False
0,3,male,20.3,0,0,12.4384,S,Third,man,True,nan,Southampton,no,True
0,1,male,20.6,0,0,73.8293,C,First,man,True,nan,Cherbourg,no,True
0,2,male,8.8,0,0,12.7734,S,Second,child,False,nan,Southampton,no,True
0,2,male,17.3,1,0,6.5439,C,Second,man,True,nan,Cherbourg,no,False
0,3,male,58.1,0,2,10.6516,S,Third,man,True,nan,Southampton,no,False
0,1,male,18.2,0,0,109.0097,S,First,man,True,nan,Southampton,no,True
0,3,male,12.4,0,0,38.2771,C,Third,child,False,F,Cherbourg,no,True
0,3,male,34.3,0,4,20.9659,S,Third,man,True,nan,Southampton,no,False
0,3,female,28.1,1,0,5.1381,Q,Third,woman,False,nan,Queenstown,no,False
0,3,male,26.9,0,2,4.7984,S,Third,man,True,nan,Southampton,no,False
0,1,female,50.1,1,2,122.5646,S,First,woman,False,nan,Southampton,no,False
1,1,female,37.7,0,2,223.5885,C,First,woman,False,nan,Cherbourg,yes,False
0,3,male,,0,1,16.2907,Q,Third,man,True,nan,Queenstown,no,False
0,3,male,,0,0,16.4327,S,Third,man,True,nan,Southampton,no,True
1,3,female,22.4,2,0,9.0817,C,Third,woman,False,nan,Cherbourg,yes,False
0,3,male,42.4,0,0,3.0,Q,Third,man,True,nan,Queenstown,no,True
0,3,male,25.2,0,3,20.8563,S,Third,man,True,C,Southampton,no,False
1,3,female,3.7,0,0,6.6437,S,Third,child,False,nan,Southampton,yes,True
0,3,male,29.0,0,0,3.1381,S,Third,man,True,nan,Southampton,no,True
0,3,female,,0,1,6.1705,Q,Third,woman,False,nan,Queenstown,no,False
0,2,male,,0,0,30.6416,S,Second,man,True,B,Southampton,no,True
1,3,female,15.7,4,0,14.8622,S,Third,child,False,C,Southampton,yes,False
0,1,male,27.4,1,2,153.3599,S,First,man,True,C,Southampton,no,False
0,1,male,33.4,0,0,169.8452,Q,First,man,True,nan,Queenstown,no,True
0,3,male,25.5,1,0,6.61,S,Third,man,True,nan,Southampton,no,False
0,2,male,25.5,1,0,28.3193,S,Second,man,True,nan,Southampton,no,False
1,1,female,35.8,1,0,77.8596,S,First,woman,False,E,Southampton,yes,False
0,1,male,51.8,0,0,95.2509,S,First,man,True,C,Southampton,no,True
1,3,female,40.8,0,0,3.0,S,Third,woman,False,nan,Southampton,yes,True
0,3,male,51.1,1,0,8.5102,S,Third,man,True,nan,Southampton,no,False
0,3,male,14.5,1,0,5.8105,S,Third,child,False,F,Southampton,no,False
0,1,male,34.3,0,0,124.3922,S,First,man,True,nan,Southampton,no,True
0,3,male,32.0,0,0,38.6486,Q,Third,man,True,nan,Queenstown,no,True
0,3,male,34.8,0,0,20.8344,S,Third,man,True,nan,Southampton,no,True
0,2,male,49.7,0,0,16.2499,C,Second,man,True,C,Cherbourg,no,True
0,2,female,26.5,0,0,80.0256,C,Second,woman,False,nan,Cherbourg,no,True
1,1,female,23.8,0,0,148.6504,S,First,woman,False,nan,Southampton,yes,True
0,3,male,37.4,0,0,14.6618,S,Third,man,True,nan,Southampton,no,True
1,3,male,3.9,0,0,13.4781,S,Third,child,False,B,Southampton,yes,True
0,3,male,26.3,0,0,3.1054,S,Third,man,True,D,Southampton,no,True
0,2,male,27.8,0,0,30.8065,C,Second,man,True,nan,Cherbourg,no,True
0,3,male,16.4,0,0,18.0034,C,Third,man,True,nan,Cherbourg,no,True
0,3,male,45.0,0,1,3.0,S,Third,man,True,E,Southampton,no,False
1,3,female,14.3,0,0,4.7662,S,Third,child,False,nan,Southampton,yes,True
0,3,female,,0,2,3.0,S,Third,woman,False,nan,Southampton,no,False
0,2,male,34.0,0,0,20.5307,S,Second,man,True,nan,Southampton,no,True
0,1,male,49.3,0,0,218.7456,Q,First,man,True,nan,Queenstown,no,True
0,3,male,29.5,0,0,3.902,S,Third,man,True,C,Southampton,no,True
0,3,female,43.3,0,0,8.2237,S,Third,woman,False,nan,Southampton,no,True
0,3,male,39.9,1,0,24.7371,S,Third,man,True,B,Southampton,no,False
0,1,male,31.5,0,0,74.1578,S,First,man,True,nan,Southampton,no,True
0,3,female,13.9,1,0,6.7878,S,Third,child,False,nan,Southampton,no,False
0,2,male,,0,0,66.6454,S,Second,man,True,E,Southampton,no,True
0,2,male,,1,0,22.9788,S,Second,man,True,nan,Southampton,no,False
0,3,male,21.8,0,0,10.2213,S,Third,man,True,nan,Southampton,no,True
0,3,male,43.0,0,1,10.342,C,Third,man,True,nan,Cherbourg,no,False
0,1,male,40.5,0,2,148.9428,Q,First,man,True,nan,Queenstown,no,False
0,2,male,27.0,2,0,67.2547,S,Second,man,True,nan,Southampton,no,False
0,2,male,12.9,0,1,32.7028,S,Second,child,False,nan,Southampton,no,False
0,1,male,37.1,1,4,264.375,S,First,man,True,nan,Southampton,no,False
1,3,female,14.9,0,0,12.4717,S,Third,child,False,nan,Southampton,yes,True
0,3,male,18.7,1,2,9.7394,S,Third,man,True,nan,Southampton,no,False
0,2,male,15.5,1,0,46.5873,C,Second,child,False,nan,Cherbourg,no,False
1,3,female,27.7,4,0,17.0426,S,Third,woman,False,nan,Southampton,yes,False
0,3,female,46.7,1,0,8.1699,S,Third,woman,False,nan,Southampton,no,False
1,3,female,29.6,0,1,9.6881,Q,Third,woman,False,C,Queenstown,yes,False
1,1,male,23.3,0,1,92.6774,S,First,man,True,nan,Southampton,yes,False
0,3,male,7.6,0,0,18.56,S,Third,child,False,nan,Southampton,no,True
0,2,female,37.7,0,0,23.7709,S,Second,woman,False,nan,Southampton,no,True
0,2,female,18.4,0,1,5.8648,S,Second,woman,False,nan,Southampton,no,False
0,1,male,31.4,0,1,57.6117,Q,First,man,True,nan,Queenstown,no,False
1,3,female,24.6,1,0,15.6772,C,Third,woman,False,nan,Cherbourg,yes,False
0,1,male,41.9,0,1,27.5518,S,First,man,True,nan,Southampton,no,False
0,2,female,27.4,0,0,22.4077,S,Second,woman,False,G,Southampton,no,True
0,2,female,28.8,0,0,119.2066,S,Second,woman,False,F,Southampton,no,True
0,3,female,36.7,1,0,15.8217,S,Third,woman,False,nan,Southampton,no,False
0,3,female,60.3,0,0,6.8269,S,Third,woman,False,D,Southampton,no,True
0,2,female,42.6,0,0,21.496,S,Second,woman,False,nan,Southampton,no,True
0,3,male,28.4,3,0,23.281,S,Third,man,True,nan,Southampton,no,False
0,3,male,29.7,0,0,16.9541,S,Third,man,True,B,Southampton,no,True
0,3,male,22.1,1,0,7.3728,S,Third,man,True,E,Southampton,no,False
0,1,male,15.9,1,1,117.4953,S,First,child,False,nan,Southampton,no,False
0,3,female,21.7,0,5,14.9721,S,Third,woman,False,nan,Southampton,no,False
0,3,male,18.5,4,1,19.9422,Q,Third,man,True,nan,Queenstown,no,False
0,3,male,39.2,1,0,5.9163,S,Third,man,True,nan,Southampton,no,False
0,2,male,14.2,0,0,18.8867,S,Second,child,False,nan,Southampton,no,True
0,3,female,49.0,0,0,15.0645,S,Third,woman,False,nan,Southampton,no,True
0,3,male,40.6,0,0,20.5426,S,Third,man,True,E,Southampton,no,True
0,3,male,30.0,1,2,3.0,S,Third,man,True,D,Southampton,no,False
0,1,male,29.7,0,0,77.1461,S,First,man,True,nan,Southampton,no,True
0,2,female,21.6,1,2,35.1224,S,Second,woman,False,D,Southampton,no,False
0,3,male,33.6,0,0,3.7789,S,Third,man,True,nan,Southampton,no,True
0,3,female,45.5,1,0,13.3591,S,Third,woman,False,nan,Southampton,no,False
0,1,male,19.5,1,0,118.0127,S,First,man,True,G,Southampton,no,False
1,3,male,7.5,0,1,3.0,S,Third,child,False,nan,Southampton,yes,False
0,2,female,39.9,0,0,43.4838,S,Second,woman,False,nan,Southampton,no,True
0,3,male,34.4,1,0,4.781,C,Third,man,True,nan,Cherbourg,no,False
0,3,male,13.5,0,0,3.0,Q,Third,child,False,E,Queenstown,no,True
0,3,male,19.1,1,2,7.4378,S,Third,man,True,E,Southampton,no,False
0,3,male,17.2,0,0,7.1085,S,Third,man,True,nan,Southampton,no,True
0,2,male,19.2,1,0,37.1283,S,Second,man,True,nan,Southampton,no,False
0,3,male,25.0,1,0,14.1089,S,Third,man,True,nan,Southampton,no,False
0,1,male,,0,1,135.2084,S,First,man,True,nan,Southampton,no,False
0,3,male,20.3,1,0,10.973,S,Third,man,True,nan,Southampton,no,False
0,3,female,18.7,0,2,16.2218,S,Third,woman,False,nan,Southampton,no,False
0,3,female,26.4,2,0,9.806,S,Third,woman,False,F,Southampton,no,False
0,2,male,32.1,0,0,39.0604,S,Second,man,True,nan,Southampton,no,True
0,3,male,25.1,0,0,3.549,S,Third,man,True,nan,Southampton,no,True
0,1,male,46.5,1,0,142.9196,S,First,man,True,nan,Southampton,no,False
0,1,male,37.1,1,0,124.8049,C,First,man,True,nan,Cherbourg,no,False
0,3,male,6.6,0,6,3.0,S,Third,child,False,C,Southampton,no,False
0,3,male,37.3,2,0,15.1354,S,Third,man,True,nan,Southampton,no,False
1,3,male,38.5,0,0,3.4934,Q,Third,man,True,nan,Queenstown,yes,True
0,2,male,23.4,3,0,33.9771,S,Second,man,True,D,Southampton,no,False
0,1,male,8.0,0,0,33.5722,Q,First,child,False,nan,Queenstown,no,True
0,3,female,29.8,0,0,7.3786,S,Third,woman,False,nan,Southampton,no,True
0,3,male,29.6,0,0,6.5385,S,Third,man,True,nan,Southampton,no,True
0,1,male,13.4,3,0,86.8254,S,First,child,False,nan,Southampton,no,False
0,3,female,8.7,0,0,13.8657,Q,Third,child,False,nan,Queenstown,no,True
0,3,male,28.4,2,0,4.0437,S,Third,man,True,nan,Southampton,no,False
0,3,male,26.3,1,1,17.6605,C,Third,man,True,nan,Cherbourg,no,False
0,3,male,23.6,0,0,8.9918,S,Third,man,True,nan,Southampton,no,True
0,3,male,28.5,0,0,3.8417,C,Third,man,True,E,Cherbourg,no,True
0,3,male,13.7,0,0,18.2384,S,Third,child,False,C,Southampton,no,True
0,3,female,23.4,0,0,3.0,C,Third,woman,False,nan,Cherbourg,no,True
0,1,male,,0,0,128.1638,S,First,man,True,nan,Southampton,no,True
0,3,male,24.6,2,0,26.497,C,Third,man,True,nan,Cherbourg,no,False
0,3,female,,0,0,19.8555,S,Third,woman,False,nan,Southampton,no,True
0,3,female,22.8,2,0,21.8902,S,Third,woman,False,nan,Southampton,no,False
0,2,male,14.2,0,0,76.5397,Q,Second,child,False,nan,Queenstown,no,True
0,3,female,33.6,0,0,18.4205,S,Third,woman,False,nan,Southampton,no,True
0,3,male,34.3,0,0,6.9672,S,Third,man,True,nan,Southampton,no,True
0,1,male,,1,1,81.8254,S,First,man,True,E,Southampton,no,False
0,2,male,40.7,0,0,68.2979,S,Second,man,True,D,Southampton,no,True
0,3,male,13.6,2,1,5.3429,S,Third,child,False,nan,Southampton,no,False
0,1,female,52.3,0,0,116.0252,S,First,woman,False,nan,Southampton,no,True
0,3,male,29.0,2,0,19.8628,C,Third,man,True,nan,Cherbourg,no,False
0,3,male,11.6,1,0,3.4325,S,Third,child,False,nan,Southampton,no,False
0,3,male,,1,0,3.4494,S,Third,man,True,nan,Southampton,no,False
0,2,male,34.7,0,4,41.6765,S,Second,man,True,nan,Southampton,no,False
0,2,male,24.0,0,0,67.1727,S,Second,man,True,nan,Southampton,no,True
0,3,male,28.3,1,0,10.0937,S,Third,man,True,E,Southampton,no,False
0,2,female,53.1,0,2,40.939,S,Second,woman,False,C,Southampton,no,False
0,3,male,19.6,1,0,5.1466,S,Third,man,True,nan,Southampton,no,False
0,2,male,30.6,1,0,37.018,S,Second,man,True,nan,Southampton,no,False
0,1,male,50.3,0,0,140.1413,C,First,man,True,nan,Cherbourg,no,True
0,1,male,33.6,0,2,130.6865,S,First,man,True,A,Southampton,no,False
0,3,male,6.4,0,0,13.3489,Q,Third,child,False,nan,Queenstown,no,True
0,3,female,37.0,0,0,14.9561,S,Third,woman,False,nan,Southampton,no,True
0,2,female,12.8,1,0,38.828,S,Second,child,False,nan,Southampton,no,False
0,2,male,50.1,1,0,23.4006,S,Second,man,True,E,Southampton,no,False
0,2,male,17.8,0,0,57.6234,S,Second,man,True,nan,Southampton,no,True
1,3,female,72.8,1,0,5.494,C,Third,woman,False,nan,Cherbourg,yes,False
0,2,male,51.0,0,0,73.0946,C,Second,man,True,B,Cherbourg,no,True
0,3,male,18.1,0,0,4.6023,S,Third,man,True,A,Southampton,no,True
0,3,male,30.0,0,1,28.5852,S,Third,man,True,nan,Southampton,no,False
1,3,female,40.6,2,0,8.7647,Q,Third,woman,False,D,Queenstown,yes,False
0,1,male,41.1,3,0,145.0366,C,First,man,True,nan,Cherbourg,no,False
0,3,female,36.1,0,0,11.9971,S,Third,woman,False,C,Southampton,no,True
0,2,female,47.9,0,0,60.0189,S,Second,woman,False,nan,Southampton,no,True
0,1,male,27.9,0,1,76.913,Q,First,man,True,nan,Queenstown,no,False
0,3,female,24.4,1,0,10.425,C,Third,woman,False,nan,Cherbourg,no,False
0,3,female,24.7,0,0,12.1594,S,Third,woman,False,D,Southampton,no,True
0,2,male,42.1,0,0,39.3538,S,Second,man,True,nan,Southampton,no,True
0,2,male,35.0,1,0,43.5896,S,Second,man,True,nan,Southampton,no,False
0,3,male,33.9,0,0,3.0,S,Third,man,True,nan,Southampton,no,True
0,1,male,41.2,0,0,208.0952,S,First,man,True,G,Southampton,no,True
0,3,male,0.4,0,0,14.6745,C,Third,child,False,nan,Cherbourg,no,True
0,3,male,34.2,1,0,12.863,C,Third,man,True,D,Cherbourg,no,False
0,2,male,32.9,3,0,54.2945,S,Second,man,True,nan,Southampton,no,False
0,3,female,53.9,0,2,3.0,C,Third,woman,False,nan,Cherbourg,no,False
0,2,male,7.5,0,0,44.3889,S,Second,child,False,A,Southampton,no,True
0,3,male,52.3,0,0,11.4836,C,Third,man,True,nan,Cherbourg,no,True
0,3,male,30.8,0,0,11.5488,S,Third,man,True,B,Southampton,no,True
0,2,male,36.8,0,0,22.9534,S,Second,man,True,nan,Southampton,no,True
0,3,male,54.0,0,1,3.0672,S,Third,man,True,nan,Southampton,no,False
0,3,male,37.8,0,0,9.6146,S,Third,man,True,nan,Southampton,no,True
0,2,male,35.5,1,0,27.1104,S,Second,man,True,nan,Southampton,no,False
0,3,female,33.2,0,2,3.0,S,Third,woman,False,nan,Southampton,no,False
0,2,female,22.7,4,2,10.5283,S,Second,woman,False,nan,Southampton,no,False
0,1,male,29.3,0,0,83.5971,S,First,man,True,nan,Southampton,no,True
1,1,female,19.3,0,0,134.9121,S,First,woman,False,nan,Southampton,yes,True
0,2,female,29.1,0,0,34.5818,S,Second,woman,False,nan,Southampton,no,True
0,1,male,0.4,0,0,82.2126,C,First,child,False,C,Cherbourg,no,True
0,1,female,35.9,2,0,95.1167,S,First,woman,False,C,Southampton,no,False
0,3,female,27.9,1,0,25.3963,S,Third,woman,False,nan,Southampton,no,False
0,3,male,24.8,0,1,30.0658,C,Third,man,True,nan,Cherbourg,no,False
0,3,male,32.9,1,0,21.9195,S,Third,man,True,E,Southampton,no,False
0,1,male,8.9,2,0,113.2317,C,First,child,False,nan,Cherbourg,no,False
0,1,male,57.7,0,0,114.498,S,First,man,True,nan,Southampton,no,True
1,1,female,28.2,0,0,164.3079,C,First,woman,False,nan,Cherbourg,yes,True
0,3,male,27.6,0,0,7.2901,S,Third,man,True,E,Southampton,no,True
0,3,female,15.7,1,0,10.2752,S,Third,child,False,B,Southampton,no,False
0,2,female,30.0,0,1,34.2084,S,Second,woman,False,nan,Southampton,no,False
0,1,male,49.8,0,1,121.5616,C,First,man,True,nan,Cherbourg,no,False
0,3,female,44.7,0,0,4.4617,C,Third,woman,False,B,Cherbourg,no,True
0,2,male,42.1,0,0,35.2097,S,Second,man,True,nan,Southampton,no,True
0,2,male,37.6,1,1,23.9058,Q,Second,man,True,nan,Queenstown,no,False
0,3,male,24.5,0,0,9.1741,Q,Third,man,True,B,Queenstown,no,True
0,3,male,8.7,0,3,4.7535,S,Third,child,False,nan,Southampton,no,False
0,1,male,26.8,2,0,107.2567,S,First,man,True,F,Southampton,no,False
0,1,female,26.3,0,0,104.6103,S,First,woman,False,nan,Southampton,no,True
0,3,female,44.9,0,0,6.9577,Q,Third,woman,False,nan,Queenstown,no,True
0,1,male,34.2,1,0,50.9728,S,First,man,True,nan,Southampton,no,False
0,1,female,53.1,1,0,133.7298,Q,First,woman,False,nan,Queenstown,no,False
1,1,female,47.1,0,1,170.5061,S,First,woman,False,D,Southampton,yes,False
0,1,male,23.1,0,0,235.7255,Q,First,man,True,nan,Queenstown,no,True
0,2,male,3.7,1,0,26.0166,S,Second,child,False,nan,Southampton,no,False
1,3,female,49.8,0,0,8.1912,S,Third,woman,False,B,Southampton,yes,True
0,2,male,49.4,1,0,10.2347,S,Second,man,True,E,Southampton,no,False
1,2,male,9.9,1,0,18.38,C,Second,child,False,nan,Cherbourg,yes,False
0,3,male,51.6,0,0,13.9708,S,Third,man,True,nan,Southampton,no,True
0,3,female,35.2,1,0,8.3698,S,Third,woman,False,nan,Southampton,no,False
0,3,male,,0,0,29.8712,S,Third,man,True,nan,Southampton,no,True
0,3,male,53.1,1,0,4.0821,S,Third,man,True,G,Southampton,no,False
1,1,male,49.2,1,0,127.7522,S,First,man,True,nan,Southampton,yes,False
1,3,female,39.1,0,0,19.4548,C,Third,woman,False,nan,Cherbourg,yes,True
0,3,male,36.6,0,0,15.224,Q,Third,man,True,nan,Queenstown,no,True
0,3,male,38.6,0,0,15.8528,S,Third,man,True,nan,Southampton,no,True
1,3,female,23.9,0,0,3.0,S,Third,woman,False,E,Southampton,yes,True
0,3,male,28.9,0,1,15.4811,S,Third,man,True,E,Southampton,no,False
0,3,female,16.6,1,0,7.5492,S,Third,woman,False,nan,Southampton,no,False
0,2,female,24.9,0,0,19.5734,C,Second,woman,False,nan,Cherbourg,no,True
1,3,female,24.4,0,0,3.1454,S,Third,woman,False,nan,Southampton,yes,True
0,3,male,20.5,1,0,3.0,S,Third,man,True,nan,Southampton,no,False
0,3,male,,0,0,4.5256,S,Third,man,True,nan,Southampton,no,True
1,1,female,25.0,1,0,237.9917,S,First,woman,False,nan,Southampton,yes,False
1,3,female,37.0,0,0,8.5418,S,Third,woman,False,nan,Southampton,yes,True
0,2,male,6.2,0,2,8.313,C,Second,child,False,nan,Cherbourg,no,False
0,1,female,28.1,0,0,82.314,S,First,woman,False,D,Southampton,no,True
0,2,male,31.6,1,0,18.2316,S,Second,man,True,nan,Southampton,no,False
0,1,male,25.2,0,1,182.2046,Q,First,man,True,nan,Queenstown,no,False
0,3,male,27.2,0,0,18.9765,S,Third,man,True,nan,Southampton,no,True
1,2,female,6.7,0,3,67.7935,C,Second,child,False,nan,Cherbourg,yes,False
0,3,male,34.9,1,1,10.327,Q,Third,man,True,C,Queenstown,no,False
0,1,male,39.1,0,2,108.9888,Q,First,man,True,nan,Queenstown,no,False
0,2,female,36.9,1,0,25.0558,S,Second,woman,False,nan,Southampton,no,False
0,2,male,44.8,1,0,37.7344,S,Second,man,True,nan,Southampton,no,False
0,1,male,32.6,0,1,121.3148,C,First,man,True,D,Cherbourg,no,False
0,1,male,36.6,0,2,61.3079,S,First,man,True,nan,Southampton,no,False
0,1,male,32.0,0,2,185.6761,S,First,man,True,nan,Southampton,no,False
0,3,female,39.7,0,1,13.5438,S,Third,woman,False,C,Southampton,no,False
1,2,female,6.8,0,0,7.7701,S,Second,child,False,nan,Southampton,yes,True
0,2,male,,0,0,71.193,S,Second,man,True,nan,Southampton,no,True
0,2,female,52.7,0,0,36.7148,S,Second,woman,False,nan,Southampton,no,True
1,3,male,0.4,0,0,14.4874,S,Third,child,False,nan,Southampton,yes,True
0,3,male,27.7,0,0,17.4907,S,Third,man,True,nan,Southampton,no,True
0,3,male,46.7,0,0,4.5466,S,Third,man,True,nan,Southampton,no,True
0,2,male,28.3,1,0,42.196,S,Second,man,True,C,Southampton,no,False
0,1,male,23.8,0,0,19.4017,S,First,man,True,nan,Southampton,no,True
0,3,male,31.6,0,3,3.8458,S,Third,man,True,nan,Southampton,no,False
0,1,male,24.6,0,0,129.9966,S,First,man,True,nan,Southampton,no,True
0,2,male,30.1,0,0,42.7581,S,Second,man,True,nan,Southampton,no,True
0,2,male,19.8,0,0,42.6225,S,Second,man,True,F,Southampton,no,True
0,2,male,45.8,0,1,10.2517,S,Second,man,True,nan,Southampton,no,False
1,1,female,50.3,0,0,73.1929,S,First,woman,False,A,Southampton,yes,True
0,3,male,27.8,1,0,18.6885,S,Third,man,True,D,Southampton,no,False
0,1,male,9.6,2,0,51.8749,S,First,child,False,nan,Southampton,no,False
0,3,female,22.1,0,0,15.1195,S,Third,woman,False,nan,Southampton,no,True
0,1,female,27.0,1,0,80.5482,S,First,woman,False,nan,Southampton,no,False
0,1,male,37.0,0,0,132.4921,S,First,man,True,nan,Southampton,no,True
0,3,male,15.1,0,1,3.1351,Q,Third,child,False,nan,Queenstown,no,False
1,1,female,18.5,0,0,148.7361,Q,First,woman,False,nan,Queenstown,yes,True
0,3,male,37.1,1,0,8.2885,S,Third,man,True,nan,Southampton,no,False
1,3,female,43.3,0,0,5.816,S,Third,woman,False,nan,Southampton,yes,True
1,1,female,20.7,1,0,78.951,S,First,woman,False,nan,Southampton,yes,False
1,3,male,10.4,0,0,6.4848,S,Third,child,False,nan,Southampton,yes,True
0,2,female,77.3,0,0,62.1176,S,Second,woman,False,nan,Southampton,no,True
0,3,male,41.1,0,2,6.2732,S,Third,man,True,nan,Southampton,no,False
0,1,male,25.8,1,0,109.1079,C,First,man,True,nan,Cherbourg,no,False
1,3,female,42.3,0,2,27.7649,S,Third,woman,False,E,Southampton,yes,False
0,1,male,27.9,0,2,143.8828,S,First,man,True,C,Southampton,no,False
1,3,female,42.3,0,0,13.4993,S,Third,woman,False,nan,Southampton,yes,True
0,3,female,32.0,0,0,6.1724,S,Third,woman,False,nan,Southampton,no,True
0,3,female,31.0,0,0,7.5743,S,Third,woman,False,nan,Southampton,no,True
0,3,male,28.1,0,0,17.2195,S,Third,man,True,C,Southampton,no,True
0,3,male,8.7,0,0,7.0889,S,Third,child,False,nan,Southampton,no,True
0,3,male,57.8,0,0,8.3147,S,Third,man,True,nan,Southampton,no,True
0,1,male,16.0,0,2,183.5791,S,First,man,True,nan,Southampton,no,False
0,2,male,10.0,0,0,10.8832,C,Second,child,False,nan,Cherbourg,no,True
1,2,female,,0,0,61.3325,S,Second,woman,False,nan,Southampton,yes,True
0,2,female,15.8,0,0,28.0834,C,Second,child,False,nan,Cherbourg,no,True
0,2,male,29.0,1,1,59.6619,S,Second,man,True,nan,Southampton,no,False
0,3,male,39.7,0,0,10.5317,C,Third,man,True,nan,Cherbourg,no,True
0,1,female,44.1,2,0,83.5489,S,First,woman,False,nan,Southampton,no,False
0,3,male,41.5,0,0,5.7334,S,Third,man,True,nan,Southampton,no,True
0,1,male,25.3,1,1,76.5801,S,First,man,True,nan,Southampton,no,False
0,2,female,30.4,1,3,27.497,S,Second,woman,False,nan,Southampton,no,False
0,3,female,35.6,1,0,14.8569,S,Third,woman,False,C,Southampton,no,False
0,3,male,4.2,2,0,3.0,S,Third,child,False,nan,Southampton,no,False
0,3,female,38.0,0,0,11.0264,S,Third,woman,False,nan,Southampton,no,True
0,3,male,8.6,0,2,8.367,C,Third,child,False,E,Cherbourg,no,False
0,1,female,59.3,0,0,47.3055,S,First,woman,False,G,Southampton,no,True
0,3,male,23.8,0,0,6.1635,Q,Third,man,True,D,Queenstown,no,True
0,1,male,27.0,1,0,70.0206,C,First,man,True,nan,Cherbourg,no,False
0,2,female,,0,0,37.0294,S,Second,woman,False,G,Southampton,no,True
0,2,male,20.6,1,0,16.3256,S,Second,man,True,E,Southampton,no,False
0,1,female,62.7,0,0,157.2085,C,First,woman,False,nan,Cherbourg,no,True
0,2,female,43.3,0,0,19.4204,S,Second,woman,False,E,Southampton,no,True
0,3,female,7.2,2,0,11.5749,S,Third,child,False,nan,Southampton,no,False
0,3,female,51.5,0,1,7.091,S,Third,woman,False,D,Southampton,no,False
0,2,male,47.0,0,0,45.9785,S,Second,man,True,nan,Southampton,no,True
0,1,female,25.6,0,0,81.6463,S,First,woman,False,nan,Southampton,no,True
0,1,male,34.1,1,0,63.3095,S,First,man,True,nan,Southampton,no,False
0,2,male,29.5,1,0,27.1524,C,Second,man,True,nan,Cherbourg,no,False
0,3,female,58.3,1,0,7.5195,Q,Third,woman,False,nan,Queenstown,no,False
1,1,male,18.2,0,1,109.5586,Q,First,man,True,B,Queenstown,yes,False
0,3,male,31.8,0,0,7.2362,C,Third,man,True,nan,Cherbourg,no,True
0,1,male,23.5,0,0,181.0871,C,First,man,True,nan,Cherbourg,no,True
1,3,male,8.9,0,0,3.7214,S,Third,child,False,D,Southampton,yes,True
0,2,female,61.5,0,0,27.0278,S,Second,woman,False,nan,Southampton,no,True
0,3,male,12.6,0,0,17.0907,S,Third,child,False,C,Southampton,no,True
0,2,male,32.9,0,3,14.7031,S,Second,man,True,nan,Southampton,no,False
0,3,female,4.5,0,1,5.9475,S,Third,child,False,nan,Southampton,no,False
0,1,male,23.9,0,1,63.4026,S,First,man,True,E,Southampton,no,False
0,1,male,35.8,0,0,83.7287,C,First,man,True,nan,Cherbourg,no,True
0,3,male,17.7,0,3,3.0,S,Third,man,True,D,Southampton,no,False
0,3,male,38.2,0,0,9.1171,C,Third,man,True,nan,Cherbourg,no,True
1,3,male,25.8,0,1,11.0415,Q,Third,man,True,A,Queenstown,yes,False
0,3,female,46.5,1,0,24.2011,C,Third,woman,False,nan,Cherbourg,no,False
0,3,male,49.4,0,0,13.9188,S,Third,man,True,C,Southampton,no,True
1,1,female,21.2,1,1,131.5967,S,First,woman,False,nan,Southampton,yes,False
1,2,female,30.8,0,0,31.5753,C,Second,woman,False,nan,Cherbourg,yes,True
0,2,female,32.4,0,3,41.959,S,Second,woman,False,nan,Southampton,no,False
0,3,male,38.7,0,0,12.5377,S,Third,man,True,B,Southampton,no,True
0,2,male,29.9,0,4,56.1015,Q,Second,man,True,nan,Queenstown,no,False
0,1,male,32.5,0,0,78.99,S,First,man,True,nan,Southampton,no,True
0,3,female,26.2,0,0,11.6837,S,Third,woman,False,nan,Southampton,no,True
0,3,male,31.4,1,0,6.2218,S,Third,man,True,nan,Southampton,no,False
0,2,male,48.5,0,0,68.9782,S,Second,man,True,nan,Southampton,no,True
0,1,male,39.1,0,0,151.1924,S,First,man,True,F,Southampton,no,True
0,1,male,39.9,0,0,98.455,S,First,man,True,nan,Southampton,no,True
0,1,male,40.2,0,0,180.6413,S,First,man,True,nan,Southampton,no,True
0,2,male,27.5,1,0,30.6696,Q,Second,man,True,nan,Queenstown,no,False
0,3,male,34.3,0,0,14.2474,S,Third,man,True,nan,Southampton,no,True
0,3,male,14.0,0,0,12.9976,S,Third,child,False,nan,Southampton,no,True
0,3,male,48.1,0,0,3.0,S,Third,man,True,nan,Southampton,no,True
1,2,female,0.4,0,0,37.61,Q,Second,child,False,nan,Queenstown,yes,True
0,3,male,28.4,0,3,3.0,S,Third,man,True,nan,Southampton,no,False
0,1,male,46.2,0,0,82.6811,S,First,man,True,E,Southampton,no,True
0,3,male,9.9,1,0,11.1395,S,Third,child,False,nan,Southampton,no,False
0,3,male,35.5,1,0,5.0967,S,Third,man,True,nan,Southampton,no,False
0,1,female,19.8,0,0,232.2473,S,First,woman,False,nan,Southampton,no,True
0,1,male,24.4,1,0,133.5159,C,First,man,True,nan,Cherbourg,no,False
0,3,female,43.4,0,0,4.1643,S,Third,woman,False,E,Southampton,no,True
0,2,female,32.6,0,0,50.6137,S,Second,woman,False,nan,Southampton,no,True
0,3,female,0.4,2,1,19.861,S,Third,child,False,D,Southampton,no,False
0,1,male,15.5,0,1,92.0964,C,First,child,False,nan,Cherbourg,no,False
0,3,male,43.8,0,1,11.3837,S,Third,man,True,E,Southampton,no,False
0,2,female,36.2,0,0,12.1769,S,Second,woman,False,nan,Southampton,no,True
0,1,male,55.0,1,0,120.3615,S,First,man,True,nan,Southampton,no,False
0,3,female,54.1,0,0,14.935,S,Third,woman,False,nan,Southampton,no,True
0,2,female,24.7,1,0,84.0267,S,Second,woman,False,nan,Southampton,no,False
0,2,female,66.0,0,0,29.6783,C,Second,woman,False,F,Cherbourg,no,True
0,1,male,30.1,0,0,140.3223,C,First,man,True,nan,Cherbourg,no,True
1,1,female,15.7,0,0,58.4625,S,First,child,False,nan,Southampton,yes,True
1,2,female,20.5,0,0,23.4684,Q,Second,woman,False,nan,Queenstown,yes,True
1,1,female,0.4,1,0,170.9854,S,First,child,False,D,Southampton,yes,False
0,3,male,53.0,1,0,18.8854,S,Third,man,True,nan,Southampton,no,False
0,1,male,52.8,0,0,289.2584,S,First,man,True,D,Southampton,no,True
0,3,male,15.0,0,0,7.915,S,Third,child,False,nan,Southampton,no,True
0,1,male,26.4,0,0,34.9613,S,First,man,True,B,Southampton,no,True
0,2,male,31.1,0,1,51.9542,S,Second,man,True,C,Southampton,no,False
0,3,female,,0,0,22.9727,S,Third,woman,False,nan,Southampton,no,True
0,1,male,,1,0,217.4193,S,First,man,True,E,Southampton,no,False
1,3,female,26.6,0,0,9.3007,S,Third,woman,False,nan,Southampton,yes,True
0,1,male,25.0,1,0,196.5996,C,First,man,True,nan,Cherbourg,no,False
0,3,male,24.1,1,0,7.2982,S,Third,man,True,nan,Southampton,no,False
0,3,male,32.9,0,0,4.5338,S,Third,man,True,nan,Southampton,no,True
0,3,male,50.4,1,0,13.5582,S,Third,man,True,nan,Southampton,no,False
1,3,female,25.3,1,0,3.0,C,Third,woman,False,D,Cherbourg,yes,False
0,3,male,32.2,0,1,18.6864,S,Third,man,True,nan,Southampton,no,False
0,1,male,40.2,0,0,113.4654,S,First,man,True,nan,Southampton,no,True
0,1,male,,0,1,129.4919,Q,First,man,True,nan,Queenstown,no,False
0,3,female,20.8,1,0,9.2373,S,Third,woman,False,C,Southampton,no,False
0,2,male,31.1,0,0,119.6356,Q,Second,man,True,nan,Queenstown,no,True
0,2,male,37.6,1,0,43.1233,S,Second,man,True,nan,Southampton,no,False
0,3,male,13.3,0,0,12.4717,S,Third,child,False,nan,Southampton,no,True
0,2,male,48.0,0,0,29.3502,S,Second,man,True,C,Southampton,no,True
0,3,male,50.5,3,0,12.5409,S,Third,man,True,nan,Southampton,no,False
1,3,female,19.2,0,0,17.6615,S,Third,woman,False,nan,Southampton,yes,True
0,3,male,32.5,2,0,19.8976,C,Third,man,True,nan,Cherbourg,no,False
0,3,male,39.0,0,0,5.8201,S,Third,man,True,D,Southampton,no,True
0,1,male,21.8,0,2,127.7955,S,First,man,True,C,Southampton,no,False
0,2,male,36.7,0,0,22.672,C,Second,man,True,nan,Cherbourg,no,True
0,3,male,32.1,2,0,17.2876,S,Third,man,True,C,Southampton,no,False
1,1,female,8.4,1,6,157.9533,S,First,child,False,nan,Southampton,yes,False
0,3,female,36.4,1,0,16.2496,S,Third,woman,False,nan,Southampton,no,False
1,3,female,13.7,0,0,10.2848,Q,Third,child,False,nan,Queenstown,yes,True
0,2,female,43.3,0,0,60.6815,S,Second,woman,False,nan,Southampton,no,True
0,2,male,20.0,1,0,90.8879,S,Second,man,True,nan,Southampton,no,False
0,3,male,27.4,0,0,21.1662,S,Third,man,True,nan,Southampton,no,True
0,2,male,49.6,1,0,32.8572,S,Second,man,True,nan,Southampton,no,False
0,3,male,36.9,1,0,43.7827,S,Third,man,True,C,Southampton,no,False
0,2,male,14.0,0,0,56.0373,C,Second,child,False,nan,Cherbourg,no,True
0,3,male,15.0,1,0,15.8978,S,Third,child,False,nan,Southampton,no,False
1,3,female,21.0,1,1,3.0924,S,Third,woman,False,C,Southampton,yes,False
0,3,female,35.4,2,2,9.4786,S,Third,woman,False,nan,Southampton,no,False
0,3,female,34.9,0,0,17.7138,S,Third,woman,False,nan,Southampton,no,True
1,2,female,17.5,1,0,9.088,C,Second,woman,False,A,Cherbourg,yes,False
0,2,male,12.8,0,0,30.2397,C,Second,child,False,nan,Cherbourg,no,True
0,3,male,33.8,0,0,18.6256,S,Third,man,True,nan,Southampton,no,True
1,2,female,27.1,0,3,3.7753,S,Second,woman,False,D,Southampton,yes,False
0,3,male,61.0,0,1,7.4172,S,Third,man,True,E,Southampton,no,False
0,3,male,30.2,0,0,11.6442,S,Third,man,True,nan,Southampton,no,True
0,3,male,56.0,0,1,15.4584,S,Third,man,True,nan,Southampton,no,False
0,3,male,12.7,1,0,20.2214,Q,Third,child,False,D,Queenstown,no,False
0,3,male,6.9,0,0,8.1865,S,Third,child,False,nan,Southampton,no,True
0,3,male,13.5,0,0,10.1563,S,Third,child,False,nan,Southampton,no,True
0,2,male,46.9,0,0,42.5931,C,Second,man,True,nan,Cherbourg,no,True
1,1,female,55.2,0,2,89.3385,S,First,woman,False,E,Southampton,yes,False
0,2,male,18.4,0,0,24.0263,Q,Second,man,True,nan,Queenstown,no,True
0,3,male,23.0,0,1,13.9161,Q,Third,man,True,nan,Queenstown,no,False
0,3,male,12.7,1,0,12.1951,C,Third,child,False,nan,Cherbourg,no,False
0,3,male,3.4,1,1,4.3359,S,Third,child,False,E,Southampton,no,False
0,2,female,40.1,0,0,22.1127,S,Second,woman,False,nan,Southampton,no,True
1,3,female,32.9,0,0,33.374,S,Third,woman,False,nan,Southampton,yes,True
0,1,female,29.9,0,1,174.2876,S,First,woman,False,C,Southampton,no,False
0,3,male,,0,0,9.1796,Q,Third,man,True,nan,Queenstown,no,True
0,3,male,53.5,0,0,4.256,S,Third,man,True,F,Southampton,no,True
0,1,male,22.4,1,0,182.3762,S,First,man,True,nan,Southampton,no,False
0,2,male,37.4,0,5,66.7886,S,Second,man,True,E,Southampton,no,False
0,3,male,8.6,1,0,5.5245,S,Third,child,False,nan,Southampton,no,False
0,3,male,26.9,0,0,8.2898,S,Third,man,True,nan,Southampton,no,True
0,1,male,33.9,0,1,327.85,C,First,man,True,C,Cherbourg,no,False
0,3,female,34.4,0,0,8.6707,C,Third,woman,False,D,Cherbourg,no,True
0,3,male,31.9,0,2,3.8444,S,Third,man,True,nan,Southampton,no,False
0,3,female,36.9,0,0,25.2077,S,Third,woman,False,nan,Southampton,no,True
1,2,male,13.3,0,0,34.7576,C,Second,child,False,nan,Cherbourg,yes,True
0,3,male,32.6,0,0,3.0612,Q,Third,man,True,nan,Queenstown,no,True
0,3,female,31.3,0,0,12.4509,S,Third,woman,False,nan,Southampton,no,True
0,3,female,33.1,0,0,11.997,S,Third,woman,False,nan,Southampton,no,True
0,3,male,30.7,0,0,4.454,C,Third,man,True,nan,Cherbourg,no,True
1,2,male,11.2,0,1,38.5628,S,Second,child,False,nan,Southampton,yes,False
1,2,male,10.6,0,2,38.3217,C,Second,child,False,D,Cherbourg,yes,False
0,1,male,0.4,0,0,82.0704,C,First,child,False,nan,Cherbourg,no,True
0,1,female,41.6,0,0,79.5761,Q,First,woman,False,nan,Queenstown,no,True
0,1,female,41.7,1,0,132.7771,S,First,woman,False,E,Southampton,no,False
0,1,male,41.9,1,0,131.9557,S,First,man,True,nan,Southampton,no,False
0,3,male,34.1,1,0,9.0338,S,Third,man,True,nan,Southampton,no,False
0,2,male,0.4,0,0,34.7571,C,Second,child,False,nan,Cherbourg,no,True
0,3,male,14.8,0,0,16.7204,C,Third,child,False,D,Cherbourg,no,True
0,3,female,32.2,1,0,8.8231,S,Third,woman,False,B,Southampton,no,False
1,3,female,31.7,0,0,3.0565,S,Third,woman,False,nan,Southampton,yes,True
0,1,male,26.5,0,0,82.8448,S,First,man,True,E,Southampton,no,True
0,3,male,35.0,0,0,4.2769,S,Third,man,True,nan,Southampton,no,True
0,3,male,29.9,0,0,3.0,S,Third,man,True,nan,Southampton,no,True
0,3,male,31.5,0,0,24.6668,C,Third,man,True,nan,Cherbourg,no,True
1,3,female,20.4,0,0,11.5887,S,Third,woman,False,nan,Southampton,yes,True
0,3,male,43.9,0,0,24.8156,S,Third,man,True,nan,Southampton,no,True
0,3,male,23.5,1,0,8.9968,S,Third,man,True,nan,Southampton,no,False
0,2,male,10.4,0,2,10.9403,S,Second,child,False,E,Southampton,no,False
0,3,female,18.5,0,0,4.0688,C,Third,woman,False,nan,Cherbourg,no,True
0,1,male,,2,0,134.0477,C,First,man,True,nan,Cherbourg,no,False
0,3,female,44.1,0,0,6.6763,S,Third,woman,False,D,Southampton,no,True
0,1,female,29.1,1,0,98.1592,S,First,woman,False,B,Southampton,no,False
1,2,female,27.0,0,0,16.4045,S,Second,woman,False,nan,Southampton,yes,True
0,3,male,11.6,1,0,11.5234,S,Third,child,False,nan,Southampton,no,False
0,3,male,41.1,2,0,9.6542,C,Third,man,True,nan,Cherbourg,no,False
