label,text
ham,"Hi, I will be late, stuck in traffic near college"
spam,"Hello, Dear customer, your paypal KYC is expired. Update immediately: http://paypal-kyc.info or account will be blocked Hurry, offer ends soon!"
ham,"Hello Neha, Can you call me when you reach gym? Need to ask something Ping me."
ham,Don't forget to buy milk on the way home
ham,Ok so Free for a quick call 5pm? Want to discuss the project Ping me.
ham,Btw Can I borrow your notes? Will return 9am Ping me.
ham,Hey! Ok see you 5pm at the airport
ham,Quick one: Ok see you tonight at the home Bye
spam,Important! Earn $500 daily working from home. No experience needed. Join now www.easy-cash.com T&Cs apply.
ham,Your OTP for login is 483920. Do not share it with anyone Ping me.
ham,"Btw Your order is out for delivery, it will arrive in 10 mins ok?"
ham,"Hi, Can I borrow your notes? Will return this weekend Bye"
ham,"Hi, Congrats Rahul on the new job! Let's celebrate tonight Ping me."
ham,your otp for login is 483920. do not share it with anyone cheers neha
ham,Morning. Did you finish the assignment? Please send it by tomorrow Let me know.
spam,"Dear user, Get a loan of Rs 3434 approved instantly. No documents needed! Call 08625674897"
ham,"hello rahul, dinner at my place tonight? mom is cooking cheers tom"
spam,URGENT: Your paypal account is suspended. Verify now at www.paypal-secure.net/login Valid 24hrs only.
ham,Ok so Free for a quick call this weekend? Want to discuss the project Ping me.
ham,Ok see you this weekend at the gym Thanks! pls
ham,Can you call me when you reach home? Need to ask something Bye
ham,hey! congrats ali on the new job! let's celebrate tonight bye ok?
ham,Btw Congrats John on the new job! Let's celebrate 9am
ham,"Hey! lol that was so funny, tell me more when we meet Cheers Ali pls"
ham,"Hey! Your order is out for delivery, it will arrive tomorrow Bye pls"
ham,can you call me when you reach college? need to ask something
spam,"Attention: Claim your FREE a gift voucher now!!! Limited time offer, click www.netflix-offers.com Hurry, offer ends soon!"
spam,FREE MSG: URGENT: Your amazon account is suspended. Verify now at www.amazon-secure.net/login Reply STOP to opt out.
ham,"Your order is out for delivery, it will arrive this weekend Bye"
ham,"I will be late, stuck in traffic near office See you."
spam,"Dear user, Dear customer, your paypal KYC is expired. Update immediately: http://paypal-kyc.info or account will be blocked T&Cs apply."
spam,Btw Can I borrow your notes? Will return this weekend Bye
spam,"Dear user, Congratulations! You won a new laptop. Click http://claim-hdfc.com/win to collect your prize Msg ID 52681"
ham,Did you finish the assignment? Please send it by 9am
ham,"thanks for the help yesterday priya, really appreciate it bye"
ham,Btw Free for a quick call 5pm? Want to discuss the project
ham,"Quick one: Hey Tom, are you coming to the airport in 10 mins? Thanks!"
ham,Ok so Did you finish the assignment? Please send it by 9am Let me know.
ham,"Hi, I will be late, stuck in traffic near office Thanks!"
spam,attention: your parcel could not be delivered. pay small fee to reschedule: http://fedex-track.info msg id 92259
ham,ok so congrats john on the new job! let's celebrate tonight thanks!
ham,"Hey! Thanks for the help yesterday Sneha, really appreciate it Let me know."
ham,Can you call me when you reach gym? Need to ask something See you.
ham,"Quick one: Your order is out for delivery, it will arrive tonight Thanks! thanks"
ham,Quick one: Reminder: your appointment is in 10 mins. Reply YES to confirm Bye
ham,btw happy birthday amit! have a great day see you.
ham,Morning. Congrats Rahul on the new job! Let's celebrate after lunch ok?
ham,"Hi, Don't forget to buy milk on the way home"
ham,"hi, can i borrow your notes? will return tonight bye"
ham,morning. can you call me when you reach office? need to ask something thanks!
ham,"Btw I will be late, stuck in traffic near college"
ham,Congrats Sara on the new job! Let's celebrate in 10 mins Bye
ham,"Hey! Thanks for the help yesterday Sneha, really appreciate it Bye"
spam,"Notice: URGENT: Your amazon account is suspended. Verify now at www.amazon-secure.net/login Hurry, offer ends soon!"
ham,Hey! Happy birthday Sara! Have a great day
ham,Ok so Congrats Rahul on the new job! Let's celebrate after lunch
ham,"Quick one: Meeting moved to 5pm, please confirm See you. ok?"
ham,Hey! Congrats Maria on the new job! Let's celebrate 5pm Talk later.
ham,quick one: dinner at my place 9am? mom is cooking bye
ham,Hi Rahul! Did you finish the assignment? Please send it by in 10 mins ok? ok?
ham,"Hi Sneha! I will be late, stuck in traffic near home See you."
ham,"Your order is out for delivery, it will arrive after lunch Cheers Rahul"
ham,Hi Tom! Don't forget to buy milk on the way home Cheers John
ham,"I will be late, stuck in traffic near mall ok?"
ham,hey! can you call me when you reach home? need to ask something thanks!
spam,"free msg: earn $500 daily working from home. no experience needed. join now www.easy-cash.com hurry, offer ends soon!"
ham,Morning. Can you call me when you reach college? Need to ask something ok?
ham,"hi, thanks for the help yesterday priya, really appreciate it ok?"
spam,"hello, winner!! you have been selected to receive iphone 15. call 09419187196 now to claim t&cs apply."
ham,"morning. lol that was so funny, tell me more when we meet ok? ok?"
ham,"Ok so Hey Neha, are you coming to the college tomorrow? ok?"
ham,Quick one: Dinner at my place tonight? Mom is cooking thanks
ham,"Hi, Don't forget to buy milk on the way home Let me know."
ham,"Hi, Dinner at my place 9am? Mom is cooking Cheers Ali"
ham,Don't forget to buy milk on the way home Bye
ham,Can you call me when you reach mall? Need to ask something
ham,ok so ok see you this weekend at the station bye
ham,Hi Ali! Did you finish the assignment? Please send it by in 10 mins Bye
spam,"Dear user, Hi, I saw your profile. Invest in crypto and double your money in 7 days. Message me Hurry, offer ends soon!"
ham,Don't forget to buy milk on the way home Thanks!
ham,"hi tom! call me when you are free, nothing urgent see you."
ham,"Hi Priya, Hot singles in your area want to chat. Text STOP to 53885. 18+ only T&Cs apply."
ham,"morning. i will be late, stuck in traffic near airport bye ok?"
ham,Quick one: Don't forget to buy milk on the way home Bye
ham,Ok so Can you call me when you reach college? Need to ask something See you.
ham,"Ok so Your order is out for delivery, it will arrive after lunch Bye"
ham,"Hey! Hey Amit, are you coming to the college 5pm? Bye"
ham,"Morning. Meeting moved to 9am, please confirm"
ham,"Hi, Hey Sneha, are you coming to the college 9am? Thanks!"
ham,Hi Sneha! Did you finish the assignment? Please send it by after lunch
ham,Morning. Your OTP for login is 483920. Do not share it with anyone Thanks!
ham,Ok so Dinner at my place tonight? Mom is cooking See you.
ham,Morning. Free for a quick call 9am? Want to discuss the project Bye :)
spam,Your parcel could not be delivered. Pay small fee to reschedule: http://fedex-track.info
spam,"Important! Dear customer, your paypal KYC is expired. Update immediately: http://paypal-kyc.info or account will be blocked Act now!"
ham,"Meeting moved to in 10 mins, please confirm Thanks!"
ham,"Hi Neha! Meeting moved to this weekend, please confirm See you."
ham,"Hi Tom! Meeting moved to after lunch, please confirm See you."
ham,quick one: free for a quick call tonight? want to discuss the project
spam,Happy birthday Rahul! Have a great day Thanks!
ham,Don't forget to buy milk on the way home Thanks!
ham,"Hi Amit! Hey Tom, are you coming to the office after lunch? Bye ok?"
ham,"Call me when you are free, nothing urgent"
ham,Can you call me when you reach home? Need to ask something See you.
ham,"Hi, Congrats Priya on the new job! Let's celebrate this weekend Ping me. thanks"
ham,"Hey! I will be late, stuck in traffic near mall See you."
ham,btw did you finish the assignment? please send it by 9am see you. ok?
ham,Hey! Congrats Neha on the new job! Let's celebrate after lunch See you.
ham,Don't forget to buy milk on the way home ok?
ham,"Hey! Your order is out for delivery, it will arrive in 10 mins Cheers Neha"
ham,"hello priya, did you finish the assignment? please send it by in 10 mins let me know."
ham,"quick one: hey neha, are you coming to the office this weekend? see you."
ham,"Hi, I will be late, stuck in traffic near office Let me know. pls"
ham,"Ok so Thanks for the help yesterday Rahul, really appreciate it Let me know."
ham,"Hi, Don't forget to buy milk on the way home Bye ok?"
ham,"hi, call me when you are free, nothing urgent"
ham,"Btw lol that was so funny, tell me more when we meet See you."
ham,"Hi, Reminder: your appointment is this weekend. Reply YES to confirm Thanks!"
ham,"thanks for the help yesterday ali, really appreciate it"
ham,morning. free for a quick call 9am? want to discuss the project thanks!
ham,"Hey! Hey John, are you coming to the cafe 5pm? Let me know."
ham,quick one: reminder: your appointment is after lunch. reply yes to confirm talk later.
ham,morning. ok see you tonight at the office see you. thanks
ham,"Hey! Thanks for the help yesterday Sara, really appreciate it ok?"
ham,"hey priya, are you coming to the college 5pm? bye"
ham,Can I borrow your notes? Will return in 10 mins See you.
ham,morning. free for a quick call tomorrow? want to discuss the project ok?
ham,Can you call me when you reach college? Need to ask something Thanks!
ham,"Hello Maria, Can I borrow your notes? Will return 9am Thanks!"
ham,"Btw I will be late, stuck in traffic near gym Cheers Sara"
ham,"Btw Your order is out for delivery, it will arrive tonight"
ham,hey! your otp for login is 483920. do not share it with anyone let me know.
ham,Reminder: your appointment is in 10 mins. Reply YES to confirm Cheers Sara
ham,Ok so Can I borrow your notes? Will return tomorrow ok?
ham,"Hello Sneha, Happy birthday Amit! Have a great day Cheers Ali"
ham,Hey! Dinner at my place tomorrow? Mom is cooking ok?
ham,"hi rahul! lol that was so funny, tell me more when we meet thanks!"
ham,"Quick one: Meeting moved to 9am, please confirm Ping me."
spam,"Dear user, Claim your FREE a free holiday now!!! Limited time offer, click www.hdfc-offers.com Msg ID 13643"
ham,Morning. Don't forget to buy milk on the way home ok? :)
ham,Hi Sara! Free for a quick call tomorrow? Want to discuss the project
ham,"Hello Ali, Call me when you are free, nothing urgent Cheers John"
spam,"Hello Amit, Dinner at my place tonight? Mom is cooking Cheers Sara pls"
ham,"hi, dinner at my place in 10 mins? mom is cooking let me know."
ham,"Hey! Hey Ali, are you coming to the home 5pm?"
ham,"Morning. Thanks for the help yesterday Ali, really appreciate it Let me know."
spam,"attention: claim your free a new laptop now!!! limited time offer, click www.fedex-offers.com reply stop to opt out."
ham,"Hey! lol that was so funny, tell me more when we meet Talk later."
ham,Hey! Can you call me when you reach cafe? Need to ask something Let me know.
ham,Hi Tom! Congrats Priya on the new job! Let's celebrate 9am
ham,"Hello Ali, Happy birthday Amit! Have a great day ok?"
ham,"Hello John, Free for a quick call tonight? Want to discuss the project Talk later."
ham,Ok so Did you finish the assignment? Please send it by tomorrow :)
spam,Your parcel could not be delivered. Pay small fee to reschedule: http://fedex-track.info Do not ignore!
spam,Congratulations! You won a gift voucher. Click http://claim-sbi.com/win to collect your prize Valid 24hrs only.
ham,Quick one: Did you finish the assignment? Please send it by in 10 mins
ham,"Hi, Happy birthday Maria! Have a great day"
ham,"Ok so Hey Maria, are you coming to the mall in 10 mins? Ping me."
ham,can i borrow your notes? will return this weekend see you.
ham,"Quick one: Thanks for the help yesterday Rahul, really appreciate it"
ham,"lol that was so funny, tell me more when we meet"
ham,Hey! Your OTP for login is 483920. Do not share it with anyone ok?
ham,"hey! call me when you are free, nothing urgent cheers ali"
ham,btw did you finish the assignment? please send it by 5pm
ham,btw don't forget to buy milk on the way home ok? :)
ham,Btw Your OTP for login is 483920. Do not share it with anyone ok?
ham,"Ok so I will be late, stuck in traffic near college See you."
ham,btw don't forget to buy milk on the way home cheers rahul
ham,Dinner at my place tonight? Mom is cooking Thanks!
ham,Hi Neha! Reminder: your appointment is in 10 mins. Reply YES to confirm ok?
ham,Morning. Reminder: your appointment is after lunch. Reply YES to confirm Cheers Sneha
ham,hi priya! reminder: your appointment is 5pm. reply yes to confirm cheers priya
ham,Dinner at my place tomorrow? Mom is cooking Cheers Rahul pls
ham,"Morning. Call me when you are free, nothing urgent"
ham,"morning. call me when you are free, nothing urgent"
ham,btw dinner at my place after lunch? mom is cooking ping me.
ham,Congrats Sara on the new job! Let's celebrate tonight See you.
ham,Reminder: your appointment is tonight. Reply YES to confirm ok?
ham,"Ok so Your order is out for delivery, it will arrive in 10 mins Bye thanks"
ham,"Ok so Call me when you are free, nothing urgent See you."
ham,Can I borrow your notes? Will return in 10 mins Thanks!
ham,"Hello Sneha, Did you finish the assignment? Please send it by 9am Bye"
ham,Hi Sara! Can you call me when you reach airport? Need to ask something Let me know.
ham,"hi, congrats ali on the new job! let's celebrate tonight see you. thanks"
ham,Hi Neha! Ok see you tonight at the airport ok?
ham,"Hi, Your order is out for delivery, it will arrive this weekend Talk later. ok?"
ham,"Morning. Thanks for the help yesterday Rahul, really appreciate it thanks"
ham,free for a quick call in 10 mins? want to discuss the project talk later. thanks
spam,Exclusive offer from netflix: 90% OFF today only. Shop now http://netflix-deals.com
spam,FREE MSG: URGENT: Your fedex account is suspended. Verify now at www.fedex-secure.net/login Do not ignore!
spam,"Dear user, Final notice: pay outstanding bill of $2385 today to avoid legal action. Visit http://pay-hdfc.biz Valid 24hrs only."
ham,Hi Amit! Congrats Ali on the new job! Let's celebrate tomorrow
ham,"Morning. Hey Ali, are you coming to the station this weekend? Cheers Sneha"
ham,Happy birthday Tom! Have a great day See you.
ham,"Hi, Did you finish the assignment? Please send it by tonight"
spam,"claim your free rs 50000 now!!! limited time offer, click www.fedex-offers.com valid 24hrs only."
ham,Hey! Congrats Maria on the new job! Let's celebrate 9am ok?
ham,"Hi, Hey Maria, are you coming to the station after lunch? See you."
spam,Attention: Earn $500 daily working from home. No experience needed. Join now www.easy-cash.com Reply STOP to opt out.
ham,Btw Happy birthday Amit! Have a great day Ping me.
ham,Quick one: Did you finish the assignment? Please send it by tonight See you.
ham,Ok so Ok see you after lunch at the office Talk later.
ham,Hey! Free for a quick call this weekend? Want to discuss the project See you.
ham,"hi maria! hey amit, are you coming to the cafe in 10 mins? bye"
ham,"Quick one: lol that was so funny, tell me more when we meet See you. pls"
ham,Morning. Did you finish the assignment? Please send it by in 10 mins Ping me.
ham,Ok so Can you call me when you reach airport? Need to ask something Ping me.
ham,"hi john! your order is out for delivery, it will arrive tomorrow thanks!"
ham,Btw Free for a quick call this weekend? Want to discuss the project Ping me. :)
ham,Ok so Can you call me when you reach college? Need to ask something Talk later.
ham,Don't forget to buy milk on the way home
ham,ok so can you call me when you reach station? need to ask something thanks!
spam,Attention: Final notice: pay outstanding bill of $7646 today to avoid legal action. Visit http://pay-sbi.biz T&Cs apply.
spam,Attention: Final notice: pay outstanding bill of $2588 today to avoid legal action. Visit http://pay-amazon.biz Ref 66889
ham,Quick one: Your OTP for login is 483920. Do not share it with anyone Thanks! :)
ham,Hey! Reminder: your appointment is this weekend. Reply YES to confirm See you.
ham,quick one: happy birthday tom! have a great day thanks!
spam,Important! URGENT: Your netflix account is suspended. Verify now at www.netflix-secure.net/login Valid 24hrs only.
ham,Congrats Ali on the new job! Let's celebrate after lunch Let me know.
ham,"Hi, I will be late, stuck in traffic near cafe Ping me."
ham,"Quick one: Your order is out for delivery, it will arrive 5pm Bye thanks"
spam,"hi sara, free entry in our weekly draw to win iphone 15! text yes to 83436 now. t&cs apply valid 24hrs only."
ham,"Hi, lol that was so funny, tell me more when we meet"
ham,"i will be late, stuck in traffic near cafe ping me."
ham,Btw Ok see you after lunch at the airport See you.
ham,Quick one: Free for a quick call in 10 mins? Want to discuss the project
ham,Ok so Ok see you after lunch at the cafe Talk later.
ham,Hey! Can I borrow your notes? Will return tonight Cheers Maria
spam,Notice: Exclusive offer from paypal: 90% OFF today only. Shop now http://paypal-deals.com Ref 14588
ham,"Hello Sara, Dinner at my place 9am? Mom is cooking"
ham,"Hey! Call me when you are free, nothing urgent Talk later."
ham,"Ok so Hey John, are you coming to the cafe 5pm? Thanks!"
spam,"alert: dear customer, your paypal kyc is expired. update immediately: http://paypal-kyc.info or account will be blocked t&cs apply."
ham,"Hi, Did you finish the assignment? Please send it by 9am Ping me. ok?"
ham,Hey! Don't forget to buy milk on the way home Ping me.
ham,"Quick one: Thanks for the help yesterday Maria, really appreciate it ok?"
ham,"Hi, Hey Rahul, are you coming to the home 9am? Cheers Priya"
ham,"Ok so lol that was so funny, tell me more when we meet Thanks!"
ham,"Btw Call me when you are free, nothing urgent See you. pls"
ham,btw did you finish the assignment? please send it by tonight cheers amit
ham,quick one: did you finish the assignment? please send it by tonight
ham,Morning. Free for a quick call 5pm? Want to discuss the project Bye
spam,Your parcel could not be delivered. Pay small fee to reschedule: http://fedex-track.info
ham,reminder: your appointment is tonight. reply yes to confirm cheers sneha
ham,"Hi, Can you call me when you reach airport? Need to ask something ok?"
ham,"ok so your order is out for delivery, it will arrive 9am cheers rahul"
ham,"hi, thanks for the help yesterday rahul, really appreciate it talk later."
ham,"Quick one: Your order is out for delivery, it will arrive this weekend See you. thanks"
ham,"Ok so Your order is out for delivery, it will arrive tomorrow Thanks! ok?"
spam,"attention: dear customer, your fedex kyc is expired. update immediately: http://fedex-kyc.info or account will be blocked act now!"
ham,"Hi, Hey Sneha, are you coming to the cafe tomorrow? Talk later."
ham,"Hello Ali, Meeting moved to tonight, please confirm pls"
ham,dinner at my place tomorrow? mom is cooking ping me.
ham,"Your order is out for delivery, it will arrive tonight Thanks!"
spam,"FREE MSG: WINNER!! You have been selected to receive a new laptop. Call 08003734902 now to claim Hurry, offer ends soon!"
ham,"Hi Rahul! lol that was so funny, tell me more when we meet Thanks! pls"
ham,Quick one: Ok see you after lunch at the cafe Let me know.
ham,Happy birthday Tom! Have a great day ok?
ham,"Hi, Meeting moved to 5pm, please confirm Talk later."
ham,"hello neha, can you call me when you reach college? need to ask something bye"
ham,Quick one: Dinner at my place tomorrow? Mom is cooking Thanks! thanks
ham,can you call me when you reach station? need to ask something
ham,ok so congrats john on the new job! let's celebrate 5pm see you.
ham,btw can you call me when you reach cafe? need to ask something let me know. :)
ham,"Meeting moved to 9am, please confirm Thanks!"
ham,"Hi Sneha! I will be late, stuck in traffic near home ok?"
ham,Hi Ali! Dinner at my place tomorrow? Mom is cooking Cheers Ali
ham,Quick one: Did you finish the assignment? Please send it by in 10 mins Cheers Sara
ham,"Hi, Did you finish the assignment? Please send it by in 10 mins Talk later."
ham,Quick one: Your OTP for login is 483920. Do not share it with anyone
ham,"Morning. Hey Rahul, are you coming to the college tonight? Bye"
ham,"Hi Maria! Your order is out for delivery, it will arrive 5pm Thanks!"
spam,notice: congratulations! you won a new laptop. click http://claim-amazon.com/win to collect your prize
ham,"Ok so Meeting moved to tonight, please confirm Let me know."
ham,Happy birthday Sara! Have a great day Let me know. ok?
spam,"attention: dear customer, your sbi kyc is expired. update immediately: http://sbi-kyc.info or account will be blocked act now!"
ham,"hello john, lol that was so funny, tell me more when we meet let me know."
ham,Hey! Congrats Rahul on the new job! Let's celebrate 9am ok? ok?
ham,Btw Don't forget to buy milk on the way home Thanks!
spam,Notice: Your mobile number has won £2236 in the lottery. Contact agent on 07781567163 to receive payment Reply STOP to opt out.
ham,Hey! Ok see you tonight at the office Thanks!
ham,Reminder: your appointment is after lunch. Reply YES to confirm Ping me.
ham,Btw Free for a quick call in 10 mins? Want to discuss the project thanks
ham,"Btw Call me when you are free, nothing urgent Bye"
ham,Quick one: Can you call me when you reach home? Need to ask something Talk later. pls
ham,Ok so Free for a quick call 5pm? Want to discuss the project Ping me. :)
ham,"Btw Meeting moved to 9am, please confirm ok?"
ham,Hi Amit! Can I borrow your notes? Will return after lunch Cheers Tom
ham,"Hi Sneha! Hey Sara, are you coming to the airport this weekend? Ping me."
spam,Notice: WINNER!! You have been selected to receive $1000 cash. Call 09902981513 now to claim Reply STOP to opt out.
spam,"FREE MSG: Hi, I saw your profile. Invest in crypto and double your money in 7 days. Message me Msg ID 13965"
spam,Notice: Congratulations! You won a gift voucher. Click http://claim-paytm.com/win to collect your prize Act now!
ham,Morning. Ok see you tomorrow at the cafe ok? thanks
ham,Quick one: Your OTP for login is 483920. Do not share it with anyone
ham,"Hello Neha, Meeting moved to after lunch, please confirm"
ham,quick one: reminder: your appointment is tomorrow. reply yes to confirm :)
ham,"hello maria, meeting moved to 9am, please confirm bye"
ham,Ok so Your OTP for login is 483920. Do not share it with anyone See you.
ham,btw don't forget to buy milk on the way home see you.
ham,"Ok so Meeting moved to 9am, please confirm Let me know."
ham,Hey! Happy birthday John! Have a great day Thanks!
ham,Did you finish the assignment? Please send it by 5pm Talk later.
ham,Morning. Your OTP for login is 483920. Do not share it with anyone Talk later.
ham,"Hi, Your order is out for delivery, it will arrive in 10 mins Talk later."
ham,Quick one: Congrats Neha on the new job! Let's celebrate 5pm Cheers John
ham,Morning. Don't forget to buy milk on the way home ok?
ham,morning. reminder: your appointment is 9am. reply yes to confirm
ham,"quick one: call me when you are free, nothing urgent let me know."
ham,Your OTP for login is 483920. Do not share it with anyone Ping me.
ham,Hey! Did you finish the assignment? Please send it by tonight Cheers Neha
ham,Morning. Dinner at my place tonight? Mom is cooking Thanks!
ham,"Hello Sara, Don't forget to buy milk on the way home Thanks! ok?"
ham,"Ok so Thanks for the help yesterday Sneha, really appreciate it ok?"
spam,"I will be late, stuck in traffic near college"
spam,Final notice: pay outstanding bill of $4199 today to avoid legal action. Visit http://pay-paypal.biz Valid 24hrs only.
spam,Important! URGENT: Your hdfc account is suspended. Verify now at www.hdfc-secure.net/login Ref 29419
ham,"hi, your otp for login is 483920. do not share it with anyone ping me."
ham,btw can i borrow your notes? will return 5pm see you.
ham,"Hello Priya, Your OTP for login is 483920. Do not share it with anyone Bye :)"
ham,hi sneha! can i borrow your notes? will return this weekend
spam,alert: earn $500 daily working from home. no experience needed. join now www.easy-cash.com act now!
spam,"attention: hi, i saw your profile. invest in crypto and double your money in 7 days. message me hurry, offer ends soon!"
spam,Congratulations! You won a gift voucher. Click http://claim-sbi.com/win to collect your prize
ham,"Hey! lol that was so funny, tell me more when we meet Ping me. ok?"
ham,Ok so Happy birthday Sara! Have a great day Ping me.
spam,"Important! Dear customer, your fedex KYC is expired. Update immediately: http://fedex-kyc.info or account will be blocked Reply STOP to opt out."
ham,"Hi, Did you finish the assignment? Please send it by in 10 mins Bye"
ham,"Btw Thanks for the help yesterday Neha, really appreciate it Ping me."
ham,Free for a quick call tonight? Want to discuss the project
spam,alert: earn $500 daily working from home. no experience needed. join now www.easy-cash.com ref 1922
ham,"hello sneha, congrats maria on the new job! let's celebrate after lunch cheers ali"
spam,"Hello, Your mobile number has won £1547 in the lottery. Contact agent on 07763398766 to receive payment Hurry, offer ends soon!"
ham,"Hello John, Can you call me when you reach station? Need to ask something ok?"
ham,Hi Priya! Reminder: your appointment is after lunch. Reply YES to confirm See you.
ham,hey! can you call me when you reach office? need to ask something cheers amit
ham,Did you finish the assignment? Please send it by tonight Cheers Sneha
spam,"hi, hey sneha, are you coming to the airport tonight? ok?"
spam,"free msg: hi, i saw your profile. invest in crypto and double your money in 7 days. message me"
ham,happy birthday ali! have a great day ping me.
ham,Morning. Free for a quick call this weekend? Want to discuss the project Talk later.
ham,"Morning. I will be late, stuck in traffic near airport Ping me."
ham,"hello tom, your otp for login is 483920. do not share it with anyone thanks!"
ham,"Hello Sneha, Thanks for the help yesterday Sara, really appreciate it"
ham,"Quick one: Thanks for the help yesterday Sneha, really appreciate it"
ham,Ok so Can you call me when you reach home? Need to ask something See you.
ham,"hello tom, did you finish the assignment? please send it by tomorrow cheers sneha"
ham,Dinner at my place after lunch? Mom is cooking Ping me.
ham,Ok so Don't forget to buy milk on the way home
ham,btw don't forget to buy milk on the way home bye
ham,Hi Rahul! Reminder: your appointment is this weekend. Reply YES to confirm Cheers Neha
ham,Ok so Ok see you in 10 mins at the airport Thanks!
spam,"Dear user, Claim your FREE iPhone 15 now!!! Limited time offer, click www.apple-offers.com Reply STOP to opt out."
ham,"Hello Rahul, Can you call me when you reach gym? Need to ask something"
ham,"Hi Sneha! Hey Ali, are you coming to the station tomorrow?"
ham,Hi Maria! Don't forget to buy milk on the way home See you.
spam,"Call me when you are free, nothing urgent ok? :)"
spam,alert: urgent: your netflix account is suspended. verify now at www.netflix-secure.net/login act now!
ham,"hello john, free for a quick call in 10 mins? want to discuss the project let me know."
ham,"hey! your order is out for delivery, it will arrive this weekend bye"
ham,"Hi, Congrats John on the new job! Let's celebrate 5pm Ping me."
ham,Don't forget to buy milk on the way home Talk later.
ham,Reminder: your appointment is after lunch. Reply YES to confirm
ham,"Quick one: Your order is out for delivery, it will arrive after lunch"
ham,Quick one: Free for a quick call tonight? Want to discuss the project Thanks!
ham,"Hi, Meeting moved to this weekend, please confirm Let me know."
ham,"Morning. Hey Priya, are you coming to the office in 10 mins? Talk later. pls"
ham,morning. reminder: your appointment is tomorrow. reply yes to confirm let me know.
ham,Morning. Can you call me when you reach home? Need to ask something Thanks!
ham,Hi Amit! Happy birthday Ali! Have a great day
ham,"I will be late, stuck in traffic near office Ping me."
ham,"Hi Sneha! Your order is out for delivery, it will arrive this weekend Thanks!"
ham,Hi Rahul! Don't forget to buy milk on the way home
ham,"Hi, I will be late, stuck in traffic near gym Let me know."
ham,"hi, did you finish the assignment? please send it by after lunch thanks!"
ham,"Btw Thanks for the help yesterday John, really appreciate it Thanks!"
ham,quick one: happy birthday tom! have a great day let me know. pls
ham,"Your order is out for delivery, it will arrive in 10 mins Talk later."
ham,Morning. Happy birthday Sneha! Have a great day Talk later.
ham,Btw Don't forget to buy milk on the way home ok?
ham,Btw Did you finish the assignment? Please send it by 9am Bye
spam,attention: earn $500 daily working from home. no experience needed. join now www.easy-cash.com ref 54376
ham,"hey maria, are you coming to the station tomorrow? ok? :)"
ham,"morning. lol that was so funny, tell me more when we meet let me know."
ham,Reminder: your appointment is 9am. Reply YES to confirm Cheers Sara
ham,Quick one: Your OTP for login is 483920. Do not share it with anyone Let me know.
ham,hey! free for a quick call after lunch? want to discuss the project ping me. thanks
ham,Morning. Dinner at my place 5pm? Mom is cooking ok?
ham,"hey! meeting moved to 5pm, please confirm cheers priya"
spam,"Hi Priya, Final notice: pay outstanding bill of $3935 today to avoid legal action. Visit http://pay-paypal.biz"
ham,"Hey! lol that was so funny, tell me more when we meet Let me know."
ham,"Hi Sneha! Call me when you are free, nothing urgent Let me know."
ham,Hi Sneha! Happy birthday Sneha! Have a great day Let me know.
ham,Btw Happy birthday Sara! Have a great day ok? :)
ham,"morning. lol that was so funny, tell me more when we meet"
ham,Hi Sneha! Can I borrow your notes? Will return after lunch Thanks!
ham,Your OTP for login is 483920. Do not share it with anyone
spam,"Hi Maria, WINNER!! You have been selected to receive a new laptop. Call 08845314446 now to claim Reply STOP to opt out."
ham,Morning. Can you call me when you reach home? Need to ask something Bye thanks
spam,"Hi Maria, Final notice: pay outstanding bill of $7010 today to avoid legal action. Visit http://pay-apple.biz Do not ignore!"
ham,Quick one: Can you call me when you reach cafe? Need to ask something
ham,Ok so Don't forget to buy milk on the way home
ham,"Hey! lol that was so funny, tell me more when we meet Let me know."
ham,"Hey! Thanks for the help yesterday Ali, really appreciate it ok?"
ham,Reminder: your appointment is after lunch. Reply YES to confirm
ham,"btw meeting moved to tomorrow, please confirm"
ham,Ok so Your OTP for login is 483920. Do not share it with anyone See you.
ham,btw reminder: your appointment is tomorrow. reply yes to confirm cheers neha
ham,"Ok so Hey Neha, are you coming to the mall 9am? Bye"
ham,"Hello John, Meeting moved to after lunch, please confirm ok?"
ham,btw congrats ali on the new job! let's celebrate tomorrow talk later.
ham,"Hi, Hey Maria, are you coming to the gym this weekend? Ping me."
spam,Attention: FREE entry in our weekly draw to win a free holiday! Text YES to 86807 now. T&Cs apply
ham,"lol that was so funny, tell me more when we meet let me know."
ham,"Btw I will be late, stuck in traffic near airport"
ham,ok see you 9am at the office see you.
ham,"hello sara, meeting moved to tomorrow, please confirm thanks!"
ham,"Hello Amit, I will be late, stuck in traffic near gym ok? :)"
ham,Reminder: your appointment is 5pm. Reply YES to confirm Thanks!
ham,"hello rahul, i will be late, stuck in traffic near home"
ham,hi sara! ok see you tonight at the office ok?
ham,Morning. Your OTP for login is 483920. Do not share it with anyone Let me know. :)
ham,Hi Sneha! Dinner at my place tonight? Mom is cooking Talk later.
ham,Your OTP for login is 483920. Do not share it with anyone Ping me.
ham,Morning. Happy birthday Neha! Have a great day
ham,Ok so Ok see you in 10 mins at the college Bye
ham,"Hey! Call me when you are free, nothing urgent Thanks!"
ham,"Hey! I will be late, stuck in traffic near home Thanks!"
ham,"Quick one: Hey John, are you coming to the home tomorrow?"
ham,Free for a quick call tomorrow? Want to discuss the project Cheers Sneha
ham,Can I borrow your notes? Will return 9am
ham,"Hey Ali, are you coming to the mall tonight? See you. pls"
ham,Quick one: Happy birthday Priya! Have a great day Ping me. thanks
spam,Quick one: Happy birthday Priya! Have a great day
ham,Free for a quick call tomorrow? Want to discuss the project ok? pls
ham,"hi neha! call me when you are free, nothing urgent see you."
ham,Hey! Reminder: your appointment is in 10 mins. Reply YES to confirm Let me know.
spam,Attention: Exclusive offer from netflix: 90% OFF today only. Shop now http://netflix-deals.com
spam,"Attention: Hi, I saw your profile. Invest in crypto and double your money in 7 days. Message me Act now!"
ham,"Ok so Meeting moved to in 10 mins, please confirm Bye"
spam,"Quick one: Your order is out for delivery, it will arrive after lunch :)"
ham,hey! reminder: your appointment is tonight. reply yes to confirm ping me.
spam,Important! WINNER!! You have been selected to receive $1000 cash. Call 09378463113 now to claim
ham,don't forget to buy milk on the way home thanks!
ham,"meeting moved to tomorrow, please confirm let me know."
ham,"hey! meeting moved to after lunch, please confirm ping me."
ham,Hi Priya! Reminder: your appointment is 5pm. Reply YES to confirm
spam,"Notice: Dear customer, your sbi KYC is expired. Update immediately: http://sbi-kyc.info or account will be blocked"
ham,"Notice: FREE entry in our weekly draw to win iPhone 15! Text OFFER to 57992 now. T&Cs apply Hurry, offer ends soon!"
ham,Hi Maria! Free for a quick call tomorrow? Want to discuss the project Thanks! thanks
ham,"Hello Priya, Did you finish the assignment? Please send it by tomorrow See you."
spam,"Dear user, Get a loan of Rs 4890 approved instantly. No documents needed! Call 08126247013 Valid 24hrs only."
ham,Hi Ali! Your OTP for login is 483920. Do not share it with anyone See you.
ham,"Hey Maria, are you coming to the home in 10 mins? See you. thanks"
ham,hi priya! reminder: your appointment is 9am. reply yes to confirm thanks!
ham,"Hey! Thanks for the help yesterday John, really appreciate it Thanks! pls"
ham,"hi, can you call me when you reach office? need to ask something talk later."
ham,"Quick one: lol that was so funny, tell me more when we meet Ping me."
ham,"Hello Neha, Dinner at my place tomorrow? Mom is cooking Ping me."
ham,"hello ali, can you call me when you reach mall? need to ask something thanks!"
ham,Hey! Ok see you 9am at the gym Talk later. thanks
ham,"I will be late, stuck in traffic near station"
ham,"lol that was so funny, tell me more when we meet Let me know."
ham,"hello tom, ok see you 5pm at the cafe ok?"
ham,Hey! Can you call me when you reach college? Need to ask something ok?
ham,"Ok so Call me when you are free, nothing urgent ok? ok?"
ham,Happy birthday Neha! Have a great day Let me know.
ham,"Hello Amit, Reminder: your appointment is tonight. Reply YES to confirm Bye pls"
ham,ok so your otp for login is 483920. do not share it with anyone cheers tom
ham,Reminder: your appointment is in 10 mins. Reply YES to confirm Thanks!
ham,"hey! thanks for the help yesterday ali, really appreciate it"
ham,Ok so Happy birthday Maria! Have a great day ok?
ham,Morning. Dinner at my place tomorrow? Mom is cooking Bye
ham,"Hi, Call me when you are free, nothing urgent Bye"
ham,Dinner at my place in 10 mins? Mom is cooking Talk later.
ham,Reminder: your appointment is in 10 mins. Reply YES to confirm See you. pls
ham,"Hey Sara, are you coming to the mall after lunch? Let me know."
ham,btw dinner at my place tomorrow? mom is cooking let me know.
ham,Congrats Rahul on the new job! Let's celebrate 9am Thanks!
ham,Btw Can you call me when you reach college? Need to ask something See you.
ham,"hi, i will be late, stuck in traffic near office cheers ali"
spam,Important! FREE entry in our weekly draw to win a free holiday! Text OFFER to 88837 now. T&Cs apply
ham,Hey! Can you call me when you reach college? Need to ask something ok?
ham,"Ok so Your order is out for delivery, it will arrive in 10 mins Let me know."
spam,"Hi Neha, You have been specially selected for Rs 50000. Reply YES to 61903 to claim before midnight Reply STOP to opt out."
ham,"Morning. I will be late, stuck in traffic near mall Thanks!"
ham,Congrats Sara on the new job! Let's celebrate in 10 mins Cheers Amit
ham,Can you call me when you reach home? Need to ask something
ham,Morning. Congrats Tom on the new job! Let's celebrate after lunch
spam,"Hello, FREE entry in our weekly draw to win a new laptop! Text WIN to 86263 now. T&Cs apply Ref 53264"
ham,"Ok so lol that was so funny, tell me more when we meet"
ham,"Meeting moved to 9am, please confirm Let me know."
ham,"Hello Priya, Meeting moved to tonight, please confirm"
ham,Hi Sara! Happy birthday Priya! Have a great day Let me know.
ham,Ok so Congrats Priya on the new job! Let's celebrate 9am Thanks!
ham,"Quick one: I will be late, stuck in traffic near mall Thanks!"
ham,"morning. call me when you are free, nothing urgent bye"
ham,"Hi, Happy birthday Sara! Have a great day"
ham,"Ok so I will be late, stuck in traffic near station"
spam,Final notice: pay outstanding bill of $3076 today to avoid legal action. Visit http://pay-netflix.biz Valid 24hrs only.
ham,"Ok so lol that was so funny, tell me more when we meet"
ham,"Hi Maria! Thanks for the help yesterday Tom, really appreciate it Talk later."
ham,"Hi, Your OTP for login is 483920. Do not share it with anyone"
ham,reminder: your appointment is 9am. reply yes to confirm thanks!
ham,"Btw Call me when you are free, nothing urgent Ping me."
ham,Hey! Your OTP for login is 483920. Do not share it with anyone Cheers Sneha
ham,Hi Sneha! Dinner at my place this weekend? Mom is cooking Bye ok?
ham,"Hi, Hey Neha, are you coming to the office this weekend? Bye"
ham,"Hi, Don't forget to buy milk on the way home Talk later. ok?"
ham,Ok so Don't forget to buy milk on the way home
ham,Hi Tom! Don't forget to buy milk on the way home Bye
ham,Hi Maria! Can I borrow your notes? Will return in 10 mins Talk later.
ham,"Hi, Congrats Maria on the new job! Let's celebrate 9am Cheers Sneha"
ham,Hey! Dinner at my place this weekend? Mom is cooking Let me know.
ham,"Hello John, Can I borrow your notes? Will return 9am Let me know."
ham,Quick one: Did you finish the assignment? Please send it by tomorrow See you.
ham,Btw Free for a quick call 9am? Want to discuss the project Talk later.
ham,your otp for login is 483920. do not share it with anyone ping me.
ham,hey! happy birthday neha! have a great day cheers tom pls
ham,Free for a quick call 5pm? Want to discuss the project ok?
ham,"Hi Maria! lol that was so funny, tell me more when we meet"
ham,Morning. Can you call me when you reach station? Need to ask something
ham,"Call me when you are free, nothing urgent Bye :)"
ham,happy birthday amit! have a great day talk later.
spam,attention: exclusive offer from netflix: 90% off today only. shop now http://netflix-deals.com
ham,"lol that was so funny, tell me more when we meet Bye"
ham,Quick one: Don't forget to buy milk on the way home
ham,Hey! Can I borrow your notes? Will return after lunch Let me know.
ham,Reminder: your appointment is 9am. Reply YES to confirm Cheers Neha
ham,"Hi, Can you call me when you reach airport? Need to ask something Ping me."
ham,"Hello Maria, Your OTP for login is 483920. Do not share it with anyone Thanks!"
ham,"I will be late, stuck in traffic near home"
ham,"Your order is out for delivery, it will arrive 5pm Thanks!"
ham,Hey! Ok see you tomorrow at the station See you.
ham,Hey! Your OTP for login is 483920. Do not share it with anyone
ham,hey! free for a quick call this weekend? want to discuss the project ping me.
ham,"Hey! Thanks for the help yesterday Amit, really appreciate it Cheers Neha thanks"
ham,ok so did you finish the assignment? please send it by this weekend let me know.
ham,"hi maria! your order is out for delivery, it will arrive 9am talk later. pls"
ham,"ok so i will be late, stuck in traffic near airport see you."
ham,Morning. Your OTP for login is 483920. Do not share it with anyone Cheers Sara
ham,morning. did you finish the assignment? please send it by this weekend ping me.
ham,ok so can you call me when you reach station? need to ask something talk later.
ham,"Hello Sara, Congrats Ali on the new job! Let's celebrate in 10 mins"
ham,Can I borrow your notes? Will return after lunch Ping me.
ham,"I will be late, stuck in traffic near gym Ping me."
spam,Notice: Exclusive offer from hdfc: 90% OFF today only. Shop now http://hdfc-deals.com Reply STOP to opt out.
ham,"I will be late, stuck in traffic near home See you."
ham,Hi Sara! Don't forget to buy milk on the way home Cheers Ali
spam,"Hello, Hot singles in your area want to chat. Text OFFER to 66876. 18+ only Do not ignore!"
ham,"Morning. Your order is out for delivery, it will arrive 5pm See you."
spam,Attention: Your parcel could not be delivered. Pay small fee to reschedule: http://amazon-track.info Act now!
spam,Attention: Get a loan of Rs 5115 approved instantly. No documents needed! Call 09026229314 Ref 95870
ham,Hey! Can I borrow your notes? Will return in 10 mins Let me know. pls
ham,"Hi Rahul! lol that was so funny, tell me more when we meet Bye"
spam,"ALERT: Dear customer, your sbi KYC is expired. Update immediately: http://sbi-kyc.info or account will be blocked Hurry, offer ends soon!"
ham,"Hello Rahul, Reminder: your appointment is after lunch. Reply YES to confirm Thanks!"
ham,"Btw Hey Amit, are you coming to the home tomorrow? Thanks!"
ham,"I will be late, stuck in traffic near airport Ping me. pls"
ham,"Btw I will be late, stuck in traffic near airport Let me know."
ham,"hi, can i borrow your notes? will return in 10 mins cheers john :)"
ham,"Morning. Meeting moved to tomorrow, please confirm Talk later."
ham,"I will be late, stuck in traffic near mall Let me know. thanks"
spam,"Hi Priya, You have been specially selected for a free holiday. Reply OFFER to 67794 to claim before midnight Valid 24hrs only."
ham,"Hello Priya, Thanks for the help yesterday Maria, really appreciate it Thanks!"
ham,"btw i will be late, stuck in traffic near college ping me. thanks"
ham,"hey! meeting moved to in 10 mins, please confirm talk later."
ham,ok so can you call me when you reach mall? need to ask something :)
ham,"Hi Sara! I will be late, stuck in traffic near airport"
ham,"Btw lol that was so funny, tell me more when we meet Cheers John"
ham,Quick one: Free for a quick call after lunch? Want to discuss the project
ham,"Btw Meeting moved to 9am, please confirm See you."
spam,FREE MSG: Your parcel could not be delivered. Pay small fee to reschedule: http://paytm-track.info
ham,"Hello Tom, Can I borrow your notes? Will return 5pm Thanks!"
ham,Hi Priya! Can you call me when you reach college? Need to ask something Bye
ham,"meeting moved to after lunch, please confirm ok?"
ham,Did you finish the assignment? Please send it by in 10 mins Bye
ham,morning. ok see you tonight at the station cheers maria
ham,Btw Did you finish the assignment? Please send it by 9am ok?
ham,btw congrats neha on the new job! let's celebrate after lunch ping me.
ham,Hey! Free for a quick call after lunch? Want to discuss the project Bye
ham,Can you call me when you reach gym? Need to ask something Talk later.
ham,Happy birthday Amit! Have a great day Cheers Tom
ham,"Hey! Meeting moved to 9am, please confirm Talk later."
ham,Ok so Reminder: your appointment is after lunch. Reply YES to confirm Cheers Amit
ham,"Hello Maria, I will be late, stuck in traffic near home Thanks!"
ham,"Thanks for the help yesterday Sara, really appreciate it Thanks!"
ham,"ok so thanks for the help yesterday rahul, really appreciate it thanks!"
ham,Hey! Congrats Maria on the new job! Let's celebrate tomorrow Let me know.
spam,"Hello, Exclusive offer from paypal: 90% OFF today only. Shop now http://paypal-deals.com Hurry, offer ends soon!"
ham,Quick one: Ok see you after lunch at the airport Bye
ham,"Hello Neha, lol that was so funny, tell me more when we meet See you."
spam,"dear customer, your paypal kyc is expired. update immediately: http://paypal-kyc.info or account will be blocked act now!"
ham,Quick one: Ok see you after lunch at the home
ham,Morning. Congrats Amit on the new job! Let's celebrate tomorrow Thanks!
ham,"hello neha, lol that was so funny, tell me more when we meet ok?"
ham,ok so dinner at my place after lunch? mom is cooking
ham,"Hi, Ok see you after lunch at the mall Thanks! ok?"
ham,"Hi, Did you finish the assignment? Please send it by in 10 mins Thanks!"
ham,"Hi, Your OTP for login is 483920. Do not share it with anyone ok?"
ham,"Quick one: Your order is out for delivery, it will arrive tomorrow ok?"
ham,"hi, hey amit, are you coming to the home tonight?"
ham,Btw Ok see you 9am at the cafe Thanks! :)
ham,"Thanks for the help yesterday Ali, really appreciate it ok?"
ham,Free for a quick call tomorrow? Want to discuss the project pls
spam,FREE MSG: Final notice: pay outstanding bill of $7813 today to avoid legal action. Visit http://pay-sbi.biz
ham,"I will be late, stuck in traffic near airport Let me know."
ham,hey! don't forget to buy milk on the way home thanks!
ham,Free for a quick call in 10 mins? Want to discuss the project Cheers Ali
ham,"Quick one: Meeting moved to tonight, please confirm Bye"
ham,Quick one: Your OTP for login is 483920. Do not share it with anyone Talk later.
ham,ok so did you finish the assignment? please send it by 9am ping me.
spam,alert: free entry in our weekly draw to win $1000 cash! text stop to 56452 now. t&cs apply valid 24hrs only.
ham,"Hello Maria, Free for a quick call 5pm? Want to discuss the project ok?"
ham,"hello priya, lol that was so funny, tell me more when we meet :)"
spam,"dear user, free entry in our weekly draw to win a gift voucher! text win to 69115 now. t&cs apply hurry, offer ends soon!"
ham,"morning. your order is out for delivery, it will arrive in 10 mins talk later."
ham,"hi, meeting moved to 9am, please confirm see you. :)"
spam,"Dear user, URGENT: Your paytm account is suspended. Verify now at www.paytm-secure.net/login Do not ignore!"
ham,"Quick one: Call me when you are free, nothing urgent Let me know."
ham,"Quick one: I will be late, stuck in traffic near airport Bye"
ham,hi sara! your otp for login is 483920. do not share it with anyone bye
ham,Hey! Happy birthday Rahul! Have a great day
ham,"Hey! Your order is out for delivery, it will arrive 5pm See you."
ham,"Hi, Call me when you are free, nothing urgent Let me know."
ham,"Your order is out for delivery, it will arrive tonight Thanks!"
ham,"hello tom, did you finish the assignment? please send it by tomorrow thanks! ok?"
ham,"hello sara, dinner at my place tonight? mom is cooking ok?"
ham,"Ok so Meeting moved to tonight, please confirm Talk later. :)"
ham,"hi ali! call me when you are free, nothing urgent talk later."
ham,morning. don't forget to buy milk on the way home ping me.
spam,"hello, urgent: your paytm account is suspended. verify now at www.paytm-secure.net/login"
ham,ok so did you finish the assignment? please send it by after lunch pls
ham,"Quick one: Your order is out for delivery, it will arrive 9am Talk later."
ham,Ok see you 5pm at the college Talk later.
ham,Hi Neha! Happy birthday Rahul! Have a great day Bye
ham,Morning. Reminder: your appointment is this weekend. Reply YES to confirm Bye
ham,"Hi, Can I borrow your notes? Will return 9am thanks"
ham,Quick one: Can I borrow your notes? Will return 5pm Ping me.
ham,"Quick one: Meeting moved to in 10 mins, please confirm Let me know."
ham,hey! dinner at my place in 10 mins? mom is cooking
ham,"Morning. Call me when you are free, nothing urgent ok?"
ham,Morning. Ok see you 5pm at the college :)
ham,Btw Did you finish the assignment? Please send it by after lunch Talk later.
ham,"hello priya, i will be late, stuck in traffic near home ok? pls"
ham,Hey! Can I borrow your notes? Will return tomorrow Cheers Priya
ham,"hi, congrats amit on the new job! let's celebrate 5pm ok?"
ham,"lol that was so funny, tell me more when we meet bye"
ham,Hey! Your OTP for login is 483920. Do not share it with anyone Ping me.
ham,"Quick one: Your order is out for delivery, it will arrive tomorrow Ping me."
ham,quick one: can you call me when you reach station? need to ask something bye
ham,"I will be late, stuck in traffic near airport See you."
ham,Morning. Happy birthday Amit! Have a great day ok?
ham,"quick one: lol that was so funny, tell me more when we meet ping me."
ham,Morning. Can I borrow your notes? Will return this weekend See you.
ham,Quick one: Your OTP for login is 483920. Do not share it with anyone Let me know.
spam,"Attention: Claim your FREE a gift voucher now!!! Limited time offer, click www.apple-offers.com"
ham,Morning. Free for a quick call 5pm? Want to discuss the project Cheers Priya thanks
spam,FREE MSG: Exclusive offer from apple: 90% OFF today only. Shop now http://apple-deals.com T&Cs apply.
ham,Quick one: Happy birthday Amit! Have a great day Bye
ham,Ok so Happy birthday Priya! Have a great day thanks
spam,Attention: FREE entry in our weekly draw to win Rs 50000! Text YES to 63431 now. T&Cs apply Reply STOP to opt out.
ham,"Hi, I will be late, stuck in traffic near office"
ham,"Ok so Hey Sara, are you coming to the airport this weekend? Talk later."
ham,Hi Neha! Congrats Ali on the new job! Let's celebrate tomorrow Talk later.
spam,Attention: Earn $500 daily working from home. No experience needed. Join now www.easy-cash.com T&Cs apply.
ham,"Hello Sara, Happy birthday Tom! Have a great day pls"
ham,did you finish the assignment? please send it by 5pm let me know.
ham,Hi John! Can I borrow your notes? Will return 5pm Cheers Ali
ham,Morning. Congrats Tom on the new job! Let's celebrate this weekend :)
spam,FREE MSG: Exclusive offer from fedex: 90% OFF today only. Shop now http://fedex-deals.com Do not ignore!
spam,FREE entry in our weekly draw to win a gift voucher! Text WIN to 88041 now. T&Cs apply Msg ID 31333
ham,Quick one: Your OTP for login is 483920. Do not share it with anyone Thanks!
ham,Hey! Free for a quick call this weekend? Want to discuss the project ok? pls
spam,attention: exclusive offer from netflix: 90% off today only. shop now http://netflix-deals.com
ham,ok so free for a quick call tonight? want to discuss the project see you.
ham,Morning. Happy birthday Sneha! Have a great day Talk later.
ham,"Morning. I will be late, stuck in traffic near office Let me know. pls"
ham,hi amit! can you call me when you reach college? need to ask something
ham,"Btw Call me when you are free, nothing urgent Ping me."
ham,ok so ok see you 5pm at the college cheers john :)
ham,"Hi, Congrats John on the new job! Let's celebrate in 10 mins Ping me."
ham,"Hey! Call me when you are free, nothing urgent"
spam,"Attention: You have been specially selected for a new laptop. Reply OFFER to 62228 to claim before midnight Hurry, offer ends soon!"
spam,"FREE MSG: Dear customer, your paytm KYC is expired. Update immediately: http://paytm-kyc.info or account will be blocked Do not ignore!"
ham,"morning. meeting moved to tomorrow, please confirm"
ham,Hey! Don't forget to buy milk on the way home See you. :)
ham,Hi Tom! Congrats Amit on the new job! Let's celebrate in 10 mins
ham,"Hi Sneha! Hey Tom, are you coming to the gym this weekend? Thanks!"
spam,"Hi Neha, FREE entry in our weekly draw to win iPhone 15! Text YES to 89261 now. T&Cs apply Ref 99993"
ham,ok so can i borrow your notes? will return tonight ok?
ham,"Hello Priya, Don't forget to buy milk on the way home Ping me. :)"
ham,Hey! Can I borrow your notes? Will return tonight Let me know.
ham,"Hello Rahul, Congrats Ali on the new job! Let's celebrate this weekend"
ham,Btw Congrats Neha on the new job! Let's celebrate 9am ok?
spam,"Quick one: Call me when you are free, nothing urgent Bye"
ham,Ok so Congrats Priya on the new job! Let's celebrate 5pm Thanks!
ham,"Morning. Thanks for the help yesterday Amit, really appreciate it Cheers Ali ok?"
ham,"quick one: call me when you are free, nothing urgent let me know."
ham,"Ok so I will be late, stuck in traffic near office Cheers Sneha"
ham,"Hello John, Congrats Rahul on the new job! Let's celebrate this weekend Let me know. :)"
ham,"thanks for the help yesterday rahul, really appreciate it let me know."
ham,"hey! meeting moved to tomorrow, please confirm thanks!"
ham,"Hi Sara! I will be late, stuck in traffic near home Thanks!"
ham,"Hello Rahul, Don't forget to buy milk on the way home See you. thanks"
ham,"Hey! lol that was so funny, tell me more when we meet Talk later. pls"
ham,Congrats Amit on the new job! Let's celebrate after lunch Ping me.
ham,"Btw I will be late, stuck in traffic near station Thanks!"
ham,"Btw Your order is out for delivery, it will arrive in 10 mins See you."
ham,Hey! Your OTP for login is 483920. Do not share it with anyone Ping me.
ham,Morning. Ok see you after lunch at the mall Let me know.
ham,Your OTP for login is 483920. Do not share it with anyone Thanks!
spam,"Hello, You have been specially selected for Rs 50000. Reply CLAIM to 87608 to claim before midnight T&Cs apply."
ham,"Hi, I will be late, stuck in traffic near airport Let me know."
ham,"Hello Maria, Thanks for the help yesterday John, really appreciate it"
ham,"Quick one: Meeting moved to 9am, please confirm Bye"
ham,"Hi, Did you finish the assignment? Please send it by tonight Let me know."
ham,quick one: dinner at my place this weekend? mom is cooking talk later.
ham,Hi Sneha! Congrats Sara on the new job! Let's celebrate 5pm Talk later. thanks
ham,"Morning. Thanks for the help yesterday Sara, really appreciate it Cheers Priya"
ham,Reminder: your appointment is 9am. Reply YES to confirm Let me know. :)
ham,Don't forget to buy milk on the way home
ham,congrats ali on the new job! let's celebrate this weekend ping me.
ham,Ok so Don't forget to buy milk on the way home Let me know.
ham,hi sara! can you call me when you reach station? need to ask something
ham,btw can you call me when you reach airport? need to ask something ok?
ham,Hey! Reminder: your appointment is 9am. Reply YES to confirm Cheers Sara
ham,"btw your order is out for delivery, it will arrive after lunch let me know."
ham,Btw Free for a quick call tonight? Want to discuss the project Talk later.
ham,Can you call me when you reach airport? Need to ask something
ham,"Hello Sara, Call me when you are free, nothing urgent Bye"
ham,"hi, hey sara, are you coming to the home this weekend? see you. thanks"
ham,"call me when you are free, nothing urgent ping me."
ham,Hi Ali! Did you finish the assignment? Please send it by 9am Talk later.
spam,"FREE MSG: Dear customer, your fedex KYC is expired. Update immediately: http://fedex-kyc.info or account will be blocked Valid 24hrs only."
ham,Morning. Did you finish the assignment? Please send it by after lunch See you.
ham,ok so free for a quick call tonight? want to discuss the project see you.
ham,"hi sneha! hey maria, are you coming to the office this weekend? let me know."
ham,Hey! Can I borrow your notes? Will return tonight Thanks!
ham,"btw hey sneha, are you coming to the gym tonight? see you."
ham,"Hi Ali! Meeting moved to 5pm, please confirm See you. :)"
ham,Ok see you after lunch at the gym Ping me.
ham,"Morning. lol that was so funny, tell me more when we meet Bye"
ham,"Hey! Thanks for the help yesterday John, really appreciate it Cheers Priya"
spam,"free msg: dear customer, your fedex kyc is expired. update immediately: http://fedex-kyc.info or account will be blocked"
ham,"Hello Sara, I will be late, stuck in traffic near home Ping me."
ham,Btw Did you finish the assignment? Please send it by tomorrow ok?
spam,free entry in our weekly draw to win a free holiday! text offer to 57265 now. t&cs apply msg id 49163
ham,Quick one: Happy birthday Maria! Have a great day See you.
ham,"lol that was so funny, tell me more when we meet Talk later."
ham,did you finish the assignment? please send it by 9am bye
ham,"Hi, Thanks for the help yesterday John, really appreciate it Thanks!"
ham,"Btw I will be late, stuck in traffic near college Thanks!"
ham,Morning. Congrats Priya on the new job! Let's celebrate 9am Ping me.
ham,"hi, lol that was so funny, tell me more when we meet let me know."
ham,"Hi Priya! Hey Maria, are you coming to the gym tonight? Thanks!"
ham,"morning. i will be late, stuck in traffic near mall"
ham,"Morning. Your order is out for delivery, it will arrive this weekend ok?"
ham,Quick one: Ok see you this weekend at the mall Let me know. :)
ham,"Hello Rahul, Ok see you this weekend at the college"
ham,"hello sara, free for a quick call in 10 mins? want to discuss the project see you. thanks"
ham,"Ok so Thanks for the help yesterday Amit, really appreciate it"
ham,btw ok see you in 10 mins at the gym :)
ham,quick one: your otp for login is 483920. do not share it with anyone thanks!
ham,"Hello Rahul, Dinner at my place tonight? Mom is cooking Ping me."
ham,"Hey! Thanks for the help yesterday Amit, really appreciate it Ping me."
ham,"Morning. Thanks for the help yesterday Amit, really appreciate it Let me know. :)"
ham,"btw your order is out for delivery, it will arrive tonight see you."
ham,"Btw Hey Tom, are you coming to the college 9am? Bye"
ham,"hi, your otp for login is 483920. do not share it with anyone let me know."
spam,"free msg: dear customer, your hdfc kyc is expired. update immediately: http://hdfc-kyc.info or account will be blocked t&cs apply."
ham,ok so reminder: your appointment is tonight. reply yes to confirm talk later.
spam,FREE MSG: WINNER!! You have been selected to receive iPhone 15. Call 08998625501 now to claim Reply STOP to opt out.
ham,"ok so call me when you are free, nothing urgent let me know."
ham,"Morning. Your order is out for delivery, it will arrive this weekend Let me know."
ham,Can I borrow your notes? Will return this weekend
ham,"Hi John! Your order is out for delivery, it will arrive tomorrow Talk later."
ham,Hey! Reminder: your appointment is 9am. Reply YES to confirm Cheers Priya
ham,"hey ali, are you coming to the office this weekend? cheers maria"
spam,"hi, meeting moved to 9am, please confirm let me know."
ham,Happy birthday Priya! Have a great day Thanks!
ham,"morning. lol that was so funny, tell me more when we meet let me know."
ham,"Quick one: lol that was so funny, tell me more when we meet Thanks!"
spam,You have been specially selected for a gift voucher. Reply WIN to 62467 to claim before midnight Reply STOP to opt out.
spam,Attention: You have been specially selected for a gift voucher. Reply CLAIM to 63288 to claim before midnight Ref 15726
ham,"Hey! Your order is out for delivery, it will arrive 9am Bye"
ham,Dinner at my place this weekend? Mom is cooking Let me know.
ham,"thanks for the help yesterday sneha, really appreciate it bye"
ham,"Morning. lol that was so funny, tell me more when we meet ok?"
ham,Ok so Can I borrow your notes? Will return 9am ok?
ham,Ok so Free for a quick call this weekend? Want to discuss the project :)
ham,Did you finish the assignment? Please send it by 9am
ham,btw congrats amit on the new job! let's celebrate tonight ok?
ham,Hi Ali! Free for a quick call 9am? Want to discuss the project Let me know.
ham,Don't forget to buy milk on the way home
ham,"Ok so Call me when you are free, nothing urgent"
ham,"I will be late, stuck in traffic near gym See you."
ham,"Hey John, are you coming to the station after lunch? Let me know."
ham,ALERT: FREE entry in our weekly draw to win a free holiday! Text CLAIM to 66870 now. T&Cs apply T&Cs apply.
ham,"Morning. Thanks for the help yesterday Sara, really appreciate it Bye thanks"
ham,btw don't forget to buy milk on the way home let me know.
spam,Get a loan of Rs 4855 approved instantly. No documents needed! Call 09692140334 Reply STOP to opt out.
ham,Ok so Can you call me when you reach home? Need to ask something Bye
ham,Did you finish the assignment? Please send it by this weekend Thanks!
ham,"Hello Sneha, Did you finish the assignment? Please send it by after lunch Cheers Neha"
ham,Ok so Reminder: your appointment is after lunch. Reply YES to confirm Let me know.
ham,"Hi, Can I borrow your notes? Will return tonight Thanks!"
ham,Ok so Can you call me when you reach gym? Need to ask something See you.
ham,"Btw I will be late, stuck in traffic near office pls"
ham,"hey! i will be late, stuck in traffic near college"
ham,"Hello Tom, Reminder: your appointment is 5pm. Reply YES to confirm See you."
spam,"ALERT: Exclusive offer from paytm: 90% OFF today only. Shop now http://paytm-deals.com Hurry, offer ends soon!"
spam,"dear customer, your hdfc kyc is expired. update immediately: http://hdfc-kyc.info or account will be blocked t&cs apply."
ham,"Hello Ali, Can I borrow your notes? Will return in 10 mins ok?"
ham,Hey! Can you call me when you reach office? Need to ask something
ham,ok see you tonight at the office
ham,"btw lol that was so funny, tell me more when we meet"
ham,"lol that was so funny, tell me more when we meet talk later. thanks"
ham,"Hi Sneha! Thanks for the help yesterday John, really appreciate it Bye"
ham,"morning. meeting moved to in 10 mins, please confirm let me know."
ham,morning. did you finish the assignment? please send it by in 10 mins talk later.
ham,Quick one: Did you finish the assignment? Please send it by tomorrow Ping me.
ham,"Thanks for the help yesterday Sneha, really appreciate it Talk later."
ham,"Hi John! Your order is out for delivery, it will arrive in 10 mins"
ham,Can I borrow your notes? Will return after lunch Talk later.
ham,"Hey! Meeting moved to 5pm, please confirm"
ham,"Hi, I will be late, stuck in traffic near college See you."
ham,"Hey! I will be late, stuck in traffic near office Thanks!"
ham,"Hi Amit! Your order is out for delivery, it will arrive tonight ok? ok?"
ham,Don't forget to buy milk on the way home See you.
ham,Congrats Priya on the new job! Let's celebrate 9am
ham,Hi Priya! Did you finish the assignment? Please send it by 9am Bye :)
ham,Ok so Dinner at my place tonight? Mom is cooking
ham,"Morning. Call me when you are free, nothing urgent Cheers Priya ok?"
ham,Btw Don't forget to buy milk on the way home Let me know. thanks
ham,"hi, your order is out for delivery, it will arrive in 10 mins let me know."
ham,"Hi, Meeting moved to tomorrow, please confirm Let me know. ok?"
ham,"Btw I will be late, stuck in traffic near office"
ham,Morning. Happy birthday Amit! Have a great day Ping me.
ham,"Hey! I will be late, stuck in traffic near mall thanks"
spam,You have been specially selected for iPhone 15. Reply OFFER to 78908 to claim before midnight T&Cs apply.
ham,"Hello Ali, Reminder: your appointment is 9am. Reply YES to confirm Let me know."
spam,"Notice: URGENT: Your paypal account is suspended. Verify now at www.paypal-secure.net/login Hurry, offer ends soon!"
ham,"Hey! lol that was so funny, tell me more when we meet See you."
ham,reminder: your appointment is 9am. reply yes to confirm
ham,Your OTP for login is 483920. Do not share it with anyone Bye ok?
spam,Congratulations! You won a gift voucher. Click http://claim-apple.com/win to collect your prize Ref 97681
ham,"Your order is out for delivery, it will arrive tomorrow Let me know."
ham,"lol that was so funny, tell me more when we meet Let me know."
spam,ALERT: Hot singles in your area want to chat. Text YES to 86719. 18+ only Act now!
ham,Don't forget to buy milk on the way home Ping me.
ham,"Quick one: I will be late, stuck in traffic near mall Let me know."
ham,Hey! Happy birthday Maria! Have a great day ok?
ham,"Hey! Thanks for the help yesterday Rahul, really appreciate it Bye"
spam,"attention: your parcel could not be delivered. pay small fee to reschedule: http://amazon-track.info hurry, offer ends soon!"
ham,"Hey! I will be late, stuck in traffic near station See you."
ham,Morning. Don't forget to buy milk on the way home
ham,Morning. Your OTP for login is 483920. Do not share it with anyone Cheers Amit ok?
spam,"Hi Neha, Earn $500 daily working from home. No experience needed. Join now www.easy-cash.com Reply STOP to opt out."
ham,"Btw Meeting moved to 5pm, please confirm"
ham,"ok so your order is out for delivery, it will arrive tomorrow thanks!"
spam,"Hello, FREE entry in our weekly draw to win iPhone 15! Text CLAIM to 75453 now. T&Cs apply Valid 24hrs only."
spam,"Hello, FREE entry in our weekly draw to win a gift voucher! Text WIN to 66297 now. T&Cs apply Do not ignore!"
ham,"Hey! Thanks for the help yesterday John, really appreciate it Cheers Ali"
ham,"Hey! Call me when you are free, nothing urgent Ping me."
ham,"Hello Sneha, Ok see you 5pm at the home Talk later."
ham,"hi, don't forget to buy milk on the way home thanks!"
spam,ALERT: FREE entry in our weekly draw to win a free holiday! Text CLAIM to 50985 now. T&Cs apply T&Cs apply.
ham,"hi, dinner at my place 9am? mom is cooking talk later."
ham,Morning. Dinner at my place after lunch? Mom is cooking
ham,Don't forget to buy milk on the way home Let me know.
ham,"Hey Neha, are you coming to the station 9am? Thanks!"
ham,"Hey! I will be late, stuck in traffic near office Let me know."
ham,Morning. Your OTP for login is 483920. Do not share it with anyone ok?
ham,"quick one: call me when you are free, nothing urgent bye"
spam,FREE MSG: WINNER!! You have been selected to receive a gift voucher. Call 08071154365 now to claim Valid 24hrs only.
ham,"Quick one: Meeting moved to after lunch, please confirm"
ham,Hey! Reminder: your appointment is tomorrow. Reply YES to confirm Bye thanks
ham,"Hi, Can you call me when you reach gym? Need to ask something ok? :)"
ham,Ok so Can you call me when you reach home? Need to ask something See you. ok?
ham,reminder: your appointment is in 10 mins. reply yes to confirm :)
ham,"quick one: i will be late, stuck in traffic near home bye"
ham,Ok so Reminder: your appointment is this weekend. Reply YES to confirm Cheers Maria
ham,"Hey! Call me when you are free, nothing urgent"
ham,Quick one: Did you finish the assignment? Please send it by 9am Ping me.
ham,Morning. Reminder: your appointment is 9am. Reply YES to confirm
ham,"Hello Neha, I will be late, stuck in traffic near home Talk later. :)"
spam,"Claim your FREE $1000 cash now!!! Limited time offer, click www.netflix-offers.com Valid 24hrs only."
ham,Ok so Ok see you in 10 mins at the cafe
ham,Hey! Free for a quick call 9am? Want to discuss the project ok?
ham,"Ok so Thanks for the help yesterday Tom, really appreciate it Thanks!"
ham,"Morning. Call me when you are free, nothing urgent Ping me."
ham,"Ok so Meeting moved to in 10 mins, please confirm Ping me."
ham,Congrats Sneha on the new job! Let's celebrate this weekend Thanks!
ham,Hey! Don't forget to buy milk on the way home Talk later. ok?
ham,"Hello Sneha, lol that was so funny, tell me more when we meet"
ham,quick one: ok see you after lunch at the station ok?
ham,Reminder: your appointment is tonight. Reply YES to confirm
ham,Hi Sara! Ok see you after lunch at the gym
ham,dinner at my place 5pm? mom is cooking
ham,ok so don't forget to buy milk on the way home
spam,"Hi Neha! Your order is out for delivery, it will arrive 9am ok? pls"
ham,"Hey! Your order is out for delivery, it will arrive in 10 mins Let me know. thanks"
ham,"Ok so I will be late, stuck in traffic near mall"
ham,Btw Your OTP for login is 483920. Do not share it with anyone Talk later.
ham,"hi, i will be late, stuck in traffic near college cheers sneha"
ham,"Hello Ali, Thanks for the help yesterday Sara, really appreciate it Bye"
spam,Notice: Exclusive offer from paytm: 90% OFF today only. Shop now http://paytm-deals.com
ham,quick one: can you call me when you reach cafe? need to ask something bye
ham,hey! free for a quick call in 10 mins? want to discuss the project let me know.
spam,Notice: Final notice: pay outstanding bill of $2786 today to avoid legal action. Visit http://pay-netflix.biz Reply STOP to opt out.
ham,"Btw Call me when you are free, nothing urgent Bye"
ham,Can you call me when you reach college? Need to ask something Talk later. :)
ham,"Ok so Your order is out for delivery, it will arrive tonight Let me know. ok?"
ham,morning. congrats maria on the new job! let's celebrate 9am
ham,quick one: can i borrow your notes? will return this weekend let me know.
ham,Ok so Congrats John on the new job! Let's celebrate after lunch ok?
spam,Notice: FREE entry in our weekly draw to win a gift voucher! Text WIN to 83029 now. T&Cs apply
ham,"Hello John, Call me when you are free, nothing urgent Cheers Ali"
ham,"Hello Priya, Can I borrow your notes? Will return this weekend ok?"
spam,urgent: your apple account is suspended. verify now at www.apple-secure.net/login do not ignore!
ham,Hey! Reminder: your appointment is 5pm. Reply YES to confirm Cheers Sneha
ham,btw free for a quick call this weekend? want to discuss the project cheers rahul
ham,"Your order is out for delivery, it will arrive tomorrow Ping me."
ham,Hey! Free for a quick call 5pm? Want to discuss the project Let me know.
ham,did you finish the assignment? please send it by 5pm ok?
ham,"Hello Sneha, Your OTP for login is 483920. Do not share it with anyone"
ham,Hey! Congrats John on the new job! Let's celebrate 5pm Bye
ham,Happy birthday Priya! Have a great day
ham,don't forget to buy milk on the way home talk later.
ham,hey! can i borrow your notes? will return 9am ok?
ham,"hi maria! call me when you are free, nothing urgent thanks!"
ham,hi john! dinner at my place tonight? mom is cooking ok?
spam,"hi sara, get a loan of rs 3262 approved instantly. no documents needed! call 07307386616 hurry, offer ends soon!"
ham,Hi Neha! Don't forget to buy milk on the way home ok?
ham,Hey! Happy birthday Ali! Have a great day Cheers Neha
spam,"alert: claim your free a new laptop now!!! limited time offer, click www.apple-offers.com"
ham,Hey! Happy birthday Ali! Have a great day Ping me.
ham,"Hi, Ok see you 9am at the cafe Thanks!"
ham,happy birthday neha! have a great day thanks!
ham,"Hey! Meeting moved to this weekend, please confirm Cheers Sneha"
ham,dinner at my place 9am? mom is cooking ping me.
ham,"hey! thanks for the help yesterday ali, really appreciate it let me know."
ham,"Hey! Call me when you are free, nothing urgent :)"
ham,Ok so Reminder: your appointment is 9am. Reply YES to confirm Thanks!
ham,Can you call me when you reach gym? Need to ask something Talk later. thanks
ham,"Hello Neha, Your OTP for login is 483920. Do not share it with anyone Bye"
ham,"Hey! lol that was so funny, tell me more when we meet Ping me. ok?"
ham,hey! congrats tom on the new job! let's celebrate this weekend see you.
spam,"Attention: Hi, I saw your profile. Invest in crypto and double your money in 7 days. Message me Do not ignore!"
ham,Quick one: Don't forget to buy milk on the way home Thanks! thanks
ham,"hi, thanks for the help yesterday ali, really appreciate it see you."
ham,Morning. Your OTP for login is 483920. Do not share it with anyone ok?
ham,Hi Ali! Congrats Priya on the new job! Let's celebrate this weekend Bye thanks
ham,hey! dinner at my place this weekend? mom is cooking bye
ham,"Hi, Your order is out for delivery, it will arrive in 10 mins Ping me."
spam,alert: hot singles in your area want to chat. text offer to 81370. 18+ only t&cs apply.
spam,important! final notice: pay outstanding bill of $2789 today to avoid legal action. visit http://pay-netflix.biz act now!
ham,"Hi, Hey Priya, are you coming to the cafe this weekend? Bye"
ham,"hi, free for a quick call after lunch? want to discuss the project let me know."
ham,"Hi Ali! I will be late, stuck in traffic near college"
spam,"Dear user, Exclusive offer from sbi: 90% OFF today only. Shop now http://sbi-deals.com Act now!"
ham,"hi, hey tom, are you coming to the office in 10 mins? thanks!"
ham,"Hi, Thanks for the help yesterday Sneha, really appreciate it Talk later."
ham,"Your order is out for delivery, it will arrive 5pm See you."
ham,"hi, your order is out for delivery, it will arrive tomorrow bye"
ham,Hi Amit! Happy birthday Rahul! Have a great day
ham,Don't forget to buy milk on the way home Let me know.
ham,"hey! thanks for the help yesterday neha, really appreciate it see you."
ham,Ok so Free for a quick call tonight? Want to discuss the project Talk later. :)
ham,"Morning. Meeting moved to tomorrow, please confirm"
ham,"your order is out for delivery, it will arrive this weekend see you."
ham,"hi priya! call me when you are free, nothing urgent ok?"
spam,Exclusive offer from fedex: 90% OFF today only. Shop now http://fedex-deals.com Reply STOP to opt out.
ham,ok see you in 10 mins at the station let me know. thanks
ham,Hey! Ok see you tonight at the cafe ok?
ham,"hi ali! hey neha, are you coming to the gym this weekend? bye"
ham,Your OTP for login is 483920. Do not share it with anyone See you.
spam,"dear customer, your paypal kyc is expired. update immediately: http://paypal-kyc.info or account will be blocked do not ignore!"
ham,Reminder: your appointment is this weekend. Reply YES to confirm Talk later.
ham,Hi Sara! Can you call me when you reach cafe? Need to ask something Bye :)
ham,"Hi, lol that was so funny, tell me more when we meet Talk later."
ham,"Hi, Happy birthday Ali! Have a great day See you."
spam,Attention: URGENT: Your amazon account is suspended. Verify now at www.amazon-secure.net/login Reply STOP to opt out.
spam,ALERT: Congratulations! You won a gift voucher. Click http://claim-paypal.com/win to collect your prize Reply STOP to opt out.
ham,"Morning. lol that was so funny, tell me more when we meet Thanks!"
spam,"Dear user, Get a loan of Rs 8329 approved instantly. No documents needed! Call 07776867027 Do not ignore!"
ham,"call me when you are free, nothing urgent ping me."
ham,"Quick one: lol that was so funny, tell me more when we meet ok?"
spam,Important! Hot singles in your area want to chat. Text OFFER to 59510. 18+ only T&Cs apply.
ham,Quick one: Reminder: your appointment is 9am. Reply YES to confirm Cheers Sneha
ham,Quick one: Reminder: your appointment is after lunch. Reply YES to confirm Cheers Sneha
ham,Quick one: Reminder: your appointment is in 10 mins. Reply YES to confirm
ham,"Hi, Your order is out for delivery, it will arrive in 10 mins ok?"
ham,"Hey! Hey Amit, are you coming to the station 9am? ok?"
ham,don't forget to buy milk on the way home let me know. pls
spam,ALERT: URGENT: Your apple account is suspended. Verify now at www.apple-secure.net/login Do not ignore!
ham,hey! happy birthday sara! have a great day thanks!
ham,reminder: your appointment is 5pm. reply yes to confirm ok?
ham,quick one: dinner at my place this weekend? mom is cooking pls
ham,"Hi, Happy birthday Priya! Have a great day :)"
ham,"Hi, Don't forget to buy milk on the way home"
ham,"Hi, Congrats Priya on the new job! Let's celebrate in 10 mins Bye"
ham,Did you finish the assignment? Please send it by tomorrow ok?
spam,"Important! URGENT: Your netflix account is suspended. Verify now at www.netflix-secure.net/login Hurry, offer ends soon!"
ham,"Hello Sara, Don't forget to buy milk on the way home ok?"
ham,"Morning. lol that was so funny, tell me more when we meet Thanks!"
ham,quick one: don't forget to buy milk on the way home cheers ali
ham,Btw Your OTP for login is 483920. Do not share it with anyone ok?
spam,"Dear user, Congratulations! You won a new laptop. Click http://claim-apple.com/win to collect your prize Valid 24hrs only."
ham,"Hi Amit! I will be late, stuck in traffic near station Cheers John"
ham,Hi Maria! Did you finish the assignment? Please send it by 9am
ham,Don't forget to buy milk on the way home
ham,"hi, reminder: your appointment is 9am. reply yes to confirm thanks!"
ham,"Hello Sara, Don't forget to buy milk on the way home Thanks! ok?"
ham,Can you call me when you reach mall? Need to ask something Let me know.
ham,quick one: can you call me when you reach gym? need to ask something talk later. :)
ham,"Call me when you are free, nothing urgent"
spam,Important! Get a loan of Rs 4785 approved instantly. No documents needed! Call 07003914914 Msg ID 89973
ham,"Hey! Thanks for the help yesterday Tom, really appreciate it Talk later."
ham,"Morning. Meeting moved to 9am, please confirm Ping me. :)"
ham,"Hello Priya, Thanks for the help yesterday Priya, really appreciate it"
spam,attention: final notice: pay outstanding bill of $3379 today to avoid legal action. visit http://pay-fedex.biz
ham,congrats sara on the new job! let's celebrate tonight
ham,Btw Free for a quick call after lunch? Want to discuss the project See you. pls
ham,Hey! Can I borrow your notes? Will return after lunch Cheers Sara
spam,Notice: Your parcel could not be delivered. Pay small fee to reschedule: http://amazon-track.info Ref 95443
ham,Hey! Can I borrow your notes? Will return 9am Talk later.
ham,Ok see you after lunch at the gym Talk later.
spam,"Hello, Your mobile number has won £1224 in the lottery. Contact agent on 07672141152 to receive payment T&Cs apply."
ham,Hi Amit! Don't forget to buy milk on the way home Let me know.
ham,"Hello Amit, Meeting moved to in 10 mins, please confirm See you."
ham,"Ok so Thanks for the help yesterday John, really appreciate it Let me know."
spam,Get a loan of Rs 1173 approved instantly. No documents needed! Call 07246794194 Reply STOP to opt out.
ham,"hello sneha, reminder: your appointment is in 10 mins. reply yes to confirm talk later."
ham,Ok so Did you finish the assignment? Please send it by 9am Ping me.
ham,Did you finish the assignment? Please send it by this weekend
ham,"Call me when you are free, nothing urgent"
ham,"Hey! Hey Neha, are you coming to the mall this weekend? Let me know."
ham,"Hi, Ok see you this weekend at the station ok?"
spam,"Hi Sneha, Congratulations! You won Rs 50000. Click http://claim-paytm.com/win to collect your prize Valid 24hrs only."
spam,"alert: hi, i saw your profile. invest in crypto and double your money in 7 days. message me t&cs apply."
ham,"morning. call me when you are free, nothing urgent bye :)"
ham,"Morning. Your order is out for delivery, it will arrive 9am Cheers Rahul"
ham,"Hello Amit, Hey Rahul, are you coming to the cafe this weekend? See you. ok?"
ham,Ok so Can I borrow your notes? Will return tomorrow Let me know.
ham,"Meeting moved to 9am, please confirm Thanks!"
spam,"Dear user, Dear customer, your sbi KYC is expired. Update immediately: http://sbi-kyc.info or account will be blocked Msg ID 8831"
spam,"Dear user, Exclusive offer from amazon: 90% OFF today only. Shop now http://amazon-deals.com"
spam,important! exclusive offer from fedex: 90% off today only. shop now http://fedex-deals.com do not ignore!
ham,"Ok so lol that was so funny, tell me more when we meet See you."
spam,"Hello, FREE entry in our weekly draw to win Rs 50000! Text YES to 51418 now. T&Cs apply"
ham,Hey! Congrats Amit on the new job! Let's celebrate tomorrow See you. ok?
ham,"Hi, Ok see you tonight at the office Let me know."
ham,morning. happy birthday ali! have a great day talk later.
ham,Ok so Can you call me when you reach home? Need to ask something See you.
ham,"hi, call me when you are free, nothing urgent"
ham,"Btw Call me when you are free, nothing urgent Cheers Amit"
ham,Happy birthday Amit! Have a great day See you.
spam,"Dear user, FREE entry in our weekly draw to win Rs 50000! Text OFFER to 50238 now. T&Cs apply Valid 24hrs only."
ham,"Hi, Ok see you tomorrow at the station"
ham,"quick one: hey tom, are you coming to the mall 5pm? see you."
ham,"Morning. I will be late, stuck in traffic near mall ok?"
ham,hi priya! reminder: your appointment is 5pm. reply yes to confirm cheers priya
ham,Hi Ali! Free for a quick call this weekend? Want to discuss the project See you. :)
ham,"hi, can you call me when you reach office? need to ask something ping me."
ham,Hi Sneha! Ok see you this weekend at the airport ok?
ham,Ok so Can I borrow your notes? Will return tonight Talk later.
ham,don't forget to buy milk on the way home ok?
ham,"hey! meeting moved to after lunch, please confirm see you."
ham,"Ok so Thanks for the help yesterday Neha, really appreciate it"
ham,"Call me when you are free, nothing urgent Thanks!"
ham,Dinner at my place 9am? Mom is cooking Thanks!
ham,hi maria! can you call me when you reach mall? need to ask something cheers maria pls
spam,Final notice: pay outstanding bill of $4999 today to avoid legal action. Visit http://pay-netflix.biz Reply STOP to opt out.
ham,Morning. Dinner at my place this weekend? Mom is cooking
ham,ok so congrats ali on the new job! let's celebrate 9am see you.
ham,Ok so Happy birthday Priya! Have a great day thanks
spam,Earn $500 daily working from home. No experience needed. Join now www.easy-cash.com
ham,Hi John! Congrats Rahul on the new job! Let's celebrate 9am Ping me.
ham,"hi, your otp for login is 483920. do not share it with anyone ping me."
ham,Free for a quick call this weekend? Want to discuss the project Thanks!
ham,Hey! Congrats John on the new job! Let's celebrate this weekend
ham,Ok see you 9am at the gym Let me know.
ham,Ok so Dinner at my place tonight? Mom is cooking Ping me.
ham,"Hi, Meeting moved to 5pm, please confirm ok?"
ham,Morning. Happy birthday Maria! Have a great day Thanks!
ham,"Thanks for the help yesterday Amit, really appreciate it See you."
ham,"Ok so Your order is out for delivery, it will arrive 9am"
ham,"Quick one: Meeting moved to tomorrow, please confirm Let me know. thanks"
ham,Reminder: your appointment is tomorrow. Reply YES to confirm Let me know. ok?
ham,hey! don't forget to buy milk on the way home bye
ham,"Hi, Dinner at my place in 10 mins? Mom is cooking"
ham,quick one: your otp for login is 483920. do not share it with anyone let me know.
ham,ok so congrats amit on the new job! let's celebrate in 10 mins ping me.
spam,ALERT: Your mobile number has won £8614 in the lottery. Contact agent on 09198452942 to receive payment Act now!
ham,Hi Sara! Free for a quick call 5pm? Want to discuss the project Let me know.
ham,"Hello Sara, Reminder: your appointment is 9am. Reply YES to confirm Ping me."
ham,"hi john! call me when you are free, nothing urgent let me know."
ham,"hi, congrats tom on the new job! let's celebrate after lunch pls"
ham,Morning. Happy birthday John! Have a great day See you.
spam,"Important! Final notice: pay outstanding bill of $6125 today to avoid legal action. Visit http://pay-paytm.biz Hurry, offer ends soon!"
ham,"Quick one: Your order is out for delivery, it will arrive in 10 mins Talk later."
spam,"alert: dear customer, your paytm kyc is expired. update immediately: http://paytm-kyc.info or account will be blocked do not ignore!"
spam,"Notice: Your mobile number has won £3295 in the lottery. Contact agent on 07995216520 to receive payment Hurry, offer ends soon!"
ham,"Call me when you are free, nothing urgent Bye"
spam,alert: get a loan of rs 6773 approved instantly. no documents needed! call 07338777926 act now!
ham,quick one: did you finish the assignment? please send it by this weekend
spam,"hello, free entry in our weekly draw to win a free holiday! text stop to 50119 now. t&cs apply t&cs apply."
ham,Ok so Free for a quick call in 10 mins? Want to discuss the project See you.
ham,"hi, thanks for the help yesterday sneha, really appreciate it see you."
ham,"Hello Maria, Can I borrow your notes? Will return tomorrow Ping me."
spam,"Attention: URGENT: Your netflix account is suspended. Verify now at www.netflix-secure.net/login Hurry, offer ends soon!"
ham,"hi tom! lol that was so funny, tell me more when we meet see you."
ham,Btw Ok see you 9am at the mall
ham,"Btw lol that was so funny, tell me more when we meet ok?"
ham,"Hello Rahul, Can you call me when you reach airport? Need to ask something Ping me."
ham,did you finish the assignment? please send it by this weekend ok?
ham,Free for a quick call after lunch? Want to discuss the project
ham,"Morning. lol that was so funny, tell me more when we meet Cheers Priya"
ham,"Hi Sara! Thanks for the help yesterday Maria, really appreciate it Talk later."
ham,"Ok so lol that was so funny, tell me more when we meet Cheers Ali"
ham,Hi Amit! Reminder: your appointment is this weekend. Reply YES to confirm Thanks!
spam,"Dear user, URGENT: Your paypal account is suspended. Verify now at www.paypal-secure.net/login Valid 24hrs only."
ham,Hey! Happy birthday Sara! Have a great day Talk later.
ham,"Hi, lol that was so funny, tell me more when we meet ok? ok?"
ham,"Hello Tom, Hey Sara, are you coming to the airport in 10 mins? Let me know."
spam,notice: exclusive offer from sbi: 90% off today only. shop now http://sbi-deals.com valid 24hrs only.
spam,"Hi John, Your parcel could not be delivered. Pay small fee to reschedule: http://netflix-track.info"
ham,"Hi, Hey John, are you coming to the home tomorrow?"
ham,"Hi Tom! Your order is out for delivery, it will arrive tomorrow ok?"
ham,"Thanks for the help yesterday Maria, really appreciate it Let me know."
ham,"Hi Sara! Call me when you are free, nothing urgent ok?"
ham,"hi, your otp for login is 483920. do not share it with anyone let me know. pls"
ham,quick one: don't forget to buy milk on the way home see you.
ham,Reminder: your appointment is 5pm. Reply YES to confirm ok? pls
ham,"Hello Neha, lol that was so funny, tell me more when we meet Talk later. :)"
ham,happy birthday maria! have a great day ping me.
ham,"Morning. lol that was so funny, tell me more when we meet Cheers John thanks"
ham,"Hi Sneha! Call me when you are free, nothing urgent ok?"
ham,Ok see you tonight at the airport
ham,Quick one: Congrats John on the new job! Let's celebrate in 10 mins Ping me. :)
ham,Congrats Ali on the new job! Let's celebrate 9am Bye
ham,Quick one: Can you call me when you reach station? Need to ask something ok?
ham,"Hi, Can you call me when you reach gym? Need to ask something See you."
spam,Notice: FREE entry in our weekly draw to win a gift voucher! Text YES to 67921 now. T&Cs apply Do not ignore!
ham,hi neha! congrats sara on the new job! let's celebrate this weekend cheers tom
ham,Quick one: Your OTP for login is 483920. Do not share it with anyone Thanks!
ham,"Btw I will be late, stuck in traffic near airport Cheers Rahul pls"
ham,"Hey! Call me when you are free, nothing urgent See you."
ham,"Hi Tom! lol that was so funny, tell me more when we meet ok?"
ham,hey! ok see you 9am at the office bye
ham,Btw Don't forget to buy milk on the way home Talk later.
spam,"important! dear customer, your paypal kyc is expired. update immediately: http://paypal-kyc.info or account will be blocked"
ham,Ok so Don't forget to buy milk on the way home Let me know. thanks
ham,"Hi, Congrats Maria on the new job! Let's celebrate tonight Cheers Rahul"
ham,Quick one: Free for a quick call in 10 mins? Want to discuss the project Thanks! pls
spam,"Dear user, URGENT: Your apple account is suspended. Verify now at www.apple-secure.net/login Act now!"
ham,"Hi Rahul! Your order is out for delivery, it will arrive in 10 mins Thanks!"
ham,Ok so Reminder: your appointment is tonight. Reply YES to confirm ok?
ham,"Hi John! Meeting moved to tonight, please confirm Bye"
ham,"Hi Amit! Thanks for the help yesterday Maria, really appreciate it ok?"
ham,"Hello Sneha, Reminder: your appointment is this weekend. Reply YES to confirm"
ham,"Hey! Your order is out for delivery, it will arrive after lunch Thanks!"
ham,"Hi Neha! Call me when you are free, nothing urgent ok?"
ham,"hi, reminder: your appointment is after lunch. reply yes to confirm let me know."
spam,free msg: your parcel could not be delivered. pay small fee to reschedule: http://hdfc-track.info do not ignore!
ham,ok so free for a quick call 9am? want to discuss the project bye thanks
ham,Quick one: Did you finish the assignment? Please send it by this weekend Talk later.
ham,Ok so Reminder: your appointment is tomorrow. Reply YES to confirm Thanks!
ham,"I will be late, stuck in traffic near station ok?"
ham,"Ok so Call me when you are free, nothing urgent Talk later. pls"
ham,Don't forget to buy milk on the way home
ham,"Hello Sara, Call me when you are free, nothing urgent See you."
ham,Morning. Reminder: your appointment is 9am. Reply YES to confirm ok?
ham,Hey! Free for a quick call tonight? Want to discuss the project ok?
ham,"ok so lol that was so funny, tell me more when we meet let me know."
ham,"morning. lol that was so funny, tell me more when we meet let me know."
ham,Btw Free for a quick call 5pm? Want to discuss the project
ham,"Btw Call me when you are free, nothing urgent Let me know."
ham,hey! free for a quick call this weekend? want to discuss the project talk later.
ham,"Hello Rahul, Happy birthday Tom! Have a great day"
ham,Hi Amit! Did you finish the assignment? Please send it by 5pm Talk later.
ham,"hi, i will be late, stuck in traffic near station"
ham,btw congrats maria on the new job! let's celebrate after lunch ok?
ham,"hello priya, did you finish the assignment? please send it by in 10 mins let me know. ok?"
ham,Free for a quick call in 10 mins? Want to discuss the project Let me know.
ham,"Hello John, Your OTP for login is 483920. Do not share it with anyone"
ham,"Hey! Meeting moved to 9am, please confirm ok?"
ham,hi sneha! dinner at my place 5pm? mom is cooking let me know.
ham,"ok so thanks for the help yesterday sara, really appreciate it let me know. :)"
ham,Quick one: Can I borrow your notes? Will return tomorrow Thanks!
ham,"Ok so Call me when you are free, nothing urgent Let me know."
spam,FREE MSG: Exclusive offer from sbi: 90% OFF today only. Shop now http://sbi-deals.com Msg ID 58212
ham,Don't forget to buy milk on the way home Ping me. ok?
ham,Your OTP for login is 483920. Do not share it with anyone Let me know.
spam,Earn $500 daily working from home. No experience needed. Join now www.easy-cash.com
ham,"hi ali! your order is out for delivery, it will arrive this weekend ping me."
ham,"Morning. I will be late, stuck in traffic near gym pls"
ham,"Hey! lol that was so funny, tell me more when we meet Bye"
ham,"Meeting moved to tonight, please confirm Thanks!"
spam,Attention: Get a loan of Rs 1642 approved instantly. No documents needed! Call 09667730176 Do not ignore!
ham,Hi Ali! Dinner at my place after lunch? Mom is cooking Cheers Ali
ham,"hi, meeting moved to this weekend, please confirm thanks!"
ham,hi rahul! don't forget to buy milk on the way home
spam,"Hi, I saw your profile. Invest in crypto and double your money in 7 days. Message me Hurry, offer ends soon!"
ham,"Hello Priya, Meeting moved to this weekend, please confirm thanks"
ham,Morning. Can you call me when you reach gym? Need to ask something ok?
ham,Morning. Congrats Ali on the new job! Let's celebrate tomorrow ok?
ham,morning. your otp for login is 483920. do not share it with anyone ping me.
ham,"Morning. I will be late, stuck in traffic near mall Let me know. ok?"
ham,reminder: your appointment is this weekend. reply yes to confirm cheers priya pls
ham,Btw Did you finish the assignment? Please send it by tomorrow Thanks!
ham,Morning. Can I borrow your notes? Will return 5pm Thanks!
ham,Can you call me when you reach airport? Need to ask something
ham,"Ok so Your order is out for delivery, it will arrive in 10 mins See you. pls"
ham,"Morning. Thanks for the help yesterday Priya, really appreciate it Cheers Priya"
spam,"Hey John, are you coming to the college tomorrow?"
ham,Ok so Can you call me when you reach station? Need to ask something
ham,"Hello Ali, Call me when you are free, nothing urgent"
ham,"Hello Ali, Meeting moved to this weekend, please confirm Let me know. ok?"
spam,Important! Congratulations! You won a free holiday. Click http://claim-netflix.com/win to collect your prize T&Cs apply.
ham,"quick one: lol that was so funny, tell me more when we meet bye"
ham,"hello neha, thanks for the help yesterday priya, really appreciate it thanks!"
ham,"Hi Maria! Call me when you are free, nothing urgent Talk later. ok?"
ham,congrats sara on the new job! let's celebrate in 10 mins ping me.
ham,Ok so Can you call me when you reach cafe? Need to ask something Talk later.
ham,"Hi, Your OTP for login is 483920. Do not share it with anyone See you."
ham,morning. your otp for login is 483920. do not share it with anyone see you. pls
ham,"hi, hey neha, are you coming to the cafe 9am? talk later."
ham,"Quick one: I will be late, stuck in traffic near cafe Cheers Tom :)"
ham,btw did you finish the assignment? please send it by in 10 mins bye
ham,Hey! Your OTP for login is 483920. Do not share it with anyone
ham,"Hi, Dinner at my place tomorrow? Mom is cooking Cheers Tom"
ham,"hi, call me when you are free, nothing urgent see you."
ham,"Ok so Thanks for the help yesterday Sneha, really appreciate it Let me know."
ham,"Hi Sara! Meeting moved to in 10 mins, please confirm Thanks!"
ham,"quick one: your order is out for delivery, it will arrive 9am talk later."
ham,"Hello Neha, Happy birthday Maria! Have a great day :)"
ham,"lol that was so funny, tell me more when we meet Cheers Sara"
ham,Quick one: Don't forget to buy milk on the way home See you.
ham,"Btw I will be late, stuck in traffic near office Cheers John"
ham,Btw Did you finish the assignment? Please send it by this weekend
ham,"Hello Priya, Did you finish the assignment? Please send it by this weekend"
ham,Your OTP for login is 483920. Do not share it with anyone Cheers Neha
spam,"Dear user, Exclusive offer from amazon: 90% OFF today only. Shop now http://amazon-deals.com Reply STOP to opt out."
ham,"Morning. Call me when you are free, nothing urgent ok? thanks"
ham,Morning. Ok see you tonight at the mall Let me know.
ham,"hey sneha, are you coming to the office this weekend? cheers tom"
ham,Hey! Can I borrow your notes? Will return in 10 mins Thanks!
ham,"Btw lol that was so funny, tell me more when we meet"
spam,"Hi Tom, WINNER!! You have been selected to receive Rs 50000. Call 08801276186 now to claim"
ham,Hey! Don't forget to buy milk on the way home See you.
ham,"Ok so lol that was so funny, tell me more when we meet Ping me."
spam,"Hello, Claim your FREE $1000 cash now!!! Limited time offer, click www.paytm-offers.com Reply STOP to opt out."
spam,Final notice: pay outstanding bill of $1302 today to avoid legal action. Visit http://pay-amazon.biz Do not ignore!
ham,Hi John! Happy birthday Neha! Have a great day Cheers Priya :)
spam,FREE entry in our weekly draw to win Rs 50000! Text WIN to 81192 now. T&Cs apply Do not ignore!
spam,Notice: WINNER!! You have been selected to receive $1000 cash. Call 07661354440 now to claim Reply STOP to opt out.
ham,"btw i will be late, stuck in traffic near cafe see you. ok?"
ham,"hi, thanks for the help yesterday tom, really appreciate it thanks!"
spam,free msg: congratulations! you won a gift voucher. click http://claim-sbi.com/win to collect your prize ref 58157
ham,Free for a quick call in 10 mins? Want to discuss the project Talk later.
ham,Btw Dinner at my place tomorrow? Mom is cooking Thanks!
ham,Can you call me when you reach office? Need to ask something See you.
ham,"Hey! Thanks for the help yesterday John, really appreciate it Thanks!"
ham,Hi Ali! Ok see you this weekend at the college Let me know.
ham,Quick one: Did you finish the assignment? Please send it by tomorrow Ping me. ok?
ham,Can I borrow your notes? Will return tomorrow Bye
ham,"Call me when you are free, nothing urgent Talk later."
ham,hey! did you finish the assignment? please send it by after lunch thanks!
ham,"Call me when you are free, nothing urgent Ping me."
spam,"hi amit, congratulations! you won $1000 cash. click http://claim-hdfc.com/win to collect your prize msg id 88617"
ham,"Hi, Can I borrow your notes? Will return tomorrow"
spam,winner!! you have been selected to receive a new laptop. call 09070259831 now to claim t&cs apply.
ham,"Hey John, are you coming to the airport after lunch? ok? ok?"
spam,"Hello, Congratulations! You won $1000 cash. Click http://claim-sbi.com/win to collect your prize T&Cs apply."
ham,"Ok so Meeting moved to 5pm, please confirm Thanks!"
ham,"Your order is out for delivery, it will arrive after lunch Let me know."
ham,"Hey Sara, are you coming to the airport tomorrow? ok?"
ham,"Hello Tom, Congrats Sneha on the new job! Let's celebrate tonight See you."
ham,"hello ali, your otp for login is 483920. do not share it with anyone talk later."
ham,"hey! meeting moved to tonight, please confirm ok?"
ham,"Morning. Hey Priya, are you coming to the gym 5pm? Bye"
ham,"Morning. Call me when you are free, nothing urgent Thanks!"
spam,"Quick one: lol that was so funny, tell me more when we meet Cheers Neha"
ham,Btw Can you call me when you reach college? Need to ask something Bye
ham,"ok so thanks for the help yesterday sneha, really appreciate it let me know."
ham,"Hey Maria, are you coming to the station in 10 mins? Let me know."
spam,"hi sneha, hi, i saw your profile. invest in crypto and double your money in 7 days. message me"
ham,"hey sara, are you coming to the gym tomorrow? let me know."
spam,FREE MSG: WINNER!! You have been selected to receive $1000 cash. Call 09864243394 now to claim
ham,Don't forget to buy milk on the way home ok?
ham,"Ok so Call me when you are free, nothing urgent Talk later."
ham,Morning. Reminder: your appointment is 9am. Reply YES to confirm ok?
ham,Quick one: Did you finish the assignment? Please send it by 9am
ham,quick one: your otp for login is 483920. do not share it with anyone ping me.
ham,Hi Priya! Reminder: your appointment is in 10 mins. Reply YES to confirm pls
ham,dinner at my place tomorrow? mom is cooking see you.
spam,"ALERT: Claim your FREE $1000 cash now!!! Limited time offer, click www.hdfc-offers.com"
ham,Quick one: Can I borrow your notes? Will return 5pm Bye
ham,Hey! Congrats John on the new job! Let's celebrate 9am Talk later.
ham,"Hi, Congrats Tom on the new job! Let's celebrate this weekend Bye"
ham,"Hi, lol that was so funny, tell me more when we meet Thanks!"
ham,"your order is out for delivery, it will arrive in 10 mins"
spam,FREE MSG: Your mobile number has won £5511 in the lottery. Contact agent on 07454752059 to receive payment Act now!
ham,Btw Your OTP for login is 483920. Do not share it with anyone ok?
ham,"Call me when you are free, nothing urgent See you."
ham,btw did you finish the assignment? please send it by 5pm let me know.
ham,"Btw Hey Neha, are you coming to the home after lunch?"
spam,"Hi Ali, Final notice: pay outstanding bill of $2592 today to avoid legal action. Visit http://pay-apple.biz Reply STOP to opt out."
ham,"Ok so Hey Tom, are you coming to the home 9am? :)"
ham,Hey! Can you call me when you reach home? Need to ask something Cheers Ali
ham,Hey! Can I borrow your notes? Will return 9am Thanks!
ham,"Hi, I will be late, stuck in traffic near station Let me know. pls"
ham,Hey! Ok see you tonight at the mall Bye
ham,can you call me when you reach home? need to ask something bye
ham,"Quick one: I will be late, stuck in traffic near airport"
ham,"Hello Ali, Can I borrow your notes? Will return 5pm Bye"
spam,"Notice: Claim your FREE a gift voucher now!!! Limited time offer, click www.paypal-offers.com Ref 9408"
ham,"Hi, Happy birthday Priya! Have a great day ok?"
ham,"hi, ok see you 5pm at the gym cheers sneha :)"
ham,"Hi, Congrats Ali on the new job! Let's celebrate this weekend Cheers Priya thanks"
ham,"Call me when you are free, nothing urgent ok?"
ham,Btw Don't forget to buy milk on the way home Bye ok?
ham,Ok so Free for a quick call 9am? Want to discuss the project ok?
ham,quick one: can you call me when you reach home? need to ask something
ham,Free for a quick call 5pm? Want to discuss the project Ping me.
spam,"Hello, Final notice: pay outstanding bill of $7399 today to avoid legal action. Visit http://pay-apple.biz Do not ignore!"
ham,"Hey! Hey Sneha, are you coming to the gym after lunch? Ping me."
ham,"hello sara, meeting moved to in 10 mins, please confirm ok?"
ham,Ok see you tonight at the home
ham,Ok so Ok see you this weekend at the college Ping me.
ham,"Hello Neha, Dinner at my place in 10 mins? Mom is cooking ok?"
ham,Hey! Don't forget to buy milk on the way home Let me know. pls
ham,quick one: your otp for login is 483920. do not share it with anyone
ham,"Hi, Don't forget to buy milk on the way home Bye"
ham,"hi, happy birthday sneha! have a great day bye"
ham,"Hi, Dinner at my place after lunch? Mom is cooking Bye"
spam,important! free entry in our weekly draw to win rs 50000! text stop to 85346 now. t&cs apply act now!
ham,"Hey! Call me when you are free, nothing urgent See you."
ham,"hi, lol that was so funny, tell me more when we meet thanks"
ham,"Morning. I will be late, stuck in traffic near gym Cheers Maria"
ham,"Hi, Meeting moved to tomorrow, please confirm Cheers Ali"
ham,Btw Dinner at my place tonight? Mom is cooking
spam,"Claim your FREE a new laptop now!!! Limited time offer, click www.apple-offers.com"
ham,"Hi, Reminder: your appointment is this weekend. Reply YES to confirm"
spam,"notice: claim your free a free holiday now!!! limited time offer, click www.fedex-offers.com ref 85799"
ham,congrats tom on the new job! let's celebrate tonight ok?
ham,ok so your otp for login is 483920. do not share it with anyone ping me. :)
ham,happy birthday amit! have a great day
ham,"Hi Priya! Meeting moved to 5pm, please confirm Bye"
ham,"Hi, Can you call me when you reach office? Need to ask something ok? :)"
ham,"hello sara, free for a quick call tonight? want to discuss the project"
ham,"morning. your order is out for delivery, it will arrive this weekend see you."
ham,Quick one: Can I borrow your notes? Will return 5pm Bye :)
ham,can i borrow your notes? will return this weekend pls
ham,Congrats Sneha on the new job! Let's celebrate 5pm Cheers Sara :)
ham,"quick one: meeting moved to 5pm, please confirm ping me."
ham,Quick one: Free for a quick call after lunch? Want to discuss the project
ham,"Hi, Hey Maria, are you coming to the airport 9am? Cheers Tom"
ham,Btw Free for a quick call 5pm? Want to discuss the project
ham,"Call me when you are free, nothing urgent"
ham,btw can i borrow your notes? will return after lunch ping me. ok?
spam,"ALERT: Claim your FREE a gift voucher now!!! Limited time offer, click www.netflix-offers.com Do not ignore!"
ham,"hi, did you finish the assignment? please send it by 5pm talk later. :)"
ham,"Quick one: Thanks for the help yesterday Amit, really appreciate it Ping me."
ham,"btw i will be late, stuck in traffic near office talk later."
ham,"Hi John! Hey Neha, are you coming to the college in 10 mins? Cheers Maria"
ham,Morning. Free for a quick call after lunch? Want to discuss the project Talk later. ok?
ham,"Hello Amit, Hey Rahul, are you coming to the college tomorrow? Thanks!"
ham,"Ok so Your order is out for delivery, it will arrive tonight"
ham,Hi Priya! Congrats Neha on the new job! Let's celebrate tonight ok?
spam,"Dear user, Get a loan of Rs 2914 approved instantly. No documents needed! Call 09577304008 Ref 1339"
ham,Don't forget to buy milk on the way home Thanks!
ham,"hi rahul! lol that was so funny, tell me more when we meet"
ham,"Quick one: Meeting moved to 5pm, please confirm :)"
ham,"Hi, Free for a quick call after lunch? Want to discuss the project Bye"
ham,"Hi Tom! Your order is out for delivery, it will arrive in 10 mins"
ham,hey! can i borrow your notes? will return in 10 mins see you.
ham,"Hello John, Reminder: your appointment is 5pm. Reply YES to confirm"
spam,"hi neha, final notice: pay outstanding bill of $3099 today to avoid legal action. visit http://pay-amazon.biz valid 24hrs only."
ham,"Meeting moved to 5pm, please confirm Thanks!"
ham,"Hey Rahul, are you coming to the home this weekend? ok?"
ham,Free for a quick call this weekend? Want to discuss the project Cheers Neha ok?
spam,ALERT: You have been specially selected for a free holiday. Reply STOP to 73752 to claim before midnight Msg ID 10036
ham,"Hello John, Dinner at my place 5pm? Mom is cooking Bye"
ham,Ok so Dinner at my place after lunch? Mom is cooking Ping me.
spam,"Ok so Hey John, are you coming to the station in 10 mins? ok?"
ham,Ok so Can you call me when you reach mall? Need to ask something Let me know. :)
ham,Congrats Sneha on the new job! Let's celebrate tomorrow Bye
ham,"Hi, Your order is out for delivery, it will arrive tonight Bye pls"
ham,"Notice: Dear customer, your paypal KYC is expired. Update immediately: http://paypal-kyc.info or account will be blocked Hurry, offer ends soon!"
ham,"Morning. Thanks for the help yesterday Amit, really appreciate it"
spam,Exclusive offer from hdfc: 90% OFF today only. Shop now http://hdfc-deals.com Msg ID 16166
ham,Ok so Ok see you tomorrow at the gym Let me know.
ham,Morning. Ok see you after lunch at the airport Ping me. ok?
spam,Earn $500 daily working from home. No experience needed. Join now www.easy-cash.com Act now!
spam,Your parcel could not be delivered. Pay small fee to reschedule: http://paypal-track.info
ham,Btw Ok see you tonight at the mall Ping me.
ham,did you finish the assignment? please send it by 5pm let me know.
spam,notice: free entry in our weekly draw to win iphone 15! text yes to 61047 now. t&cs apply t&cs apply.
ham,btw your otp for login is 483920. do not share it with anyone
ham,"Hello Sneha, I will be late, stuck in traffic near mall ok?"
ham,"Hi, Meeting moved to after lunch, please confirm Cheers Priya"
ham,"Quick one: Your order is out for delivery, it will arrive 9am See you."
ham,Btw Did you finish the assignment? Please send it by tomorrow See you.
ham,"Hello Ali, lol that was so funny, tell me more when we meet Cheers Ali"
ham,Don't forget to buy milk on the way home
spam,"Hi John, Get a loan of Rs 6287 approved instantly. No documents needed! Call 08206358190 Act now!"
ham,Can I borrow your notes? Will return tonight Thanks!
ham,"Btw Your order is out for delivery, it will arrive this weekend"
spam,quick one: your otp for login is 483920. do not share it with anyone cheers amit
ham,Hey! Your OTP for login is 483920. Do not share it with anyone Let me know.
ham,"Hey! lol that was so funny, tell me more when we meet"
ham,"Meeting moved to tomorrow, please confirm"
ham,ok so free for a quick call tonight? want to discuss the project ok?
ham,"Call me when you are free, nothing urgent Cheers Neha"
ham,Quick one: Free for a quick call this weekend? Want to discuss the project
ham,"Hi, Happy birthday Tom! Have a great day ok?"
ham,Hi Maria! Dinner at my place this weekend? Mom is cooking Bye
ham,hey! congrats neha on the new job! let's celebrate tomorrow
ham,"Quick one: I will be late, stuck in traffic near airport"
ham,"Hi, Your OTP for login is 483920. Do not share it with anyone Let me know."
ham,"hi, reminder: your appointment is 5pm. reply yes to confirm ping me."
ham,Ok so Ok see you 5pm at the gym Talk later.
ham,"hello maria, can i borrow your notes? will return in 10 mins"
ham,Can you call me when you reach airport? Need to ask something
ham,"Hey Priya, are you coming to the college tomorrow? :)"
ham,"Morning. Call me when you are free, nothing urgent See you. ok?"
ham,"ok so hey priya, are you coming to the gym tomorrow? ok?"
ham,"quick one: your order is out for delivery, it will arrive tonight see you. ok?"
ham,Quick one: Dinner at my place 5pm? Mom is cooking
ham,Btw Ok see you this weekend at the college
ham,"Hello Maria, Hey Rahul, are you coming to the gym tomorrow? Cheers Sara"
ham,Congrats Sneha on the new job! Let's celebrate 9am Let me know.
ham,"Thanks for the help yesterday Maria, really appreciate it Bye"
ham,"Hi, Can I borrow your notes? Will return tomorrow"
ham,"Hey! Hey Maria, are you coming to the cafe tonight? ok?"
spam,"Dear user, Claim your FREE a gift voucher now!!! Limited time offer, click www.paytm-offers.com"
ham,Hi Priya! Reminder: your appointment is after lunch. Reply YES to confirm
ham,"Thanks for the help yesterday Ali, really appreciate it ok?"
ham,Reminder: your appointment is tonight. Reply YES to confirm Cheers Rahul
ham,morning. can you call me when you reach gym? need to ask something cheers ali thanks
spam,"hi sneha, get a loan of rs 1435 approved instantly. no documents needed! call 09318540994 reply stop to opt out."
ham,Can you call me when you reach mall? Need to ask something Let me know.
ham,"Ok so Call me when you are free, nothing urgent Ping me."
ham,"Hello Rahul, Your OTP for login is 483920. Do not share it with anyone Bye"
ham,"Btw I will be late, stuck in traffic near office Ping me."
ham,"Hello John, Don't forget to buy milk on the way home Thanks!"
spam,"Dear customer, your netflix KYC is expired. Update immediately: http://netflix-kyc.info or account will be blocked Act now!"
ham,"hello neha, lol that was so funny, tell me more when we meet see you."
ham,"Hi, Congrats Ali on the new job! Let's celebrate tonight"
spam,free entry in our weekly draw to win a free holiday! text stop to 85868 now. t&cs apply reply stop to opt out.
ham,Happy birthday Amit! Have a great day Cheers Sneha
ham,Btw Did you finish the assignment? Please send it by this weekend Talk later.
ham,"call me when you are free, nothing urgent cheers rahul"
ham,can i borrow your notes? will return in 10 mins talk later.
ham,"Quick one: lol that was so funny, tell me more when we meet See you."
ham,Quick one: Can I borrow your notes? Will return this weekend ok? :)
ham,"Hi, Meeting moved to 5pm, please confirm Bye"
ham,Btw Did you finish the assignment? Please send it by in 10 mins
ham,"hi tom! call me when you are free, nothing urgent ok?"
ham,"Hello Ali, Reminder: your appointment is tonight. Reply YES to confirm"
spam,attention: your mobile number has won £3744 in the lottery. contact agent on 07994621942 to receive payment msg id 93264
ham,Quick one: Happy birthday Priya! Have a great day
ham,reminder: your appointment is in 10 mins. reply yes to confirm ping me.
ham,"Call me when you are free, nothing urgent"
ham,"btw thanks for the help yesterday maria, really appreciate it"
ham,"Ok so Thanks for the help yesterday Sara, really appreciate it pls"
ham,"Hello Maria, Don't forget to buy milk on the way home"
ham,Ok so Congrats Sneha on the new job! Let's celebrate 9am See you.
ham,"Hello John, Your OTP for login is 483920. Do not share it with anyone"
ham,"hey! hey maria, are you coming to the home 5pm? cheers maria"
ham,morning. can you call me when you reach station? need to ask something bye
ham,"hi, hey ali, are you coming to the station this weekend? talk later."
ham,"Ok so Hey John, are you coming to the home tomorrow? Bye"
ham,Hey! Free for a quick call 9am? Want to discuss the project Cheers Tom
ham,"Hi, Call me when you are free, nothing urgent"
ham,"lol that was so funny, tell me more when we meet"
ham,"Hello Tom, Did you finish the assignment? Please send it by this weekend See you."
ham,"Ok so lol that was so funny, tell me more when we meet"
ham,"Quick one: Call me when you are free, nothing urgent Cheers Tom"
ham,"hey! i will be late, stuck in traffic near college ping me."
spam,"hi, don't forget to buy milk on the way home thanks!"
ham,btw can you call me when you reach office? need to ask something
spam,"Dear user, Exclusive offer from sbi: 90% OFF today only. Shop now http://sbi-deals.com Reply STOP to opt out."
spam,URGENT: Your paypal account is suspended. Verify now at www.paypal-secure.net/login T&Cs apply.
ham,"quick one: call me when you are free, nothing urgent bye thanks"
ham,Ok so Did you finish the assignment? Please send it by tomorrow Ping me. thanks
spam,Important! Your parcel could not be delivered. Pay small fee to reschedule: http://fedex-track.info Valid 24hrs only.
ham,ok so free for a quick call 5pm? want to discuss the project bye
spam,"important! dear customer, your paytm kyc is expired. update immediately: http://paytm-kyc.info or account will be blocked act now!"
ham,"Hello Sara, lol that was so funny, tell me more when we meet Talk later. ok?"
ham,Morning. Congrats Sneha on the new job! Let's celebrate tomorrow Cheers Neha
spam,FREE entry in our weekly draw to win $1000 cash! Text YES to 64444 now. T&Cs apply Msg ID 54932
ham,hey! your otp for login is 483920. do not share it with anyone
ham,hi sneha! did you finish the assignment? please send it by 5pm ok?
ham,"Hi Neha! Thanks for the help yesterday Ali, really appreciate it Thanks!"
ham,Ok so Can I borrow your notes? Will return tomorrow Bye
ham,morning. congrats sara on the new job! let's celebrate this weekend see you. thanks
spam,"Dear user, Hi, I saw your profile. Invest in crypto and double your money in 7 days. Message me Msg ID 13345"
ham,Quick one: Dinner at my place 5pm? Mom is cooking
spam,"ALERT: WINNER!! You have been selected to receive $1000 cash. Call 07700149561 now to claim Hurry, offer ends soon!"
ham,"btw your order is out for delivery, it will arrive after lunch ok?"
ham,Morning. Don't forget to buy milk on the way home
ham,Reminder: your appointment is in 10 mins. Reply YES to confirm Let me know. thanks
ham,"Hello Tom, Meeting moved to 9am, please confirm Thanks! ok?"
spam,Attention: You have been specially selected for Rs 50000. Reply YES to 56745 to claim before midnight Act now!
ham,"Hello Maria, Did you finish the assignment? Please send it by tonight Bye"
ham,"Hi, lol that was so funny, tell me more when we meet Cheers Priya :)"
spam,"Hello, Hot singles in your area want to chat. Text YES to 75755. 18+ only"
ham,"quick one: call me when you are free, nothing urgent see you."
ham,Hi Sneha! Can I borrow your notes? Will return tonight Talk later.
ham,"Hey! Hey Sara, are you coming to the college tonight? Talk later."
ham,"Hey! Thanks for the help yesterday Priya, really appreciate it"
ham,btw reminder: your appointment is in 10 mins. reply yes to confirm see you.
ham,"Ok so lol that was so funny, tell me more when we meet Cheers Tom ok?"
ham,Hey! Ok see you 5pm at the college
ham,"Hi, Call me when you are free, nothing urgent"
ham,"Hi, I will be late, stuck in traffic near office ok? ok?"
ham,Hi Priya! Your OTP for login is 483920. Do not share it with anyone Talk later.
ham,"Hi, Did you finish the assignment? Please send it by after lunch"
ham,"hello rahul, thanks for the help yesterday priya, really appreciate it talk later. thanks"
ham,Hey! Don't forget to buy milk on the way home Ping me.
ham,"quick one: lol that was so funny, tell me more when we meet talk later."
ham,Hey! Dinner at my place 5pm? Mom is cooking Ping me.
ham,"Hey! Thanks for the help yesterday Sneha, really appreciate it ok?"
ham,quick one: congrats john on the new job! let's celebrate in 10 mins ping me.
ham,Hi Ali! Can I borrow your notes? Will return this weekend
ham,Reminder: your appointment is in 10 mins. Reply YES to confirm
ham,"Btw Your order is out for delivery, it will arrive 9am Thanks!"
ham,"Hey! lol that was so funny, tell me more when we meet Let me know."
ham,"Hi, Free for a quick call tomorrow? Want to discuss the project ok? thanks"
ham,Btw Congrats Sara on the new job! Let's celebrate tomorrow
ham,your otp for login is 483920. do not share it with anyone let me know.
ham,Morning. Can I borrow your notes? Will return in 10 mins Talk later.
spam,Important! Exclusive offer from sbi: 90% OFF today only. Shop now http://sbi-deals.com Valid 24hrs only.
ham,"Hey! Hey Priya, are you coming to the gym in 10 mins? Talk later."
ham,"Call me when you are free, nothing urgent Thanks!"
ham,Free for a quick call 9am? Want to discuss the project Let me know.
ham,"your order is out for delivery, it will arrive tomorrow ok?"
ham,"Hello Priya, Did you finish the assignment? Please send it by after lunch Let me know."
ham,morning. reminder: your appointment is tomorrow. reply yes to confirm ping me.
ham,Morning. Congrats Sara on the new job! Let's celebrate tomorrow
ham,"Hello Sara, Did you finish the assignment? Please send it by 9am"
spam,"Dear customer, your paypal KYC is expired. Update immediately: http://paypal-kyc.info or account will be blocked"
ham,Quick one: Can you call me when you reach cafe? Need to ask something ok?
ham,"Hey! Hey Ali, are you coming to the station this weekend? ok?"
spam,"dear user, urgent: your paypal account is suspended. verify now at www.paypal-secure.net/login t&cs apply."
ham,Morning. Reminder: your appointment is 9am. Reply YES to confirm Bye
ham,Hey! Reminder: your appointment is in 10 mins. Reply YES to confirm Cheers Priya pls
ham,"Quick one: Hey Rahul, are you coming to the home tomorrow? Bye"
ham,"hello maria, did you finish the assignment? please send it by tonight thanks!"
ham,Hi Sneha! Happy birthday Sara! Have a great day Thanks!
spam,FREE MSG: WINNER!! You have been selected to receive a gift voucher. Call 09012928425 now to claim
spam,"Attention: Claim your FREE a free holiday now!!! Limited time offer, click www.amazon-offers.com"
ham,Can you call me when you reach mall? Need to ask something Bye
ham,"Hey! I will be late, stuck in traffic near cafe ok?"
ham,"Morning. Meeting moved to this weekend, please confirm Talk later."
ham,Quick one: Congrats Sneha on the new job! Let's celebrate after lunch Thanks!
spam,"hi sneha, free entry in our weekly draw to win rs 50000! text offer to 69558 now. t&cs apply act now!"
ham,Happy birthday Maria! Have a great day ok?
ham,"hi rahul! call me when you are free, nothing urgent talk later."
ham,"lol that was so funny, tell me more when we meet Cheers Rahul"
ham,"morning. lol that was so funny, tell me more when we meet ping me."
ham,Quick one: Reminder: your appointment is tomorrow. Reply YES to confirm Thanks!
ham,"Hi Priya! Call me when you are free, nothing urgent Ping me."
ham,"Hi, Dinner at my place after lunch? Mom is cooking Cheers Amit pls"
ham,"your order is out for delivery, it will arrive in 10 mins thanks!"
ham,"Ok so I will be late, stuck in traffic near office See you."
ham,Morning. Dinner at my place 5pm? Mom is cooking ok?
ham,"Hi Priya! Hey Rahul, are you coming to the office 5pm? Talk later."
ham,"Hey! Thanks for the help yesterday Tom, really appreciate it"
ham,Btw Congrats Priya on the new job! Let's celebrate this weekend
ham,"Hi, Thanks for the help yesterday Priya, really appreciate it thanks"
ham,congrats maria on the new job! let's celebrate tomorrow bye
ham,Free for a quick call this weekend? Want to discuss the project Bye
ham,"Ok so Call me when you are free, nothing urgent Ping me. pls"
ham,Ok so Congrats Neha on the new job! Let's celebrate tomorrow Ping me.
ham,"Btw Thanks for the help yesterday Rahul, really appreciate it"
spam,Notice: Exclusive offer from amazon: 90% OFF today only. Shop now http://amazon-deals.com Do not ignore!
ham,Hi Sara! Reminder: your appointment is this weekend. Reply YES to confirm See you.
spam,"Hi Neha, URGENT: Your paypal account is suspended. Verify now at www.paypal-secure.net/login Hurry, offer ends soon!"
spam,you have been specially selected for a gift voucher. reply claim to 50911 to claim before midnight t&cs apply.
ham,"lol that was so funny, tell me more when we meet ok? :)"
ham,"Hi Tom! lol that was so funny, tell me more when we meet Let me know."
ham,"lol that was so funny, tell me more when we meet Thanks!"
ham,Don't forget to buy milk on the way home Ping me.
ham,"Hi, Can I borrow your notes? Will return this weekend Thanks!"
ham,Hi Tom! Did you finish the assignment? Please send it by 5pm
spam,important! get a loan of rs 1553 approved instantly. no documents needed! call 08120255766 reply stop to opt out.
spam,"ALERT: Dear customer, your amazon KYC is expired. Update immediately: http://amazon-kyc.info or account will be blocked Hurry, offer ends soon!"
ham,Hey! Congrats Sneha on the new job! Let's celebrate in 10 mins Ping me.
ham,Btw Your OTP for login is 483920. Do not share it with anyone Let me know. ok?
ham,"quick one: lol that was so funny, tell me more when we meet"
ham,Did you finish the assignment? Please send it by after lunch Thanks!
ham,"Hello Priya, Free for a quick call after lunch? Want to discuss the project"
ham,"ok so hey maria, are you coming to the college this weekend? see you."
ham,can you call me when you reach station? need to ask something thanks!
ham,Morning. Reminder: your appointment is after lunch. Reply YES to confirm Ping me. :)
ham,"Hey Rahul, are you coming to the gym 9am? Thanks!"
spam,Notice: Final notice: pay outstanding bill of $8244 today to avoid legal action. Visit http://pay-sbi.biz Reply STOP to opt out.
ham,"Your order is out for delivery, it will arrive tonight Talk later."
ham,Btw Happy birthday Rahul! Have a great day
spam,important! exclusive offer from amazon: 90% off today only. shop now http://amazon-deals.com
ham,Btw Congrats Tom on the new job! Let's celebrate 9am
ham,congrats john on the new job! let's celebrate after lunch talk later.
ham,Hi Sneha! Ok see you tonight at the mall thanks
ham,"Morning. Your order is out for delivery, it will arrive tonight Thanks!"
ham,Ok so Can I borrow your notes? Will return 5pm Talk later. thanks
spam,"Dear customer, your amazon KYC is expired. Update immediately: http://amazon-kyc.info or account will be blocked Hurry, offer ends soon!"
ham,Btw Reminder: your appointment is in 10 mins. Reply YES to confirm Let me know.
ham,Reminder: your appointment is 9am. Reply YES to confirm Cheers Sneha
ham,"Ok so Call me when you are free, nothing urgent Talk later."
ham,"hello john, thanks for the help yesterday rahul, really appreciate it let me know."
ham,Btw Happy birthday Priya! Have a great day
ham,Quick one: Can you call me when you reach cafe? Need to ask something thanks
ham,Hi Priya! Don't forget to buy milk on the way home Talk later.
ham,"Ok so I will be late, stuck in traffic near cafe ok? thanks"
ham,Quick one: Free for a quick call in 10 mins? Want to discuss the project
ham,Ok so Can I borrow your notes? Will return 9am Let me know.
ham,Did you finish the assignment? Please send it by tomorrow pls
ham,"Morning. Meeting moved to 9am, please confirm ok?"
ham,"Hi, Thanks for the help yesterday Tom, really appreciate it Thanks!"
ham,quick one: your otp for login is 483920. do not share it with anyone see you.
ham,Hey! Reminder: your appointment is tonight. Reply YES to confirm Thanks! thanks
ham,Ok so Did you finish the assignment? Please send it by tonight thanks
ham,Hi Maria! Your OTP for login is 483920. Do not share it with anyone Talk later.
ham,"Hi John! Call me when you are free, nothing urgent Ping me."
ham,Ok see you in 10 mins at the airport Talk later.
spam,notice: congratulations! you won a free holiday. click http://claim-sbi.com/win to collect your prize reply stop to opt out.
spam,FREE MSG: Congratulations! You won Rs 50000. Click http://claim-hdfc.com/win to collect your prize
spam,notice: winner!! you have been selected to receive rs 50000. call 07402402842 now to claim msg id 74091
ham,"btw meeting moved to in 10 mins, please confirm"
ham,"Quick one: Call me when you are free, nothing urgent Let me know."
ham,hey! can you call me when you reach station? need to ask something thanks!
ham,"Hello Sneha, Don't forget to buy milk on the way home"
ham,"Btw Your order is out for delivery, it will arrive 9am"
ham,morning. don't forget to buy milk on the way home see you.
ham,Congrats Neha on the new job! Let's celebrate 9am
ham,"hey! lol that was so funny, tell me more when we meet let me know. thanks"
ham,"Meeting moved to 9am, please confirm Ping me."
ham,"Btw Meeting moved to after lunch, please confirm See you."
ham,Ok so Your OTP for login is 483920. Do not share it with anyone See you.
ham,Hey! Free for a quick call in 10 mins? Want to discuss the project Ping me.
spam,"hi sneha, winner!! you have been selected to receive a free holiday. call 09000880698 now to claim do not ignore!"
ham,Hey! Happy birthday Neha! Have a great day
ham,Hey! Don't forget to buy milk on the way home pls
ham,"Hello Sara, Happy birthday Neha! Have a great day Talk later."
ham,"Hi, Thanks for the help yesterday Maria, really appreciate it Let me know."
ham,Hi Amit! Can I borrow your notes? Will return 9am Cheers John
ham,"Hello Priya, Call me when you are free, nothing urgent Cheers Maria"
ham,"Hi, Can you call me when you reach gym? Need to ask something Talk later."
ham,Hi Ali! Free for a quick call in 10 mins? Want to discuss the project Thanks! thanks
ham,"Hello Neha, Free for a quick call 9am? Want to discuss the project"
ham,quick one: free for a quick call tonight? want to discuss the project ok? pls
ham,"hi, reminder: your appointment is this weekend. reply yes to confirm thanks"
ham,"Hi Neha! Thanks for the help yesterday John, really appreciate it Thanks!"
spam,free msg: exclusive offer from hdfc: 90% off today only. shop now http://hdfc-deals.com
ham,"Hi Sneha! I will be late, stuck in traffic near college Cheers Maria ok?"
ham,"Ok so lol that was so funny, tell me more when we meet ok? pls"
ham,Hey! Reminder: your appointment is in 10 mins. Reply YES to confirm Talk later.
ham,Btw Ok see you in 10 mins at the cafe pls
spam,FREE entry in our weekly draw to win iPhone 15! Text WIN to 61253 now. T&Cs apply Valid 24hrs only.
ham,"Morning. Your order is out for delivery, it will arrive this weekend Thanks!"
ham,Ok so Your OTP for login is 483920. Do not share it with anyone Thanks!
ham,Ok so Can I borrow your notes? Will return tonight
ham,Morning. Dinner at my place tonight? Mom is cooking Let me know.
spam,"Attention: Hi, I saw your profile. Invest in crypto and double your money in 7 days. Message me Reply STOP to opt out."
ham,Btw Don't forget to buy milk on the way home Thanks! ok?
spam,"attention: claim your free iphone 15 now!!! limited time offer, click www.amazon-offers.com"
ham,Dinner at my place in 10 mins? Mom is cooking See you.
ham,Ok so Reminder: your appointment is 9am. Reply YES to confirm ok?
ham,"Hi, Congrats Tom on the new job! Let's celebrate tonight"
ham,"Hi, Hey Tom, are you coming to the office 5pm? Talk later."
spam,Dinner at my place tomorrow? Mom is cooking Cheers Neha
ham,"Meeting moved to tonight, please confirm Bye"
ham,"Your order is out for delivery, it will arrive tonight Bye"
ham,Happy birthday Sara! Have a great day Let me know.
ham,free for a quick call in 10 mins? want to discuss the project thanks!
ham,"Hi, Thanks for the help yesterday Sara, really appreciate it"
ham,Hey! Ok see you this weekend at the home Thanks! thanks
ham,"Meeting moved to tonight, please confirm Thanks! pls"
ham,"Btw Hey Neha, are you coming to the station after lunch? Ping me. pls"
ham,Your OTP for login is 483920. Do not share it with anyone Let me know.
spam,"Attention: Hot singles in your area want to chat. Text OFFER to 50526. 18+ only Hurry, offer ends soon!"
ham,"meeting moved to tomorrow, please confirm let me know."
ham,morning. did you finish the assignment? please send it by after lunch thanks!
spam,Important! Congratulations! You won a gift voucher. Click http://claim-hdfc.com/win to collect your prize T&Cs apply.
ham,Hey! Reminder: your appointment is after lunch. Reply YES to confirm
ham,Morning. Congrats John on the new job! Let's celebrate after lunch Cheers Ali pls
ham,Hey! Did you finish the assignment? Please send it by in 10 mins Bye
spam,"important! dear customer, your fedex kyc is expired. update immediately: http://fedex-kyc.info or account will be blocked valid 24hrs only."
spam,"Notice: Hi, I saw your profile. Invest in crypto and double your money in 7 days. Message me Reply STOP to opt out."
ham,"Hello Maria, Happy birthday Tom! Have a great day Thanks!"
ham,Hey! Dinner at my place 5pm? Mom is cooking Thanks!
spam,"Important! Claim your FREE a new laptop now!!! Limited time offer, click www.sbi-offers.com Valid 24hrs only."
ham,"hi, did you finish the assignment? please send it by 9am ok?"
ham,reminder: your appointment is this weekend. reply yes to confirm bye
ham,"Hello Neha, Did you finish the assignment? Please send it by tomorrow Cheers Sneha"
ham,quick one: reminder: your appointment is tomorrow. reply yes to confirm see you.
ham,Hey! Free for a quick call this weekend? Want to discuss the project Bye
ham,"Hey! lol that was so funny, tell me more when we meet"
ham,"Hi, Reminder: your appointment is in 10 mins. Reply YES to confirm"
ham,Don't forget to buy milk on the way home :)
ham,Btw Can you call me when you reach cafe? Need to ask something Bye
spam,Important! URGENT: Your paytm account is suspended. Verify now at www.paytm-secure.net/login Reply STOP to opt out.
ham,Quick one: Did you finish the assignment? Please send it by 9am ok?
ham,"Ok so Your order is out for delivery, it will arrive 9am"
ham,Did you finish the assignment? Please send it by 9am Cheers Maria
ham,Can I borrow your notes? Will return after lunch Let me know.
ham,"Hi, Meeting moved to tomorrow, please confirm Talk later."
ham,"Hey! Hey Neha, are you coming to the mall 9am? Bye"
ham,Morning. Free for a quick call in 10 mins? Want to discuss the project ok?
ham,"Hi, Can you call me when you reach office? Need to ask something Thanks!"
ham,Btw Can I borrow your notes? Will return tonight See you.
spam,"alert: hi, i saw your profile. invest in crypto and double your money in 7 days. message me hurry, offer ends soon!"
spam,"Dear customer, your hdfc KYC is expired. Update immediately: http://hdfc-kyc.info or account will be blocked Do not ignore!"
ham,did you finish the assignment? please send it by after lunch ok?
ham,Hey! Can I borrow your notes? Will return 5pm
ham,"Quick one: Your order is out for delivery, it will arrive tomorrow Bye"
ham,"Btw I will be late, stuck in traffic near airport Thanks!"
spam,"Hi John, Exclusive offer from sbi: 90% OFF today only. Shop now http://sbi-deals.com Valid 24hrs only."
ham,Free for a quick call tonight? Want to discuss the project Talk later.
ham,Hey! Dinner at my place in 10 mins? Mom is cooking Cheers Sara
ham,"btw thanks for the help yesterday neha, really appreciate it ping me."
ham,"Morning. lol that was so funny, tell me more when we meet Let me know."
ham,Quick one: Dinner at my place 9am? Mom is cooking
ham,hey! happy birthday priya! have a great day cheers priya
ham,"Call me when you are free, nothing urgent"
ham,Hey! Reminder: your appointment is 5pm. Reply YES to confirm Ping me.
ham,btw happy birthday neha! have a great day let me know.
ham,Ok so Your OTP for login is 483920. Do not share it with anyone Bye
ham,"quick one: lol that was so funny, tell me more when we meet"
ham,"Hi, Ok see you this weekend at the college Talk later."
ham,"Morning. I will be late, stuck in traffic near gym See you."
ham,"Ok so Meeting moved to 9am, please confirm Thanks!"
ham,"Morning. lol that was so funny, tell me more when we meet Let me know."
spam,Attention: URGENT: Your netflix account is suspended. Verify now at www.netflix-secure.net/login
spam,"Attention: Claim your FREE iPhone 15 now!!! Limited time offer, click www.fedex-offers.com Reply STOP to opt out."
ham,free for a quick call 5pm? want to discuss the project ok? thanks
spam,"Dear user, Dear customer, your apple KYC is expired. Update immediately: http://apple-kyc.info or account will be blocked Hurry, offer ends soon!"
ham,Can you call me when you reach office? Need to ask something Ping me.
ham,Quick one: Dinner at my place 9am? Mom is cooking
ham,Your OTP for login is 483920. Do not share it with anyone
spam,ALERT: Get a loan of Rs 2415 approved instantly. No documents needed! Call 08141076365
ham,"Call me when you are free, nothing urgent Bye"
ham,"btw thanks for the help yesterday rahul, really appreciate it see you."
ham,"Hi, I will be late, stuck in traffic near college Talk later."
ham,"your order is out for delivery, it will arrive tonight cheers amit :)"
ham,Hey! Can I borrow your notes? Will return tomorrow See you.
ham,morning. can you call me when you reach home? need to ask something let me know.
ham,"hi, hey neha, are you coming to the college tomorrow? cheers maria"
spam,Congratulations! You won a gift voucher. Click http://claim-amazon.com/win to collect your prize Do not ignore!
ham,Hi Rahul! Dinner at my place after lunch? Mom is cooking Talk later.
ham,Hey! Congrats Ali on the new job! Let's celebrate tomorrow Talk later.
ham,Dinner at my place 9am? Mom is cooking See you.
ham,"Hi John! Your order is out for delivery, it will arrive tonight"
ham,"Hi Sneha! I will be late, stuck in traffic near college Thanks!"
ham,"Hi, Can you call me when you reach gym? Need to ask something"
ham,Hi Rahul! Your OTP for login is 483920. Do not share it with anyone Let me know.
ham,Don't forget to buy milk on the way home Let me know.
ham,"Hi, Don't forget to buy milk on the way home Ping me."
spam,"alert: hi, i saw your profile. invest in crypto and double your money in 7 days. message me valid 24hrs only."
ham,"hello amit, don't forget to buy milk on the way home ok?"
ham,"Hello Priya, Happy birthday Sneha! Have a great day Cheers Neha"
ham,Btw Don't forget to buy milk on the way home ok?
spam,URGENT: Your paytm account is suspended. Verify now at www.paytm-secure.net/login Ref 69218
ham,Ok so Ok see you tonight at the airport
ham,Dinner at my place 9am? Mom is cooking
ham,free for a quick call in 10 mins? want to discuss the project see you.
ham,happy birthday rahul! have a great day ping me.
ham,Congrats Tom on the new job! Let's celebrate after lunch Ping me.
ham,Quick one: Reminder: your appointment is after lunch. Reply YES to confirm See you. ok?
ham,Hi Tom! Happy birthday Tom! Have a great day
ham,Btw Congrats John on the new job! Let's celebrate in 10 mins Bye
ham,Btw Congrats Amit on the new job! Let's celebrate tomorrow
ham,"Hi, Hey Sneha, are you coming to the airport 5pm? Let me know."
spam,free entry in our weekly draw to win a gift voucher! text stop to 82258 now. t&cs apply t&cs apply.
ham,"Btw lol that was so funny, tell me more when we meet"
ham,"Hello Sneha, Your order is out for delivery, it will arrive in 10 mins"
ham,"Quick one: Meeting moved to after lunch, please confirm Thanks!"
spam,"ALERT: Hi, I saw your profile. Invest in crypto and double your money in 7 days. Message me Act now!"
ham,"hey! your order is out for delivery, it will arrive 9am talk later. pls"
ham,Hi Tom! Happy birthday Sneha! Have a great day Bye
spam,"Hi Maria, FREE entry in our weekly draw to win $1000 cash! Text WIN to 75415 now. T&Cs apply T&Cs apply."
ham,"Hello Maria, Can I borrow your notes? Will return tonight See you."
ham,"hello amit, hey sara, are you coming to the airport tonight? ping me."
ham,Can you call me when you reach college? Need to ask something Let me know.
spam,"attention: claim your free a free holiday now!!! limited time offer, click www.paytm-offers.com"
ham,quick one: ok see you 9am at the cafe let me know.
ham,"Thanks for the help yesterday Ali, really appreciate it Let me know."
spam,Notice: WINNER!! You have been selected to receive iPhone 15. Call 09156019163 now to claim Reply STOP to opt out.
spam,"Hello Priya, Your OTP for login is 483920. Do not share it with anyone Let me know."
ham,hey! happy birthday tom! have a great day cheers maria
ham,hey! dinner at my place this weekend? mom is cooking thanks!
ham,"lol that was so funny, tell me more when we meet talk later."
ham,Btw Reminder: your appointment is 5pm. Reply YES to confirm Talk later.
spam,Attention: Final notice: pay outstanding bill of $5020 today to avoid legal action. Visit http://pay-hdfc.biz Ref 52968
ham,Quick one: Reminder: your appointment is in 10 mins. Reply YES to confirm Ping me. :)
spam,"hello, you have been specially selected for iphone 15. reply offer to 63563 to claim before midnight do not ignore!"
ham,"Morning. Your order is out for delivery, it will arrive 5pm"
ham,Btw Ok see you this weekend at the college Talk later.
ham,"Ok so Meeting moved to this weekend, please confirm"
spam,Important! Congratulations! You won Rs 50000. Click http://claim-apple.com/win to collect your prize Ref 91558
ham,"Hey! Call me when you are free, nothing urgent ok?"
ham,"Ok so Hey Neha, are you coming to the mall 9am? Cheers Maria"
spam,"Hello, Earn $500 daily working from home. No experience needed. Join now www.easy-cash.com Act now!"
ham,"Hello Sara, Don't forget to buy milk on the way home Talk later. :)"
ham,"Hello Tom, Hey Priya, are you coming to the station in 10 mins?"
ham,Btw Can you call me when you reach office? Need to ask something
ham,"Hey! Meeting moved to tomorrow, please confirm"
ham,Hey! Don't forget to buy milk on the way home Bye
ham,Morning. Happy birthday Maria! Have a great day
ham,"Hello Ali, Can you call me when you reach office? Need to ask something"
ham,"ok so i will be late, stuck in traffic near cafe"
ham,"Hi, Ok see you after lunch at the airport Cheers Sara :)"
ham,"i will be late, stuck in traffic near home ping me."
spam,"Dear user, Hi, I saw your profile. Invest in crypto and double your money in 7 days. Message me Valid 24hrs only."
ham,quick one: your otp for login is 483920. do not share it with anyone
ham,ok see you this weekend at the home let me know.
ham,Hi Maria! Free for a quick call in 10 mins? Want to discuss the project Talk later.
ham,"btw call me when you are free, nothing urgent cheers sara"
spam,Notice: Your mobile number has won £994 in the lottery. Contact agent on 08764040002 to receive payment Msg ID 66633
ham,"morning. your order is out for delivery, it will arrive 9am"
spam,alert: your parcel could not be delivered. pay small fee to reschedule: http://fedex-track.info act now!
ham,Quick one: Congrats Maria on the new job! Let's celebrate in 10 mins Thanks!
ham,happy birthday john! have a great day bye pls
ham,Btw Reminder: your appointment is tomorrow. Reply YES to confirm
ham,"Hey Rahul, are you coming to the gym tonight? Ping me."
ham,"morning. meeting moved to 9am, please confirm ping me."
ham,"Hello Priya, Your order is out for delivery, it will arrive after lunch"
ham,Btw Congrats Priya on the new job! Let's celebrate tomorrow Let me know.
ham,"Hi, Hey John, are you coming to the home tomorrow? See you."
ham,"Btw Meeting moved to 5pm, please confirm Thanks!"
spam,"Dear user, Get a loan of Rs 7159 approved instantly. No documents needed! Call 09329508058 Act now!"
ham,"morning. hey amit, are you coming to the home tonight?"
ham,"Hello Maria, Did you finish the assignment? Please send it by this weekend Let me know."
ham,Hey! Don't forget to buy milk on the way home See you. :)
ham,"Btw I will be late, stuck in traffic near college Talk later."
ham,Ok so Happy birthday Sneha! Have a great day
ham,Quick one: Reminder: your appointment is 5pm. Reply YES to confirm Thanks!
ham,"Hi, Hey Sneha, are you coming to the college 5pm? Cheers Ali"
ham,"Hello Priya, Call me when you are free, nothing urgent"
ham,Hi John! Can I borrow your notes? Will return tomorrow
spam,"Hi, Can I borrow your notes? Will return 5pm Talk later."
ham,Can you call me when you reach college? Need to ask something Bye
ham,"Thanks for the help yesterday Rahul, really appreciate it Let me know."
ham,btw free for a quick call 9am? want to discuss the project
ham,"Your order is out for delivery, it will arrive 5pm Bye"
ham,"hey! thanks for the help yesterday sara, really appreciate it"
ham,"Hi Tom! Your order is out for delivery, it will arrive 5pm ok? :)"
ham,"Hi, Your order is out for delivery, it will arrive after lunch Let me know."
ham,"btw lol that was so funny, tell me more when we meet thanks!"
ham,Btw Free for a quick call this weekend? Want to discuss the project Bye thanks
ham,btw your otp for login is 483920. do not share it with anyone ping me. pls
ham,Ok so Did you finish the assignment? Please send it by tonight See you.
ham,"Hi, Call me when you are free, nothing urgent"
ham,"meeting moved to after lunch, please confirm bye"
ham,"Btw Meeting moved to in 10 mins, please confirm Thanks!"
ham,"Hi, Did you finish the assignment? Please send it by 5pm Cheers Ali"
spam,Your mobile number has won £5510 in the lottery. Contact agent on 07589518181 to receive payment T&Cs apply.
ham,"Hello Maria, Don't forget to buy milk on the way home"
spam,Hi Rahul! Reminder: your appointment is tonight. Reply YES to confirm Let me know.
spam,Attention: Your parcel could not be delivered. Pay small fee to reschedule: http://fedex-track.info Msg ID 61895
ham,Morning. Can you call me when you reach college? Need to ask something Bye
ham,Quick one: Your OTP for login is 483920. Do not share it with anyone See you.
ham,"Quick one: Thanks for the help yesterday John, really appreciate it ok?"
ham,ok so reminder: your appointment is 9am. reply yes to confirm cheers maria
ham,"Hi, Happy birthday Rahul! Have a great day Talk later."
spam,"Notice: Claim your FREE a free holiday now!!! Limited time offer, click www.paypal-offers.com Valid 24hrs only."
ham,"Hi, Dinner at my place after lunch? Mom is cooking"
ham,"Quick one: Hey Priya, are you coming to the mall this weekend? Thanks!"
ham,"hi, reminder: your appointment is tomorrow. reply yes to confirm see you."
spam,FREE MSG: WINNER!! You have been selected to receive iPhone 15. Call 07822456055 now to claim Act now!
ham,Can you call me when you reach cafe? Need to ask something Cheers Maria
ham,"Btw Thanks for the help yesterday Sneha, really appreciate it Cheers Rahul"
ham,Quick one: Don't forget to buy milk on the way home Thanks!
spam,winner!! you have been selected to receive iphone 15. call 09978931167 now to claim msg id 61002
ham,hi priya! can i borrow your notes? will return 5pm cheers sneha
ham,Morning. Don't forget to buy milk on the way home Cheers Rahul
ham,"Morning. Meeting moved to 9am, please confirm Cheers Priya pls"
ham,Can you call me when you reach office? Need to ask something Cheers Ali
spam,"free msg: claim your free a new laptop now!!! limited time offer, click www.fedex-offers.com msg id 4572"
ham,"Hey Neha, are you coming to the college tomorrow? Cheers Priya ok?"
ham,Hey! Ok see you tomorrow at the college Bye
ham,"hi, can i borrow your notes? will return after lunch thanks!"
ham,"Morning. Hey Sara, are you coming to the office this weekend? ok?"
ham,"hey maria, are you coming to the college 9am? ping me."
ham,ok so don't forget to buy milk on the way home thanks! thanks
ham,Hey! Can you call me when you reach airport? Need to ask something ok?
ham,"Hey! Thanks for the help yesterday Neha, really appreciate it Cheers Ali"
spam,Important! Earn $500 daily working from home. No experience needed. Join now www.easy-cash.com Ref 25995
ham,hey! ok see you 5pm at the station
ham,ok see you tomorrow at the office ok?
ham,Happy birthday Ali! Have a great day Talk later.
ham,Did you finish the assignment? Please send it by in 10 mins Bye
ham,"Hello Maria, Did you finish the assignment? Please send it by tomorrow Talk later."
spam,Important! Your mobile number has won £664 in the lottery. Contact agent on 07711382856 to receive payment
ham,Don't forget to buy milk on the way home
ham,quick one: free for a quick call 5pm? want to discuss the project pls
ham,Ok so Happy birthday Rahul! Have a great day Cheers Ali
ham,"Call me when you are free, nothing urgent Cheers Sara"
ham,"hi, your otp for login is 483920. do not share it with anyone ping me. :)"
ham,Quick one: Congrats John on the new job! Let's celebrate after lunch :)
spam,"Dear user, Claim your FREE Rs 50000 now!!! Limited time offer, click www.netflix-offers.com T&Cs apply."
ham,"Hi John! Meeting moved to tonight, please confirm Thanks!"
spam,"Dear customer, your fedex KYC is expired. Update immediately: http://fedex-kyc.info or account will be blocked T&Cs apply."
ham,"meeting moved to 9am, please confirm ping me."
ham,Btw Can you call me when you reach mall? Need to ask something See you.
ham,"hi, happy birthday maria! have a great day thanks! pls"
ham,Morning. Congrats Priya on the new job! Let's celebrate 9am Talk later.
ham,"Quick one: Your order is out for delivery, it will arrive 9am Let me know."
spam,"Hello, Your parcel could not be delivered. Pay small fee to reschedule: http://apple-track.info Reply STOP to opt out."
ham,ok see you this weekend at the office see you.
spam,"FREE MSG: Dear customer, your apple KYC is expired. Update immediately: http://apple-kyc.info or account will be blocked Msg ID 95313"
ham,"hello sneha, thanks for the help yesterday neha, really appreciate it bye"
ham,Ok so Ok see you 9am at the mall Cheers Neha
spam,free msg: get a loan of rs 6703 approved instantly. no documents needed! call 09351763754
ham,Btw Free for a quick call tonight? Want to discuss the project Let me know.
ham,Ok so Can you call me when you reach office? Need to ask something Ping me.
ham,"Hello Sara, Your order is out for delivery, it will arrive in 10 mins See you."
ham,"morning. i will be late, stuck in traffic near mall thanks!"
ham,"Hello Rahul, Reminder: your appointment is in 10 mins. Reply YES to confirm Thanks!"
ham,"hi, happy birthday amit! have a great day talk later."
ham,Ok see you 9am at the gym Talk later.
ham,Hey! Ok see you 5pm at the home Talk later.
ham,ok so dinner at my place 5pm? mom is cooking let me know.
ham,btw ok see you after lunch at the home ok?
ham,ok so can i borrow your notes? will return 9am
ham,Ok see you after lunch at the office Thanks!
ham,Free for a quick call this weekend? Want to discuss the project Thanks!
ham,hi priya! can you call me when you reach station? need to ask something thanks
ham,Ok so Can I borrow your notes? Will return this weekend
ham,Hi Amit! Reminder: your appointment is this weekend. Reply YES to confirm Thanks!
ham,"hello rahul, your otp for login is 483920. do not share it with anyone thanks!"
ham,"btw call me when you are free, nothing urgent ping me."
ham,"Hey! Your order is out for delivery, it will arrive 9am See you."
ham,Morning. Don't forget to buy milk on the way home Ping me.
ham,"Meeting moved to tonight, please confirm Ping me."
ham,"hello john, your order is out for delivery, it will arrive after lunch see you."
ham,"I will be late, stuck in traffic near mall Talk later."
ham,Quick one: Did you finish the assignment? Please send it by in 10 mins Ping me. pls
ham,Free for a quick call tomorrow? Want to discuss the project
ham,morning. congrats tom on the new job! let's celebrate this weekend talk later.
ham,ok so your otp for login is 483920. do not share it with anyone ping me.
spam,"Ok so Your order is out for delivery, it will arrive tomorrow Bye"
spam,"important! hi, i saw your profile. invest in crypto and double your money in 7 days. message me"
ham,"hi ali! meeting moved to this weekend, please confirm let me know."
ham,Free for a quick call tonight? Want to discuss the project ok?
ham,"Hi, Free for a quick call after lunch? Want to discuss the project Cheers Ali"
ham,"Hi, Meeting moved to tonight, please confirm"
spam,Important! Your mobile number has won £588 in the lottery. Contact agent on 07008939749 to receive payment
ham,did you finish the assignment? please send it by tonight bye
ham,"quick one: meeting moved to in 10 mins, please confirm bye"
ham,btw can i borrow your notes? will return tomorrow see you.
ham,"Hi, Did you finish the assignment? Please send it by tonight Ping me."
ham,Ok see you in 10 mins at the station
ham,Don't forget to buy milk on the way home Let me know.
ham,btw reminder: your appointment is after lunch. reply yes to confirm see you.
ham,"Hey! lol that was so funny, tell me more when we meet Bye"
ham,Quick one: Don't forget to buy milk on the way home See you.
ham,"lol that was so funny, tell me more when we meet Cheers Neha thanks"
ham,Hey! Don't forget to buy milk on the way home Thanks! ok?
spam,FREE entry in our weekly draw to win a free holiday! Text OFFER to 85368 now. T&Cs apply Reply STOP to opt out.
ham,"hi, thanks for the help yesterday tom, really appreciate it ok?"
spam,"Attention: Claim your FREE Rs 50000 now!!! Limited time offer, click www.fedex-offers.com Hurry, offer ends soon!"
ham,quick one: did you finish the assignment? please send it by in 10 mins see you. pls
ham,"Hi, Your OTP for login is 483920. Do not share it with anyone Let me know."
ham,"hello amit, i will be late, stuck in traffic near mall ok?"
ham,"Hello John, Don't forget to buy milk on the way home Ping me."
ham,"I will be late, stuck in traffic near airport Ping me. pls"
ham,"Hey! Hey Sneha, are you coming to the college in 10 mins? Talk later."
ham,"Hi, Don't forget to buy milk on the way home Thanks!"
ham,Free for a quick call this weekend? Want to discuss the project
ham,"Hi Amit! I will be late, stuck in traffic near cafe"
spam,"dear user, your parcel could not be delivered. pay small fee to reschedule: http://hdfc-track.info act now!"
ham,"Hello John, lol that was so funny, tell me more when we meet Let me know."
ham,congrats sneha on the new job! let's celebrate tomorrow let me know.
ham,"lol that was so funny, tell me more when we meet"
ham,"hello tom, your otp for login is 483920. do not share it with anyone bye"
spam,"Hi John, Earn $500 daily working from home. No experience needed. Join now www.easy-cash.com Msg ID 96865"
ham,"Hi Ali! Meeting moved to tomorrow, please confirm Ping me."
ham,"thanks for the help yesterday sneha, really appreciate it"
ham,"Hi, Hey John, are you coming to the home 9am? Talk later. :)"
ham,Dinner at my place 9am? Mom is cooking
ham,Ok see you 9am at the airport Let me know.
ham,Morning. Your OTP for login is 483920. Do not share it with anyone See you.
ham,Btw Can you call me when you reach office? Need to ask something Ping me.
spam,free entry in our weekly draw to win iphone 15! text win to 71981 now. t&cs apply
ham,"Ok so I will be late, stuck in traffic near home ok?"
ham,"Hello Amit, Don't forget to buy milk on the way home See you."
ham,Hi Sara! Did you finish the assignment? Please send it by this weekend ok?
spam,FREE entry in our weekly draw to win $1000 cash! Text YES to 86179 now. T&Cs apply Act now!
ham,"Hi, Thanks for the help yesterday Sara, really appreciate it Talk later."
ham,"thanks for the help yesterday rahul, really appreciate it let me know."
ham,"hi, dinner at my place 5pm? mom is cooking"
ham,"Hey Ali, are you coming to the office in 10 mins? Bye"
ham,"Hello Sneha, Congrats Neha on the new job! Let's celebrate in 10 mins Bye"
spam,"hi, i saw your profile. invest in crypto and double your money in 7 days. message me act now!"
ham,Btw Did you finish the assignment? Please send it by in 10 mins Let me know.
ham,Reminder: your appointment is 5pm. Reply YES to confirm
ham,Morning. Congrats Neha on the new job! Let's celebrate this weekend Bye
ham,"hi, meeting moved to in 10 mins, please confirm thanks!"
ham,Quick one: Dinner at my place tomorrow? Mom is cooking Bye :)
ham,Btw Ok see you in 10 mins at the station
ham,"quick one: thanks for the help yesterday tom, really appreciate it bye"
ham,"Hi, Reminder: your appointment is tomorrow. Reply YES to confirm ok?"
ham,"Quick one: Thanks for the help yesterday Rahul, really appreciate it Thanks!"
ham,"Btw Call me when you are free, nothing urgent Thanks!"
ham,Hey! Congrats Neha on the new job! Let's celebrate 9am Cheers Rahul
ham,Morning. Congrats Tom on the new job! Let's celebrate this weekend ok?
spam,Important! You have been specially selected for a new laptop. Reply CLAIM to 88791 to claim before midnight Reply STOP to opt out.
ham,Hi Sara! Did you finish the assignment? Please send it by tonight Let me know.
ham,Btw Congrats John on the new job! Let's celebrate tonight Ping me. pls
ham,Btw Ok see you tonight at the station Let me know.
ham,Btw Free for a quick call this weekend? Want to discuss the project Cheers Amit
ham,"Your order is out for delivery, it will arrive in 10 mins Talk later."
ham,"Btw Hey Neha, are you coming to the station in 10 mins?"
ham,Morning. Don't forget to buy milk on the way home Thanks!
ham,"Hey John, are you coming to the college tomorrow? See you."
ham,hi amit! reminder: your appointment is tonight. reply yes to confirm ok?
ham,ok so dinner at my place after lunch? mom is cooking ping me.
ham,Your OTP for login is 483920. Do not share it with anyone Bye
ham,Btw Happy birthday John! Have a great day Cheers Priya thanks
ham,hey! free for a quick call in 10 mins? want to discuss the project bye thanks
ham,Hey! Your OTP for login is 483920. Do not share it with anyone ok?
ham,ok so can i borrow your notes? will return after lunch bye
ham,"hello tom, call me when you are free, nothing urgent cheers amit"
ham,"hi, reminder: your appointment is in 10 mins. reply yes to confirm ping me. ok?"
ham,Hey! Don't forget to buy milk on the way home Let me know.
ham,"hi, ok see you 9am at the gym"
ham,Quick one: Your OTP for login is 483920. Do not share it with anyone Bye
ham,Ok so Free for a quick call 9am? Want to discuss the project
ham,"Hi Sara! Your order is out for delivery, it will arrive this weekend See you."
spam,Ok so Happy birthday Ali! Have a great day ok?
ham,"Btw Meeting moved to 5pm, please confirm Bye"
spam,Hey! Can I borrow your notes? Will return after lunch Ping me.
ham,hi john! happy birthday sara! have a great day bye
ham,ok so happy birthday maria! have a great day cheers rahul
ham,"Hi, Did you finish the assignment? Please send it by tomorrow Let me know."
ham,"Quick one: I will be late, stuck in traffic near home Cheers Sara"
ham,Ok see you after lunch at the mall
ham,hey! your otp for login is 483920. do not share it with anyone talk later.
ham,"Ok so Meeting moved to after lunch, please confirm Talk later."
ham,Quick one: Can you call me when you reach cafe? Need to ask something See you.
ham,hey! reminder: your appointment is in 10 mins. reply yes to confirm ok?
spam,notice: get a loan of rs 1711 approved instantly. no documents needed! call 07496701130 reply stop to opt out.
spam,"FREE MSG: Dear customer, your paypal KYC is expired. Update immediately: http://paypal-kyc.info or account will be blocked"
ham,Btw Did you finish the assignment? Please send it by this weekend See you.
ham,"Hello John, Can I borrow your notes? Will return tomorrow"
ham,Your OTP for login is 483920. Do not share it with anyone Ping me. ok?
ham,Morning. Your OTP for login is 483920. Do not share it with anyone Bye
ham,Morning. Don't forget to buy milk on the way home Talk later.
ham,"hi neha! hey john, are you coming to the mall tomorrow? thanks!"
ham,Can I borrow your notes? Will return tomorrow Bye
ham,Your OTP for login is 483920. Do not share it with anyone Talk later.
ham,"meeting moved to this weekend, please confirm thanks!"
ham,"Btw lol that was so funny, tell me more when we meet Bye"
ham,"Quick one: Hey John, are you coming to the gym 5pm? ok?"
ham,"Hi, Your OTP for login is 483920. Do not share it with anyone Cheers Tom"
ham,Hey! Dinner at my place 5pm? Mom is cooking Cheers Ali
ham,"quick one: lol that was so funny, tell me more when we meet ok?"
ham,"Hello Tom, lol that was so funny, tell me more when we meet"
ham,"Hey Sara, are you coming to the home 9am?"
ham,"hi, your otp for login is 483920. do not share it with anyone ping me."
ham,Btw Can I borrow your notes? Will return tonight pls
ham,Ok see you 9am at the cafe Talk later.
ham,Quick one: Your OTP for login is 483920. Do not share it with anyone See you.
ham,"hi, can i borrow your notes? will return tomorrow ping me."
ham,"Btw Hey Sara, are you coming to the mall this weekend? See you."
ham,Morning. Dinner at my place 9am? Mom is cooking Talk later.
ham,"Ok so Meeting moved to tonight, please confirm Talk later."
ham,"Hello Ali, Happy birthday Maria! Have a great day Let me know."
ham,Hey! Dinner at my place tonight? Mom is cooking Talk later.
ham,"Hello Neha, Hey Priya, are you coming to the home tonight? Cheers Tom pls"
ham,hey! free for a quick call 5pm? want to discuss the project thanks!
ham,hi amit! congrats neha on the new job! let's celebrate 9am thanks!
ham,"Meeting moved to in 10 mins, please confirm ok?"
ham,ok so reminder: your appointment is after lunch. reply yes to confirm ping me. ok?
ham,"Quick one: Call me when you are free, nothing urgent Bye thanks"
ham,"hello priya, did you finish the assignment? please send it by 5pm see you."
spam,"Hello, Claim your FREE a gift voucher now!!! Limited time offer, click www.amazon-offers.com Hurry, offer ends soon!"
ham,morning. don't forget to buy milk on the way home
ham,Congrats Amit on the new job! Let's celebrate this weekend See you.
ham,Btw Can I borrow your notes? Will return 5pm Bye
ham,Hi Tom! Can I borrow your notes? Will return 5pm See you.
ham,"hi john! i will be late, stuck in traffic near office bye"
ham,Hey! Dinner at my place this weekend? Mom is cooking Ping me.
ham,"Hi, Ok see you tonight at the cafe Cheers Priya"
ham,"hi maria! lol that was so funny, tell me more when we meet see you."
ham,"quick one: thanks for the help yesterday sara, really appreciate it ping me."
ham,"Hello John, Can you call me when you reach college? Need to ask something Thanks!"
ham,"Quick one: Call me when you are free, nothing urgent See you."
ham,"Morning. Your order is out for delivery, it will arrive this weekend Ping me."
ham,"Btw Hey Priya, are you coming to the gym tonight?"
ham,"hey! lol that was so funny, tell me more when we meet"
ham,"Your order is out for delivery, it will arrive tomorrow See you."
ham,"Hello Amit, Dinner at my place this weekend? Mom is cooking ok?"
ham,Btw Reminder: your appointment is tomorrow. Reply YES to confirm Ping me.
ham,"your order is out for delivery, it will arrive tonight cheers ali"
spam,hot singles in your area want to chat. text stop to 68334. 18+ only
ham,"Ok so Your order is out for delivery, it will arrive in 10 mins Cheers Sneha"
ham,"Thanks for the help yesterday Ali, really appreciate it Ping me."
ham,quick one: happy birthday tom! have a great day ping me.
spam,"Dear user, Congratulations! You won a gift voucher. Click http://claim-netflix.com/win to collect your prize Hurry, offer ends soon!"
spam,"Notice: Hi, I saw your profile. Invest in crypto and double your money in 7 days. Message me T&Cs apply."
spam,"Final notice: pay outstanding bill of $3126 today to avoid legal action. Visit http://pay-paypal.biz Hurry, offer ends soon!"
ham,Congrats Rahul on the new job! Let's celebrate 9am Bye
ham,happy birthday john! have a great day bye thanks
ham,Hi Sneha! Ok see you 5pm at the college ok?
ham,"Hey! lol that was so funny, tell me more when we meet Let me know."
ham,"Hey! I will be late, stuck in traffic near mall"
ham,"Hi, Your order is out for delivery, it will arrive tomorrow Let me know."
ham,Btw Did you finish the assignment? Please send it by this weekend Thanks!
ham,Morning. Reminder: your appointment is in 10 mins. Reply YES to confirm Let me know.
spam,Important! Earn $500 daily working from home. No experience needed. Join now www.easy-cash.com
ham,"Hello Neha, Did you finish the assignment? Please send it by this weekend Bye pls"
spam,"claim your free a gift voucher now!!! limited time offer, click www.paypal-offers.com valid 24hrs only."
ham,quick one: can you call me when you reach home? need to ask something ok?
ham,"Hi, Did you finish the assignment? Please send it by 9am"
ham,"Btw Meeting moved to 9am, please confirm Ping me."
ham,"Your order is out for delivery, it will arrive tomorrow See you."
ham,"Hi, I will be late, stuck in traffic near airport Let me know."
ham,hey! your otp for login is 483920. do not share it with anyone see you.
ham,"Ok so Thanks for the help yesterday Priya, really appreciate it See you."
ham,ok so reminder: your appointment is tomorrow. reply yes to confirm bye
ham,Btw Can I borrow your notes? Will return tomorrow Cheers John
ham,Quick one: Happy birthday John! Have a great day Cheers Sara
spam,important! earn $500 daily working from home. no experience needed. join now www.easy-cash.com valid 24hrs only.
spam,"Hello, Hi, I saw your profile. Invest in crypto and double your money in 7 days. Message me Msg ID 78815"
ham,"morning. i will be late, stuck in traffic near mall"
ham,"quick one: meeting moved to after lunch, please confirm bye"
ham,"Hey Tom, are you coming to the mall 5pm? Bye"
ham,"Thanks for the help yesterday Neha, really appreciate it Let me know."
ham,Ok so Happy birthday Amit! Have a great day
ham,"Quick one: Meeting moved to tonight, please confirm Let me know."
spam,"Dear user, Your parcel could not be delivered. Pay small fee to reschedule: http://paytm-track.info"
ham,Happy birthday Maria! Have a great day Thanks!
ham,Hey! Dinner at my place after lunch? Mom is cooking pls
ham,"Morning. Thanks for the help yesterday Priya, really appreciate it Talk later."
ham,"I will be late, stuck in traffic near college Talk later."
ham,"Hello Amit, Don't forget to buy milk on the way home Thanks!"
ham,"hello maria, congrats amit on the new job! let's celebrate tomorrow bye"
ham,"hello sara, can i borrow your notes? will return 5pm ok?"
ham,Quick one: Your OTP for login is 483920. Do not share it with anyone Bye
ham,Quick one: Dinner at my place 5pm? Mom is cooking Cheers Priya
ham,"hey! lol that was so funny, tell me more when we meet talk later."
ham,Btw Can you call me when you reach home? Need to ask something Ping me.
ham,Ok so Don't forget to buy milk on the way home
ham,Btw Did you finish the assignment? Please send it by tomorrow Talk later.
ham,Your OTP for login is 483920. Do not share it with anyone See you.
ham,"quick one: lol that was so funny, tell me more when we meet let me know."
ham,Quick one: Did you finish the assignment? Please send it by 5pm Thanks!
ham,Quick one: Don't forget to buy milk on the way home Let me know.
ham,Don't forget to buy milk on the way home Bye
ham,"btw thanks for the help yesterday tom, really appreciate it"
ham,Hi Ali! Ok see you after lunch at the home Ping me. pls
ham,Your OTP for login is 483920. Do not share it with anyone ok?
ham,Free for a quick call after lunch? Want to discuss the project Ping me.
ham,"hi, happy birthday amit! have a great day talk later."
ham,Quick one: Can you call me when you reach home? Need to ask something Cheers Sara
ham,Hi Neha! Ok see you in 10 mins at the gym ok?
ham,"Hi, Congrats Ali on the new job! Let's celebrate tonight ok?"
ham,"lol that was so funny, tell me more when we meet"
ham,Ok so Did you finish the assignment? Please send it by this weekend Let me know.
spam,alert: your mobile number has won £2269 in the lottery. contact agent on 09967829038 to receive payment valid 24hrs only.
ham,Ok so Congrats Priya on the new job! Let's celebrate in 10 mins Cheers Sneha
ham,hi ali! can i borrow your notes? will return 9am ok?
ham,"Hey Rahul, are you coming to the station 9am? Cheers Sneha"
ham,"Hi Neha! lol that was so funny, tell me more when we meet Bye"
ham,"hello neha, did you finish the assignment? please send it by this weekend thanks!"
spam,"Morning. Hey Rahul, are you coming to the mall after lunch?"
ham,btw your otp for login is 483920. do not share it with anyone thanks!
spam,"hello, urgent: your amazon account is suspended. verify now at www.amazon-secure.net/login"
ham,Congrats Ali on the new job! Let's celebrate 5pm Talk later.
ham,"Morning. Hey Sneha, are you coming to the home in 10 mins? Cheers Neha"
ham,Can you call me when you reach airport? Need to ask something Bye
ham,"Thanks for the help yesterday Rahul, really appreciate it Let me know."
ham,Hi Neha! Ok see you this weekend at the office See you.
ham,"Hello Rahul, Free for a quick call tomorrow? Want to discuss the project See you."
ham,Ok see you in 10 mins at the home Let me know.
ham,"Morning. I will be late, stuck in traffic near gym See you."
ham,"hello sneha, lol that was so funny, tell me more when we meet cheers neha"
spam,"Dear user, Exclusive offer from netflix: 90% OFF today only. Shop now http://netflix-deals.com T&Cs apply."
ham,"Quick one: Meeting moved to tonight, please confirm Talk later."
ham,"Morning. Call me when you are free, nothing urgent Ping me."
spam,"Hi, I saw your profile. Invest in crypto and double your money in 7 days. Message me Hurry, offer ends soon!"
ham,"Hi, Free for a quick call 9am? Want to discuss the project Thanks!"
ham,"Thanks for the help yesterday Maria, really appreciate it ok?"
spam,"Hi, I saw your profile. Invest in crypto and double your money in 7 days. Message me Msg ID 72712"
ham,Ok see you after lunch at the cafe Cheers John
ham,Ok so Can you call me when you reach mall? Need to ask something ok?
ham,"hi, dinner at my place 9am? mom is cooking thanks!"
ham,"Morning. Your order is out for delivery, it will arrive in 10 mins ok?"
ham,"Morning. Your order is out for delivery, it will arrive this weekend"
ham,"hi, meeting moved to tonight, please confirm let me know."
ham,"Hi, Your order is out for delivery, it will arrive tonight See you. pls"
ham,"hello amit, reminder: your appointment is 5pm. reply yes to confirm"
ham,Morning. Can I borrow your notes? Will return tonight ok?
ham,Morning. Dinner at my place in 10 mins? Mom is cooking ok?
ham,"Ok so Thanks for the help yesterday Tom, really appreciate it Thanks!"
ham,"Hi, Can I borrow your notes? Will return 5pm Cheers Amit"
ham,quick one: reminder: your appointment is in 10 mins. reply yes to confirm
ham,Quick one: Don't forget to buy milk on the way home Talk later.
ham,"Hi, Can you call me when you reach college? Need to ask something Bye"
ham,"Hey Sara, are you coming to the office this weekend?"
spam,Notice: URGENT: Your fedex account is suspended. Verify now at www.fedex-secure.net/login Msg ID 12434
ham,"Hey! Hey Tom, are you coming to the airport tomorrow? Bye thanks"
ham,"Hi, Call me when you are free, nothing urgent Bye"
ham,"ok so hey rahul, are you coming to the college 9am? ping me."
ham,"hello tom, did you finish the assignment? please send it by in 10 mins thanks!"
ham,"Btw Hey Tom, are you coming to the office after lunch? Thanks!"
ham,Free for a quick call this weekend? Want to discuss the project
ham,hi rahul! can i borrow your notes? will return 5pm
ham,don't forget to buy milk on the way home talk later.
ham,"Hi, Meeting moved to after lunch, please confirm Let me know."
ham,Congrats John on the new job! Let's celebrate 9am Let me know. ok?
ham,Btw Dinner at my place 9am? Mom is cooking Talk later.
ham,"Quick one: Your order is out for delivery, it will arrive 9am See you."
ham,Reminder: your appointment is in 10 mins. Reply YES to confirm See you.
ham,Quick one: Did you finish the assignment? Please send it by tomorrow Bye pls
ham,happy birthday priya! have a great day thanks!
ham,Morning. Don't forget to buy milk on the way home Thanks! :)
ham,"Quick one: Thanks for the help yesterday Maria, really appreciate it Bye"
ham,Btw Free for a quick call after lunch? Want to discuss the project Bye ok?
ham,"ok so meeting moved to after lunch, please confirm thanks"
ham,"Hello Sara, Don't forget to buy milk on the way home Bye thanks"
ham,"Thanks for the help yesterday Maria, really appreciate it See you."
spam,Attention: Your parcel could not be delivered. Pay small fee to reschedule: http://paytm-track.info Ref 21163
ham,quick one: free for a quick call tonight? want to discuss the project see you.
ham,Morning. Free for a quick call 5pm? Want to discuss the project See you.
ham,"Hello Amit, Meeting moved to this weekend, please confirm See you."
ham,"Morning. Hey Neha, are you coming to the cafe tonight? Bye ok?"
spam,Important! Get a loan of Rs 802 approved instantly. No documents needed! Call 08801420579 T&Cs apply.
ham,"lol that was so funny, tell me more when we meet Cheers Sneha"
ham,dinner at my place after lunch? mom is cooking bye
ham,Can I borrow your notes? Will return 5pm Ping me.
ham,"Hey! I will be late, stuck in traffic near college Cheers Maria"
spam,"Final notice: pay outstanding bill of $1520 today to avoid legal action. Visit http://pay-netflix.biz Hurry, offer ends soon!"
ham,Ok so Can you call me when you reach gym? Need to ask something ok?
ham,"Hello Priya, Happy birthday Maria! Have a great day"
spam,You have been specially selected for a free holiday. Reply CLAIM to 51816 to claim before midnight Do not ignore!
spam,"hi ali, your parcel could not be delivered. pay small fee to reschedule: http://sbi-track.info"
spam,Notice: FREE entry in our weekly draw to win Rs 50000! Text OFFER to 50284 now. T&Cs apply T&Cs apply.
ham,Hey! Did you finish the assignment? Please send it by tomorrow
ham,"Btw Thanks for the help yesterday Sara, really appreciate it"
spam,URGENT: Your amazon account is suspended. Verify now at www.amazon-secure.net/login Valid 24hrs only.
ham,morning. your otp for login is 483920. do not share it with anyone see you.
ham,Quick one: Ok see you 5pm at the mall Bye
ham,"Ok so Hey Sneha, are you coming to the home 9am? See you."
ham,"Thanks for the help yesterday John, really appreciate it Thanks!"
spam,"hello, your mobile number has won £8549 in the lottery. contact agent on 07918324710 to receive payment ref 79770"
ham,"Your order is out for delivery, it will arrive 5pm Thanks!"
spam,FREE MSG: Get a loan of Rs 6426 approved instantly. No documents needed! Call 08952246132 Reply STOP to opt out.
ham,Btw Did you finish the assignment? Please send it by 5pm Let me know.
ham,"Hey! Call me when you are free, nothing urgent"
ham,Btw Congrats Maria on the new job! Let's celebrate this weekend
ham,"Hi, Did you finish the assignment? Please send it by 9am Let me know."
ham,"Btw Hey Sara, are you coming to the college tonight? Cheers Tom"
ham,"Ok so Call me when you are free, nothing urgent"
ham,ok so free for a quick call tonight? want to discuss the project bye
spam,"Dear user, Your mobile number has won £1541 in the lottery. Contact agent on 07409614818 to receive payment Valid 24hrs only."
ham,hi amit! don't forget to buy milk on the way home let me know.
spam,attention: urgent: your paypal account is suspended. verify now at www.paypal-secure.net/login msg id 57010
ham,Ok see you 9am at the office pls
ham,"Your order is out for delivery, it will arrive tomorrow Let me know."
ham,"Call me when you are free, nothing urgent"
ham,"btw lol that was so funny, tell me more when we meet"
ham,"Hi, Can I borrow your notes? Will return 9am ok? pls"
ham,"Hi, Free for a quick call 9am? Want to discuss the project Cheers Rahul"
ham,"Morning. Thanks for the help yesterday Sneha, really appreciate it Thanks!"
ham,Hi Ali! Free for a quick call tomorrow? Want to discuss the project Ping me.
spam,Notice: Congratulations! You won Rs 50000. Click http://claim-netflix.com/win to collect your prize Do not ignore!
ham,Dinner at my place 9am? Mom is cooking
ham,Morning. Can I borrow your notes? Will return tomorrow Cheers Maria
spam,"ALERT: Hi, I saw your profile. Invest in crypto and double your money in 7 days. Message me Valid 24hrs only."
ham,"hi, your otp for login is 483920. do not share it with anyone thanks!"
ham,"hi sara! lol that was so funny, tell me more when we meet bye"
ham,Hi Neha! Your OTP for login is 483920. Do not share it with anyone ok?
spam,"hello, your mobile number has won £6372 in the lottery. contact agent on 09249403137 to receive payment msg id 56740"
ham,"ok so thanks for the help yesterday amit, really appreciate it cheers tom pls"
ham,"ok so your order is out for delivery, it will arrive tomorrow thanks!"
ham,Quick one: Don't forget to buy milk on the way home Cheers Maria
ham,Hi Amit! Your OTP for login is 483920. Do not share it with anyone Let me know.
ham,Btw Ok see you tonight at the station Ping me.
spam,notice: free entry in our weekly draw to win a free holiday! text yes to 82125 now. t&cs apply valid 24hrs only.
ham,Hi Ali! Can I borrow your notes? Will return after lunch Ping me.
ham,"Hello Neha, Did you finish the assignment? Please send it by 9am Bye"
ham,"Hey! Meeting moved to 5pm, please confirm"
ham,"Your order is out for delivery, it will arrive tonight ok?"
spam,"Exclusive offer from fedex: 90% OFF today only. Shop now http://fedex-deals.com Hurry, offer ends soon!"
ham,can i borrow your notes? will return after lunch bye
ham,"hi, call me when you are free, nothing urgent see you. thanks"
ham,"Hi, Hey Amit, are you coming to the office in 10 mins?"
ham,"Quick one: Meeting moved to 9am, please confirm"
ham,"Quick one: Call me when you are free, nothing urgent"
ham,Your OTP for login is 483920. Do not share it with anyone See you.
ham,Hey! Don't forget to buy milk on the way home
spam,Attention: Final notice: pay outstanding bill of $1251 today to avoid legal action. Visit http://pay-hdfc.biz
spam,"dear user, you have been specially selected for a free holiday. reply yes to 55941 to claim before midnight reply stop to opt out."
ham,Dinner at my place in 10 mins? Mom is cooking See you. ok?
ham,"Hi Neha! I will be late, stuck in traffic near cafe Cheers Tom"
ham,"lol that was so funny, tell me more when we meet Ping me."
ham,"Your order is out for delivery, it will arrive this weekend"
ham,"quick one: meeting moved to this weekend, please confirm cheers maria"
ham,"Quick one: lol that was so funny, tell me more when we meet Cheers Ali"
ham,"Ok so I will be late, stuck in traffic near college Cheers Sneha"
ham,"Quick one: Thanks for the help yesterday Ali, really appreciate it Thanks!"
spam,"Hello, Congratulations! You won a gift voucher. Click http://claim-fedex.com/win to collect your prize Act now!"
ham,ALERT: Final notice: pay outstanding bill of $8486 today to avoid legal action. Visit http://pay-paypal.biz Reply STOP to opt out.
ham,Hi Ali! Did you finish the assignment? Please send it by this weekend
ham,btw can i borrow your notes? will return 9am let me know.
ham,"Meeting moved to tomorrow, please confirm ok?"
ham,"hi, congrats priya on the new job! let's celebrate in 10 mins thanks!"
ham,"Hey! Meeting moved to 9am, please confirm Ping me."
ham,"Hello Tom, Congrats Maria on the new job! Let's celebrate this weekend Thanks!"
ham,"Hello Ali, Did you finish the assignment? Please send it by tonight Thanks!"
spam,"dear user, claim your free rs 50000 now!!! limited time offer, click www.paytm-offers.com reply stop to opt out."
ham,"Ok so lol that was so funny, tell me more when we meet"
ham,Ok so Ok see you after lunch at the station Cheers Priya
ham,Hi Neha! Reminder: your appointment is 9am. Reply YES to confirm Talk later.
ham,"Morning. lol that was so funny, tell me more when we meet"
ham,Free for a quick call after lunch? Want to discuss the project
ham,Can I borrow your notes? Will return after lunch Cheers Sara
ham,"Hi, Thanks for the help yesterday Maria, really appreciate it Talk later."
ham,"Quick one: Thanks for the help yesterday Rahul, really appreciate it ok?"
ham,quick one: can you call me when you reach gym? need to ask something ok? ok?
ham,"Hi Amit! Meeting moved to in 10 mins, please confirm Thanks!"
spam,"Notice: Dear customer, your paypal KYC is expired. Update immediately: http://paypal-kyc.info or account will be blocked"
ham,"Morning. I will be late, stuck in traffic near gym Talk later."
ham,"Quick one: Call me when you are free, nothing urgent Talk later."
ham,"Quick one: Call me when you are free, nothing urgent"
spam,Your mobile number has won £4696 in the lottery. Contact agent on 07427680307 to receive payment Valid 24hrs only.
ham,"hello sneha, lol that was so funny, tell me more when we meet talk later."
ham,hi john! don't forget to buy milk on the way home see you.
ham,"Btw Hey Rahul, are you coming to the gym 9am? :)"
ham,Can you call me when you reach station? Need to ask something Thanks!
ham,"Hello Ali, Your OTP for login is 483920. Do not share it with anyone Let me know."
ham,"Quick one: Your order is out for delivery, it will arrive this weekend Let me know. pls"
ham,"Hello Amit, Congrats Sara on the new job! Let's celebrate in 10 mins Bye"
ham,"Morning. Your order is out for delivery, it will arrive 5pm"
ham,hey! don't forget to buy milk on the way home let me know.
ham,"Hello Sneha, Congrats Sneha on the new job! Let's celebrate this weekend ok?"
ham,Morning. Free for a quick call 5pm? Want to discuss the project Let me know.
ham,Can I borrow your notes? Will return this weekend
ham,hi neha! happy birthday neha! have a great day let me know.
ham,Can you call me when you reach gym? Need to ask something Let me know.
ham,"Quick one: Thanks for the help yesterday Neha, really appreciate it Cheers Neha thanks"
ham,Quick one: Did you finish the assignment? Please send it by this weekend Ping me.
spam,Important! Hot singles in your area want to chat. Text OFFER to 67263. 18+ only Do not ignore!
ham,Did you finish the assignment? Please send it by tonight See you.
ham,Ok see you 9am at the gym Ping me.
ham,"Hi, Free for a quick call in 10 mins? Want to discuss the project See you."
ham,Your OTP for login is 483920. Do not share it with anyone
ham,Morning. Dinner at my place this weekend? Mom is cooking See you.
spam,"Claim your FREE Rs 50000 now!!! Limited time offer, click www.hdfc-offers.com T&Cs apply."
spam,"Important! Hi, I saw your profile. Invest in crypto and double your money in 7 days. Message me Act now!"
ham,Happy birthday Neha! Have a great day Cheers Amit ok?
ham,Can you call me when you reach airport? Need to ask something See you.
ham,"hi, can you call me when you reach cafe? need to ask something"
spam,"Hello Neha, Your OTP for login is 483920. Do not share it with anyone Thanks!"
spam,"hello, exclusive offer from amazon: 90% off today only. shop now http://amazon-deals.com"
ham,"hi, dinner at my place 9am? mom is cooking ok?"
ham,"Hi Rahul! Your order is out for delivery, it will arrive 9am"
ham,"hello ali, your otp for login is 483920. do not share it with anyone see you."
ham,ok so happy birthday neha! have a great day bye
ham,btw free for a quick call 5pm? want to discuss the project
ham,"Hi, Reminder: your appointment is tonight. Reply YES to confirm Cheers Ali"
ham,"Hi, Thanks for the help yesterday Sara, really appreciate it Let me know."
spam,FREE MSG: You have been specially selected for a new laptop. Reply OFFER to 88354 to claim before midnight
ham,"Btw lol that was so funny, tell me more when we meet See you."
ham,morning. your otp for login is 483920. do not share it with anyone see you.
ham,"Ok so Call me when you are free, nothing urgent thanks"
ham,Ok so Ok see you 9am at the gym See you.
ham,"Btw Your order is out for delivery, it will arrive tomorrow Let me know. pls"
ham,hey! can i borrow your notes? will return 9am bye
ham,quick one: ok see you tomorrow at the station let me know.
ham,"Hi, Did you finish the assignment? Please send it by after lunch Let me know."
ham,btw don't forget to buy milk on the way home ping me. thanks
ham,Can you call me when you reach cafe? Need to ask something
ham,"Btw Your order is out for delivery, it will arrive after lunch thanks"
ham,"Call me when you are free, nothing urgent ok?"
ham,hi ali! reminder: your appointment is tomorrow. reply yes to confirm bye
ham,"Hey! Your order is out for delivery, it will arrive 9am Let me know."
spam,alert: free entry in our weekly draw to win $1000 cash! text yes to 51884 now. t&cs apply act now!
ham,Btw Dinner at my place 5pm? Mom is cooking Talk later.
spam,final notice: pay outstanding bill of $2319 today to avoid legal action. visit http://pay-apple.biz valid 24hrs only.
ham,Ok so Can you call me when you reach station? Need to ask something Cheers Rahul
ham,"thanks for the help yesterday ali, really appreciate it bye"
ham,Don't forget to buy milk on the way home See you.
ham,congrats sara on the new job! let's celebrate this weekend thanks!
ham,Quick one: Can I borrow your notes? Will return 5pm
ham,"lol that was so funny, tell me more when we meet See you."
ham,"Hi, Dinner at my place 5pm? Mom is cooking Cheers John"
ham,Hi Priya! Can I borrow your notes? Will return after lunch
ham,"hey maria, are you coming to the cafe tonight? bye"
ham,"Hi, Thanks for the help yesterday Ali, really appreciate it ok?"
ham,"Morning. Meeting moved to this weekend, please confirm Talk later."
ham,"Hi Priya! I will be late, stuck in traffic near mall Let me know. ok?"
ham,"Hey! Call me when you are free, nothing urgent"
ham,"Ok so Call me when you are free, nothing urgent Ping me."
spam,"dear user, winner!! you have been selected to receive $1000 cash. call 09462819827 now to claim t&cs apply."
ham,"hi maria! hey ali, are you coming to the home 9am? ok?"
ham,"lol that was so funny, tell me more when we meet Let me know."
ham,Morning. Happy birthday Rahul! Have a great day
ham,"Hi Sara! Call me when you are free, nothing urgent Cheers Maria"
ham,"quick one: your order is out for delivery, it will arrive 9am ping me."
ham,"Hi, Don't forget to buy milk on the way home Thanks!"
ham,"Btw Call me when you are free, nothing urgent See you."
spam,"Important! Hi, I saw your profile. Invest in crypto and double your money in 7 days. Message me Ref 31860"
spam,"hi rahul, you have been specially selected for a free holiday. reply stop to 82034 to claim before midnight reply stop to opt out."
ham,"ok so thanks for the help yesterday neha, really appreciate it"
ham,Ok so Dinner at my place tomorrow? Mom is cooking Ping me.
ham,"Btw Call me when you are free, nothing urgent Talk later."
ham,Btw Did you finish the assignment? Please send it by 5pm
ham,"hi, reminder: your appointment is 9am. reply yes to confirm let me know."
ham,Morning. Dinner at my place tomorrow? Mom is cooking
ham,"Morning. Your order is out for delivery, it will arrive tonight ok?"
spam,ALERT: Get a loan of Rs 532 approved instantly. No documents needed! Call 08455734042
ham,hi sara! free for a quick call in 10 mins? want to discuss the project ok?
ham,Hi Ali! Reminder: your appointment is tomorrow. Reply YES to confirm Bye
ham,btw ok see you after lunch at the station
ham,Did you finish the assignment? Please send it by in 10 mins ok?
ham,Quick one: Can I borrow your notes? Will return this weekend Let me know.
ham,ok so did you finish the assignment? please send it by tomorrow ping me.
ham,Quick one: Reminder: your appointment is this weekend. Reply YES to confirm Thanks!
ham,"ok so your order is out for delivery, it will arrive in 10 mins bye"
ham,"Hi, Can I borrow your notes? Will return after lunch Bye"
ham,Btw Reminder: your appointment is after lunch. Reply YES to confirm Talk later.
ham,Btw Dinner at my place this weekend? Mom is cooking Cheers Sara
ham,Hey! Your OTP for login is 483920. Do not share it with anyone Let me know. pls
ham,Hey! Free for a quick call 9am? Want to discuss the project Ping me.
ham,"Hi, Congrats Tom on the new job! Let's celebrate 9am Talk later."
spam,"FREE MSG: Your parcel could not be delivered. Pay small fee to reschedule: http://fedex-track.info Hurry, offer ends soon!"
ham,btw reminder: your appointment is 5pm. reply yes to confirm thanks! :)
ham,Morning. Ok see you 5pm at the airport Ping me.
ham,"Hey! Hey Sneha, are you coming to the mall 5pm? See you. ok?"
spam,"notice: hi, i saw your profile. invest in crypto and double your money in 7 days. message me hurry, offer ends soon!"
ham,Hey! Your OTP for login is 483920. Do not share it with anyone Cheers Tom :)
ham,dinner at my place tomorrow? mom is cooking ok?
ham,congrats priya on the new job! let's celebrate tonight see you.
ham,"Thanks for the help yesterday Sneha, really appreciate it See you."
ham,your otp for login is 483920. do not share it with anyone
ham,"lol that was so funny, tell me more when we meet"
ham,"btw call me when you are free, nothing urgent let me know."
ham,"hi, meeting moved to tomorrow, please confirm bye"
ham,"Hello Neha, Ok see you in 10 mins at the gym Ping me."
spam,"hello, earn $500 daily working from home. no experience needed. join now www.easy-cash.com"
ham,your otp for login is 483920. do not share it with anyone ok?
ham,"Quick one: Meeting moved to tomorrow, please confirm Let me know."
ham,"Quick one: Hey Priya, are you coming to the cafe after lunch? Bye"
ham,"Call me when you are free, nothing urgent Thanks!"
ham,Ok so Can you call me when you reach mall? Need to ask something Thanks!
ham,morning. can you call me when you reach mall? need to ask something ok?
ham,Congrats Tom on the new job! Let's celebrate 9am :)
ham,"Hi, Ok see you tonight at the cafe See you."
ham,Quick one: Your OTP for login is 483920. Do not share it with anyone Bye
ham,Can I borrow your notes? Will return 9am Let me know.
ham,your otp for login is 483920. do not share it with anyone let me know.
spam,"Hi, I saw your profile. Invest in crypto and double your money in 7 days. Message me Act now!"
ham,"Btw lol that was so funny, tell me more when we meet Cheers Tom"
ham,"morning. lol that was so funny, tell me more when we meet cheers sneha"
ham,btw happy birthday ali! have a great day ok? :)
ham,Morning. Did you finish the assignment? Please send it by in 10 mins Let me know.
ham,Morning. Can you call me when you reach cafe? Need to ask something See you.
ham,"Ok so Meeting moved to tomorrow, please confirm See you."
ham,"Hey! Meeting moved to 9am, please confirm See you."
ham,"Hi Priya! Thanks for the help yesterday Neha, really appreciate it Let me know."
ham,"Hello Tom, Congrats Maria on the new job! Let's celebrate 5pm Talk later."
ham,Dinner at my place tomorrow? Mom is cooking
ham,Btw Can I borrow your notes? Will return 9am Thanks!
ham,"lol that was so funny, tell me more when we meet Thanks!"
ham,Ok see you tonight at the office
ham,Hey! Ok see you after lunch at the airport :)
ham,Quick one: Can I borrow your notes? Will return 5pm Thanks!
ham,Your OTP for login is 483920. Do not share it with anyone thanks
ham,Can you call me when you reach gym? Need to ask something Bye
ham,"Hello Sara, Congrats Sara on the new job! Let's celebrate after lunch Cheers Amit"
ham,"Hi, I will be late, stuck in traffic near home"
ham,Hi Neha! Can you call me when you reach college? Need to ask something See you.
ham,Ok so Can I borrow your notes? Will return tonight Talk later.
ham,"hey! call me when you are free, nothing urgent talk later."
spam,Final notice: pay outstanding bill of $4174 today to avoid legal action. Visit http://pay-netflix.biz
ham,"hello priya, call me when you are free, nothing urgent thanks!"
ham,"hey amit, are you coming to the airport after lunch? let me know."
ham,Hey! Your OTP for login is 483920. Do not share it with anyone Let me know.
ham,Don't forget to buy milk on the way home Talk later.
ham,Hey! Dinner at my place in 10 mins? Mom is cooking ok?
ham,Ok so Free for a quick call in 10 mins? Want to discuss the project Bye ok?
ham,Hi Neha! Congrats Neha on the new job! Let's celebrate 5pm Bye ok?
ham,"Hi, lol that was so funny, tell me more when we meet Let me know. :)"
ham,Quick one: Can you call me when you reach cafe? Need to ask something Cheers Sneha thanks
ham,"Hello Rahul, Can I borrow your notes? Will return 5pm See you."
ham,"hi, dinner at my place in 10 mins? mom is cooking ok?"
ham,Hi Sara! Ok see you tomorrow at the college
spam,"Hello, FREE entry in our weekly draw to win a gift voucher! Text WIN to 66405 now. T&Cs apply Hurry, offer ends soon!"
ham,Quick one: Did you finish the assignment? Please send it by 5pm See you. ok?
ham,"Quick one: Call me when you are free, nothing urgent ok?"
ham,"ok so call me when you are free, nothing urgent cheers sneha"
ham,hey! don't forget to buy milk on the way home talk later.
ham,Hi Priya! Can I borrow your notes? Will return tonight Bye
ham,hi sara! happy birthday amit! have a great day cheers sara ok?
ham,Morning. Did you finish the assignment? Please send it by this weekend Ping me.
ham,"Hello Sara, I will be late, stuck in traffic near college Talk later. pls"
ham,"Hi Neha! I will be late, stuck in traffic near airport"
ham,"meeting moved to after lunch, please confirm thanks"
ham,"Hello John, Meeting moved to tomorrow, please confirm Bye"
ham,Morning. Happy birthday Tom! Have a great day Bye
ham,Ok so Don't forget to buy milk on the way home Ping me.
ham,Hi Sara! Reminder: your appointment is this weekend. Reply YES to confirm Ping me.
ham,"Thanks for the help yesterday Priya, really appreciate it See you."
ham,Quick one: Happy birthday Tom! Have a great day Cheers Ali
ham,"hello sara, happy birthday amit! have a great day cheers john"
ham,Morning. Dinner at my place 5pm? Mom is cooking Cheers Ali
spam,ALERT: Hot singles in your area want to chat. Text STOP to 89729. 18+ only Reply STOP to opt out.
ham,"Quick one: Call me when you are free, nothing urgent Ping me."
ham,Hi Neha! Reminder: your appointment is 9am. Reply YES to confirm thanks
ham,Did you finish the assignment? Please send it by in 10 mins Cheers John ok?
ham,Morning. Free for a quick call tomorrow? Want to discuss the project
ham,"lol that was so funny, tell me more when we meet Bye"
ham,hi ali! dinner at my place 9am? mom is cooking ping me.
ham,"hey! your order is out for delivery, it will arrive 5pm cheers neha"
ham,Can I borrow your notes? Will return in 10 mins
ham,"Hello Rahul, Free for a quick call 5pm? Want to discuss the project Talk later."
ham,"Btw Thanks for the help yesterday Maria, really appreciate it Talk later."
ham,"Hi, Thanks for the help yesterday Maria, really appreciate it Talk later."
spam,Notice: Get a loan of Rs 8425 approved instantly. No documents needed! Call 07110831877
ham,"Btw lol that was so funny, tell me more when we meet See you."
spam,"Hello, Dear customer, your amazon KYC is expired. Update immediately: http://amazon-kyc.info or account will be blocked Hurry, offer ends soon!"
ham,hi amit! did you finish the assignment? please send it by 9am ping me.
ham,"Ok so lol that was so funny, tell me more when we meet Let me know."
ham,Free for a quick call 5pm? Want to discuss the project Talk later.
ham,"Quick one: Meeting moved to 5pm, please confirm See you. thanks"
ham,Ok so Don't forget to buy milk on the way home
ham,"Hi, Can you call me when you reach office? Need to ask something Talk later."
ham,"Btw I will be late, stuck in traffic near cafe Ping me."
ham,"quick one: call me when you are free, nothing urgent :)"
ham,"Hello Priya, Happy birthday Tom! Have a great day"
ham,"Ok so Hey Priya, are you coming to the home tomorrow? See you."
spam,morning. can you call me when you reach airport? need to ask something let me know.
ham,"lol that was so funny, tell me more when we meet ok?"
ham,"Quick one: lol that was so funny, tell me more when we meet"
spam,"hello, urgent: your paypal account is suspended. verify now at www.paypal-secure.net/login"
ham,"Morning. lol that was so funny, tell me more when we meet Bye"
ham,"Ok so Call me when you are free, nothing urgent Thanks!"
ham,Hi Sneha! Your OTP for login is 483920. Do not share it with anyone ok? thanks
ham,"Hi, Can you call me when you reach station? Need to ask something Thanks!"
ham,"Hello Rahul, Happy birthday Rahul! Have a great day See you."
ham,reminder: your appointment is this weekend. reply yes to confirm see you.
ham,"Hello Ali, Reminder: your appointment is after lunch. Reply YES to confirm Bye"
ham,"Quick one: Thanks for the help yesterday Ali, really appreciate it Ping me. thanks"
ham,"lol that was so funny, tell me more when we meet See you."
ham,dinner at my place tonight? mom is cooking thanks! :)
ham,"Morning. Meeting moved to 5pm, please confirm Talk later."
ham,btw don't forget to buy milk on the way home talk later. thanks
ham,"morning. thanks for the help yesterday tom, really appreciate it ok?"
ham,"Hello Rahul, Your OTP for login is 483920. Do not share it with anyone Thanks!"
ham,Quick one: Dinner at my place after lunch? Mom is cooking
ham,"Hey! Your order is out for delivery, it will arrive 5pm Talk later."
ham,"ok so call me when you are free, nothing urgent let me know."
ham,don't forget to buy milk on the way home
ham,"Hello Maria, Reminder: your appointment is tonight. Reply YES to confirm ok?"
ham,"Hi Sneha! Call me when you are free, nothing urgent See you."
ham,Btw Your OTP for login is 483920. Do not share it with anyone Cheers Maria
ham,"Morning. Hey Sara, are you coming to the gym tomorrow? Talk later."
spam,attention: get a loan of rs 8185 approved instantly. no documents needed! call 09190032740 ref 64589
ham,Morning. Dinner at my place 9am? Mom is cooking Thanks!
ham,ok see you tonight at the college
ham,"Hi, I will be late, stuck in traffic near cafe Ping me."
ham,"Ok so Meeting moved to tomorrow, please confirm Ping me."
ham,"Hello Amit, Free for a quick call after lunch? Want to discuss the project Talk later."
ham,"I will be late, stuck in traffic near airport Ping me."
ham,"Hello Maria, Free for a quick call 5pm? Want to discuss the project"
ham,Quick one: Can I borrow your notes? Will return in 10 mins thanks
ham,hi amit! dinner at my place this weekend? mom is cooking
ham,Hey! Did you finish the assignment? Please send it by after lunch
ham,"Hi Maria! lol that was so funny, tell me more when we meet"
ham,Hey! Don't forget to buy milk on the way home Talk later.
ham,"Call me when you are free, nothing urgent Cheers Sneha"
ham,"Hello Maria, Free for a quick call after lunch? Want to discuss the project Thanks!"
ham,hi maria! reminder: your appointment is after lunch. reply yes to confirm cheers sara
ham,"Morning. Thanks for the help yesterday Neha, really appreciate it Let me know."
ham,your otp for login is 483920. do not share it with anyone see you.
ham,"Hello John, Can you call me when you reach station? Need to ask something Ping me."
ham,"Btw I will be late, stuck in traffic near college"
ham,"Hi, Ok see you tonight at the airport Bye"
ham,"Hey! Hey Rahul, are you coming to the college in 10 mins?"
ham,Your OTP for login is 483920. Do not share it with anyone Thanks! :)
spam,"hi tom, free entry in our weekly draw to win rs 50000! text stop to 53430 now. t&cs apply reply stop to opt out."
ham,"Hi, Did you finish the assignment? Please send it by tomorrow"
ham,"Hi Sneha! I will be late, stuck in traffic near college"
ham,Btw Can you call me when you reach college? Need to ask something Thanks!
ham,"morning. i will be late, stuck in traffic near airport thanks! pls"
ham,Btw Your OTP for login is 483920. Do not share it with anyone Let me know. ok?
ham,"hi priya! meeting moved to in 10 mins, please confirm let me know. thanks"
ham,"Btw Your order is out for delivery, it will arrive this weekend Bye"
ham,hey! ok see you this weekend at the gym see you.
ham,Happy birthday Ali! Have a great day Bye thanks
ham,"hi maria! hey ali, are you coming to the home in 10 mins? cheers john"
ham,"Quick one: Hey Maria, are you coming to the airport 5pm? Ping me."
spam,"Call me when you are free, nothing urgent Let me know."
ham,"Hello Sara, Dinner at my place in 10 mins? Mom is cooking Ping me."
ham,Btw Free for a quick call this weekend? Want to discuss the project
ham,Free for a quick call tomorrow? Want to discuss the project
ham,Quick one: Did you finish the assignment? Please send it by after lunch Bye
ham,"Hey! Call me when you are free, nothing urgent See you. pls"
ham,Can I borrow your notes? Will return after lunch pls
ham,"morning. i will be late, stuck in traffic near mall ok?"
ham,can i borrow your notes? will return 9am ping me. pls
ham,"Ok so Meeting moved to 5pm, please confirm Let me know."
ham,Btw Free for a quick call 9am? Want to discuss the project Thanks!
ham,"Morning. Meeting moved to this weekend, please confirm"
ham,"hello rahul, your order is out for delivery, it will arrive tonight thanks!"
spam,Important! Final notice: pay outstanding bill of $3367 today to avoid legal action. Visit http://pay-amazon.biz Valid 24hrs only.
ham,"Ok so Your order is out for delivery, it will arrive tonight"
ham,Btw Don't forget to buy milk on the way home ok?
ham,"ok so i will be late, stuck in traffic near college bye"
ham,Reminder: your appointment is after lunch. Reply YES to confirm Ping me. :)
ham,hi maria! free for a quick call 5pm? want to discuss the project ping me.
ham,"Hi Rahul! lol that was so funny, tell me more when we meet Thanks!"
ham,"Ok so lol that was so funny, tell me more when we meet Bye"
ham,Hi John! Ok see you 9am at the cafe
ham,quick one: don't forget to buy milk on the way home thanks!
ham,"Hi, Hey Sneha, are you coming to the mall 5pm? pls"
ham,"hi, reminder: your appointment is 9am. reply yes to confirm ok? thanks"
ham,Happy birthday Priya! Have a great day
ham,"Ok so I will be late, stuck in traffic near airport"
ham,"hi, thanks for the help yesterday amit, really appreciate it bye"
ham,Quick one: Can I borrow your notes? Will return tomorrow Bye
ham,"Quick one: Meeting moved to after lunch, please confirm"
spam,Attention: You have been specially selected for Rs 50000. Reply STOP to 66105 to claim before midnight T&Cs apply.
spam,FREE entry in our weekly draw to win $1000 cash! Text OFFER to 56488 now. T&Cs apply Do not ignore!
ham,"Hello Sara, Don't forget to buy milk on the way home Talk later. :)"
ham,Hey! Did you finish the assignment? Please send it by this weekend Thanks!
ham,Don't forget to buy milk on the way home Thanks!
ham,"Ok so Call me when you are free, nothing urgent Cheers Priya"
ham,Morning. Congrats Sneha on the new job! Let's celebrate 9am Thanks!
ham,"Hi, Happy birthday John! Have a great day Talk later."
ham,"Thanks for the help yesterday Sneha, really appreciate it :)"
ham,Hey! Don't forget to buy milk on the way home Let me know.
ham,"lol that was so funny, tell me more when we meet Ping me."
ham,Hi Sara! Happy birthday Sara! Have a great day Thanks!
ham,"Hello Ali, Ok see you in 10 mins at the home ok?"
ham,"hey! i will be late, stuck in traffic near college talk later."
ham,Morning. Don't forget to buy milk on the way home Thanks!
ham,hey! ok see you tonight at the station ping me.
spam,Attention: URGENT: Your apple account is suspended. Verify now at www.apple-secure.net/login Act now!
ham,"Meeting moved to tomorrow, please confirm"
ham,Btw Congrats Priya on the new job! Let's celebrate tomorrow Ping me.
ham,Hi Rahul! Reminder: your appointment is tomorrow. Reply YES to confirm Thanks!
ham,"hey! lol that was so funny, tell me more when we meet bye"
ham,Hey! Congrats Tom on the new job! Let's celebrate this weekend See you.
ham,Your OTP for login is 483920. Do not share it with anyone Cheers Amit :)
ham,"Hello Ali, Free for a quick call tomorrow? Want to discuss the project Let me know. thanks"
ham,"hi, lol that was so funny, tell me more when we meet talk later."
ham,"Hi, Dinner at my place in 10 mins? Mom is cooking Bye ok?"
spam,Your parcel could not be delivered. Pay small fee to reschedule: http://amazon-track.info Reply STOP to opt out.
ham,"Hello John, Your OTP for login is 483920. Do not share it with anyone Thanks!"
spam,FREE MSG: Your mobile number has won £1667 in the lottery. Contact agent on 08545257628 to receive payment Valid 24hrs only.
ham,"Hi, Did you finish the assignment? Please send it by tomorrow Talk later."
ham,"Hi Amit! I will be late, stuck in traffic near college Thanks!"
ham,"hello tom, don't forget to buy milk on the way home :)"
ham,"Your order is out for delivery, it will arrive 5pm See you."
ham,Btw Your OTP for login is 483920. Do not share it with anyone ok?
ham,Reminder: your appointment is after lunch. Reply YES to confirm
ham,"Quick one: Meeting moved to tonight, please confirm Bye"
ham,Quick one: Can you call me when you reach college? Need to ask something Cheers Amit
ham,Btw Your OTP for login is 483920. Do not share it with anyone Talk later.
ham,ok so can you call me when you reach gym? need to ask something ok?
ham,"morning. thanks for the help yesterday sara, really appreciate it :)"
ham,Ok see you after lunch at the gym Thanks!
ham,Ok so Congrats Sara on the new job! Let's celebrate tomorrow ok?
ham,Ok see you tonight at the station Let me know.
ham,Congrats Sara on the new job! Let's celebrate this weekend Thanks!
ham,Btw Free for a quick call 9am? Want to discuss the project
ham,"hi, reminder: your appointment is tomorrow. reply yes to confirm talk later."
ham,"Morning. Meeting moved to this weekend, please confirm Ping me."
ham,Morning. Did you finish the assignment? Please send it by 5pm Thanks!
ham,"Ok so I will be late, stuck in traffic near cafe Talk later."
ham,"hey! i will be late, stuck in traffic near airport talk later."
ham,don't forget to buy milk on the way home talk later.
ham,"Ok so Your order is out for delivery, it will arrive this weekend Cheers Neha"
ham,"hi, lol that was so funny, tell me more when we meet ok?"
ham,"Quick one: I will be late, stuck in traffic near station See you."
ham,"Hi, Your order is out for delivery, it will arrive tomorrow Ping me."
ham,Hey! Don't forget to buy milk on the way home
ham,"Ok so I will be late, stuck in traffic near station Let me know."
ham,"hello tom, did you finish the assignment? please send it by after lunch bye"
ham,"Hello Amit, Did you finish the assignment? Please send it by tonight See you."
ham,"Morning. I will be late, stuck in traffic near airport thanks"
ham,"Ok so lol that was so funny, tell me more when we meet Thanks! ok?"
ham,morning. free for a quick call 5pm? want to discuss the project ok? thanks
ham,"Ok so I will be late, stuck in traffic near cafe Thanks!"
ham,"hi neha! hey rahul, are you coming to the station 9am?"
ham,Ok see you 9am at the airport
ham,"Hi Sara! Meeting moved to 5pm, please confirm Ping me."
ham,"hi, lol that was so funny, tell me more when we meet"
ham,ok so don't forget to buy milk on the way home bye :)
ham,"Hi, Thanks for the help yesterday Neha, really appreciate it See you. :)"
ham,"Hello Neha, Can you call me when you reach office? Need to ask something Talk later."
ham,hey! your otp for login is 483920. do not share it with anyone ok?
ham,btw did you finish the assignment? please send it by tonight let me know.
ham,Ok so Free for a quick call 9am? Want to discuss the project
ham,Hey! Reminder: your appointment is 9am. Reply YES to confirm Ping me.
ham,"Hi, I will be late, stuck in traffic near home :)"
ham,"Hello Sneha, Did you finish the assignment? Please send it by this weekend Ping me. thanks"
ham,"hi amit! meeting moved to after lunch, please confirm bye"
ham,Btw Your OTP for login is 483920. Do not share it with anyone Bye
ham,Your OTP for login is 483920. Do not share it with anyone Ping me.
ham,Hi John! Happy birthday John! Have a great day
ham,Hey! Reminder: your appointment is this weekend. Reply YES to confirm Cheers Ali
ham,"Hello Sara, Call me when you are free, nothing urgent Thanks!"
ham,Reminder: your appointment is after lunch. Reply YES to confirm Ping me.
ham,"hello neha, meeting moved to after lunch, please confirm talk later."
ham,"Hi Amit! Call me when you are free, nothing urgent"
ham,ok so happy birthday ali! have a great day
ham,Did you finish the assignment? Please send it by after lunch
ham,Ok so Free for a quick call in 10 mins? Want to discuss the project
ham,Btw Ok see you tonight at the cafe
ham,Hi Tom! Dinner at my place after lunch? Mom is cooking See you.
ham,"Your order is out for delivery, it will arrive in 10 mins Thanks!"
ham,btw can you call me when you reach mall? need to ask something cheers amit
ham,Your OTP for login is 483920. Do not share it with anyone Ping me.
ham,"Hey! lol that was so funny, tell me more when we meet Cheers Ali"
ham,"hi, don't forget to buy milk on the way home"
ham,"Hi, Free for a quick call 9am? Want to discuss the project"
ham,"quick one: your order is out for delivery, it will arrive 9am bye"
ham,"meeting moved to this weekend, please confirm thanks!"
spam,attention: earn $500 daily working from home. no experience needed. join now www.easy-cash.com do not ignore!
ham,"Hi Priya! Call me when you are free, nothing urgent Cheers Maria"
ham,congrats john on the new job! let's celebrate tonight let me know. ok?
ham,"hi, i saw your profile. invest in crypto and double your money in 7 days. message me do not ignore!"
spam,Important! Hot singles in your area want to chat. Text STOP to 81620. 18+ only Valid 24hrs only.
ham,Free for a quick call in 10 mins? Want to discuss the project Bye
ham,"Hi, Hey John, are you coming to the airport tonight? Thanks!"
ham,Quick one: Dinner at my place in 10 mins? Mom is cooking Let me know.
ham,Quick one: Free for a quick call tomorrow? Want to discuss the project Bye
ham,Dinner at my place 5pm? Mom is cooking Talk later.
ham,"Call me when you are free, nothing urgent Cheers Amit"
ham,"Quick one: Thanks for the help yesterday Sara, really appreciate it"
ham,"Hi, Reminder: your appointment is tomorrow. Reply YES to confirm Let me know."
ham,"lol that was so funny, tell me more when we meet See you. pls"
ham,Dinner at my place 5pm? Mom is cooking
ham,"Hello John, Don't forget to buy milk on the way home Ping me."
ham,"Hey! Call me when you are free, nothing urgent Thanks!"
ham,"Ok so Call me when you are free, nothing urgent Let me know."
ham,Ok so Did you finish the assignment? Please send it by in 10 mins See you. :)
ham,"Hello Maria, Your OTP for login is 483920. Do not share it with anyone Talk later."
ham,Quick one: Can I borrow your notes? Will return 5pm Bye
ham,Can you call me when you reach airport? Need to ask something Cheers Tom
ham,"Hello Sneha, Call me when you are free, nothing urgent Cheers Priya"
ham,"btw thanks for the help yesterday rahul, really appreciate it talk later. :)"
ham,Quick one: Dinner at my place 5pm? Mom is cooking Talk later.
ham,"hello sneha, happy birthday ali! have a great day ping me."
ham,"I will be late, stuck in traffic near airport Cheers Sara pls"
ham,Ok so Can I borrow your notes? Will return tonight See you.
ham,"Call me when you are free, nothing urgent Bye thanks"
ham,"Hello John, Your OTP for login is 483920. Do not share it with anyone Cheers Amit"
spam,Did you finish the assignment? Please send it by this weekend Talk later.
ham,Morning. Your OTP for login is 483920. Do not share it with anyone Talk later. ok?
ham,hey! dinner at my place 9am? mom is cooking talk later.
ham,"Hi, Did you finish the assignment? Please send it by tonight Cheers Rahul"
ham,"Hi Sara! Call me when you are free, nothing urgent"
ham,Can I borrow your notes? Will return tonight Thanks! pls
ham,"Hello Sneha, Happy birthday Ali! Have a great day Cheers Sneha"
ham,"Ok so Thanks for the help yesterday Rahul, really appreciate it"
ham,Can I borrow your notes? Will return tomorrow Bye
ham,"lol that was so funny, tell me more when we meet Ping me."
ham,"Hey! Hey Ali, are you coming to the gym in 10 mins? Ping me. :)"
spam,"Hi Sara, Hot singles in your area want to chat. Text STOP to 53943. 18+ only Ref 26336"
ham,Hi Tom! Dinner at my place 5pm? Mom is cooking
ham,"Ok so I will be late, stuck in traffic near cafe Bye"
ham,"Morning. Meeting moved to after lunch, please confirm"
ham,morning. can you call me when you reach office? need to ask something bye
ham,Hey! Did you finish the assignment? Please send it by this weekend Let me know.
spam,"hi, i saw your profile. invest in crypto and double your money in 7 days. message me valid 24hrs only."
ham,"Hi, Happy birthday Ali! Have a great day Cheers John pls"
ham,Btw Reminder: your appointment is 9am. Reply YES to confirm
spam,Notice: You have been specially selected for a free holiday. Reply OFFER to 60644 to claim before midnight
ham,"hey! your order is out for delivery, it will arrive tomorrow cheers ali"
ham,"Btw lol that was so funny, tell me more when we meet See you."
ham,"hi, can i borrow your notes? will return after lunch ok?"
ham,Morning. Dinner at my place after lunch? Mom is cooking Thanks!
ham,"i will be late, stuck in traffic near mall ok? :)"
ham,"Hello Priya, Call me when you are free, nothing urgent ok?"
ham,Quick one: Free for a quick call tonight? Want to discuss the project
ham,Ok so Reminder: your appointment is 9am. Reply YES to confirm Thanks!
spam,Your parcel could not be delivered. Pay small fee to reschedule: http://fedex-track.info
spam,free msg: your parcel could not be delivered. pay small fee to reschedule: http://sbi-track.info t&cs apply.
ham,Hey! Free for a quick call this weekend? Want to discuss the project Let me know.
ham,btw free for a quick call tomorrow? want to discuss the project bye
ham,"Hello Tom, Your OTP for login is 483920. Do not share it with anyone ok? ok?"
ham,hey! don't forget to buy milk on the way home cheers amit
spam,"Dear user, WINNER!! You have been selected to receive a gift voucher. Call 09460044175 now to claim Act now!"
ham,quick one: don't forget to buy milk on the way home cheers neha pls
ham,"Hi, Thanks for the help yesterday Neha, really appreciate it"
ham,can i borrow your notes? will return after lunch thanks!
ham,"Hi, Dinner at my place this weekend? Mom is cooking See you. pls"
ham,Hi Ali! Reminder: your appointment is after lunch. Reply YES to confirm Bye
spam,"Hello, You have been specially selected for Rs 50000. Reply CLAIM to 71567 to claim before midnight T&Cs apply."
ham,"your order is out for delivery, it will arrive in 10 mins let me know."
ham,Quick one: Congrats Ali on the new job! Let's celebrate after lunch Thanks!
ham,Hey! Congrats Ali on the new job! Let's celebrate 9am
ham,reminder: your appointment is tomorrow. reply yes to confirm talk later.
ham,Hi Sneha! Did you finish the assignment? Please send it by tomorrow ok?
ham,Congrats John on the new job! Let's celebrate in 10 mins Cheers John
ham,"hello sneha, did you finish the assignment? please send it by after lunch let me know."
ham,morning. ok see you in 10 mins at the station
ham,"Hi, I will be late, stuck in traffic near office Ping me."
ham,hey! dinner at my place this weekend? mom is cooking let me know.
ham,morning. don't forget to buy milk on the way home
ham,"Hi, I saw your profile. Invest in crypto and double your money in 7 days. Message me Valid 24hrs only."
ham,"i will be late, stuck in traffic near station bye"
ham,Morning. Reminder: your appointment is 9am. Reply YES to confirm
ham,FREE MSG: Congratulations! You won $1000 cash. Click http://claim-paypal.com/win to collect your prize Act now!
ham,"Hello Neha, Can I borrow your notes? Will return after lunch Talk later."
ham,"Hi, Your order is out for delivery, it will arrive tomorrow"
spam,Hot singles in your area want to chat. Text CLAIM to 75222. 18+ only Reply STOP to opt out.
ham,"hello neha, your order is out for delivery, it will arrive tonight"
ham,"Your order is out for delivery, it will arrive tonight Cheers Priya"
ham,"morning. lol that was so funny, tell me more when we meet ping me."
ham,Your OTP for login is 483920. Do not share it with anyone Ping me.
ham,Can you call me when you reach airport? Need to ask something Talk later.
ham,hey! happy birthday john! have a great day ok?
ham,"Ok so Hey Rahul, are you coming to the airport tomorrow? See you. thanks"
ham,ok so ok see you 9am at the gym
ham,"hi, ok see you 9am at the cafe bye"
ham,"hello john, can you call me when you reach office? need to ask something ok?"
ham,Ok so Dinner at my place after lunch? Mom is cooking Cheers Maria
ham,Your OTP for login is 483920. Do not share it with anyone Let me know.
ham,Btw Congrats Neha on the new job! Let's celebrate tonight See you.
ham,"hey! hey rahul, are you coming to the station 9am? talk later."
ham,"Hi Sneha! Your order is out for delivery, it will arrive in 10 mins Cheers Rahul"
ham,"Hello Tom, Happy birthday Ali! Have a great day ok?"
ham,Hi Neha! Free for a quick call after lunch? Want to discuss the project Ping me.
spam,free msg: your parcel could not be delivered. pay small fee to reschedule: http://sbi-track.info valid 24hrs only.
ham,don't forget to buy milk on the way home
spam,"dear user, your parcel could not be delivered. pay small fee to reschedule: http://paypal-track.info reply stop to opt out."
ham,Your OTP for login is 483920. Do not share it with anyone
ham,"Hi Tom! Your order is out for delivery, it will arrive in 10 mins Ping me."
ham,"Hi, Call me when you are free, nothing urgent Thanks!"
ham,"hi sneha! your order is out for delivery, it will arrive after lunch"
ham,"morning. i will be late, stuck in traffic near gym thanks!"
ham,"Hi, I will be late, stuck in traffic near mall See you."
ham,Ok so Congrats Sneha on the new job! Let's celebrate tomorrow
ham,Free for a quick call this weekend? Want to discuss the project Let me know.
ham,"Thanks for the help yesterday Rahul, really appreciate it Talk later. thanks"
ham,Quick one: Ok see you tomorrow at the airport Bye
ham,morning. dinner at my place 9am? mom is cooking ok?
ham,"hi, lol that was so funny, tell me more when we meet see you."
ham,"Btw Your order is out for delivery, it will arrive 9am ok?"
ham,Ok so Did you finish the assignment? Please send it by tomorrow Thanks!
spam,"dear user, hot singles in your area want to chat. text offer to 83311. 18+ only"
ham,Btw Your OTP for login is 483920. Do not share it with anyone Talk later.
ham,Hey! Can I borrow your notes? Will return tomorrow
ham,hi rahul! free for a quick call tomorrow? want to discuss the project talk later.
ham,"Ok so Your order is out for delivery, it will arrive in 10 mins Bye"
ham,reminder: your appointment is 9am. reply yes to confirm cheers priya
ham,Ok so Don't forget to buy milk on the way home Ping me.
ham,hey! your otp for login is 483920. do not share it with anyone ok?
ham,hi tom! can you call me when you reach cafe? need to ask something
ham,"I will be late, stuck in traffic near mall Talk later. pls"
spam,"Dear user, Claim your FREE Rs 50000 now!!! Limited time offer, click www.sbi-offers.com"
ham,Did you finish the assignment? Please send it by this weekend Bye
ham,Btw Can I borrow your notes? Will return after lunch Ping me.
ham,"Hi Priya! lol that was so funny, tell me more when we meet Let me know."
ham,"Hi, Your OTP for login is 483920. Do not share it with anyone See you."
ham,"Meeting moved to in 10 mins, please confirm Ping me."
ham,Hey! Happy birthday Sneha! Have a great day
ham,"Hello Tom, Free for a quick call after lunch? Want to discuss the project See you."
spam,"Claim your FREE a new laptop now!!! Limited time offer, click www.sbi-offers.com T&Cs apply."
ham,Quick one: Can I borrow your notes? Will return after lunch
ham,"Btw Your order is out for delivery, it will arrive tomorrow Talk later."
spam,"Dear user, Claim your FREE a free holiday now!!! Limited time offer, click www.sbi-offers.com T&Cs apply."
ham,"Morning. Meeting moved to 5pm, please confirm Talk later. pls"
ham,Ok so Can I borrow your notes? Will return tonight Ping me.
ham,"Ok so I will be late, stuck in traffic near college See you."
ham,"Hey Rahul, are you coming to the college this weekend? Cheers Priya"
ham,"Btw lol that was so funny, tell me more when we meet Cheers Tom"
spam,Important! You have been specially selected for $1000 cash. Reply WIN to 52026 to claim before midnight Valid 24hrs only.
ham,"Hi, Call me when you are free, nothing urgent ok?"
ham,"Hi, Free for a quick call tonight? Want to discuss the project Thanks!"
ham,"ok so meeting moved to 9am, please confirm"
ham,Btw Dinner at my place 9am? Mom is cooking Talk later.
ham,morning. can you call me when you reach cafe? need to ask something ping me.
spam,"dear user, your mobile number has won £7264 in the lottery. contact agent on 09089773244 to receive payment do not ignore!"
ham,Hey! Reminder: your appointment is in 10 mins. Reply YES to confirm
ham,Morning. Did you finish the assignment? Please send it by tonight Thanks!
ham,Quick one: Did you finish the assignment? Please send it by this weekend See you.
ham,"hi, hey amit, are you coming to the office tomorrow? cheers sneha"
spam,"Claim your FREE a new laptop now!!! Limited time offer, click www.sbi-offers.com Msg ID 35435"
ham,hey! ok see you after lunch at the office
ham,"Hi Sara! I will be late, stuck in traffic near college Bye"
ham,hey! can i borrow your notes? will return in 10 mins let me know.
ham,"lol that was so funny, tell me more when we meet Bye"
spam,important! congratulations! you won $1000 cash. click http://claim-paypal.com/win to collect your prize
ham,Btw Ok see you 5pm at the airport Ping me.
spam,"Dear user, Final notice: pay outstanding bill of $7866 today to avoid legal action. Visit http://pay-apple.biz Ref 56402"
ham,Hey! Your OTP for login is 483920. Do not share it with anyone
ham,"ok so call me when you are free, nothing urgent ping me."
ham,"lol that was so funny, tell me more when we meet Let me know. :)"
ham,"Thanks for the help yesterday Sneha, really appreciate it Bye"
ham,Quick one: Can you call me when you reach home? Need to ask something
ham,"hello sneha, dinner at my place after lunch? mom is cooking ping me. :)"
ham,Can I borrow your notes? Will return after lunch Talk later.
spam,"Claim your FREE iPhone 15 now!!! Limited time offer, click www.sbi-offers.com Reply STOP to opt out."
ham,"Hi, Call me when you are free, nothing urgent"
ham,"hi, don't forget to buy milk on the way home see you."
ham,"Btw Hey Neha, are you coming to the office 9am? Let me know."
spam,"hi ali, your parcel could not be delivered. pay small fee to reschedule: http://hdfc-track.info valid 24hrs only."
spam,Get a loan of Rs 7687 approved instantly. No documents needed! Call 09923367726
spam,"FREE MSG: Hi, I saw your profile. Invest in crypto and double your money in 7 days. Message me Reply STOP to opt out."
spam,"Hello Maria, Happy birthday Priya! Have a great day Talk later."
ham,Ok so Don't forget to buy milk on the way home Talk later.
ham,Hi Neha! Dinner at my place tonight? Mom is cooking Ping me.
ham,"Hi, Happy birthday Ali! Have a great day Cheers Neha pls"
ham,"Ok so Meeting moved to 9am, please confirm ok?"
ham,hi sara! congrats neha on the new job! let's celebrate tonight talk later.
ham,"Quick one: Hey Rahul, are you coming to the gym tonight? Thanks!"
ham,"hello sara, thanks for the help yesterday maria, really appreciate it let me know."
ham,Quick one: Don't forget to buy milk on the way home
ham,Your OTP for login is 483920. Do not share it with anyone ok?
ham,Did you finish the assignment? Please send it by 5pm Talk later.
ham,"Hi, Can you call me when you reach home? Need to ask something"
ham,"Hi Amit! Hey Priya, are you coming to the airport this weekend?"
spam,"attention: earn $500 daily working from home. no experience needed. join now www.easy-cash.com hurry, offer ends soon!"
ham,"Hi, Can I borrow your notes? Will return in 10 mins"
ham,"Hi, Dinner at my place tomorrow? Mom is cooking Bye"
ham,Ok so Don't forget to buy milk on the way home Ping me.
ham,"Hello Sara, Don't forget to buy milk on the way home"
ham,"Hello Rahul, Dinner at my place in 10 mins? Mom is cooking"
spam,ALERT: Your mobile number has won £7196 in the lottery. Contact agent on 07650339765 to receive payment Msg ID 15056
ham,dinner at my place tomorrow? mom is cooking
ham,"Ok so Your order is out for delivery, it will arrive 5pm Let me know."
ham,Don't forget to buy milk on the way home ok? thanks
ham,"Hi, Hey Priya, are you coming to the home tomorrow? Bye :)"
ham,"Hello John, Happy birthday Maria! Have a great day"
ham,"Hello Neha, Did you finish the assignment? Please send it by tonight"
spam,Important! Your parcel could not be delivered. Pay small fee to reschedule: http://paytm-track.info Msg ID 5092
ham,Can I borrow your notes? Will return tonight See you.
ham,"Hey! lol that was so funny, tell me more when we meet Bye"
ham,"Hey! Thanks for the help yesterday Neha, really appreciate it ok?"
ham,"Hey! Call me when you are free, nothing urgent"
ham,"Btw lol that was so funny, tell me more when we meet"
ham,"Hello Amit, Can you call me when you reach airport? Need to ask something Bye"
ham,"Btw I will be late, stuck in traffic near mall Thanks!"
spam,"Hi Priya, Claim your FREE a free holiday now!!! Limited time offer, click www.paypal-offers.com"
ham,Hey! Ok see you tomorrow at the mall thanks
ham,hi priya! can i borrow your notes? will return after lunch ping me. pls
spam,ALERT: Hot singles in your area want to chat. Text OFFER to 50257. 18+ only
ham,btw your otp for login is 483920. do not share it with anyone ping me.
ham,quick one: dinner at my place in 10 mins? mom is cooking let me know.
ham,Free for a quick call this weekend? Want to discuss the project Cheers Tom
ham,"Meeting moved to this weekend, please confirm Talk later."
ham,Hi Ali! Don't forget to buy milk on the way home
ham,your otp for login is 483920. do not share it with anyone let me know. pls
ham,"Morning. I will be late, stuck in traffic near office"
ham,"Hello Sneha, Reminder: your appointment is 5pm. Reply YES to confirm Talk later."
spam,"Hi Sneha, Final notice: pay outstanding bill of $3159 today to avoid legal action. Visit http://pay-paytm.biz Hurry, offer ends soon!"
ham,quick one: reminder: your appointment is 5pm. reply yes to confirm talk later.
ham,"Hi Ali! Your order is out for delivery, it will arrive tonight Thanks!"
ham,"Hello Sara, Don't forget to buy milk on the way home ok?"
ham,Ok so Ok see you 9am at the office ok?
ham,"Hi Tom! Call me when you are free, nothing urgent Let me know."
ham,Ok so Your OTP for login is 483920. Do not share it with anyone Cheers Sneha pls
ham,quick one: did you finish the assignment? please send it by tomorrow see you.
ham,hi sara! dinner at my place 5pm? mom is cooking ping me.
ham,"hello amit, ok see you in 10 mins at the gym let me know."
ham,Ok see you in 10 mins at the cafe Cheers John
ham,ok so your otp for login is 483920. do not share it with anyone let me know.
ham,"Hi, Call me when you are free, nothing urgent Thanks!"
ham,Btw Happy birthday Amit! Have a great day Talk later.
spam,Important! Get a loan of Rs 7399 approved instantly. No documents needed! Call 08841983488 T&Cs apply.
ham,"Quick one: Thanks for the help yesterday Rahul, really appreciate it ok?"
spam,Final notice: pay outstanding bill of $6798 today to avoid legal action. Visit http://pay-fedex.biz
ham,Hi Amit! Congrats Rahul on the new job! Let's celebrate this weekend Thanks!
ham,"hi, your otp for login is 483920. do not share it with anyone let me know. pls"
ham,Hey! Happy birthday Amit! Have a great day
ham,Congrats Neha on the new job! Let's celebrate after lunch Cheers Ali :)
ham,btw dinner at my place after lunch? mom is cooking talk later.
ham,"Btw Your order is out for delivery, it will arrive this weekend Cheers Ali"
ham,Ok so Ok see you tonight at the airport Bye
ham,"your order is out for delivery, it will arrive 5pm cheers neha"
ham,Btw Can you call me when you reach office? Need to ask something Cheers Ali
ham,"Meeting moved to tomorrow, please confirm ok?"
ham,hi ali! congrats tom on the new job! let's celebrate tonight see you.
ham,"Hello Tom, Hey Rahul, are you coming to the mall in 10 mins? Cheers Ali :)"
ham,Free for a quick call tonight? Want to discuss the project
ham,free for a quick call 9am? want to discuss the project
ham,"Btw Hey Tom, are you coming to the airport after lunch? See you."
ham,quick one: don't forget to buy milk on the way home talk later.
ham,"Hello Ali, Can you call me when you reach station? Need to ask something"
ham,Ok so Reminder: your appointment is after lunch. Reply YES to confirm Thanks!
ham,"Ok so Thanks for the help yesterday Sneha, really appreciate it Let me know."
ham,Hi Priya! Did you finish the assignment? Please send it by this weekend Ping me.
ham,Morning. Happy birthday Tom! Have a great day
ham,"Quick one: lol that was so funny, tell me more when we meet See you."
ham,"hey! i will be late, stuck in traffic near airport thanks! :)"
ham,"Ok so Hey Ali, are you coming to the station 5pm? ok?"
