applicant_id,age,annual_income,monthly_income,other_annual_income,employment_status,employment_sector,years_employed,education_level,credit_score,credit_history_length_years,num_credit_accounts,credit_inquiries_6m,num_previous_loans,previous_loans_closed,previous_loan_defaults,last_loan_type,last_loan_amount,num_previous_applications,previous_apps_approved,previous_apps_rejected,months_since_last_application,on_time_payment_pct,late_payments_30d,late_payments_60d,late_payments_90d,missed_payments_last_12m,has_credit_card,num_credit_cards,credit_card_limit,credit_card_balance,credit_utilization_pct,avg_monthly_card_spend,min_payment_only_flag,cash_advances_12m,total_existing_debt,existing_monthly_emi,debt_to_income_pct,loan_purpose,loan_amount_requested,loan_term_months,interest_rate_pct,estimated_monthly_emi,emi_to_income_pct,total_dti_after_loan_pct,secured_loan,down_payment_pct,has_co_applicant,savings_balance,total_assets_value,home_ownership,num_dependents,marital_status,city_tier,loan_approved,defaulted_after_approval
APP100000,41,638000.0,53167.0,0.0,Retired,None,0.0,Post-Graduate,685,8.7,8,0,1,1,0,Personal,980000.0,2,2,0,24,100.0,0,0,0,0,1,2,350000.0,171150.0,48.9,10200.0,0,0,451150.0,6600.0,28.5,Personal,320000.0,36,13.47,10855.0,20.4,48.9,0,0.0,0,303000.0,380000.0,Rent,1,Single,Tier-2,1,0
APP100001,27,172000.0,14333.0,0.0,Contract,IT,2.1,Graduate,669,2.9,2,1,2,1,0,Gold,170000.0,2,1,1,1,96.1,0,0,0,0,0,0,0.0,0.0,0.0,0.0,0,0,106000.0,4400.0,30.7,Home,740000.0,240,9.76,7024.0,49.0,79.7,1,10.0,0,72000.0,270000.0,Family,5,Single,Tier-2,0,-1
APP100002,46,208000.0,17333.0,0.0,Business Owner,Manufacturing,5.5,High School,709,3.7,2,1,0,0,0,None,0.0,0,0,0,-1,100.0,0,0,0,0,0,0,0.0,0.0,0.0,0.0,0,0,102000.0,1600.0,9.2,Personal,190000.0,36,13.28,6428.0,37.1,46.3,0,0.0,0,42000.0,120000.0,Family,2,Married,Tier-3,1,1
APP100003,48,60000.0,5000.0,0.0,Unemployed,None,0.0,Graduate,527,1.5,4,1,1,1,0,Home,20000.0,3,1,2,18,98.4,1,0,0,0,0,0,0.0,0.0,0.0,0.0,0,0,109000.0,1600.0,32.0,Auto,70000.0,48,12.49,1860.0,37.2,69.2,1,29.8,0,44000.0,300000.0,Rent,1,Divorced,Tier-2,0,-1
APP100004,21,60000.0,5000.0,0.0,Unemployed,None,0.0,High School,571,1.0,5,0,1,1,0,Home,160000.0,2,2,0,52,93.7,1,0,0,0,0,0,0.0,0.0,0.0,0.0,0,0,50000.0,1000.0,20.0,Personal,40000.0,60,15.57,964.0,19.3,39.3,0,0.0,0,21000.0,130000.0,Own,2,Married,Tier-1,0,-1
APP100005,24,956000.0,79667.0,0.0,Salaried,Other,3.0,Post-Graduate,727,4.0,7,0,5,5,0,Education,2260000.0,5,4,1,32,100.0,0,0,0,1,0,0,0.0,0.0,0.0,0.0,0,0,36000.0,700.0,0.9,Auto,900000.0,48,9.71,22701.0,28.5,29.4,1,18.4,0,1120000.0,160000.0,Rent,1,Married,Tier-2,1,0
APP100006,39,706000.0,58833.0,0.0,Self-Employed,IT,8.2,Graduate,593,3.8,5,1,2,0,0,Education,770000.0,3,2,1,22,97.9,1,1,0,2,1,1,125000.0,43500.0,34.8,800.0,0,2,1922500.0,27300.0,50.1,Auto,1020000.0,60,11.09,22223.0,37.8,87.9,1,12.0,0,357000.0,1190000.0,Family,1,Married,Tier-1,0,-1
APP100007,35,463000.0,38583.0,0.0,Self-Employed,Other,2.3,Graduate,596,2.1,4,1,4,3,0,Auto,1260000.0,4,4,0,46,99.4,0,0,0,0,1,4,275000.0,176000.0,64.0,7100.0,1,0,685000.0,8200.0,44.1,Business,660000.0,60,14.4,15494.0,40.2,84.2,0,0.0,1,24000.0,750000.0,Rent,0,Married,Tier-2,0,-1
APP100008,38,405000.0,33750.0,0.0,Salaried,IT,1.7,High School,684,10.6,6,2,3,2,1,Auto,1090000.0,4,3,1,40,100.0,0,0,0,1,1,2,110000.0,31020.0,28.2,3500.0,0,0,232020.0,5000.0,19.4,Auto,370000.0,48,10.0,9384.0,27.8,47.2,1,10.1,1,31000.0,820000.0,Family,0,Married,Tier-2,1,0
APP100009,29,545000.0,45417.0,0.0,Salaried,Construction,2.9,Graduate,742,9.0,5,0,4,3,0,Home,1530000.0,5,5,0,8,100.0,0,0,0,1,1,1,125000.0,46625.0,37.3,3400.0,0,1,621625.0,11800.0,31.1,Education,370000.0,84,10.68,6273.0,13.8,44.9,0,0.0,0,639000.0,4420000.0,Family,1,Married,Tier-1,1,0
APP100010,48,1374000.0,114500.0,164000.0,Salaried,Construction,5.3,Graduate,722,2.3,5,1,1,1,1,Personal,3400000.0,2,2,0,44,99.3,1,0,0,1,0,0,0.0,0.0,0.0,0.0,0,0,491000.0,25600.0,22.4,Education,1260000.0,84,9.6,20658.0,18.0,40.4,0,0.0,0,696000.0,910000.0,Rent,1,Married,Tier-1,1,0
APP100011,47,619000.0,51583.0,0.0,Self-Employed,Healthcare,14.8,Graduate,749,9.6,3,0,2,1,0,Education,530000.0,3,2,1,46,100.0,0,0,0,0,0,0,0.0,0.0,0.0,0.0,0,0,213000.0,6700.0,13.0,Auto,730000.0,60,9.22,15232.0,29.5,42.5,1,17.8,0,194000.0,1230000.0,Own,1,Married,Tier-3,1,0
APP100012,39,292000.0,24333.0,0.0,Contract,Healthcare,16.6,Graduate,564,7.1,9,1,1,1,0,Education,510000.0,2,2,0,20,90.2,1,1,0,1,1,4,135000.0,80595.0,59.7,4400.0,0,1,204595.0,5200.0,37.9,Home,2530000.0,300,11.64,25976.0,106.8,144.7,1,11.4,0,564000.0,30000.0,Rent,1,Married,Tier-3,0,-1
APP100013,50,400000.0,33333.0,0.0,Contract,Education,3.6,Graduate,745,5.4,6,0,3,1,0,Education,1030000.0,4,3,1,24,100.0,0,0,0,2,0,0,0.0,0.0,0.0,0.0,0,0,171000.0,5400.0,16.2,Auto,310000.0,36,9.24,9893.0,29.7,45.9,1,20.9,0,17000.0,2000000.0,Own,0,Married,Tier-3,1,0
APP100014,43,100000.0,8333.0,0.0,Salaried,Government,3.5,Graduate,677,13.9,7,1,3,2,0,Auto,50000.0,3,2,1,39,100.0,0,0,0,2,0,0,0.0,0.0,0.0,0.0,0,0,82000.0,1700.0,20.4,Personal,90000.0,36,13.76,3066.0,36.8,57.2,0,0.0,0,13000.0,30000.0,Rent,0,Married,Tier-1,1,0
APP100015,29,440000.0,36667.0,0.0,Salaried,Banking/Finance,8.0,Graduate,652,6.0,6,1,5,4,0,Personal,890000.0,5,4,1,13,92.9,3,0,0,1,1,1,235000.0,55460.0,23.6,5700.0,1,0,523460.0,13800.0,45.2,Home,3240000.0,180,10.27,35354.0,96.4,141.6,1,29.1,0,164000.0,250000.0,Rent,2,Married,Tier-2,0,-1
APP100016,42,830000.0,69167.0,0.0,Salaried,Healthcare,9.1,Graduate,662,2.5,6,3,1,1,0,Auto,2300000.0,2,1,1,37,100.0,0,0,0,0,1,3,295000.0,90565.0,30.7,1900.0,0,0,1672565.0,37300.0,60.5,Personal,690000.0,60,13.04,15714.0,22.7,83.2,1,0.0,0,192000.0,1120000.0,Rent,2,Married,Tier-1,0,-1
APP100017,27,836000.0,69667.0,0.0,Self-Employed,Government,6.0,Post-Graduate,544,3.5,1,2,0,0,0,None,0.0,2,2,0,26,80.6,2,2,0,0,1,1,490000.0,125930.0,25.7,3600.0,0,1,1158930.0,17900.0,34.7,Debt Consolidation,300000.0,60,16.27,7339.0,10.5,45.3,0,0.0,0,587000.0,1800000.0,Own,2,Single,Tier-1,0,-1
APP100018,48,88000.0,7333.0,0.0,Unemployed,None,0.0,Post-Graduate,565,1.0,2,2,2,1,0,Gold,140000.0,2,0,2,40,100.0,0,0,0,1,0,0,0.0,0.0,0.0,0.0,0,0,114000.0,2200.0,30.0,Business,290000.0,84,14.77,5559.0,75.8,105.8,0,0.0,1,161000.0,40000.0,Own,1,Married,Tier-2,0,-1
APP100019,37,107000.0,8917.0,0.0,Unemployed,None,0.0,Post-Graduate,633,7.0,5,1,3,3,0,Auto,250000.0,3,3,0,35,100.0,0,0,0,0,0,0,0.0,0.0,0.0,0.0,0,0,35000.0,1100.0,12.3,Auto,90000.0,60,10.79,1947.0,21.8,34.2,1,13.7,1,67000.0,770000.0,Rent,1,Married,Tier-1,1,0
APP100020,36,110000.0,9167.0,0.0,Unemployed,None,0.0,Graduate,620,13.8,12,3,2,1,0,Personal,200000.0,2,1,1,57,100.0,0,0,0,1,0,0,0.0,0.0,0.0,0.0,0,0,137000.0,3200.0,34.9,Home,500000.0,120,10.19,6660.0,72.7,107.6,1,25.9,0,6000.0,120000.0,Family,0,Married,Tier-3,0,-1
APP100021,31,628000.0,52333.0,119000.0,Contract,Construction,8.3,High School,721,6.1,4,2,3,2,0,Personal,800000.0,4,2,2,43,100.0,0,0,0,0,0,0,0.0,0.0,0.0,0.0,0,0,261000.0,13200.0,25.2,Auto,560000.0,84,9.66,9199.0,17.6,42.8,1,23.6,0,852000.0,2800000.0,Own,0,Single,Tier-3,1,0
APP100022,51,256000.0,21333.0,0.0,Retired,None,0.0,Post-Graduate,584,5.4,4,3,2,2,0,Personal,220000.0,2,2,0,59,94.1,2,0,0,1,1,4,55000.0,33990.0,61.8,1700.0,0,1,249990.0,3700.0,25.3,Personal,220000.0,24,15.8,10751.0,50.4,75.7,0,0.0,0,74000.0,130000.0,Own,2,Divorced,Tier-3,0,-1
APP100023,36,511000.0,42583.0,93000.0,Salaried,Healthcare,0.8,Doctorate,681,8.5,10,4,2,1,0,Personal,530000.0,2,1,1,28,99.9,0,0,0,1,1,2,200000.0,75800.0,37.9,4600.0,0,1,1055800.0,17400.0,49.8,Personal,310000.0,12,13.17,27713.0,65.1,114.8,0,0.0,0,84000.0,15410000.0,Rent,0,Single,Tier-2,0,-1
APP100024,33,86000.0,7167.0,0.0,Salaried,Government,1.4,High School,601,7.6,5,5,1,1,0,Auto,210000.0,1,1,0,16,99.3,0,1,0,0,0,0,0.0,0.0,0.0,0.0,0,0,97000.0,2200.0,30.7,Auto,90000.0,60,11.7,1988.0,27.7,58.4,1,29.1,0,5000.0,110000.0,Rent,4,Married,Tier-2,0,-1
APP100025,34,768000.0,64000.0,0.0,Salaried,Banking/Finance,8.0,Graduate,500,10.8,9,1,3,3,1,Education,1960000.0,4,4,0,43,71.5,0,1,2,0,1,2,145000.0,50605.0,34.9,800.0,0,1,346605.0,7300.0,15.4,Debt Consolidation,540000.0,36,17.22,19312.0,30.2,45.5,0,0.0,0,238000.0,990000.0,Rent,0,Single,Tier-2,0,-1
APP100026,44,571000.0,47583.0,53000.0,Salaried,Banking/Finance,5.0,Graduate,711,4.6,2,2,2,0,0,Education,930000.0,4,1,3,50,100.0,0,0,0,1,0,0,0.0,0.0,0.0,0.0,0,0,48000.0,800.0,1.7,Auto,650000.0,60,9.21,13559.0,28.5,30.2,1,10.2,0,39000.0,1140000.0,Own,1,Single,Tier-1,1,0
APP100027,42,366000.0,30500.0,0.0,Salaried,IT,8.1,High School,676,6.5,3,4,2,2,1,Personal,380000.0,3,3,0,41,98.3,0,0,0,2,0,0,0.0,0.0,0.0,0.0,0,0,224000.0,3300.0,10.8,Home,3260000.0,120,8.61,40611.0,133.2,144.0,1,10.1,0,54000.0,410000.0,Family,0,Married,Tier-1,0,-1
APP100028,43,425000.0,35417.0,0.0,Salaried,Retail,2.2,Doctorate,597,4.4,4,1,2,1,0,Business,600000.0,3,3,0,22,86.1,3,0,0,2,1,5,215000.0,38915.0,18.1,6700.0,0,0,362915.0,12300.0,40.2,Personal,270000.0,36,15.81,9467.0,26.7,67.0,0,0.0,0,35000.0,1420000.0,Own,1,Single,Tier-1,0,-1
APP100029,43,340000.0,28333.0,0.0,Retired,None,0.0,Post-Graduate,639,1.5,3,1,2,1,1,Auto,530000.0,2,1,1,53,100.0,1,0,0,0,0,0,0.0,0.0,0.0,0.0,0,0,115000.0,2400.0,8.5,Personal,160000.0,24,14.7,7735.0,27.3,35.8,0,0.0,0,73000.0,560000.0,Rent,0,Single,Tier-1,1,0
APP100030,62,209000.0,17417.0,0.0,Retired,None,0.0,Doctorate,545,1.8,4,2,1,1,1,Business,140000.0,3,3,0,54,89.5,1,0,1,0,0,0,0.0,0.0,0.0,0.0,0,0,73000.0,1800.0,10.3,Home,1780000.0,240,11.6,19105.0,109.7,120.0,1,21.3,0,45000.0,190000.0,Own,1,Single,Tier-3,0,-1
APP100031,34,118000.0,9833.0,17000.0,Retired,None,0.0,High School,640,2.7,4,1,5,4,0,Personal,90000.0,6,5,1,28,100.0,0,0,0,0,0,0,0.0,0.0,0.0,0.0,0,0,67000.0,3600.0,36.6,Home,1120000.0,300,9.71,9949.0,101.2,137.8,1,24.9,0,12000.0,140000.0,Family,2,Single,Tier-2,0,-1
APP100032,32,349000.0,29083.0,42000.0,Contract,Healthcare,3.8,Graduate,737,1.4,6,1,1,1,0,Auto,260000.0,2,2,0,48,98.5,0,0,0,0,0,0,0.0,0.0,0.0,0.0,0,0,296000.0,8200.0,28.2,Personal,70000.0,60,12.96,1591.0,5.5,33.7,0,0.0,0,82000.0,230000.0,Family,1,Single,Tier-2,1,0
APP100033,29,739000.0,61583.0,0.0,Self-Employed,Banking/Finance,3.2,Post-Graduate,672,5.3,1,2,2,1,0,Education,860000.0,6,6,0,38,99.5,1,0,0,0,1,1,165000.0,55935.0,33.9,4000.0,0,3,438935.0,6300.0,14.8,Education,1050000.0,84,11.03,17995.0,29.2,44.0,0,0.0,0,351000.0,750000.0,Family,1,Married,Tier-1,1,0
APP100034,45,240000.0,20000.0,41000.0,Self-Employed,Construction,1.6,Graduate,577,8.9,4,0,2,2,1,Home,90000.0,2,2,0,18,100.0,0,0,0,2,1,3,120000.0,68760.0,57.3,2800.0,0,0,428760.0,5200.0,43.2,Auto,190000.0,36,11.81,6293.0,31.5,74.7,1,15.5,0,63000.0,30000.0,Own,1,Single,Tier-1,0,-1
APP100035,50,581000.0,48417.0,0.0,Salaried,Banking/Finance,4.4,Graduate,720,3.0,5,0,2,2,0,Gold,1210000.0,2,2,0,24,100.0,1,0,0,1,0,0,0.0,0.0,0.0,0.0,0,0,263000.0,10500.0,21.7,Education,1150000.0,84,10.88,19618.0,40.5,62.2,0,0.0,0,1542000.0,180000.0,Own,0,Single,Tier-2,1,0
APP100036,37,346000.0,28833.0,0.0,Self-Employed,Healthcare,11.1,Graduate,537,0.8,5,3,3,2,0,Gold,930000.0,3,1,2,51,80.3,0,0,2,1,0,0,0.0,0.0,0.0,0.0,0,0,187000.0,7300.0,25.3,Debt Consolidation,170000.0,60,16.75,4202.0,14.6,39.9,0,0.0,0,66000.0,480000.0,Family,1,Single,Tier-1,0,-1
APP100037,29,231000.0,19250.0,0.0,Salaried,Healthcare,8.0,High School,628,2.4,4,2,1,1,0,Personal,410000.0,2,2,0,37,97.2,1,0,0,0,0,0,0.0,0.0,0.0,0.0,0,0,9000.0,200.0,1.0,Auto,280000.0,36,10.5,9101.0,47.3,48.3,1,17.4,0,60000.0,290000.0,Rent,0,Married,Tier-1,1,0
APP100038,29,261000.0,21750.0,0.0,Retired,None,0.0,Graduate,592,3.8,5,1,2,1,0,Personal,430000.0,2,1,1,18,99.3,0,1,0,1,1,2,85000.0,49640.0,58.4,900.0,1,2,153640.0,3800.0,28.9,Education,280000.0,60,11.96,6223.0,28.6,57.5,1,0.0,0,217000.0,1390000.0,Own,2,Married,Tier-1,1,0
APP100039,45,313000.0,26083.0,0.0,Salaried,Other,5.3,Post-Graduate,602,8.5,4,1,1,0,0,Gold,730000.0,1,1,0,36,85.9,2,1,0,0,1,4,190000.0,83410.0,43.9,6200.0,0,0,464410.0,5800.0,38.2,Personal,170000.0,36,14.61,5861.0,22.5,60.7,0,0.0,0,41000.0,1010000.0,Rent,0,Married,Tier-1,1,1
APP100040,46,598000.0,49833.0,0.0,Salaried,Banking/Finance,15.0,High School,675,4.9,6,2,0,0,0,None,0.0,0,0,0,-1,97.6,0,0,0,0,1,4,355000.0,138450.0,39.0,11200.0,0,1,255450.0,4500.0,22.9,Home,5680000.0,240,9.04,51251.0,102.8,125.8,1,23.1,0,317000.0,1180000.0,Family,2,Married,Tier-1,0,-1
APP100041,44,593000.0,49417.0,0.0,Business Owner,Retail,16.3,High School,672,4.9,3,1,4,3,0,Business,970000.0,7,5,2,10,99.2,0,0,0,0,1,1,245000.0,129115.0,52.7,3500.0,1,2,679115.0,8400.0,30.1,Debt Consolidation,230000.0,60,14.96,5467.0,11.1,41.1,0,0.0,0,68000.0,390000.0,Family,0,Single,Tier-2,1,1
APP100042,31,189000.0,15750.0,0.0,Self-Employed,Education,4.2,Graduate,711,6.7,5,2,1,1,0,Education,200000.0,1,1,0,19,100.0,0,0,0,0,0,0,0.0,0.0,0.0,0.0,0,0,87000.0,3900.0,24.8,Personal,40000.0,36,12.87,1345.0,8.5,33.3,0,0.0,0,30000.0,460000.0,Own,0,Divorced,Tier-1,1,0
APP100043,41,998000.0,83167.0,0.0,Salaried,Healthcare,11.8,Graduate,558,9.5,7,1,6,4,1,Gold,430000.0,6,5,1,27,97.2,3,0,0,1,1,4,365000.0,353320.0,96.8,6900.0,1,2,535320.0,7000.0,29.7,Auto,1290000.0,48,11.9,33907.0,40.8,70.4,1,11.2,0,381000.0,810000.0,Rent,2,Divorced,Tier-2,0,-1
APP100044,39,605000.0,50417.0,0.0,Self-Employed,Retail,10.5,Graduate,619,13.4,2,3,8,7,1,Personal,1560000.0,9,7,2,7,99.0,1,0,0,1,1,2,165000.0,77550.0,47.0,1400.0,0,1,484550.0,7400.0,22.4,Home,3050000.0,120,10.36,40916.0,81.2,103.5,1,12.1,0,89000.0,690000.0,Own,4,Married,Tier-1,0,-1
APP100045,40,428000.0,35667.0,0.0,Salaried,Banking/Finance,9.9,High School,678,3.0,5,0,1,1,0,Gold,790000.0,1,1,0,52,89.4,0,0,1,0,1,3,215000.0,9030.0,4.2,2800.0,0,0,70030.0,1100.0,4.3,Personal,160000.0,24,13.19,7621.0,21.4,25.7,0,0.0,0,82000.0,70000.0,Own,1,Married,Tier-2,1,0
APP100046,48,975000.0,81250.0,0.0,Self-Employed,Retail,1.2,Post-Graduate,521,4.6,1,4,0,0,0,None,0.0,1,1,0,5,86.0,1,0,1,0,1,2,365000.0,245280.0,67.2,8700.0,1,1,926280.0,10100.0,27.5,Personal,610000.0,60,15.98,14828.0,18.2,45.8,0,0.0,0,47000.0,1470000.0,Family,0,Married,Tier-3,0,-1
APP100047,40,961000.0,80083.0,0.0,Salaried,IT,3.5,Graduate,674,3.0,3,1,2,2,0,Home,1500000.0,3,3,0,15,99.7,1,0,0,1,1,3,385000.0,89705.0,23.3,6300.0,0,1,2431705.0,37600.0,52.6,Home,9120000.0,300,9.67,80762.0,100.8,153.4,1,13.8,1,1250000.0,1140000.0,Rent,0,Married,Tier-1,0,-1
APP100048,45,480000.0,40000.0,0.0,Salaried,Manufacturing,4.9,Graduate,767,6.5,4,1,5,1,0,Education,1210000.0,6,4,2,28,96.8,0,0,0,0,1,6,80000.0,17280.0,21.6,1900.0,0,0,596280.0,8800.0,24.2,Home,4450000.0,240,8.02,37277.0,93.2,117.4,1,12.0,1,266000.0,900000.0,Rent,0,Married,Tier-2,1,1
APP100049,39,603000.0,50250.0,0.0,Salaried,Manufacturing,4.8,Graduate,696,0.8,5,2,0,0,0,None,0.0,0,0,0,-1,92.9,1,0,0,0,0,0,0.0,0.0,0.0,0.0,0,0,150000.0,5600.0,11.1,Personal,490000.0,36,13.02,16515.0,32.9,44.0,0,0.0,0,248000.0,750000.0,Own,2,Married,Tier-1,1,0
APP100050,41,530000.0,44167.0,74000.0,Salaried,Manufacturing,5.3,Graduate,722,15.9,4,1,3,2,0,Home,760000.0,4,4,0,54,100.0,0,0,0,0,1,2,130000.0,30810.0,23.7,1600.0,0,1,1622810.0,30900.0,73.4,Personal,240000.0,60,13.13,5477.0,12.4,85.9,0,0.0,0,91000.0,120000.0,Own,0,Married,Tier-1,1,0
APP100051,45,418000.0,34833.0,0.0,Salaried,IT,17.4,Graduate,799,7.0,7,0,2,1,0,Business,300000.0,2,1,1,28,100.0,0,0,0,0,0,0,0.0,0.0,0.0,0.0,0,0,151000.0,5700.0,16.4,Business,1340000.0,60,11.12,29215.0,83.9,100.2,0,0.0,0,23000.0,1270000.0,Rent,1,Divorced,Tier-3,0,-1
APP100052,22,170000.0,14167.0,0.0,Salaried,Other,1.0,Graduate,607,2.0,2,0,2,2,0,Home,380000.0,2,1,1,51,100.0,1,0,0,0,1,2,60000.0,7200.0,12.0,1600.0,0,2,159200.0,4800.0,36.4,Home,1700000.0,240,10.66,17156.0,121.1,157.5,1,27.4,0,71000.0,250000.0,Rent,1,Single,Tier-2,0,-1
APP100053,34,499000.0,41583.0,0.0,Salaried,IT,7.2,Graduate,589,2.5,3,2,2,2,0,Personal,1060000.0,3,3,0,48,87.5,1,2,0,0,0,0,0.0,0.0,0.0,0.0,0,0,487000.0,7800.0,18.8,Personal,380000.0,24,14.9,18407.0,44.3,63.0,0,0.0,0,205000.0,2360000.0,Family,1,Married,Tier-1,0,-1
APP100054,33,944000.0,78667.0,0.0,Salaried,Banking/Finance,7.0,Graduate,767,3.4,3,2,4,3,0,Education,2480000.0,4,2,2,31,100.0,0,0,0,1,0,0,0.0,0.0,0.0,0.0,0,0,362000.0,15200.0,19.3,Debt Consolidation,630000.0,60,12.6,14206.0,18.1,37.4,0,0.0,0,49000.0,140000.0,Rent,1,Single,Tier-2,1,0
APP100055,31,655000.0,54583.0,0.0,Self-Employed,IT,5.3,Graduate,693,1.4,4,2,3,3,0,Business,300000.0,4,4,0,49,100.0,0,0,0,0,0,0,0.0,0.0,0.0,0.0,0,0,761000.0,24100.0,44.2,Home,5830000.0,240,8.85,51893.0,95.1,139.2,1,19.8,0,51000.0,690000.0,Rent,1,Married,Tier-2,0,-1
APP100056,35,230000.0,19167.0,0.0,Salaried,Other,2.2,Graduate,658,2.4,3,1,0,0,0,None,0.0,1,1,0,26,94.9,0,1,0,0,0,0,0.0,0.0,0.0,0.0,0,0,166000.0,2400.0,12.5,Debt Consolidation,190000.0,60,14.96,4516.0,23.6,36.1,0,0.0,0,64000.0,1040000.0,Family,2,Single,Tier-2,1,0
APP100057,54,1194000.0,99500.0,149000.0,Business Owner,Healthcare,5.8,Graduate,640,9.5,6,3,2,0,0,Auto,500000.0,3,3,0,27,98.3,1,0,0,1,1,3,475000.0,399950.0,84.2,2600.0,0,1,1372950.0,14400.0,34.6,Debt Consolidation,790000.0,36,14.96,27370.0,27.5,62.1,0,0.0,0,463000.0,390000.0,Rent,2,Single,Tier-1,1,0
APP100058,28,135000.0,11250.0,0.0,Retired,None,0.0,Graduate,583,1.0,2,1,2,1,1,Education,200000.0,3,2,1,35,99.4,1,0,0,0,0,0,0.0,0.0,0.0,0.0,0,0,178000.0,3500.0,31.1,Auto,130000.0,36,11.97,4316.0,38.4,69.5,1,22.8,0,35000.0,540000.0,Family,0,Single,Tier-3,0,-1
APP100059,49,141000.0,11750.0,0.0,Salaried,Government,7.7,Graduate,584,18.2,7,1,1,0,0,Education,230000.0,3,3,0,17,97.7,0,1,1,1,1,2,55000.0,5830.0,10.6,800.0,0,1,113830.0,4300.0,39.1,Home,1070000.0,120,11.15,14830.0,126.2,165.3,1,21.1,0,4000.0,690000.0,Rent,2,Single,Tier-1,0,-1
APP100060,21,105000.0,8750.0,0.0,Unemployed,None,0.0,Graduate,567,1.0,3,2,1,1,0,Home,120000.0,2,2,0,28,95.4,0,1,0,1,0,0,0.0,0.0,0.0,0.0,0,0,40000.0,2100.0,24.0,Auto,140000.0,60,12.07,3119.0,35.6,59.6,1,14.9,0,36000.0,240000.0,Rent,3,Married,Tier-1,0,-1
APP100061,34,330000.0,27500.0,0.0,Salaried,IT,7.2,Post-Graduate,649,6.1,3,3,1,0,0,Personal,260000.0,1,0,1,19,100.0,0,0,0,1,1,2,55000.0,14960.0,27.2,300.0,0,0,262960.0,6800.0,27.4,Business,860000.0,60,13.68,19868.0,72.2,99.7,0,0.0,0,85000.0,190000.0,Family,3,Single,Tier-2,0,-1
APP100062,40,839000.0,69917.0,0.0,Salaried,Banking/Finance,3.3,High School,631,2.2,5,2,3,2,0,Business,590000.0,4,3,1,40,100.0,1,0,0,1,1,2,225000.0,28800.0,12.8,7300.0,0,0,3198800.0,46100.0,68.0,Debt Consolidation,910000.0,36,15.22,31644.0,45.3,113.3,0,0.0,0,67000.0,440000.0,Family,1,Married,Tier-2,0,-1
APP100063,44,1462000.0,121833.0,0.0,Business Owner,Government,2.4,Post-Graduate,720,7.9,8,3,2,2,0,Gold,3730000.0,2,1,1,41,100.0,0,0,0,0,1,4,620000.0,138260.0,22.3,7500.0,0,2,635260.0,25400.0,26.5,Home,9590000.0,300,8.35,76254.0,62.6,89.1,1,25.7,0,435000.0,2230000.0,Rent,3,Single,Tier-1,1,0
APP100064,46,342000.0,28500.0,0.0,Contract,Other,9.2,Graduate,562,7.3,4,1,4,2,2,Business,680000.0,4,2,2,50,91.0,0,1,0,0,1,1,185000.0,24420.0,13.2,3100.0,1,1,223420.0,4000.0,18.3,Education,200000.0,84,12.87,3624.0,12.7,31.0,1,0.0,1,56000.0,1030000.0,Family,3,Divorced,Tier-2,0,-1
APP100065,47,348000.0,29000.0,0.0,Contract,Education,4.0,High School,532,2.9,3,2,2,1,1,Gold,260000.0,3,3,0,32,93.7,1,0,1,1,0,0,0.0,0.0,0.0,0.0,0,0,23000.0,500.0,1.7,Auto,430000.0,36,12.6,14406.0,49.7,51.4,1,13.0,1,15000.0,3600000.0,Rent,1,Married,Tier-1,0,-1
APP100066,34,1646000.0,137167.0,0.0,Salaried,Construction,5.6,Graduate,743,6.9,6,3,3,2,0,Home,3170000.0,3,2,1,57,100.0,0,0,0,0,0,0,0.0,0.0,0.0,0.0,0,0,1759000.0,52300.0,38.1,Auto,1020000.0,60,9.2,21273.0,15.5,53.6,1,26.2,0,497000.0,3990000.0,Own,2,Single,Tier-2,1,0
APP100067,33,600000.0,50000.0,0.0,Contract,Construction,1.2,Graduate,691,3.8,5,2,2,1,1,Home,350000.0,2,1,1,57,93.5,0,0,0,1,0,0,0.0,0.0,0.0,0.0,0,0,360000.0,7800.0,15.6,Education,1100000.0,84,10.19,18369.0,36.7,52.3,0,0.0,1,409000.0,360000.0,Own,1,Married,Tier-3,1,0
APP100068,47,689000.0,57417.0,0.0,Salaried,Healthcare,13.8,Post-Graduate,665,0.7,2,0,1,1,0,Education,960000.0,4,2,2,49,94.8,0,1,0,0,1,3,295000.0,140420.0,47.6,9700.0,0,1,856420.0,14600.0,37.7,Personal,640000.0,24,13.69,30635.0,53.4,91.0,0,0.0,0,585000.0,3370000.0,Own,2,Divorced,Tier-2,0,-1
APP100069,36,2672000.0,222667.0,0.0,Salaried,Banking/Finance,6.0,Post-Graduate,747,1.5,2,4,0,0,0,None,0.0,1,1,0,53,96.3,1,0,0,0,0,0,0.0,0.0,0.0,0.0,0,0,1506000.0,24300.0,10.9,Personal,1330000.0,36,12.48,44481.0,20.0,30.9,0,0.0,1,1637000.0,21950000.0,Own,1,Married,Tier-2,1,0
APP100070,24,558000.0,46500.0,139000.0,Salaried,Banking/Finance,3.0,Post-Graduate,698,4.0,6,1,2,1,0,Business,1600000.0,2,0,2,10,100.0,0,0,0,0,1,2,175000.0,90300.0,51.6,2000.0,1,1,391300.0,10300.0,31.9,Home,5550000.0,240,8.92,49650.0,106.8,138.6,1,27.9,0,125000.0,1170000.0,Rent,1,Single,Tier-2,0,-1
APP100071,26,221000.0,18417.0,12000.0,Retired,None,0.0,Graduate,572,3.3,7,3,5,3,0,Personal,380000.0,8,6,2,28,94.9,2,0,0,0,1,3,115000.0,53130.0,46.2,3400.0,1,0,155130.0,1800.0,24.2,Debt Consolidation,90000.0,36,14.78,3110.0,16.9,41.1,1,0.0,0,35000.0,570000.0,Own,1,Single,Tier-2,1,0
APP100072,28,300000.0,25000.0,0.0,Salaried,Government,0.3,Post-Graduate,656,2.6,2,2,1,1,0,Home,260000.0,2,2,0,12,100.0,0,0,0,0,1,4,105000.0,18480.0,17.6,800.0,0,1,658480.0,12100.0,52.1,Personal,110000.0,36,14.53,3788.0,15.2,67.2,0,0.0,0,29000.0,1030000.0,Own,3,Married,Tier-2,1,1
APP100073,43,165000.0,13750.0,0.0,Contract,Construction,14.7,Graduate,544,5.3,5,0,2,2,0,Personal,130000.0,2,2,0,3,89.8,0,1,1,0,1,4,65000.0,10660.0,16.4,1100.0,1,0,138660.0,4900.0,39.5,Auto,120000.0,48,12.59,3195.0,23.2,62.7,1,26.4,0,6000.0,10000.0,Own,1,Married,Tier-1,1,0
APP100074,40,499000.0,41583.0,0.0,Self-Employed,Retail,4.2,Post-Graduate,625,0.5,2,0,1,0,0,Auto,930000.0,1,0,1,9,100.0,1,0,0,0,1,3,300000.0,180300.0,60.1,5800.0,0,3,820300.0,12600.0,52.0,Personal,260000.0,12,14.53,23410.0,56.3,108.3,0,0.0,1,161000.0,830000.0,Rent,3,Single,Tier-2,0,-1
APP100075,46,557000.0,46417.0,0.0,Business Owner,Other,14.1,High School,660,4.8,5,1,1,1,0,Gold,840000.0,1,1,0,20,97.3,1,1,0,0,0,0,0.0,0.0,0.0,0.0,0,0,145000.0,5400.0,11.6,Personal,290000.0,36,13.58,9852.0,21.2,32.9,0,0.0,0,185000.0,600000.0,Rent,2,Single,Tier-2,1,0
APP100076,33,955000.0,79583.0,0.0,Business Owner,Other,4.1,Post-Graduate,696,5.5,7,1,2,2,0,Business,1830000.0,4,2,2,35,97.9,1,0,0,0,0,0,0.0,0.0,0.0,0.0,0,0,1170000.0,25700.0,32.3,Personal,590000.0,24,12.83,28003.0,35.2,67.5,0,0.0,0,188000.0,470000.0,Own,1,Married,Tier-1,1,1
APP100077,40,164000.0,13667.0,35000.0,Contract,Construction,3.4,Graduate,693,7.7,4,1,4,4,0,Personal,50000.0,4,3,1,33,95.7,0,0,0,0,0,0,0.0,0.0,0.0,0.0,0,0,65000.0,1700.0,12.4,Personal,70000.0,60,13.99,1628.0,11.9,24.4,0,0.0,0,143000.0,350000.0,Family,0,Married,Tier-1,1,0
APP100078,45,640000.0,53333.0,132000.0,Salaried,Construction,7.5,Graduate,606,1.8,0,2,1,0,0,Auto,320000.0,2,2,0,35,81.5,2,1,0,0,1,3,195000.0,82485.0,42.3,6500.0,0,0,82485.0,0.0,7.7,Education,400000.0,120,11.67,5663.0,10.6,18.4,0,0.0,0,480000.0,1280000.0,Rent,1,Married,Tier-2,1,0
APP100079,35,460000.0,38333.0,0.0,Salaried,Banking/Finance,14.0,Doctorate,723,2.9,6,2,1,1,0,Home,300000.0,1,1,0,38,100.0,0,0,0,0,0,0,0.0,0.0,0.0,0.0,0,0,227000.0,5900.0,15.4,Education,440000.0,84,10.21,7352.0,19.2,34.6,0,0.0,0,223000.0,970000.0,Family,1,Married,Tier-2,1,0
APP100080,43,724000.0,60333.0,76000.0,Self-Employed,Government,11.8,Graduate,656,5.4,3,2,3,2,0,Home,2000000.0,3,3,0,57,94.8,2,0,0,0,1,1,195000.0,35100.0,18.0,6200.0,0,0,370100.0,16900.0,30.9,Debt Consolidation,860000.0,24,14.69,41572.0,68.9,99.8,0,0.0,0,110000.0,1560000.0,Family,1,Divorced,Tier-1,0,-1
APP100081,31,937000.0,78083.0,134000.0,Salaried,Other,8.0,Post-Graduate,692,2.0,4,3,2,2,0,Business,2620000.0,3,3,0,50,100.0,0,0,0,2,0,0,0.0,0.0,0.0,0.0,0,0,866000.0,13800.0,17.7,Home,6410000.0,300,8.91,53398.0,68.4,86.1,1,16.2,1,1388000.0,2260000.0,Rent,0,Single,Tier-1,0,-1
APP100082,34,268000.0,22333.0,0.0,Salaried,Healthcare,7.4,High School,686,5.8,4,4,1,0,0,Education,630000.0,2,2,0,17,100.0,0,0,0,0,1,3,105000.0,5670.0,5.4,3300.0,0,1,466670.0,7800.0,36.2,Auto,170000.0,48,9.83,4298.0,19.2,55.4,1,24.6,0,269000.0,540000.0,Family,2,Single,Tier-2,0,-1
APP100083,34,256000.0,21333.0,0.0,Salaried,Construction,5.8,Graduate,648,5.3,4,2,7,6,0,Personal,170000.0,7,4,3,33,96.7,0,0,0,0,1,2,100000.0,24700.0,24.7,2000.0,0,3,373700.0,6500.0,36.3,Auto,250000.0,84,10.93,4271.0,20.0,56.3,1,25.7,0,22000.0,300000.0,Rent,0,Married,Tier-2,1,0
APP100084,25,1240000.0,103333.0,0.0,Salaried,Manufacturing,4.0,Post-Graduate,647,0.4,5,0,2,1,1,Education,580000.0,2,1,1,8,96.7,1,0,0,0,1,1,735000.0,381465.0,51.9,13000.0,0,3,2045465.0,41300.0,58.4,Business,1760000.0,84,13.24,32248.0,31.2,89.6,0,0.0,0,458000.0,580000.0,Family,2,Married,Tier-1,0,-1
APP100085,43,554000.0,46167.0,54000.0,Salaried,Banking/Finance,9.4,High School,649,9.3,2,5,2,1,0,Gold,1240000.0,2,1,1,32,93.8,1,1,0,1,0,0,0.0,0.0,0.0,0.0,0,0,376000.0,7000.0,15.2,Education,670000.0,60,11.48,14728.0,31.9,47.1,0,0.0,1,276000.0,10400000.0,Own,1,Married,Tier-1,1,0
APP100086,33,556000.0,46333.0,0.0,Salaried,Government,1.5,Post-Graduate,621,2.0,1,2,1,1,0,Personal,1250000.0,1,1,0,6,88.7,0,0,1,2,1,4,160000.0,58080.0,36.3,4100.0,1,2,1361080.0,25500.0,61.3,Home,5090000.0,300,10.73,48897.0,105.5,166.8,1,22.3,0,62000.0,2180000.0,Rent,1,Single,Tier-1,0,-1
APP100087,38,135000.0,11250.0,0.0,Unemployed,None,0.0,Graduate,603,4.9,6,1,1,1,0,Gold,130000.0,2,2,0,52,100.0,0,1,0,0,0,0,0.0,0.0,0.0,0.0,0,0,111000.0,2400.0,21.3,Debt Consolidation,110000.0,60,14.9,2611.0,23.2,44.5,0,0.0,0,80000.0,480000.0,Rent,0,Single,Tier-1,0,-1
APP100088,43,471000.0,39250.0,0.0,Salaried,Retail,8.2,Graduate,700,16.1,8,3,2,2,0,Auto,540000.0,2,2,0,22,100.0,0,0,0,2,1,3,175000.0,84875.0,48.5,4600.0,0,1,489875.0,11000.0,38.8,Personal,290000.0,60,12.98,6595.0,16.8,55.6,1,0.0,0,405000.0,1060000.0,Rent,1,Married,Tier-1,1,0
APP100089,43,114000.0,9500.0,0.0,Retired,None,0.0,Graduate,627,2.3,4,1,1,1,0,Business,320000.0,2,2,0,56,97.5,1,0,0,0,0,0,0.0,0.0,0.0,0.0,0,0,33000.0,1300.0,13.7,Home,770000.0,180,9.6,8087.0,85.1,98.8,1,14.2,1,18000.0,420000.0,Own,0,Divorced,Tier-2,0,-1
APP100090,45,69000.0,5750.0,0.0,Retired,None,0.0,High School,634,6.7,7,0,0,0,0,None,0.0,1,1,0,11,93.7,1,0,0,0,0,0,0.0,0.0,0.0,0.0,0,0,77000.0,1400.0,24.3,Debt Consolidation,80000.0,60,15.11,1908.0,33.2,57.5,0,0.0,0,15000.0,100000.0,Family,1,Married,Tier-1,1,1
APP100091,37,542000.0,45167.0,125000.0,Salaried,Banking/Finance,9.9,Post-Graduate,754,17.0,12,0,3,2,0,Home,870000.0,4,4,0,18,100.0,1,0,0,0,0,0,0.0,0.0,0.0,0.0,0,0,129000.0,2500.0,5.5,Education,1030000.0,60,9.56,21662.0,48.0,53.5,0,0.0,0,266000.0,1550000.0,Own,0,Married,Tier-2,1,0
APP100092,33,1277000.0,106417.0,66000.0,Business Owner,Other,7.5,Post-Graduate,672,7.5,5,1,3,2,0,Business,3170000.0,3,1,2,44,85.4,0,1,1,0,1,3,430000.0,132010.0,30.7,9500.0,0,2,2732010.0,37300.0,41.3,Education,2430000.0,84,10.32,40744.0,38.3,79.5,1,0.0,1,1703000.0,220000.0,Own,2,Married,Tier-1,1,0
APP100093,37,971000.0,80917.0,0.0,Self-Employed,Government,1.8,Graduate,654,10.7,5,1,0,0,0,None,0.0,1,1,0,34,93.4,1,1,0,0,1,4,225000.0,46575.0,20.7,3800.0,1,0,2197575.0,37900.0,49.7,Home,4770000.0,300,9.05,40193.0,49.7,99.4,1,14.7,0,480000.0,4600000.0,Family,2,Married,Tier-1,0,-1
APP100094,21,608000.0,50667.0,92000.0,Business Owner,Retail,0.0,Graduate,636,1.0,1,4,2,2,0,Auto,780000.0,3,2,1,59,96.2,1,0,0,0,1,1,110000.0,30470.0,27.7,2200.0,0,0,476470.0,7400.0,17.6,Home,5770000.0,120,10.59,78149.0,154.2,171.9,1,28.1,0,110000.0,890000.0,Family,2,Married,Tier-2,0,-1
APP100095,22,792000.0,66000.0,45000.0,Salaried,Manufacturing,1.0,Graduate,707,2.0,3,1,1,1,0,Personal,1590000.0,2,2,0,44,100.0,0,0,0,0,1,3,205000.0,59450.0,29.0,3200.0,0,0,612450.0,9600.0,19.0,Home,6950000.0,180,8.87,69955.0,106.0,125.0,1,13.8,0,160000.0,680000.0,Own,2,Married,Tier-2,0,-1
APP100096,23,366000.0,30500.0,70000.0,Salaried,Other,2.0,Graduate,700,0.7,2,1,1,1,0,Education,1090000.0,2,2,0,27,100.0,0,0,0,0,0,0,0.0,0.0,0.0,0.0,0,0,166000.0,4600.0,15.1,Personal,170000.0,36,12.83,5714.0,18.7,33.8,0,0.0,0,148000.0,700000.0,Rent,0,Divorced,Tier-1,1,0
APP100097,27,350000.0,29167.0,0.0,Salaried,Government,5.1,Post-Graduate,606,7.0,8,1,6,4,0,Home,370000.0,6,5,1,23,87.8,1,2,0,0,0,0,0.0,0.0,0.0,0.0,0,0,762000.0,11900.0,40.8,Auto,350000.0,48,10.98,9043.0,31.0,71.8,1,13.8,0,113000.0,760000.0,Rent,0,Married,Tier-1,0,-1
APP100098,42,247000.0,20583.0,0.0,Self-Employed,Other,10.1,Graduate,727,4.8,5,1,2,1,0,Business,300000.0,2,1,1,15,100.0,0,0,0,0,0,0,0.0,0.0,0.0,0.0,0,0,114000.0,5900.0,28.7,Personal,130000.0,12,12.89,11605.0,56.4,85.0,0,0.0,0,73000.0,830000.0,Own,2,Divorced,Tier-3,1,1
APP100099,28,121000.0,10083.0,0.0,Retired,None,0.0,Graduate,573,3.7,4,1,0,0,0,None,0.0,1,1,0,56,95.5,1,1,0,0,1,4,55000.0,15510.0,28.2,1700.0,1,0,53510.0,1800.0,25.5,Home,970000.0,120,11.84,13827.0,137.1,162.7,1,18.7,0,11000.0,370000.0,Rent,1,Married,Tier-3,0,-1
APP100100,34,230000.0,19167.0,0.0,Self-Employed,Retail,3.3,Graduate,602,3.2,5,3,2,1,0,Home,460000.0,2,2,0,42,100.0,0,0,0,0,1,2,85000.0,32130.0,37.8,1200.0,0,0,502130.0,9000.0,55.3,Education,440000.0,60,12.42,9881.0,51.6,106.9,0,0.0,1,83000.0,1570000.0,Family,1,Married,Tier-1,0,-1
APP100101,52,2091000.0,174250.0,0.0,Business Owner,Government,10.2,Graduate,718,7.6,5,1,1,1,0,Gold,6200000.0,1,1,0,23,100.0,1,0,0,0,1,2,1110000.0,760350.0,68.5,26100.0,1,0,3562350.0,57100.0,54.6,Business,6940000.0,60,12.29,155395.0,89.2,143.8,1,0.0,1,992000.0,1560000.0,Own,1,Married,Tier-1,0,-1
APP100102,34,255000.0,21250.0,0.0,Retired,None,0.0,Post-Graduate,616,2.5,4,3,1,0,0,Personal,640000.0,1,0,1,5,100.0,0,0,0,0,1,3,75000.0,3225.0,4.3,1300.0,0,1,513225.0,7400.0,35.6,Home,1310000.0,240,10.13,12755.0,60.0,95.6,1,14.1,0,45000.0,450000.0,Rent,1,Single,Tier-2,0,-1
APP100103,46,359000.0,29917.0,0.0,Self-Employed,Retail,9.7,High School,597,3.3,2,0,3,3,1,Personal,810000.0,4,3,1,34,87.8,1,0,1,0,0,0,0.0,0.0,0.0,0.0,0,0,68000.0,3600.0,12.0,Home,2510000.0,240,10.62,25262.0,84.4,96.5,1,26.8,0,173000.0,500000.0,Family,1,Married,Tier-1,0,-1
APP100104,28,1140000.0,95000.0,0.0,Salaried,IT,7.0,Graduate,671,7.2,6,2,5,5,0,Auto,2390000.0,7,6,1,30,98.3,0,0,0,1,1,2,260000.0,121160.0,46.6,5800.0,1,0,816160.0,32300.0,40.4,Personal,340000.0,24,13.34,16219.0,17.1,57.4,0,0.0,0,833000.0,290000.0,Rent,2,Married,Tier-3,1,0
APP100105,36,60000.0,5000.0,0.0,Unemployed,None,0.0,High School,428,10.4,8,5,4,3,1,Personal,60000.0,4,4,0,2,94.5,0,1,0,1,1,1,30000.0,7020.0,23.4,500.0,0,0,125020.0,2000.0,47.0,Home,430000.0,300,13.01,4853.0,97.1,144.1,1,29.3,0,36000.0,160000.0,Rent,1,Single,Tier-2,0,-1
APP100106,28,288000.0,24000.0,50000.0,Salaried,Government,2.3,High School,514,4.4,9,0,5,4,3,Gold,500000.0,6,2,4,20,93.3,0,0,1,0,1,3,120000.0,30600.0,25.5,2400.0,0,2,194600.0,2400.0,16.4,Debt Consolidation,280000.0,24,17.13,13861.0,57.8,74.1,0,0.0,0,294000.0,390000.0,Own,1,Single,Tier-1,0,-1
APP100107,34,1271000.0,105917.0,0.0,Salaried,Banking/Finance,3.8,Graduate,710,13.7,12,4,5,3,0,Auto,990000.0,7,5,2,30,96.2,2,0,0,0,1,2,460000.0,64860.0,14.1,14800.0,0,2,817860.0,13800.0,16.1,Home,12200000.0,180,8.53,120353.0,113.6,129.7,1,20.3,0,137000.0,4040000.0,Own,0,Single,Tier-2,0,-1
APP100108,47,532000.0,44333.0,0.0,Self-Employed,Retail,3.1,Post-Graduate,621,5.5,5,1,1,1,0,Home,1460000.0,2,2,0,37,98.0,0,1,0,1,1,4,260000.0,128700.0,49.5,6200.0,1,0,395700.0,8200.0,33.0,Personal,290000.0,60,14.15,6770.0,15.3,48.3,0,0.0,0,260000.0,1860000.0,Family,0,Married,Tier-1,1,0
APP100109,21,1538000.0,128167.0,75000.0,Salaried,IT,0.0,Graduate,708,1.0,8,3,4,3,0,Personal,1160000.0,5,5,0,25,100.0,0,0,0,0,1,4,565000.0,161590.0,28.6,9100.0,0,0,1916590.0,42700.0,39.6,Debt Consolidation,1640000.0,60,13.63,37846.0,29.5,69.1,0,0.0,1,2016000.0,1390000.0,Family,1,Married,Tier-3,1,0
APP100110,43,491000.0,40917.0,0.0,Salaried,Construction,4.1,High School,715,23.0,13,1,6,3,0,Personal,580000.0,6,4,2,14,98.1,0,0,0,0,1,3,180000.0,81000.0,45.0,2700.0,0,2,548000.0,8200.0,29.9,Personal,230000.0,36,12.93,7742.0,18.9,48.9,0,0.0,0,513000.0,4910000.0,Own,0,Married,Tier-2,1,0
APP100111,41,865000.0,72083.0,76000.0,Salaried,Banking/Finance,3.6,Graduate,593,6.4,2,1,7,5,1,Auto,2480000.0,7,5,2,2,79.4,2,0,1,2,0,0,0.0,0.0,0.0,0.0,0,0,18000.0,900.0,1.2,Home,5380000.0,180,10.61,59838.0,83.0,84.3,1,13.7,0,36000.0,380000.0,Rent,2,Married,Tier-1,0,-1
APP100112,31,1060000.0,88333.0,235000.0,Salaried,Education,1.1,Post-Graduate,750,11.0,8,3,3,0,0,Personal,2410000.0,3,2,1,3,100.0,0,0,0,0,1,3,430000.0,176730.0,41.1,6800.0,1,3,332730.0,2600.0,12.9,Debt Consolidation,520000.0,36,12.67,17438.0,19.7,32.7,1,0.0,1,204000.0,320000.0,Rent,1,Married,Tier-3,1,0
APP100113,22,407000.0,33917.0,33000.0,Salaried,IT,1.0,Graduate,712,2.0,5,1,2,2,0,Home,780000.0,4,3,1,13,100.0,0,0,0,2,1,3,180000.0,26460.0,14.7,5800.0,1,0,474460.0,16600.0,52.8,Home,1710000.0,240,9.19,15595.0,46.0,98.8,1,19.8,0,149000.0,260000.0,Family,0,Married,Tier-1,1,1
APP100114,39,358000.0,29833.0,0.0,Salaried,Banking/Finance,11.3,Graduate,771,1.7,1,0,0,0,0,None,0.0,1,1,0,25,100.0,1,0,0,0,0,0,0.0,0.0,0.0,0.0,0,0,459000.0,8400.0,28.2,Auto,320000.0,84,8.49,5066.0,17.0,45.1,1,25.3,0,14000.0,310000.0,Family,0,Married,Tier-2,1,0
APP100115,32,742000.0,61833.0,91000.0,Business Owner,Other,3.6,Post-Graduate,721,2.5,7,1,2,2,0,Gold,1870000.0,2,1,1,54,100.0,0,0,0,2,0,0,0.0,0.0,0.0,0.0,0,0,338000.0,4900.0,7.9,Personal,300000.0,24,13.19,14289.0,23.1,31.0,0,0.0,0,305000.0,680000.0,Family,2,Divorced,Tier-1,1,0
APP100116,41,60000.0,5000.0,0.0,Unemployed,None,0.0,High School,485,0.9,4,3,1,1,0,Home,20000.0,2,2,0,52,97.6,1,0,0,0,0,0,0.0,0.0,0.0,0.0,0,0,83000.0,2600.0,52.0,Auto,80000.0,60,13.99,1861.0,37.2,89.2,1,16.9,0,4000.0,170000.0,Family,1,Married,Tier-3,0,-1
APP100117,38,512000.0,42667.0,0.0,Salaried,Banking/Finance,4.0,Post-Graduate,643,8.0,8,1,4,3,0,Gold,1380000.0,5,5,0,38,99.3,1,0,0,0,1,2,85000.0,48280.0,56.8,2400.0,0,2,359280.0,12900.0,35.9,Auto,440000.0,84,11.12,7562.0,17.7,53.6,1,23.4,0,105000.0,450000.0,Own,1,Divorced,Tier-1,1,0
APP100118,56,603000.0,50250.0,0.0,Salaried,Government,13.9,Post-Graduate,794,8.1,6,2,2,2,0,Business,1520000.0,2,2,0,54,100.0,0,0,0,2,0,0,0.0,0.0,0.0,0.0,0,0,235000.0,9300.0,18.5,Education,780000.0,120,8.91,9843.0,19.6,38.1,0,0.0,0,101000.0,1390000.0,Family,1,Single,Tier-2,1,0
APP100119,35,1324000.0,110333.0,0.0,Salaried,Banking/Finance,3.0,Post-Graduate,735,3.0,7,0,1,0,0,Auto,3720000.0,3,3,0,29,99.7,0,0,0,0,1,1,405000.0,110970.0,27.4,12500.0,1,1,1156970.0,38000.0,39.5,Personal,910000.0,60,12.98,20696.0,18.8,58.2,0,0.0,0,231000.0,410000.0,Rent,1,Single,Tier-1,1,0
APP100120,27,434000.0,36167.0,76000.0,Salaried,Education,2.8,High School,707,0.4,4,0,0,0,0,None,0.0,0,0,0,-1,96.8,1,0,0,0,0,0,0.0,0.0,0.0,0.0,0,0,74000.0,2900.0,8.0,Auto,270000.0,36,10.05,8718.0,24.1,32.1,1,22.0,0,97000.0,900000.0,Rent,2,Married,Tier-2,1,0
APP100121,40,1356000.0,113000.0,0.0,Self-Employed,Construction,8.0,High School,730,6.7,1,1,0,0,0,None,0.0,2,1,1,47,100.0,0,0,0,0,1,4,570000.0,123690.0,21.7,14600.0,0,0,453690.0,5500.0,10.3,Personal,320000.0,60,13.21,7315.0,6.5,16.8,0,0.0,0,62000.0,910000.0,Own,2,Married,Tier-2,1,0
APP100122,40,250000.0,20833.0,0.0,Business Owner,Government,6.3,Post-Graduate,712,1.0,6,0,2,1,0,Education,80000.0,5,5,0,57,100.0,0,0,0,1,0,0,0.0,0.0,0.0,0.0,0,0,351000.0,9200.0,44.2,Debt Consolidation,180000.0,60,12.59,4058.0,19.5,63.6,0,0.0,0,114000.0,450000.0,Own,1,Married,Tier-2,1,0
APP100123,53,253000.0,21083.0,0.0,Self-Employed,Healthcare,8.1,Graduate,603,4.1,4,1,3,3,0,Education,600000.0,3,2,1,25,97.5,2,0,0,1,1,4,75000.0,41850.0,55.8,1600.0,0,3,187850.0,5300.0,35.1,Business,440000.0,36,13.91,15019.0,71.2,106.3,0,0.0,1,92000.0,240000.0,Own,0,Married,Tier-2,0,-1
APP100124,47,368000.0,30667.0,19000.0,Salaried,Healthcare,7.8,Graduate,688,8.4,5,1,1,1,0,Education,390000.0,4,4,0,16,92.6,1,0,0,0,1,2,70000.0,28000.0,40.0,1400.0,0,1,256000.0,7600.0,29.3,Business,460000.0,84,12.91,8346.0,27.2,56.6,0,0.0,0,159000.0,340000.0,Rent,3,Married,Tier-2,1,0
APP100125,42,1157000.0,96417.0,0.0,Self-Employed,Healthcare,10.4,Graduate,635,5.4,8,3,1,1,0,Personal,370000.0,2,2,0,14,95.0,1,1,0,2,1,2,190000.0,67450.0,35.5,5900.0,0,1,2271450.0,38900.0,43.8,Home,11530000.0,120,10.27,154099.0,159.8,203.7,1,22.1,1,943000.0,1760000.0,Own,1,Single,Tier-2,0,-1
APP100126,54,290000.0,24167.0,0.0,Salaried,Education,1.7,High School,652,10.4,4,3,3,3,0,Gold,130000.0,3,2,1,58,96.0,0,1,0,0,1,3,65000.0,7540.0,11.6,1300.0,0,0,156540.0,5900.0,26.0,Home,2840000.0,300,9.62,25050.0,103.7,129.6,1,28.2,0,212000.0,740000.0,Rent,1,Single,Tier-2,0,-1
APP100127,25,189000.0,15750.0,0.0,Salaried,Government,4.0,Graduate,635,3.9,4,3,2,1,0,Education,520000.0,2,2,0,43,100.0,0,0,0,0,0,0,0.0,0.0,0.0,0.0,0,0,271000.0,8400.0,53.3,Personal,90000.0,12,14.38,8097.0,51.4,104.7,0,0.0,0,56000.0,1740000.0,Rent,2,Single,Tier-3,0,-1
APP100128,31,175000.0,14583.0,0.0,Retired,None,0.0,Post-Graduate,640,2.6,4,1,3,3,0,Business,110000.0,8,7,1,45,100.0,0,0,0,1,1,2,50000.0,15600.0,31.2,1400.0,0,1,65600.0,900.0,11.5,Education,240000.0,84,11.5,4173.0,28.6,40.1,0,0.0,1,73000.0,390000.0,Rent,2,Married,Tier-1,1,0
APP100129,28,178000.0,14833.0,0.0,Contract,Manufacturing,0.8,Graduate,693,2.1,2,1,1,1,0,Home,220000.0,2,2,0,28,100.0,0,0,0,0,0,0,0.0,0.0,0.0,0.0,0,0,118000.0,2700.0,18.2,Home,750000.0,180,9.0,7607.0,51.3,69.5,1,14.2,1,137000.0,520000.0,Rent,2,Single,Tier-2,1,0
APP100130,34,74000.0,6167.0,0.0,Retired,None,0.0,Graduate,676,8.2,5,0,0,0,0,None,0.0,1,1,0,53,100.0,0,0,0,0,0,0,0.0,0.0,0.0,0.0,0,0,65000.0,1000.0,16.2,Education,140000.0,60,11.2,3058.0,49.6,65.8,0,0.0,0,8000.0,210000.0,Rent,1,Single,Tier-2,0,-1
APP100131,23,225000.0,18750.0,42000.0,Unemployed,None,0.0,Post-Graduate,544,3.0,5,1,4,3,1,Education,120000.0,6,5,1,9,96.9,1,0,0,0,0,0,0.0,0.0,0.0,0.0,0,0,211000.0,4900.0,26.1,Auto,220000.0,60,12.7,4972.0,26.5,52.7,1,29.7,0,96000.0,100000.0,Own,0,Married,Tier-3,0,-1
APP100132,45,393000.0,32750.0,0.0,Self-Employed,Education,5.5,Graduate,674,2.5,6,1,2,2,1,Education,730000.0,4,2,2,38,99.7,0,0,0,0,0,0,0.0,0.0,0.0,0.0,0,0,205000.0,4600.0,14.0,Education,370000.0,120,11.28,5156.0,15.7,29.8,0,0.0,0,44000.0,670000.0,Own,2,Married,Tier-2,1,0
APP100133,36,132000.0,11000.0,14000.0,Retired,None,0.0,High School,647,6.4,3,2,1,0,0,Auto,250000.0,3,2,1,6,97.9,1,0,0,0,0,0,0.0,0.0,0.0,0.0,0,0,51000.0,1900.0,17.3,Home,1030000.0,120,8.91,12997.0,118.2,135.4,1,29.9,0,13000.0,100000.0,Own,0,Single,Tier-1,0,-1
APP100134,22,386000.0,32167.0,65000.0,Salaried,IT,1.0,Graduate,614,0.8,0,2,0,0,0,None,0.0,1,1,0,22,88.1,0,0,1,0,0,0,0.0,0.0,0.0,0.0,0,0,0.0,0.0,0.0,Home,3480000.0,240,10.64,35071.0,109.0,109.0,1,18.0,1,63000.0,4920000.0,Family,0,Single,Tier-3,0,-1
APP100135,27,285000.0,23750.0,48000.0,Salaried,Healthcare,6.0,High School,691,5.0,3,4,0,0,0,None,0.0,0,0,0,-1,100.0,0,0,0,2,0,0,0.0,0.0,0.0,0.0,0,0,35000.0,800.0,3.4,Home,2660000.0,240,8.76,23524.0,99.0,102.4,1,25.4,1,80000.0,730000.0,Family,1,Divorced,Tier-2,0,-1
APP100136,41,271000.0,22583.0,26000.0,Salaried,Healthcare,4.9,Graduate,548,6.0,2,3,1,1,0,Home,760000.0,2,2,0,9,88.0,2,1,0,0,0,0,0.0,0.0,0.0,0.0,0,0,112000.0,4000.0,17.7,Business,480000.0,36,15.33,16717.0,74.0,91.7,0,0.0,0,118000.0,110000.0,Own,1,Single,Tier-1,0,-1
APP100137,47,364000.0,30333.0,0.0,Salaried,Education,5.2,Graduate,593,6.6,4,1,4,2,1,Home,510000.0,5,5,0,34,95.1,0,0,1,0,1,2,140000.0,67900.0,48.5,1700.0,1,2,844900.0,15600.0,62.6,Education,220000.0,60,11.37,4824.0,15.9,78.5,0,0.0,1,48000.0,260000.0,Own,4,Single,Tier-2,0,-1
APP100138,60,488000.0,40667.0,0.0,Salaried,Construction,0.9,Graduate,579,13.8,9,1,3,3,1,Auto,1090000.0,4,3,1,42,94.5,1,1,0,0,1,3,155000.0,82615.0,53.3,3900.0,0,1,638615.0,10700.0,36.5,Auto,620000.0,48,11.48,16169.0,39.8,76.2,1,24.3,1,473000.0,270000.0,Rent,1,Single,Tier-2,0,-1
APP100139,70,262000.0,21833.0,0.0,Retired,None,0.0,High School,694,3.7,5,2,3,1,0,Gold,90000.0,3,3,0,48,100.0,0,1,0,0,0,0,0.0,0.0,0.0,0.0,0,0,230000.0,6500.0,29.8,Education,260000.0,84,10.38,4368.0,20.0,49.8,0,0.0,1,92000.0,480000.0,Rent,1,Married,Tier-3,1,0
APP100140,43,1122000.0,93500.0,0.0,Business Owner,Retail,7.3,Graduate,628,6.0,7,2,4,4,0,Home,1820000.0,4,3,1,47,87.0,0,0,1,0,1,3,565000.0,101135.0,17.9,5500.0,0,1,283135.0,6800.0,12.7,Auto,1020000.0,84,11.28,17615.0,18.8,31.5,1,13.3,0,256000.0,1390000.0,Rent,1,Single,Tier-2,1,1
APP100141,27,190000.0,15833.0,0.0,Contract,Manufacturing,6.0,Graduate,641,6.8,12,4,3,1,1,Education,530000.0,3,2,1,12,100.0,0,0,0,0,0,0,0.0,0.0,0.0,0.0,0,0,44000.0,1500.0,9.5,Education,100000.0,120,11.71,1418.0,9.0,18.4,0,0.0,0,38000.0,260000.0,Rent,1,Single,Tier-2,1,0
APP100142,21,758000.0,63167.0,0.0,Self-Employed,Manufacturing,0.0,Graduate,627,1.0,5,3,1,1,0,Home,1110000.0,1,1,0,58,99.7,0,1,0,0,1,4,180000.0,40860.0,22.7,1700.0,0,1,707860.0,24000.0,41.2,Personal,640000.0,24,14.38,30843.0,48.8,90.1,0,0.0,0,150000.0,610000.0,Rent,1,Married,Tier-2,0,-1
APP100143,41,572000.0,47667.0,0.0,Salaried,Government,6.7,Graduate,747,1.5,2,0,0,0,0,None,0.0,0,0,0,-1,100.0,0,0,0,0,1,4,140000.0,17780.0,12.7,1600.0,1,0,291780.0,15000.0,33.3,Auto,660000.0,84,9.82,10895.0,22.9,56.2,1,24.0,0,63000.0,580000.0,Own,2,Married,Tier-1,1,0
APP100144,29,457000.0,38083.0,0.0,Business Owner,Healthcare,4.9,Graduate,754,8.8,4,2,2,1,0,Home,640000.0,3,2,1,11,100.0,0,0,0,0,1,4,205000.0,57400.0,28.0,3600.0,1,1,103400.0,800.0,9.6,Personal,260000.0,36,12.23,8664.0,22.8,32.4,0,0.0,0,49000.0,1670000.0,Own,3,Single,Tier-2,1,0
APP100145,33,615000.0,51250.0,0.0,Salaried,Manufacturing,7.5,Post-Graduate,615,0.4,2,3,2,2,0,Home,520000.0,3,2,1,1,99.2,0,0,0,0,1,2,205000.0,101475.0,49.5,900.0,0,0,629475.0,24600.0,57.9,Personal,480000.0,24,13.9,23024.0,44.9,102.8,0,0.0,0,138000.0,1450000.0,Own,1,Married,Tier-3,0,-1
APP100146,31,451000.0,37583.0,0.0,Salaried,Construction,6.5,High School,741,1.6,8,1,0,0,0,None,0.0,0,0,0,-1,100.0,0,0,0,0,0,0,0.0,0.0,0.0,0.0,0,0,263000.0,5300.0,14.1,Personal,400000.0,36,12.79,13437.0,35.8,49.9,1,0.0,0,106000.0,250000.0,Own,5,Married,Tier-2,1,0
APP100147,36,629000.0,52417.0,0.0,Salaried,Retail,15.0,Post-Graduate,653,3.6,8,4,3,1,1,Home,1040000.0,4,4,0,42,100.0,0,0,0,0,0,0,0.0,0.0,0.0,0.0,0,0,126000.0,5800.0,11.1,Home,6140000.0,120,9.32,78846.0,150.4,161.5,1,20.6,0,341000.0,920000.0,Own,1,Single,Tier-1,0,-1
APP100148,50,465000.0,38750.0,0.0,Salaried,Retail,12.7,High School,671,1.6,3,3,2,1,0,Gold,300000.0,2,2,0,24,100.0,0,0,0,0,0,0,0.0,0.0,0.0,0.0,0,0,255000.0,11100.0,28.6,Home,4350000.0,120,9.43,56121.0,144.8,173.5,1,18.0,1,928000.0,160000.0,Own,3,Married,Tier-1,0,-1
APP100149,40,266000.0,22167.0,0.0,Salaried,Government,4.5,Graduate,654,5.0,6,0,1,1,0,Home,300000.0,2,2,0,33,100.0,0,0,0,0,1,1,145000.0,97730.0,67.4,2700.0,0,0,147730.0,2700.0,34.2,Personal,190000.0,36,14.67,6556.0,29.6,63.8,0,0.0,0,110000.0,600000.0,Own,3,Single,Tier-1,1,0
APP100150,36,1137000.0,94750.0,0.0,Contract,Healthcare,7.8,Graduate,758,11.1,5,3,3,3,0,Personal,2550000.0,3,3,0,38,100.0,0,0,0,1,0,0,0.0,0.0,0.0,0.0,0,0,309000.0,16300.0,17.2,Business,3630000.0,36,12.24,120984.0,127.7,144.9,0,0.0,1,131000.0,1370000.0,Own,0,Single,Tier-2,0,-1
APP100151,27,221000.0,18417.0,40000.0,Business Owner,IT,4.2,Graduate,639,7.0,6,3,4,3,0,Auto,520000.0,6,6,0,50,99.3,0,0,0,0,1,3,50000.0,10650.0,21.3,1400.0,0,1,236650.0,3500.0,21.9,Auto,230000.0,48,12.2,6079.0,33.0,54.9,1,21.0,0,45000.0,170000.0,Rent,0,Single,Tier-1,1,0
APP100152,21,619000.0,51583.0,0.0,Business Owner,Construction,0.0,High School,552,1.0,7,1,2,2,1,Business,1480000.0,3,2,1,13,94.2,1,1,0,0,1,3,260000.0,118560.0,45.6,8600.0,0,1,306560.0,8200.0,27.4,Home,5170000.0,240,11.1,53716.0,104.1,131.5,1,28.1,0,1040000.0,170000.0,Family,1,Single,Tier-1,0,-1
APP100153,33,658000.0,54833.0,0.0,Salaried,Retail,5.0,Post-Graduate,655,6.4,6,0,3,2,0,Gold,1790000.0,3,2,1,40,95.4,2,0,0,2,1,4,380000.0,131100.0,34.5,11600.0,0,1,1020100.0,17800.0,44.4,Auto,920000.0,84,10.89,15699.0,28.6,73.0,1,11.5,1,1301000.0,730000.0,Family,0,Single,Tier-1,1,0
APP100154,37,640000.0,53333.0,0.0,Contract,Healthcare,3.8,Post-Graduate,587,5.0,7,4,2,0,0,Home,510000.0,3,1,2,20,90.9,2,1,0,0,1,1,325000.0,82225.0,25.3,3100.0,0,4,666225.0,16300.0,38.3,Auto,550000.0,36,11.6,18163.0,34.1,72.3,1,24.0,0,212000.0,1550000.0,Own,1,Married,Tier-1,0,-1
APP100155,57,492000.0,41000.0,106000.0,Self-Employed,IT,6.6,Doctorate,707,4.4,4,2,4,4,0,Gold,830000.0,5,5,0,56,100.0,0,1,0,0,1,1,265000.0,19875.0,7.5,7800.0,1,0,656875.0,11100.0,29.5,Personal,200000.0,24,12.9,9499.0,23.2,52.7,1,0.0,0,657000.0,450000.0,Family,1,Single,Tier-1,1,1
APP100156,39,1123000.0,93583.0,0.0,Salaried,Other,12.0,Post-Graduate,711,4.4,3,1,1,1,1,Gold,3340000.0,1,0,1,44,100.0,0,0,0,2,1,3,640000.0,237440.0,37.1,16500.0,0,1,881440.0,28000.0,42.6,Auto,860000.0,60,9.66,18129.0,19.4,62.0,1,11.4,0,894000.0,3690000.0,Rent,1,Married,Tier-2,1,0
APP100157,49,482000.0,40167.0,35000.0,Self-Employed,Government,10.8,Graduate,731,15.5,11,1,6,5,0,Home,530000.0,8,6,2,8,97.0,1,0,0,0,0,0,0.0,0.0,0.0,0.0,0,0,40000.0,2200.0,5.5,Personal,450000.0,12,12.53,40094.0,99.8,105.3,0,0.0,0,213000.0,180000.0,Rent,1,Married,Tier-1,0,-1
APP100158,33,166000.0,13833.0,0.0,Salaried,Healthcare,3.9,High School,689,0.5,3,2,0,0,0,None,0.0,0,0,0,-1,97.0,0,0,0,0,0,0,0.0,0.0,0.0,0.0,0,0,334000.0,5400.0,39.0,Personal,110000.0,60,13.44,2528.0,18.3,57.3,1,0.0,0,64000.0,140000.0,Rent,3,Married,Tier-2,1,0
APP100159,25,174000.0,14500.0,0.0,Salaried,Education,4.0,High School,511,5.0,7,0,1,0,0,Education,80000.0,3,3,0,17,82.7,2,2,0,0,1,2,90000.0,18900.0,21.0,2300.0,0,1,219900.0,3900.0,33.4,Auto,250000.0,36,12.95,8417.0,58.0,91.5,1,19.3,0,145000.0,210000.0,Own,1,Married,Tier-3,0,-1
APP100160,27,446000.0,37167.0,0.0,Salaried,Retail,2.7,Graduate,657,2.2,3,2,1,1,0,Auto,630000.0,1,0,1,32,95.7,0,1,0,1,0,0,0.0,0.0,0.0,0.0,0,0,388000.0,7400.0,19.9,Auto,640000.0,84,10.32,10731.0,28.9,48.8,1,25.9,1,340000.0,1280000.0,Own,1,Married,Tier-3,1,0
APP100161,30,240000.0,20000.0,0.0,Self-Employed,Healthcare,3.4,Post-Graduate,692,4.0,5,1,0,0,0,None,0.0,1,1,0,20,93.7,0,0,0,0,0,0,0.0,0.0,0.0,0.0,0,0,222000.0,3200.0,16.0,Auto,290000.0,48,9.73,7318.0,36.6,52.6,1,15.4,0,24000.0,1480000.0,Own,1,Married,Tier-1,1,0
APP100162,61,431000.0,35917.0,37000.0,Retired,None,0.0,Graduate,612,1.5,4,1,2,1,1,Home,130000.0,3,2,1,11,100.0,1,0,0,0,0,0,0.0,0.0,0.0,0.0,0,0,455000.0,7400.0,20.6,Education,680000.0,84,11.88,11960.0,33.3,53.9,0,0.0,0,64000.0,1660000.0,Own,1,Married,Tier-1,0,-1
APP100163,29,541000.0,45083.0,0.0,Salaried,IT,0.8,High School,729,1.4,4,1,2,2,0,Home,810000.0,3,1,2,40,100.0,0,0,0,0,0,0,0.0,0.0,0.0,0.0,0,0,222000.0,7000.0,15.5,Home,2790000.0,120,8.71,34906.0,77.4,93.0,1,22.9,0,184000.0,1900000.0,Rent,4,Married,Tier-1,0,-1
APP100164,47,1185000.0,98750.0,108000.0,Salaried,Other,5.6,Graduate,630,10.4,6,3,3,1,1,Personal,3190000.0,5,4,1,51,88.3,1,0,1,1,0,0,0.0,0.0,0.0,0.0,0,0,2585000.0,41600.0,42.1,Business,3200000.0,84,13.76,59545.0,60.3,102.4,0,0.0,0,260000.0,5460000.0,Rent,0,Single,Tier-2,0,-1
APP100165,28,516000.0,43000.0,0.0,Retired,None,0.0,Post-Graduate,655,2.7,2,0,4,2,0,Home,1010000.0,4,1,3,39,100.0,0,0,0,0,1,1,90000.0,17010.0,18.9,1400.0,1,1,928010.0,17400.0,42.4,Business,1680000.0,60,12.75,38011.0,88.4,130.8,0,0.0,1,52000.0,120000.0,Rent,1,Married,Tier-3,0,-1
APP100166,48,406000.0,33833.0,0.0,Salaried,Construction,15.4,Graduate,740,4.9,10,1,2,2,0,Gold,790000.0,5,3,2,5,100.0,0,0,0,1,1,1,170000.0,15640.0,9.2,3500.0,1,1,1248640.0,19000.0,58.5,Home,2220000.0,300,7.93,17032.0,50.3,108.8,1,29.4,1,26000.0,60000.0,Rent,1,Married,Tier-1,0,-1
APP100167,42,321000.0,26750.0,47000.0,Salaried,Healthcare,2.3,Post-Graduate,635,7.0,4,4,0,0,0,None,0.0,0,0,0,-1,100.0,1,0,0,0,0,0,0.0,0.0,0.0,0.0,0,0,614000.0,9800.0,36.6,Personal,270000.0,60,13.73,6245.0,23.3,60.0,0,0.0,0,61000.0,240000.0,Family,0,Married,Tier-2,1,1
APP100168,36,95000.0,7917.0,0.0,Salaried,Other,2.5,Graduate,529,13.8,7,2,4,2,1,Education,190000.0,6,2,4,27,96.3,0,1,0,1,1,1,40000.0,12360.0,30.9,700.0,0,1,32360.0,600.0,15.4,Education,110000.0,84,12.66,1981.0,25.0,40.4,0,0.0,1,14000.0,220000.0,Own,0,Single,Tier-1,0,-1
APP100169,38,60000.0,5000.0,0.0,Unemployed,None,0.0,Graduate,579,1.5,6,0,4,1,0,Education,90000.0,5,4,1,41,100.0,0,0,0,1,1,2,10000.0,710.0,7.1,100.0,0,1,102710.0,1700.0,34.7,Auto,60000.0,84,12.18,1065.0,21.3,56.0,1,15.7,0,40000.0,190000.0,Rent,1,Married,Tier-2,0,-1
APP100170,31,1241000.0,103417.0,295000.0,Self-Employed,Construction,4.5,Graduate,602,11.0,11,1,1,1,0,Home,630000.0,1,0,1,21,83.4,3,0,1,1,1,3,235000.0,75200.0,32.0,1700.0,1,1,1974200.0,43900.0,46.1,Business,3230000.0,84,14.45,61336.0,59.3,105.4,0,0.0,1,939000.0,2410000.0,Own,4,Single,Tier-2,0,-1
APP100171,43,60000.0,5000.0,0.0,Unemployed,None,0.0,Post-Graduate,504,5.8,0,1,1,1,0,Gold,40000.0,1,1,0,23,94.6,1,1,0,1,0,0,0.0,0.0,0.0,0.0,0,0,0.0,0.0,0.0,Home,360000.0,300,11.81,3741.0,74.8,74.8,1,13.1,0,16000.0,70000.0,Rent,2,Single,Tier-1,0,-1
APP100172,33,473000.0,39417.0,115000.0,Salaried,Healthcare,4.0,Post-Graduate,717,5.6,4,1,6,4,1,Home,1340000.0,8,5,3,26,100.0,0,0,0,0,1,2,225000.0,4950.0,2.2,3100.0,0,0,424950.0,7100.0,18.6,Auto,690000.0,48,9.59,17365.0,44.1,62.7,1,27.6,0,254000.0,950000.0,Own,2,Married,Tier-1,1,1
APP100173,25,310000.0,25833.0,71000.0,Salaried,Education,3.3,Graduate,763,3.7,8,1,2,2,0,Education,870000.0,3,3,0,6,100.0,0,0,0,0,1,1,160000.0,30400.0,19.0,1500.0,0,0,85400.0,1300.0,10.9,Home,2770000.0,180,7.24,25271.0,97.8,108.7,1,10.6,1,62000.0,280000.0,Rent,2,Married,Tier-2,1,0
APP100174,24,566000.0,47167.0,0.0,Self-Employed,Other,3.0,Graduate,612,3.2,1,2,1,1,0,Business,250000.0,1,1,0,43,99.1,0,1,0,0,1,4,235000.0,104575.0,44.5,6400.0,0,0,946575.0,19400.0,52.2,Business,1390000.0,60,13.86,32242.0,68.4,120.6,0,0.0,0,970000.0,2620000.0,Own,2,Single,Tier-1,0,-1
APP100175,40,783000.0,65250.0,0.0,Salaried,Healthcare,19.0,High School,717,0.9,1,1,0,0,0,None,0.0,0,0,0,-1,100.0,0,0,0,0,1,2,225000.0,34425.0,15.3,2000.0,0,1,512425.0,9000.0,16.4,Auto,760000.0,48,10.06,19297.0,29.6,46.0,1,25.7,0,362000.0,2320000.0,Rent,0,Married,Tier-1,1,0
APP100176,55,130000.0,10833.0,0.0,Contract,Manufacturing,12.7,High School,645,11.7,9,3,5,4,0,Education,50000.0,6,5,1,20,96.8,0,1,0,0,0,0,0.0,0.0,0.0,0.0,0,0,106000.0,5800.0,53.5,Auto,140000.0,60,10.11,2982.0,27.5,81.1,1,29.5,0,90000.0,890000.0,Rent,3,Married,Tier-3,0,-1
APP100177,40,60000.0,5000.0,0.0,Unemployed,None,0.0,High School,511,1.3,3,1,1,1,0,Home,50000.0,1,1,0,11,97.7,0,1,0,0,0,0,0.0,0.0,0.0,0.0,0,0,27000.0,400.0,8.0,Business,150000.0,60,15.74,3627.0,72.5,80.5,0,0.0,1,21000.0,460000.0,Own,3,Married,Tier-1,0,-1
APP100178,37,736000.0,61333.0,0.0,Salaried,Retail,5.5,High School,598,2.9,7,2,1,0,0,Gold,1290000.0,1,1,0,9,86.1,1,2,0,0,0,0,0.0,0.0,0.0,0.0,0,0,474000.0,14900.0,24.3,Auto,1160000.0,48,11.31,30156.0,49.2,73.5,1,10.2,0,521000.0,1380000.0,Own,0,Single,Tier-3,0,-1
APP100179,41,240000.0,20000.0,0.0,Retired,None,0.0,Graduate,633,10.4,3,0,3,3,0,Business,140000.0,3,2,1,12,93.2,1,1,0,1,1,1,65000.0,17095.0,26.3,1600.0,1,4,86095.0,1300.0,10.8,Auto,300000.0,36,9.99,9679.0,48.4,59.2,1,14.9,1,227000.0,1130000.0,Rent,1,Single,Tier-1,0,-1
APP100180,52,499000.0,41583.0,70000.0,Self-Employed,Manufacturing,3.0,Post-Graduate,629,4.4,3,4,4,2,0,Gold,1460000.0,5,3,2,50,100.0,0,0,0,0,1,3,290000.0,124990.0,43.1,7000.0,0,0,223990.0,4100.0,24.9,Auto,740000.0,60,11.47,16263.0,39.1,64.0,1,13.0,0,45000.0,550000.0,Own,3,Married,Tier-3,0,-1
APP100181,40,1335000.0,111250.0,307000.0,Salaried,IT,2.9,Post-Graduate,726,1.7,2,2,0,0,0,None,0.0,0,0,0,-1,100.0,0,0,0,1,1,3,540000.0,99900.0,18.5,5900.0,0,1,530900.0,7100.0,10.9,Auto,1500000.0,36,10.24,48570.0,43.7,54.5,1,11.3,0,686000.0,2470000.0,Own,1,Married,Tier-3,1,0
APP100182,33,250000.0,20833.0,0.0,Salaried,Healthcare,4.0,Post-Graduate,663,8.9,6,2,4,4,0,Gold,680000.0,6,6,0,22,100.0,0,0,0,0,0,0,0.0,0.0,0.0,0.0,0,0,219000.0,9000.0,43.2,Home,1380000.0,300,9.37,11933.0,57.3,100.5,1,22.4,0,88000.0,880000.0,Family,0,Single,Tier-1,0,-1
APP100183,50,1094000.0,91167.0,0.0,Salaried,Education,6.1,Doctorate,664,3.3,7,2,0,0,0,None,0.0,1,0,1,53,100.0,0,0,0,1,1,1,465000.0,43245.0,9.3,14900.0,0,1,1415245.0,61600.0,69.9,Auto,1620000.0,36,10.57,52707.0,57.8,127.8,1,22.0,0,106000.0,9120000.0,Rent,0,Single,Tier-1,0,-1
APP100184,43,444000.0,37000.0,0.0,Contract,IT,5.6,Post-Graduate,588,2.8,3,4,2,2,0,Personal,470000.0,2,1,1,47,90.6,1,1,0,1,1,2,100000.0,19300.0,19.3,600.0,0,0,174300.0,2700.0,9.9,Personal,440000.0,24,15.28,21393.0,57.8,67.7,0,0.0,0,120000.0,1300000.0,Rent,0,Married,Tier-1,0,-1
APP100185,55,635000.0,52917.0,0.0,Salaried,Healthcare,9.1,Graduate,489,1.4,4,2,3,1,1,Home,1190000.0,4,3,1,4,87.7,1,0,1,0,1,4,360000.0,145440.0,40.4,5200.0,0,1,677440.0,22200.0,55.7,Personal,510000.0,60,17.57,12832.0,24.2,79.9,0,0.0,0,92000.0,890000.0,Family,0,Married,Tier-2,0,-1
APP100186,40,88000.0,7333.0,0.0,Salaried,Other,6.3,High School,412,3.1,3,4,0,0,0,None,0.0,2,1,1,30,81.1,0,0,2,2,1,3,35000.0,16800.0,48.0,400.0,0,0,98800.0,2300.0,42.8,Home,400000.0,120,13.61,6117.0,83.4,126.2,1,15.8,0,59000.0,120000.0,Rent,0,Single,Tier-2,0,-1
APP100187,25,303000.0,25250.0,68000.0,Self-Employed,IT,4.0,High School,648,3.6,4,1,2,1,0,Personal,740000.0,3,1,2,47,99.8,1,0,0,0,0,0,0.0,0.0,0.0,0.0,0,0,74000.0,3100.0,12.3,Auto,260000.0,48,10.55,6663.0,26.4,38.7,1,14.8,0,48000.0,1830000.0,Own,2,Married,Tier-2,1,0
APP100188,23,773000.0,64417.0,0.0,Salaried,Healthcare,2.0,Post-Graduate,688,3.0,3,0,1,1,0,Business,1400000.0,1,1,0,56,100.0,0,0,0,0,1,2,295000.0,194700.0,66.0,4000.0,0,1,472700.0,10200.0,30.9,Home,7600000.0,180,8.56,75108.0,116.6,147.5,1,13.1,0,553000.0,970000.0,Rent,2,Single,Tier-1,0,-1
APP100189,56,306000.0,25500.0,0.0,Salaried,Education,3.8,High School,573,2.4,5,0,1,0,0,Auto,720000.0,3,3,0,42,89.9,1,2,0,0,0,0,0.0,0.0,0.0,0.0,0,0,406000.0,12400.0,48.6,Business,1040000.0,60,14.66,24556.0,96.3,144.9,0,0.0,1,58000.0,560000.0,Own,0,Single,Tier-2,0,-1
APP100190,57,1287000.0,107250.0,235000.0,Business Owner,Education,5.0,Graduate,701,11.9,8,3,2,2,0,Home,2560000.0,2,1,1,55,97.7,1,0,0,0,1,3,740000.0,421060.0,56.9,11000.0,1,2,1055060.0,20000.0,38.3,Business,3780000.0,60,13.41,86802.0,80.9,119.2,0,0.0,0,162000.0,1260000.0,Family,1,Single,Tier-3,0,-1
APP100191,36,960000.0,80000.0,0.0,Salaried,Banking/Finance,15.0,Graduate,700,10.6,7,2,3,2,1,Auto,1170000.0,3,2,1,11,99.7,2,0,0,0,0,0,0.0,0.0,0.0,0.0,0,0,1021000.0,15000.0,18.8,Home,7020000.0,180,8.64,69706.0,87.1,105.9,1,16.3,0,114000.0,1710000.0,Family,1,Single,Tier-1,0,-1
APP100192,34,249000.0,20750.0,0.0,Salaried,IT,3.6,Graduate,668,10.6,8,4,3,1,0,Business,640000.0,3,3,0,45,98.6,1,0,0,0,0,0,0.0,0.0,0.0,0.0,0,0,86000.0,1900.0,9.2,Home,2320000.0,180,9.62,24394.0,117.6,126.7,1,14.0,0,284000.0,190000.0,Rent,1,Single,Tier-2,0,-1
APP100193,54,713000.0,59417.0,0.0,Salaried,Other,8.8,Graduate,749,5.5,3,1,3,2,0,Education,1360000.0,3,3,0,34,100.0,0,0,0,2,1,4,145000.0,73950.0,51.0,1100.0,0,1,659950.0,16100.0,33.3,Auto,730000.0,36,8.24,22956.0,38.6,72.0,1,20.3,0,281000.0,1670000.0,Family,1,Married,Tier-1,1,0
APP100194,26,298000.0,24833.0,0.0,Salaried,Retail,1.9,Post-Graduate,665,6.0,7,0,0,0,0,None,0.0,1,1,0,36,100.0,1,0,0,1,1,2,100000.0,61200.0,61.2,900.0,0,2,306200.0,4100.0,28.8,Business,610000.0,60,12.59,13752.0,55.4,84.2,1,0.0,0,70000.0,210000.0,Family,0,Married,Tier-3,0,-1
APP100195,28,456000.0,38000.0,112000.0,Salaried,Education,7.0,Graduate,641,7.9,6,2,3,3,0,Personal,730000.0,5,4,1,20,96.2,1,1,0,2,0,0,0.0,0.0,0.0,0.0,0,0,233000.0,8500.0,22.4,Education,530000.0,120,11.16,7349.0,19.3,41.7,0,0.0,1,436000.0,620000.0,Own,3,Single,Tier-1,1,0
APP100196,45,639000.0,53250.0,0.0,Contract,IT,3.1,Post-Graduate,728,9.8,5,1,2,2,0,Gold,1690000.0,2,2,0,20,97.9,0,1,0,1,0,0,0.0,0.0,0.0,0.0,0,0,949000.0,18900.0,35.5,Education,840000.0,84,10.47,14150.0,26.6,62.1,0,0.0,0,1194000.0,1050000.0,Rent,1,Divorced,Tier-1,1,0
APP100197,34,76000.0,6333.0,15000.0,Retired,None,0.0,High School,565,10.5,9,4,2,1,0,Education,120000.0,3,2,1,5,100.0,0,1,0,1,0,0,0.0,0.0,0.0,0.0,0,0,76000.0,1300.0,20.5,Home,530000.0,120,10.95,7286.0,115.0,135.6,1,20.5,1,13000.0,100000.0,Own,1,Married,Tier-1,0,-1
APP100198,38,790000.0,65833.0,134000.0,Salaried,IT,1.6,Post-Graduate,722,8.2,6,0,5,4,0,Education,1360000.0,6,4,2,21,100.0,0,0,0,0,1,2,250000.0,111000.0,44.4,5000.0,0,2,701000.0,11400.0,25.7,Auto,1130000.0,36,10.03,36478.0,55.4,81.2,1,26.5,1,811000.0,810000.0,Family,0,Married,Tier-2,1,0
APP100199,36,121000.0,10083.0,0.0,Retired,None,0.0,Graduate,555,8.3,8,3,3,3,1,Home,70000.0,5,5,0,3,90.5,2,0,0,0,0,0,0.0,0.0,0.0,0.0,0,0,271000.0,4600.0,45.6,Debt Consolidation,120000.0,24,16.29,5892.0,58.4,104.1,0,0.0,0,30000.0,130000.0,Rent,1,Married,Tier-1,0,-1
APP100200,42,346000.0,28833.0,0.0,Self-Employed,Government,5.4,Graduate,739,7.7,8,3,4,2,0,Business,410000.0,4,2,2,29,100.0,0,0,0,0,0,0,0.0,0.0,0.0,0.0,0,0,177000.0,2900.0,10.1,Personal,90000.0,36,12.6,3015.0,10.5,20.5,0,0.0,0,126000.0,510000.0,Rent,1,Single,Tier-1,1,0
APP100201,53,1044000.0,87000.0,0.0,Self-Employed,Retail,4.8,Doctorate,732,8.3,8,1,4,4,0,Gold,2730000.0,6,6,0,10,100.0,1,0,0,0,1,2,270000.0,70740.0,26.2,5000.0,0,1,1386740.0,25700.0,33.6,Home,8870000.0,240,7.93,73806.0,84.8,118.4,1,23.3,0,187000.0,590000.0,Family,1,Married,Tier-1,0,-1
APP100202,39,528000.0,44000.0,0.0,Business Owner,Government,7.6,Post-Graduate,738,5.1,4,3,2,1,0,Home,1340000.0,2,2,0,10,100.0,0,0,0,1,0,0,0.0,0.0,0.0,0.0,0,0,307000.0,11900.0,27.0,Auto,350000.0,60,9.11,7284.0,16.6,43.6,1,20.2,0,226000.0,320000.0,Rent,2,Married,Tier-1,1,0
APP100203,45,540000.0,45000.0,0.0,Business Owner,Banking/Finance,11.5,Post-Graduate,658,2.9,7,1,1,0,0,Education,610000.0,1,1,0,15,88.9,0,0,1,0,0,0,0.0,0.0,0.0,0.0,0,0,591000.0,10300.0,22.9,Debt Consolidation,470000.0,60,13.81,10890.0,24.2,47.1,0,0.0,0,317000.0,1790000.0,Own,0,Single,Tier-2,1,0
APP100204,21,754000.0,62833.0,149000.0,Contract,Other,0.0,Post-Graduate,587,1.0,1,3,2,2,0,Business,1910000.0,2,2,0,31,89.0,0,2,0,0,1,1,180000.0,17460.0,9.7,1500.0,0,2,629460.0,9100.0,15.9,Business,1000000.0,84,14.65,19101.0,30.4,46.3,0,0.0,0,454000.0,1400000.0,Rent,2,Married,Tier-1,1,1
APP100205,37,456000.0,38000.0,46000.0,Salaried,Retail,4.9,Graduate,646,1.4,4,1,0,0,0,None,0.0,2,2,0,29,99.6,0,0,0,0,1,2,210000.0,84000.0,40.0,1500.0,0,1,1676000.0,26600.0,81.1,Auto,360000.0,36,10.54,11708.0,30.8,111.9,1,14.2,0,65000.0,550000.0,Rent,3,Married,Tier-1,0,-1
APP100206,29,203000.0,16917.0,0.0,Self-Employed,Retail,1.7,Graduate,624,1.9,3,1,1,0,0,Personal,80000.0,2,2,0,52,100.0,0,0,0,0,1,2,95000.0,32300.0,34.0,2100.0,0,3,74300.0,900.0,14.9,Business,720000.0,36,13.65,24486.0,144.7,159.6,1,0.0,0,237000.0,500000.0,Own,0,Married,Tier-1,0,-1
APP100207,25,488000.0,40667.0,0.0,Salaried,Other,1.0,High School,662,5.0,8,0,3,2,1,Auto,1100000.0,5,4,1,12,92.2,1,1,0,0,0,0,0.0,0.0,0.0,0.0,0,0,207000.0,6200.0,15.2,Auto,340000.0,36,10.15,10995.0,27.0,42.3,1,11.0,0,1005000.0,890000.0,Rent,1,Single,Tier-3,1,0
APP100208,28,438000.0,36500.0,59000.0,Salaried,IT,6.3,Post-Graduate,694,8.0,4,3,3,3,1,Auto,950000.0,3,2,1,17,100.0,0,0,0,1,0,0,0.0,0.0,0.0,0.0,0,0,70000.0,3700.0,10.1,Home,2910000.0,120,9.3,37337.0,102.3,112.4,1,21.0,0,258000.0,1110000.0,Family,0,Married,Tier-1,0,-1
APP100209,34,263000.0,21917.0,0.0,Self-Employed,Manufacturing,2.3,Post-Graduate,722,8.0,4,1,5,4,0,Auto,580000.0,5,5,0,8,96.3,1,0,0,0,0,0,0.0,0.0,0.0,0.0,0,0,147000.0,3600.0,16.4,Personal,200000.0,24,12.61,9472.0,43.2,59.6,1,0.0,0,223000.0,330000.0,Rent,1,Married,Tier-1,1,0
APP100210,48,164000.0,13667.0,18000.0,Salaried,IT,5.6,Doctorate,590,5.9,4,0,2,1,1,Education,170000.0,3,3,0,17,90.1,0,0,1,2,1,2,90000.0,18630.0,20.7,400.0,0,0,117630.0,1700.0,19.3,Auto,220000.0,36,11.71,7277.0,53.2,72.5,1,28.4,0,13000.0,260000.0,Rent,2,Married,Tier-3,0,-1
APP100211,23,847000.0,70583.0,0.0,Salaried,Manufacturing,2.0,Post-Graduate,722,0.9,6,1,0,0,0,None,0.0,0,0,0,-1,100.0,0,0,0,2,1,3,410000.0,55760.0,13.6,9900.0,0,0,440760.0,9100.0,16.8,Home,4780000.0,180,7.86,45295.0,64.2,81.0,1,16.4,1,127000.0,1110000.0,Own,3,Single,Tier-1,1,0
APP100212,38,254000.0,21167.0,0.0,Salaried,Healthcare,1.2,Graduate,715,4.5,4,0,6,4,1,Personal,520000.0,8,7,1,16,99.4,0,0,0,0,0,0,0.0,0.0,0.0,0.0,0,0,131000.0,4100.0,19.4,Auto,210000.0,36,9.58,6735.0,31.8,51.2,1,16.9,0,314000.0,370000.0,Own,1,Married,Tier-2,1,0
APP100213,33,168000.0,14000.0,0.0,Salaried,Retail,7.2,High School,624,2.8,6,0,0,0,0,None,0.0,0,0,0,-1,89.8,1,1,0,0,0,0,0.0,0.0,0.0,0.0,0,0,146000.0,2400.0,17.1,Debt Consolidation,80000.0,36,15.91,2809.0,20.1,37.2,0,0.0,1,159000.0,260000.0,Rent,0,Single,Tier-1,1,0
APP100214,34,548000.0,45667.0,0.0,Self-Employed,Government,11.1,High School,708,2.8,3,1,2,2,0,Home,1030000.0,2,1,1,50,100.0,0,0,0,1,0,0,0.0,0.0,0.0,0.0,0,0,177000.0,3100.0,6.8,Business,2140000.0,36,12.74,71837.0,157.3,164.1,0,0.0,0,211000.0,610000.0,Rent,2,Married,Tier-3,0,-1
APP100215,49,771000.0,64250.0,0.0,Self-Employed,Healthcare,8.3,Graduate,692,5.4,3,2,3,3,0,Gold,500000.0,3,2,1,50,100.0,0,0,0,0,1,5,150000.0,41100.0,27.4,4500.0,1,0,1312100.0,22000.0,37.4,Personal,550000.0,24,14.04,26417.0,41.1,78.6,0,0.0,1,168000.0,450000.0,Own,3,Single,Tier-3,0,-1
APP100216,44,337000.0,28083.0,0.0,Salaried,IT,2.6,Post-Graduate,681,8.0,6,0,3,3,0,Education,740000.0,3,3,0,18,90.5,0,1,0,0,1,3,120000.0,22680.0,18.9,3500.0,0,0,461680.0,6300.0,26.5,Home,3310000.0,300,9.39,28667.0,102.1,128.6,1,21.4,1,114000.0,430000.0,Rent,3,Single,Tier-3,0,-1
APP100217,53,535000.0,44583.0,0.0,Salaried,Banking/Finance,5.3,High School,533,5.0,4,1,2,1,0,Gold,1200000.0,2,2,0,43,84.8,1,0,1,0,1,2,250000.0,163750.0,65.5,7500.0,0,0,497750.0,5500.0,30.7,Personal,140000.0,36,15.83,4910.0,11.0,41.7,0,0.0,0,267000.0,1340000.0,Own,1,Married,Tier-3,0,-1
APP100218,36,1684000.0,140333.0,0.0,Salaried,Government,5.8,Post-Graduate,789,16.0,10,0,3,3,0,Personal,2200000.0,3,2,1,21,96.0,0,0,0,1,1,2,1005000.0,477375.0,47.5,23500.0,1,1,2793375.0,40700.0,46.0,Personal,1130000.0,60,11.92,25091.0,17.9,63.9,0,0.0,0,1380000.0,3720000.0,Family,1,Married,Tier-1,1,0
APP100219,30,903000.0,75250.0,0.0,Salaried,Education,5.0,Graduate,698,5.8,4,1,3,2,0,Auto,1920000.0,5,5,0,46,100.0,1,0,0,0,1,3,250000.0,80500.0,32.2,1800.0,0,1,144500.0,3000.0,9.3,Personal,500000.0,60,13.2,11428.0,15.2,24.5,0,0.0,0,236000.0,1700000.0,Family,1,Single,Tier-3,1,0
APP100220,36,1187000.0,98917.0,171000.0,Business Owner,Other,1.8,Graduate,665,0.7,3,3,2,1,0,Business,1780000.0,2,1,1,13,98.3,1,0,0,1,1,3,665000.0,187530.0,28.2,8400.0,0,0,1825530.0,24500.0,34.2,Business,3770000.0,60,14.1,87917.0,88.9,123.1,0,0.0,1,92000.0,2870000.0,Rent,0,Single,Tier-1,0,-1
APP100221,41,683000.0,56917.0,0.0,Self-Employed,Other,2.9,Post-Graduate,711,15.6,10,3,7,4,0,Business,1560000.0,8,7,1,36,98.9,0,0,0,0,1,1,125000.0,40375.0,32.3,3500.0,0,1,795375.0,16900.0,33.2,Business,2230000.0,84,12.65,40145.0,70.5,103.8,0,0.0,1,279000.0,220000.0,Rent,1,Married,Tier-3,0,-1
APP100222,40,336000.0,28000.0,0.0,Salaried,Banking/Finance,4.7,Graduate,677,4.8,5,2,2,1,0,Personal,920000.0,3,3,0,56,96.7,2,0,0,1,0,0,0.0,0.0,0.0,0.0,0,0,245000.0,3900.0,13.9,Home,1720000.0,180,9.11,17558.0,62.7,76.6,1,11.9,0,30000.0,830000.0,Rent,0,Married,Tier-3,1,0
APP100223,26,522000.0,43500.0,0.0,Salaried,Government,5.0,Post-Graduate,771,6.0,5,0,3,3,0,Auto,370000.0,3,2,1,29,100.0,0,0,0,1,0,0,0.0,0.0,0.0,0.0,0,0,844000.0,13400.0,30.8,Education,300000.0,84,8.01,4677.0,10.8,41.6,0,0.0,0,697000.0,750000.0,Family,0,Divorced,Tier-1,1,0
APP100224,39,204000.0,17000.0,0.0,Retired,None,0.0,Graduate,619,1.3,7,4,3,2,0,Home,300000.0,4,3,1,50,100.0,0,0,0,0,0,0,0.0,0.0,0.0,0.0,0,0,179000.0,6400.0,37.6,Education,160000.0,84,11.92,2818.0,16.6,54.2,0,0.0,0,120000.0,120000.0,Own,2,Married,Tier-1,1,0
APP100225,41,305000.0,25417.0,0.0,Business Owner,IT,0.9,Graduate,663,2.4,5,1,0,0,0,None,0.0,1,1,0,49,100.0,0,0,0,1,0,0,0.0,0.0,0.0,0.0,0,0,276000.0,11200.0,44.1,Personal,160000.0,60,13.79,3706.0,14.6,58.6,0,0.0,0,330000.0,150000.0,Own,0,Married,Tier-2,1,0
APP100226,66,208000.0,17333.0,39000.0,Salaried,Construction,3.7,High School,634,1.9,2,2,2,2,0,Auto,110000.0,2,2,0,15,97.5,1,0,0,0,0,0,0.0,0.0,0.0,0.0,0,0,311000.0,5800.0,33.5,Debt Consolidation,100000.0,36,14.8,3457.0,19.9,53.4,0,0.0,0,146000.0,80000.0,Rent,1,Married,Tier-3,1,1
APP100227,59,226000.0,18833.0,38000.0,Salaried,Manufacturing,15.7,Graduate,618,9.9,5,2,4,4,1,Home,100000.0,7,5,2,58,98.5,0,0,0,0,1,6,110000.0,84920.0,77.2,2900.0,1,1,309920.0,6000.0,54.4,Auto,170000.0,60,10.9,3688.0,19.6,74.0,1,27.2,0,126000.0,2190000.0,Own,0,Married,Tier-2,0,-1
APP100228,29,631000.0,52583.0,0.0,Salaried,Other,7.2,Post-Graduate,673,9.0,5,1,2,1,0,Gold,730000.0,4,3,1,48,97.9,1,1,0,1,1,2,345000.0,63825.0,18.5,3000.0,0,1,1103825.0,16900.0,38.2,Auto,670000.0,60,10.79,14497.0,27.6,65.8,1,24.7,0,78000.0,4000000.0,Family,2,Single,Tier-1,0,-1
APP100229,35,210000.0,17500.0,7000.0,Retired,None,0.0,Post-Graduate,633,7.2,6,0,3,2,0,Business,450000.0,3,3,0,4,99.8,0,0,0,1,1,3,80000.0,37600.0,47.0,1200.0,0,1,99600.0,1700.0,20.5,Auto,240000.0,48,11.15,6220.0,35.5,56.0,1,17.3,1,42000.0,340000.0,Family,2,Married,Tier-1,1,0
APP100230,22,355000.0,29583.0,0.0,Salaried,Retail,1.0,Post-Graduate,729,2.0,3,3,2,1,0,Auto,810000.0,3,1,2,46,100.0,0,0,0,0,0,0,0.0,0.0,0.0,0.0,0,0,72000.0,1800.0,6.1,Personal,200000.0,36,12.67,6707.0,22.7,28.8,0,0.0,0,55000.0,1150000.0,Family,2,Married,Tier-3,1,0
APP100231,32,499000.0,41583.0,0.0,Salaried,Healthcare,3.9,High School,719,0.8,4,2,0,0,0,None,0.0,2,2,0,46,100.0,1,0,0,0,0,0,0.0,0.0,0.0,0.0,0,0,332000.0,6000.0,14.4,Home,2320000.0,240,8.36,19928.0,47.9,62.4,1,26.1,0,105000.0,590000.0,Family,1,Divorced,Tier-1,1,1
APP100232,41,135000.0,11250.0,14000.0,Retired,None,0.0,Doctorate,714,2.6,6,0,0,0,0,None,0.0,0,0,0,-1,100.0,0,0,0,0,0,0,0.0,0.0,0.0,0.0,0,0,85000.0,1500.0,13.3,Home,690000.0,120,8.71,8633.0,76.7,90.1,1,12.2,0,42000.0,70000.0,Family,2,Single,Tier-3,0,-1
APP100233,51,321000.0,26750.0,0.0,Business Owner,Government,2.7,High School,695,3.0,4,2,3,3,0,Education,470000.0,4,3,1,12,100.0,0,0,0,0,0,0,0.0,0.0,0.0,0.0,0,0,132000.0,3700.0,13.8,Auto,370000.0,84,9.87,6118.0,22.9,36.7,1,23.6,0,51000.0,290000.0,Rent,0,Single,Tier-2,1,0
APP100234,30,509000.0,42417.0,34000.0,Salaried,Government,6.9,High School,629,1.1,2,4,0,0,0,None,0.0,1,1,0,53,100.0,0,0,0,1,1,2,130000.0,46150.0,35.5,2700.0,1,3,933150.0,17900.0,47.6,Business,690000.0,84,13.29,12661.0,29.8,77.5,0,0.0,1,53000.0,310000.0,Rent,3,Married,Tier-3,0,-1
APP100235,31,913000.0,76083.0,0.0,Salaried,Healthcare,6.3,Post-Graduate,694,4.6,1,2,2,1,0,Education,700000.0,2,2,0,14,100.0,0,0,0,0,1,3,520000.0,197080.0,37.9,5800.0,1,1,850080.0,13100.0,30.2,Debt Consolidation,700000.0,36,14.86,24218.0,31.8,62.0,0,0.0,0,56000.0,840000.0,Own,1,Married,Tier-1,1,1
APP100236,21,323000.0,26917.0,69000.0,Salaried,Other,0.0,Post-Graduate,642,1.0,5,1,0,0,0,None,0.0,1,0,1,21,99.0,1,0,0,0,1,1,190000.0,51300.0,27.0,2200.0,0,1,98300.0,1400.0,14.7,Auto,390000.0,84,10.44,6563.0,24.4,39.1,1,20.8,1,37000.0,270000.0,Rent,3,Married,Tier-3,1,0
APP100237,36,672000.0,56000.0,0.0,Self-Employed,Construction,5.0,Post-Graduate,708,9.1,6,2,3,3,0,Home,1000000.0,5,4,1,3,100.0,0,0,0,0,0,0,0.0,0.0,0.0,0.0,0,0,548000.0,26100.0,46.6,Home,5050000.0,240,8.0,42240.0,75.4,122.0,1,18.7,1,323000.0,760000.0,Family,2,Married,Tier-1,0,-1
APP100238,26,351000.0,29250.0,0.0,Salaried,Construction,5.0,Post-Graduate,611,6.0,5,1,1,1,1,Home,380000.0,4,1,3,29,97.8,1,0,0,0,1,1,155000.0,98115.0,63.3,3100.0,1,3,355115.0,6200.0,38.0,Home,2100000.0,180,10.76,23553.0,80.5,118.5,1,11.1,0,112000.0,880000.0,Own,1,Married,Tier-3,0,-1
APP100239,32,144000.0,12000.0,0.0,Retired,None,0.0,Graduate,611,3.9,7,2,3,2,0,Education,80000.0,4,4,0,50,93.2,3,0,0,0,0,0,0.0,0.0,0.0,0.0,0,0,106000.0,3200.0,26.7,Education,150000.0,120,11.8,2135.0,17.8,44.5,0,0.0,1,73000.0,50000.0,Rent,0,Single,Tier-1,1,1
APP100240,28,130000.0,10833.0,5000.0,Retired,None,0.0,High School,652,3.2,4,1,1,1,0,Business,260000.0,2,2,0,1,97.2,0,1,0,0,0,0,0.0,0.0,0.0,0.0,0,0,37000.0,1300.0,12.0,Personal,40000.0,24,14.46,1929.0,17.8,29.8,0,0.0,1,30000.0,10000.0,Rent,2,Married,Tier-2,1,0
APP100241,37,491000.0,40917.0,0.0,Self-Employed,Government,6.2,High School,678,4.1,13,2,0,0,0,None,0.0,0,0,0,-1,100.0,0,0,0,1,0,0,0.0,0.0,0.0,0.0,0,0,181000.0,6600.0,16.1,Auto,410000.0,60,10.07,8725.0,21.3,37.5,1,24.6,0,108000.0,1570000.0,Own,5,Married,Tier-1,1,0
APP100242,21,524000.0,43667.0,0.0,Self-Employed,IT,0.0,Graduate,675,1.0,7,2,1,1,0,Auto,590000.0,1,1,0,12,100.0,0,0,0,0,1,4,85000.0,13600.0,16.0,2000.0,0,0,185600.0,4900.0,12.8,Debt Consolidation,580000.0,24,14.78,28062.0,64.3,77.0,1,0.0,0,236000.0,400000.0,Rent,0,Married,Tier-3,1,0
APP100243,22,472000.0,39333.0,0.0,Salaried,Construction,1.0,Graduate,657,1.8,5,1,1,0,1,Gold,370000.0,1,0,1,9,97.4,1,0,0,1,1,3,230000.0,32200.0,14.0,1100.0,0,0,367200.0,9800.0,29.0,Home,3080000.0,120,9.41,39703.0,100.9,129.9,1,13.2,0,179000.0,640000.0,Family,2,Married,Tier-1,0,-1
APP100244,61,66000.0,5500.0,0.0,Retired,None,0.0,High School,635,3.3,4,0,0,0,0,None,0.0,1,1,0,55,100.0,0,0,0,1,0,0,0.0,0.0,0.0,0.0,0,0,30000.0,800.0,14.5,Personal,30000.0,12,13.99,2693.0,49.0,63.5,1,0.0,0,26000.0,10000.0,Family,0,Single,Tier-1,0,-1
APP100245,24,777000.0,64750.0,0.0,Business Owner,Government,3.0,Graduate,647,2.8,1,5,2,1,0,Auto,1280000.0,4,2,2,36,98.4,0,0,0,0,1,3,295000.0,126850.0,43.0,7100.0,0,0,2411850.0,36600.0,66.3,Personal,240000.0,60,14.34,5627.0,8.7,75.0,0,0.0,0,219000.0,600000.0,Own,1,Single,Tier-1,0,-1
APP100246,26,569000.0,47417.0,0.0,Salaried,Healthcare,3.3,Graduate,746,6.0,2,0,3,2,0,Education,1610000.0,4,3,1,25,100.0,0,0,0,0,0,0,0.0,0.0,0.0,0.0,0,0,972000.0,18600.0,39.2,Personal,280000.0,60,13.71,6473.0,13.7,52.9,0,0.0,0,250000.0,2750000.0,Rent,2,Married,Tier-2,1,0
APP100247,58,745000.0,62083.0,0.0,Salaried,Other,1.3,Post-Graduate,761,9.7,4,2,1,0,0,Home,1450000.0,3,3,0,36,94.5,0,0,0,0,0,0,0.0,0.0,0.0,0.0,0,0,1069000.0,20300.0,32.7,Auto,600000.0,84,8.35,9457.0,15.2,47.9,1,13.1,0,64000.0,950000.0,Family,1,Married,Tier-2,1,0
APP100248,70,322000.0,26833.0,0.0,Salaried,Government,13.1,Graduate,630,7.3,2,0,1,0,0,Home,860000.0,1,1,0,14,90.8,1,1,0,1,1,3,65000.0,11310.0,17.4,400.0,0,0,493310.0,8500.0,33.8,Personal,300000.0,12,14.2,26964.0,100.5,134.3,0,0.0,0,130000.0,240000.0,Own,0,Married,Tier-1,0,-1
APP100249,25,702000.0,58500.0,0.0,Salaried,Construction,4.0,Graduate,702,2.2,4,1,2,1,1,Personal,1860000.0,4,4,0,13,100.0,0,0,0,0,0,0,0.0,0.0,0.0,0.0,0,0,406000.0,8100.0,13.8,Debt Consolidation,580000.0,60,14.53,13655.0,23.3,37.2,0,0.0,0,130000.0,1550000.0,Own,0,Single,Tier-3,1,0
APP100250,34,208000.0,17333.0,0.0,Salaried,Government,4.9,Graduate,629,8.4,9,2,3,3,0,Personal,570000.0,4,3,1,34,94.7,1,1,0,0,0,0,0.0,0.0,0.0,0.0,0,0,106000.0,3500.0,20.2,Home,2050000.0,180,9.76,21729.0,125.4,145.6,1,28.6,0,71000.0,1180000.0,Rent,0,Married,Tier-2,0,-1
APP100251,42,519000.0,43250.0,0.0,Business Owner,Education,6.4,Graduate,524,2.6,4,0,4,3,0,Home,200000.0,5,4,1,5,86.5,2,1,0,0,1,2,305000.0,213805.0,70.1,1700.0,1,0,452805.0,5100.0,36.5,Home,3560000.0,180,11.47,41520.0,96.0,132.5,1,11.6,1,81000.0,330000.0,Rent,5,Married,Tier-1,0,-1
APP100252,57,325000.0,27083.0,74000.0,Contract,Construction,7.4,Graduate,635,8.5,6,2,5,3,0,Gold,730000.0,7,7,0,11,100.0,0,0,0,0,1,2,60000.0,36420.0,60.7,500.0,0,0,198420.0,2700.0,16.7,Business,1220000.0,36,14.49,41988.0,155.0,171.7,0,0.0,1,24000.0,1090000.0,Rent,0,Married,Tier-1,0,-1
APP100253,27,177000.0,14750.0,0.0,Self-Employed,Healthcare,4.9,High School,572,4.0,3,3,3,1,1,Auto,500000.0,5,5,0,41,98.6,1,0,0,0,0,0,0.0,0.0,0.0,0.0,0,0,465000.0,7800.0,52.9,Personal,170000.0,60,15.72,4109.0,27.9,80.7,0,0.0,0,21000.0,50000.0,Rent,1,Single,Tier-1,0,-1
APP100254,35,399000.0,33250.0,0.0,Contract,Retail,6.7,Post-Graduate,710,10.9,4,0,3,2,0,Business,1150000.0,3,3,0,6,88.4,1,1,0,0,0,0,0.0,0.0,0.0,0.0,0,0,711000.0,12400.0,37.3,Home,3250000.0,300,8.54,26258.0,79.0,116.3,1,16.4,0,220000.0,3670000.0,Rent,1,Single,Tier-2,0,-1
APP100255,47,634000.0,52833.0,0.0,Salaried,Healthcare,8.1,Post-Graduate,608,1.3,4,1,0,0,0,None,0.0,1,1,0,58,81.4,2,0,1,0,0,0,0.0,0.0,0.0,0.0,0,0,183000.0,3800.0,7.2,Business,2010000.0,60,14.13,46905.0,88.8,96.0,0,0.0,0,138000.0,840000.0,Own,1,Married,Tier-1,0,-1
APP100256,43,136000.0,11333.0,0.0,Contract,Banking/Finance,6.1,Graduate,684,8.2,9,0,6,5,0,Auto,220000.0,7,7,0,16,100.0,0,0,0,2,0,0,0.0,0.0,0.0,0.0,0,0,116000.0,3300.0,29.1,Home,590000.0,240,7.99,4931.0,43.5,72.6,1,21.3,0,42000.0,130000.0,Own,4,Married,Tier-1,1,0
APP100257,34,403000.0,33583.0,0.0,Self-Employed,Construction,9.1,Graduate,724,11.6,5,1,6,1,0,Auto,380000.0,6,4,2,7,100.0,0,0,0,0,0,0,0.0,0.0,0.0,0.0,0,0,155000.0,2400.0,7.1,Home,3330000.0,120,8.73,41698.0,124.2,131.3,1,14.8,0,149000.0,400000.0,Own,0,Single,Tier-2,0,-1
APP100258,37,160000.0,13333.0,17000.0,Salaried,Retail,3.2,Graduate,634,4.2,2,1,2,1,0,Personal,420000.0,2,2,0,58,92.0,0,0,1,0,0,0,0.0,0.0,0.0,0.0,0,0,190000.0,2800.0,21.0,Business,490000.0,36,13.51,16631.0,124.7,145.7,0,0.0,0,18000.0,210000.0,Rent,1,Single,Tier-3,0,-1
APP100259,23,950000.0,79167.0,0.0,Salaried,IT,2.0,High School,703,3.0,4,1,1,0,0,Education,1140000.0,2,1,1,14,100.0,0,0,0,0,1,3,535000.0,217745.0,40.7,14800.0,0,1,741745.0,7600.0,23.4,Home,7450000.0,300,8.25,58740.0,74.2,97.5,1,25.1,0,56000.0,2110000.0,Own,0,Single,Tier-2,0,-1
APP100260,35,408000.0,34000.0,0.0,Salaried,Construction,14.0,High School,689,4.9,4,1,3,3,0,Education,150000.0,4,3,1,48,100.0,0,0,0,0,1,1,200000.0,24000.0,12.0,2500.0,0,3,141000.0,6100.0,21.5,Debt Consolidation,450000.0,24,13.57,21514.0,63.3,84.7,0,0.0,1,120000.0,470000.0,Own,1,Divorced,Tier-1,1,1
APP100261,35,621000.0,51750.0,0.0,Salaried,Other,10.5,Post-Graduate,604,7.3,2,0,6,3,2,Auto,1580000.0,6,6,0,40,96.2,1,0,0,1,1,1,175000.0,94850.0,54.2,1300.0,0,1,1008850.0,16900.0,41.8,Auto,800000.0,48,10.89,20634.0,39.9,81.7,1,15.9,0,125000.0,4440000.0,Own,4,Single,Tier-2,0,-1
APP100262,41,497000.0,41417.0,42000.0,Salaried,Education,6.2,Graduate,600,3.1,3,1,2,0,0,Auto,1000000.0,2,2,0,13,89.0,1,1,0,0,1,1,155000.0,27900.0,18.0,4200.0,0,0,139900.0,3000.0,10.6,Business,500000.0,36,14.21,17140.0,41.4,52.0,0,0.0,0,248000.0,2090000.0,Rent,0,Single,Tier-1,1,0
APP100263,32,434000.0,36167.0,0.0,Salaried,Healthcare,2.5,High School,723,2.7,3,2,2,0,0,Home,1280000.0,4,2,2,35,100.0,1,0,0,0,0,0,0.0,0.0,0.0,0.0,0,0,399000.0,9300.0,25.7,Auto,500000.0,60,9.55,10513.0,29.1,54.8,1,21.4,1,96000.0,370000.0,Own,1,Single,Tier-2,1,0
APP100264,43,928000.0,77333.0,0.0,Salaried,Construction,5.5,Post-Graduate,772,15.8,11,3,5,3,0,Education,1600000.0,5,4,1,59,100.0,0,0,0,1,0,0,0.0,0.0,0.0,0.0,0,0,294000.0,14500.0,18.8,Education,1180000.0,60,8.96,24472.0,31.6,50.4,0,0.0,1,21000.0,550000.0,Family,2,Single,Tier-2,1,0
APP100265,49,215000.0,17917.0,0.0,Self-Employed,Government,10.1,Graduate,629,3.8,3,1,2,1,1,Home,540000.0,2,1,1,59,100.0,1,0,0,0,0,0,0.0,0.0,0.0,0.0,0,0,62000.0,1200.0,6.7,Home,2030000.0,300,10.35,18950.0,105.8,112.5,1,23.4,0,129000.0,320000.0,Family,3,Single,Tier-2,0,-1
APP100266,40,123000.0,10250.0,0.0,Unemployed,None,0.0,Graduate,648,4.7,3,0,2,0,0,Personal,110000.0,2,1,1,35,100.0,0,0,0,0,0,0,0.0,0.0,0.0,0.0,0,0,127000.0,1900.0,18.5,Auto,120000.0,48,10.73,3086.0,30.1,48.6,1,28.6,0,66000.0,230000.0,Family,2,Single,Tier-1,0,-1
APP100267,42,806000.0,67167.0,0.0,Salaried,Healthcare,1.0,Graduate,652,3.4,5,1,0,0,0,None,0.0,1,1,0,19,99.9,0,1,0,3,1,2,330000.0,75900.0,23.0,4700.0,1,1,450900.0,18700.0,33.5,Auto,1130000.0,84,11.78,19815.0,29.5,63.0,1,28.0,0,123000.0,720000.0,Rent,3,Single,Tier-2,0,-1
APP100268,39,325000.0,27083.0,69000.0,Self-Employed,Other,1.3,High School,671,7.7,5,0,0,0,0,None,0.0,2,2,0,28,99.1,0,0,0,0,1,1,90000.0,47700.0,53.0,500.0,0,0,433700.0,9800.0,45.0,Home,2520000.0,180,9.01,25575.0,94.4,139.4,1,21.9,1,88000.0,390000.0,Rent,1,Married,Tier-1,0,-1
APP100269,38,287000.0,23917.0,0.0,Salaried,Other,1.4,High School,566,2.8,8,1,0,0,0,None,0.0,1,1,0,16,89.1,1,1,0,0,1,1,75000.0,45375.0,60.5,600.0,0,1,78375.0,1600.0,16.2,Personal,230000.0,60,15.62,5547.0,23.2,39.4,0,0.0,0,47000.0,680000.0,Own,1,Single,Tier-2,0,-1
APP100270,30,103000.0,8583.0,0.0,Contract,Government,7.5,Doctorate,517,4.4,1,1,4,2,0,Education,280000.0,5,4,1,1,99.1,1,0,0,0,1,2,50000.0,36950.0,73.9,1200.0,0,0,203950.0,2600.0,51.8,Personal,70000.0,12,15.78,6344.0,73.9,125.7,0,0.0,1,28000.0,420000.0,Rent,3,Married,Tier-1,0,-1
APP100271,41,206000.0,17167.0,0.0,Salaried,IT,1.4,Graduate,561,10.1,7,3,2,2,0,Business,470000.0,2,2,0,18,87.5,1,0,1,0,0,0,0.0,0.0,0.0,0.0,0,0,251000.0,4400.0,25.6,Auto,220000.0,60,11.58,4847.0,28.2,53.9,1,26.8,0,102000.0,120000.0,Own,1,Single,Tier-1,0,-1
APP100272,37,690000.0,57500.0,0.0,Salaried,Healthcare,2.4,Post-Graduate,763,9.2,8,2,6,3,0,Personal,1930000.0,7,7,0,45,100.0,0,0,0,0,1,2,170000.0,32470.0,19.1,5400.0,0,0,158470.0,3500.0,8.9,Business,1960000.0,60,12.04,43639.0,75.9,84.8,0,0.0,0,199000.0,120000.0,Rent,0,Married,Tier-1,0,-1
APP100273,61,232000.0,19333.0,11000.0,Retired,None,0.0,High School,694,3.7,5,1,1,0,0,Gold,530000.0,2,2,0,26,100.0,0,0,0,2,1,3,70000.0,18270.0,26.1,1200.0,0,1,302270.0,6000.0,35.8,Auto,290000.0,84,10.24,4850.0,25.1,60.8,1,16.7,0,105000.0,210000.0,Rent,2,Single,Tier-2,1,0
APP100274,55,960000.0,80000.0,0.0,Self-Employed,Retail,11.2,Post-Graduate,693,5.0,3,1,4,2,0,Business,580000.0,5,5,0,8,94.5,0,1,0,0,1,3,520000.0,128960.0,24.8,11500.0,0,1,522960.0,10100.0,20.7,Personal,320000.0,24,12.46,15132.0,18.9,39.6,0,0.0,0,89000.0,210000.0,Family,3,Single,Tier-1,1,1
APP100275,42,364000.0,30333.0,0.0,Contract,Construction,7.7,Graduate,556,2.3,4,3,0,0,0,None,0.0,1,1,0,18,91.7,1,1,0,2,0,0,0.0,0.0,0.0,0.0,0,0,903000.0,13300.0,43.8,Debt Consolidation,130000.0,36,16.26,4587.0,15.1,59.0,0,0.0,0,32000.0,180000.0,Family,3,Married,Tier-2,0,-1
APP100276,30,1354000.0,112833.0,0.0,Self-Employed,Construction,4.4,Graduate,713,5.0,2,1,2,1,0,Auto,920000.0,2,2,0,53,89.4,0,1,0,1,1,4,255000.0,58650.0,23.0,3100.0,1,1,189650.0,4900.0,6.9,Auto,1080000.0,60,9.92,22904.0,20.3,27.2,1,19.8,0,935000.0,130000.0,Family,0,Single,Tier-1,1,0
APP100277,26,636000.0,53000.0,54000.0,Contract,Healthcare,5.0,Graduate,646,6.0,8,3,4,1,0,Auto,200000.0,4,2,2,25,100.0,1,0,0,1,1,3,255000.0,57630.0,22.6,7100.0,0,1,198630.0,3300.0,11.7,Auto,380000.0,60,11.63,8382.0,15.8,27.5,1,11.7,0,202000.0,3540000.0,Family,2,Married,Tier-2,1,0
APP100278,51,412000.0,34333.0,97000.0,Salaried,IT,18.6,Graduate,553,8.7,4,2,1,1,1,Auto,190000.0,1,1,0,14,86.6,1,0,1,1,0,0,0.0,0.0,0.0,0.0,0,0,983000.0,20200.0,58.8,Auto,650000.0,36,12.04,21602.0,62.9,121.8,1,30.0,0,114000.0,80000.0,Rent,2,Single,Tier-1,0,-1
APP100279,41,1081000.0,90083.0,0.0,Salaried,Healthcare,5.6,High School,654,2.2,3,0,0,0,0,None,0.0,0,0,0,-1,96.3,2,0,0,0,1,3,425000.0,174250.0,41.0,12900.0,1,3,479250.0,12800.0,23.9,Debt Consolidation,400000.0,36,14.29,13727.0,15.2,39.1,1,0.0,0,1533000.0,11780000.0,Rent,2,Single,Tier-1,1,0
APP100280,43,169000.0,14083.0,0.0,Salaried,Healthcare,1.8,High School,615,1.1,3,1,2,1,0,Personal,430000.0,3,2,1,57,86.3,1,1,0,0,0,0,0.0,0.0,0.0,0.0,0,0,214000.0,3600.0,25.6,Business,590000.0,84,14.59,11250.0,79.9,105.4,0,0.0,0,195000.0,40000.0,Rent,1,Divorced,Tier-2,0,-1
APP100281,21,223000.0,18583.0,0.0,Salaried,Other,0.0,Post-Graduate,654,1.0,4,2,0,0,0,None,0.0,2,1,1,2,95.8,1,0,0,0,0,0,0.0,0.0,0.0,0.0,0,0,67000.0,3200.0,17.2,Home,1240000.0,300,9.28,10645.0,57.3,74.5,1,14.7,0,87000.0,740000.0,Rent,2,Single,Tier-2,0,-1
APP100282,48,247000.0,20583.0,0.0,Salaried,IT,2.5,High School,609,1.6,4,1,1,0,0,Personal,360000.0,1,0,1,36,93.2,1,1,0,0,0,0,0.0,0.0,0.0,0.0,0,0,204000.0,9300.0,45.2,Home,2000000.0,240,10.44,19887.0,96.6,141.8,1,10.0,0,42000.0,210000.0,Own,0,Married,Tier-1,0,-1
APP100283,43,207000.0,17250.0,30000.0,Salaried,Construction,3.0,High School,686,4.4,6,1,0,0,0,None,0.0,0,0,0,-1,100.0,1,0,0,0,0,0,0.0,0.0,0.0,0.0,0,0,183000.0,4100.0,23.8,Home,1140000.0,180,8.89,11488.0,66.6,90.4,1,23.0,0,64000.0,650000.0,Rent,1,Single,Tier-1,0,-1
APP100284,26,435000.0,36250.0,0.0,Salaried,Education,4.1,Post-Graduate,709,6.0,3,2,1,0,0,Business,250000.0,3,3,0,55,100.0,0,0,0,0,0,0,0.0,0.0,0.0,0.0,0,0,147000.0,4500.0,12.4,Personal,380000.0,60,12.92,8631.0,23.8,36.2,0,0.0,0,64000.0,1250000.0,Own,0,Single,Tier-2,1,0
APP100285,33,750000.0,62500.0,0.0,Self-Employed,IT,6.5,Graduate,607,4.5,9,2,2,2,0,Home,2200000.0,5,5,0,25,94.1,1,1,0,0,1,4,175000.0,53725.0,30.7,1800.0,0,0,529725.0,22200.0,39.8,Education,810000.0,60,11.42,17781.0,28.4,68.3,1,0.0,0,242000.0,330000.0,Rent,0,Married,Tier-2,0,-1
APP100286,41,402000.0,33500.0,90000.0,Salaried,Government,1.5,Graduate,583,2.9,7,1,1,0,0,Home,860000.0,1,1,0,31,84.5,0,1,1,0,0,0,0.0,0.0,0.0,0.0,0,0,133000.0,5200.0,15.5,Personal,330000.0,24,15.12,16019.0,47.8,63.3,0,0.0,0,159000.0,2850000.0,Own,0,Married,Tier-2,0,-1
APP100287,39,563000.0,46917.0,0.0,Self-Employed,Education,1.8,Post-Graduate,594,3.8,7,1,2,0,0,Education,1580000.0,3,3,0,31,98.4,1,0,0,0,1,1,235000.0,97055.0,41.3,4300.0,0,0,1727055.0,26000.0,65.8,Debt Consolidation,490000.0,60,16.21,11971.0,25.5,91.3,0,0.0,0,597000.0,180000.0,Rent,1,Single,Tier-2,1,0
APP100288,35,638000.0,53167.0,128000.0,Self-Employed,IT,8.1,Post-Graduate,636,7.1,1,3,2,1,0,Gold,1410000.0,3,1,2,38,95.4,0,1,0,0,1,4,255000.0,60180.0,23.6,7700.0,1,1,602180.0,8700.0,22.0,Personal,380000.0,60,14.49,8939.0,16.8,38.8,0,0.0,0,161000.0,600000.0,Own,1,Single,Tier-2,1,0
APP100289,37,89000.0,7417.0,0.0,Salaried,Healthcare,3.6,High School,585,5.6,10,1,4,0,0,Home,140000.0,4,4,0,47,96.9,0,1,0,0,0,0,0.0,0.0,0.0,0.0,0,0,16000.0,300.0,4.0,Personal,60000.0,24,15.57,2925.0,39.4,43.5,0,0.0,0,30000.0,750000.0,Own,3,Married,Tier-1,0,-1
APP100290,35,181000.0,15083.0,0.0,Salaried,Manufacturing,2.7,Graduate,664,2.3,5,2,0,0,0,None,0.0,0,0,0,-1,100.0,0,0,0,0,0,0,0.0,0.0,0.0,0.0,0,0,199000.0,4100.0,27.2,Auto,130000.0,36,10.88,4249.0,28.2,55.4,1,22.9,0,58000.0,350000.0,Own,0,Married,Tier-2,1,1
APP100291,40,380000.0,31667.0,0.0,Self-Employed,Banking/Finance,4.5,Graduate,674,8.8,7,0,1,1,0,Auto,560000.0,1,1,0,37,100.0,0,0,0,0,1,5,145000.0,84390.0,58.2,900.0,1,0,280390.0,10300.0,45.9,Business,530000.0,60,13.0,12059.0,38.1,83.9,0,0.0,0,258000.0,400000.0,Rent,0,Married,Tier-1,0,-1
APP100292,54,328000.0,27333.0,0.0,Self-Employed,Education,12.4,Graduate,639,1.9,5,2,2,2,0,Business,940000.0,2,2,0,22,100.0,0,0,0,1,1,2,140000.0,58380.0,41.7,3000.0,1,2,393380.0,8100.0,40.3,Business,1200000.0,36,12.82,40329.0,147.5,187.9,1,0.0,1,19000.0,430000.0,Rent,3,Married,Tier-3,0,-1
APP100293,21,440000.0,36667.0,0.0,Salaried,Education,0.0,Post-Graduate,672,1.0,5,0,3,0,0,Gold,850000.0,3,3,0,42,100.0,0,0,0,1,1,2,235000.0,100110.0,42.6,5500.0,0,2,773110.0,10100.0,41.2,Auto,620000.0,48,10.79,15961.0,43.5,84.7,1,27.6,0,439000.0,730000.0,Family,2,Single,Tier-3,0,-1
APP100294,35,1220000.0,101667.0,39000.0,Salaried,Banking/Finance,8.4,Post-Graduate,720,3.4,4,1,0,0,0,None,0.0,3,2,1,44,100.0,0,0,0,0,1,3,335000.0,132660.0,39.6,7700.0,0,1,1033660.0,14300.0,20.6,Personal,290000.0,60,12.73,6558.0,6.5,27.0,0,0.0,1,626000.0,4730000.0,Own,1,Married,Tier-1,1,0
APP100295,40,531000.0,44250.0,0.0,Business Owner,Banking/Finance,15.3,High School,719,4.2,8,0,1,0,0,Home,630000.0,2,2,0,59,100.0,0,0,0,1,0,0,0.0,0.0,0.0,0.0,0,0,981000.0,17200.0,38.9,Home,5260000.0,300,8.35,41825.0,94.5,133.4,1,22.7,0,69000.0,1250000.0,Family,1,Married,Tier-1,0,-1
APP100296,41,176000.0,14667.0,0.0,Self-Employed,Education,6.7,High School,627,2.0,3,3,1,1,0,Education,240000.0,2,1,1,38,99.8,1,0,0,1,0,0,0.0,0.0,0.0,0.0,0,0,336000.0,7800.0,53.2,Debt Consolidation,70000.0,36,14.58,2412.0,16.4,69.6,0,0.0,0,22000.0,160000.0,Own,2,Married,Tier-1,1,0
APP100297,34,387000.0,32250.0,0.0,Salaried,Retail,13.0,Post-Graduate,725,5.1,10,1,0,0,0,None,0.0,1,1,0,49,99.4,1,0,0,0,0,0,0.0,0.0,0.0,0.0,0,0,149000.0,3100.0,9.6,Debt Consolidation,240000.0,24,13.44,11460.0,35.5,45.1,0,0.0,0,36000.0,920000.0,Own,0,Married,Tier-2,1,0
APP100298,21,1026000.0,85500.0,83000.0,Salaried,Healthcare,0.0,Graduate,695,1.0,4,1,0,0,0,None,0.0,3,2,1,54,98.1,1,0,0,0,1,3,380000.0,104500.0,27.5,7500.0,0,0,358500.0,5000.0,12.0,Debt Consolidation,840000.0,36,14.43,28885.0,33.8,45.7,0,0.0,0,586000.0,170000.0,Own,1,Single,Tier-1,1,1
APP100299,42,174000.0,14500.0,0.0,Unemployed,None,0.0,Post-Graduate,634,3.2,3,3,0,0,0,None,0.0,0,0,0,-1,99.4,0,0,0,1,0,0,0.0,0.0,0.0,0.0,0,0,588000.0,9200.0,63.4,Personal,50000.0,24,14.65,2416.0,16.7,80.1,0,0.0,0,136000.0,390000.0,Rent,4,Married,Tier-1,0,-1
APP100300,57,424000.0,35333.0,49000.0,Salaried,IT,1.2,High School,665,4.0,4,1,4,4,0,Personal,380000.0,4,4,0,27,100.0,0,0,0,3,1,3,170000.0,101830.0,59.9,1100.0,1,2,367830.0,4900.0,28.3,Personal,180000.0,24,13.36,8588.0,24.3,52.6,0,0.0,0,178000.0,340000.0,Rent,1,Married,Tier-1,1,0
APP100301,21,108000.0,9000.0,7000.0,Contract,Construction,0.0,High School,540,1.0,3,5,0,0,0,None,0.0,1,1,0,22,100.0,1,0,0,0,1,6,45000.0,19800.0,44.0,800.0,0,1,49800.0,600.0,17.7,Home,740000.0,120,12.1,10660.0,118.4,136.1,1,10.7,0,80000.0,110000.0,Own,0,Married,Tier-1,0,-1
APP100302,48,557000.0,46417.0,91000.0,Salaried,Construction,11.7,Graduate,725,12.0,10,1,2,2,1,Home,1080000.0,3,1,2,14,100.0,0,0,0,0,1,3,150000.0,31050.0,20.7,2900.0,0,2,638050.0,9000.0,22.7,Auto,840000.0,60,9.31,17564.0,37.8,60.6,1,22.6,0,322000.0,1210000.0,Own,1,Married,Tier-1,0,-1
APP100303,34,872000.0,72667.0,66000.0,Self-Employed,Retail,4.6,Doctorate,635,3.1,5,0,1,1,0,Auto,1980000.0,3,3,0,25,98.4,1,0,0,0,1,3,420000.0,209160.0,49.8,4000.0,1,0,235160.0,700.0,15.4,Personal,650000.0,24,14.62,31399.0,43.2,58.6,0,0.0,0,77000.0,2650000.0,Family,2,Single,Tier-1,1,0
APP100304,37,324000.0,27000.0,0.0,Salaried,Manufacturing,4.2,High School,704,3.8,4,0,2,2,0,Personal,450000.0,3,3,0,34,99.6,0,0,0,0,0,0,0.0,0.0,0.0,0.0,0,0,263000.0,7200.0,26.7,Personal,290000.0,36,13.41,9829.0,36.4,63.1,0,0.0,0,32000.0,130000.0,Family,1,Married,Tier-2,1,1
APP100305,26,393000.0,32750.0,0.0,Salaried,Banking/Finance,5.0,Post-Graduate,714,4.9,4,0,4,2,0,Auto,380000.0,5,5,0,3,96.9,2,0,0,1,0,0,0.0,0.0,0.0,0.0,0,0,121000.0,1900.0,5.8,Personal,120000.0,36,13.36,4064.0,12.4,18.2,0,0.0,1,143000.0,570000.0,Own,3,Single,Tier-2,1,0
APP100306,34,60000.0,5000.0,0.0,Unemployed,None,0.0,Graduate,503,1.4,2,0,2,2,0,Personal,30000.0,2,2,0,21,95.7,1,1,0,1,0,0,0.0,0.0,0.0,0.0,0,0,89000.0,1500.0,30.0,Home,500000.0,240,12.8,5787.0,115.7,145.7,1,20.0,0,5000.0,20000.0,Own,0,Married,Tier-2,0,-1
APP100307,52,231000.0,19250.0,0.0,Salaried,Other,6.2,High School,672,0.9,5,1,0,0,0,None,0.0,1,0,1,19,100.0,0,0,0,1,0,0,0.0,0.0,0.0,0.0,0,0,365000.0,12000.0,62.3,Auto,330000.0,60,10.57,7104.0,36.9,99.2,1,21.2,0,27000.0,440000.0,Family,3,Single,Tier-3,0,-1
APP100308,44,85000.0,7083.0,5000.0,Retired,None,0.0,Graduate,612,4.0,2,3,1,0,0,Gold,70000.0,2,2,0,30,99.6,0,0,0,0,0,0,0.0,0.0,0.0,0.0,0,0,10000.0,200.0,2.8,Business,270000.0,84,14.15,5082.0,71.7,74.6,0,0.0,0,93000.0,30000.0,Own,0,Divorced,Tier-1,0,-1
APP100309,57,880000.0,73333.0,0.0,Salaried,Construction,2.5,Graduate,636,1.0,2,0,0,0,0,None,0.0,1,1,0,27,93.6,1,1,0,0,1,1,510000.0,299370.0,58.7,3600.0,0,1,1320370.0,16000.0,42.2,Personal,320000.0,24,14.61,15456.0,21.1,63.3,0,0.0,1,531000.0,400000.0,Own,0,Single,Tier-1,1,0
APP100310,51,98000.0,8167.0,0.0,Unemployed,None,0.0,Graduate,521,6.2,4,3,0,0,0,None,0.0,0,0,0,-1,92.6,1,0,0,0,0,0,0.0,0.0,0.0,0.0,0,0,46000.0,900.0,11.0,Auto,60000.0,60,12.99,1365.0,16.7,27.7,1,26.2,0,2000.0,300000.0,Rent,2,Married,Tier-2,0,-1
APP100311,43,137000.0,11417.0,12000.0,Retired,None,0.0,Graduate,510,6.4,6,4,6,5,1,Education,370000.0,6,5,1,5,100.0,1,0,0,0,1,4,25000.0,15850.0,63.4,600.0,0,2,61850.0,1100.0,16.6,Personal,90000.0,36,16.71,3196.0,28.0,44.6,0,0.0,0,14000.0,150000.0,Rent,1,Married,Tier-1,0,-1
APP100312,57,583000.0,48583.0,0.0,Self-Employed,Construction,6.1,Graduate,658,6.2,4,2,3,2,0,Home,960000.0,5,3,2,11,92.5,0,0,1,0,0,0,0.0,0.0,0.0,0.0,0,0,276000.0,7500.0,15.4,Auto,580000.0,36,10.73,18914.0,38.9,54.4,1,19.5,1,115000.0,840000.0,Family,1,Married,Tier-3,1,0
APP100313,43,562000.0,46833.0,75000.0,Salaried,Other,8.9,Graduate,662,8.3,4,2,2,2,0,Education,210000.0,2,1,1,36,93.1,1,1,0,1,0,0,0.0,0.0,0.0,0.0,0,0,383000.0,7400.0,15.8,Business,990000.0,84,13.43,18242.0,39.0,54.8,0,0.0,0,51000.0,340000.0,Rent,0,Married,Tier-3,1,0
APP100314,47,2817000.0,234750.0,0.0,Business Owner,Other,2.3,Post-Graduate,805,4.0,9,0,1,1,0,Home,2710000.0,2,2,0,13,100.0,0,0,0,1,0,0,0.0,0.0,0.0,0.0,0,0,2809000.0,45000.0,19.2,Business,8620000.0,36,10.55,280374.0,119.4,138.6,1,0.0,0,1670000.0,7400000.0,Rent,2,Married,Tier-2,1,0
APP100315,35,929000.0,77417.0,0.0,Self-Employed,Healthcare,3.0,Post-Graduate,708,12.3,11,3,3,2,0,Gold,1470000.0,3,3,0,17,94.2,0,1,0,0,1,4,170000.0,57290.0,33.7,5100.0,0,1,1144290.0,25100.0,36.1,Home,6910000.0,180,8.87,69552.0,89.8,126.0,1,12.9,0,61000.0,310000.0,Own,1,Divorced,Tier-1,0,-1
APP100316,39,253000.0,21083.0,60000.0,Retired,None,0.0,Graduate,658,5.8,7,3,0,0,0,None,0.0,1,1,0,11,100.0,0,0,0,2,1,3,55000.0,21450.0,39.0,1200.0,0,0,172450.0,4300.0,25.5,Personal,150000.0,24,14.72,7253.0,34.4,59.9,0,0.0,0,75000.0,260000.0,Own,0,Single,Tier-1,0,-1
APP100317,30,464000.0,38667.0,0.0,Salaried,Healthcare,9.0,Graduate,620,10.0,9,2,1,1,0,Gold,730000.0,2,1,1,22,85.4,4,0,0,3,1,2,180000.0,84240.0,46.8,5900.0,1,0,283240.0,7700.0,30.8,Business,690000.0,36,13.89,23546.0,60.9,91.7,0,0.0,0,123000.0,460000.0,Rent,0,Married,Tier-2,0,-1
APP100318,49,508000.0,42333.0,0.0,Salaried,Banking/Finance,4.9,Doctorate,627,8.0,6,1,7,5,0,Gold,580000.0,8,4,4,17,82.0,1,2,0,0,0,0,0.0,0.0,0.0,0.0,0,0,50000.0,1900.0,4.5,Education,510000.0,60,11.86,11309.0,26.7,31.2,0,0.0,1,552000.0,850000.0,Rent,0,Married,Tier-2,1,0
APP100319,25,681000.0,56750.0,50000.0,Salaried,Manufacturing,4.0,High School,645,4.1,3,2,1,1,0,Home,990000.0,3,2,1,18,93.3,1,1,0,0,0,0,0.0,0.0,0.0,0.0,0,0,839000.0,22400.0,39.5,Home,4460000.0,180,8.87,44892.0,79.1,118.6,1,27.2,0,91000.0,880000.0,Own,3,Married,Tier-2,0,-1
APP100320,47,1112000.0,92667.0,0.0,Business Owner,IT,2.3,Post-Graduate,671,5.7,4,2,2,2,0,Gold,3240000.0,2,1,1,37,99.2,1,0,0,0,0,0,0.0,0.0,0.0,0.0,0,0,149000.0,2700.0,2.9,Auto,1600000.0,48,10.12,40672.0,43.9,46.8,1,28.0,0,67000.0,1460000.0,Own,2,Married,Tier-2,1,0
APP100321,36,101000.0,8417.0,0.0,Retired,None,0.0,Graduate,459,7.1,3,4,1,0,0,Gold,100000.0,1,0,1,50,82.1,1,0,1,0,1,2,35000.0,11515.0,32.9,700.0,0,1,108515.0,1700.0,27.0,Business,210000.0,84,16.67,4252.0,50.5,77.6,0,0.0,0,29000.0,40000.0,Rent,2,Divorced,Tier-3,0,-1
APP100322,51,700000.0,58333.0,0.0,Salaried,Education,6.0,Post-Graduate,649,0.8,1,1,2,1,0,Education,840000.0,2,1,1,59,100.0,1,0,0,1,1,1,240000.0,100800.0,42.0,3200.0,0,2,1117800.0,28200.0,57.0,Auto,1020000.0,48,10.1,25919.0,44.4,101.4,1,28.0,0,73000.0,160000.0,Rent,1,Married,Tier-1,0,-1
APP100323,46,1010000.0,84167.0,0.0,Business Owner,Government,4.1,Graduate,744,1.4,1,3,0,0,0,None,0.0,0,0,0,-1,100.0,0,0,0,0,0,0,0.0,0.0,0.0,0.0,0,0,949000.0,30900.0,36.7,Auto,1210000.0,60,8.83,25018.0,29.7,66.4,1,20.0,0,544000.0,1210000.0,Own,2,Married,Tier-2,1,0
APP100324,58,60000.0,5000.0,0.0,Retired,None,0.0,Graduate,558,13.9,10,4,5,5,0,Personal,90000.0,7,6,1,15,97.3,2,0,0,0,0,0,0.0,0.0,0.0,0.0,0,0,46000.0,800.0,16.0,Personal,40000.0,36,16.21,1410.0,28.2,44.2,0,0.0,0,8000.0,70000.0,Own,0,Single,Tier-1,0,-1
APP100325,46,272000.0,22667.0,0.0,Salaried,Education,8.6,Graduate,647,7.0,4,1,0,0,0,None,0.0,1,1,0,37,100.0,0,0,0,0,1,2,160000.0,61600.0,38.5,4800.0,0,1,237600.0,2600.0,25.1,Business,890000.0,84,13.36,16366.0,72.2,97.3,0,0.0,1,138000.0,150000.0,Family,0,Single,Tier-2,0,-1
APP100326,21,367000.0,30583.0,0.0,Salaried,Government,0.0,High School,639,1.0,3,0,1,0,0,Education,530000.0,1,0,1,35,99.1,0,1,0,2,1,4,100000.0,57200.0,57.2,600.0,1,1,337200.0,6500.0,30.6,Home,1550000.0,300,10.54,14679.0,48.0,78.6,1,20.6,0,136000.0,60000.0,Own,1,Single,Tier-2,1,0
APP100327,37,165000.0,13750.0,0.0,Business Owner,Other,3.8,High School,526,3.9,4,2,2,2,1,Business,320000.0,3,3,0,39,100.0,1,0,0,0,1,2,65000.0,21905.0,33.7,1600.0,0,0,291905.0,7600.0,63.2,Education,110000.0,120,13.02,1644.0,12.0,75.2,1,0.0,0,61000.0,1000000.0,Rent,1,Married,Tier-1,0,-1
APP100328,25,256000.0,21333.0,0.0,Self-Employed,Education,1.7,Doctorate,545,5.0,4,1,3,3,0,Education,520000.0,3,3,0,17,86.6,0,1,1,0,0,0,0.0,0.0,0.0,0.0,0,0,116000.0,2900.0,13.6,Education,430000.0,84,12.67,7746.0,36.3,49.9,0,0.0,0,10000.0,450000.0,Own,1,Married,Tier-1,0,-1
APP100329,32,352000.0,29333.0,0.0,Salaried,Healthcare,1.4,Graduate,692,4.1,2,2,0,0,0,None,0.0,1,1,0,49,100.0,0,0,0,0,0,0,0.0,0.0,0.0,0.0,0,0,306000.0,4900.0,16.7,Personal,130000.0,12,13.81,11661.0,39.8,56.5,0,0.0,0,236000.0,910000.0,Own,0,Married,Tier-1,1,0
APP100330,55,338000.0,28167.0,0.0,Contract,Government,0.7,High School,743,7.0,2,3,2,2,0,Personal,890000.0,2,2,0,10,100.0,0,0,0,0,0,0,0.0,0.0,0.0,0.0,0,0,99000.0,5200.0,18.5,Personal,150000.0,12,12.81,13384.0,47.5,66.0,0,0.0,0,119000.0,420000.0,Rent,2,Married,Tier-1,1,0
APP100331,45,726000.0,60500.0,54000.0,Self-Employed,Banking/Finance,15.1,Graduate,719,12.9,9,1,3,1,0,Gold,800000.0,4,2,2,6,92.5,0,1,0,0,1,1,225000.0,11700.0,5.2,4400.0,0,0,21700.0,400.0,1.6,Education,530000.0,84,10.67,8983.0,14.8,16.5,0,0.0,0,379000.0,140000.0,Family,1,Married,Tier-3,1,0
APP100332,30,143000.0,11917.0,22000.0,Unemployed,None,0.0,Graduate,537,7.7,9,2,2,2,0,Business,170000.0,3,2,1,46,92.4,2,0,0,0,1,6,65000.0,19175.0,29.5,300.0,0,2,153175.0,5000.0,50.0,Personal,70000.0,36,15.65,2449.0,20.6,70.6,0,0.0,0,26000.0,50000.0,Own,1,Married,Tier-3,0,-1
APP100333,27,63000.0,5250.0,13000.0,Unemployed,None,0.0,Graduate,485,2.0,1,0,2,1,0,Home,100000.0,3,2,1,30,92.0,2,0,0,1,0,0,0.0,0.0,0.0,0.0,0,0,93000.0,1400.0,26.7,Auto,100000.0,36,13.83,3410.0,65.0,91.6,1,18.8,0,13000.0,120000.0,Own,2,Married,Tier-1,0,-1
APP100334,38,219000.0,18250.0,0.0,Contract,Healthcare,3.4,High School,659,4.3,3,3,2,2,0,Personal,640000.0,2,2,0,42,100.0,0,0,0,0,1,3,100000.0,13400.0,13.4,1600.0,0,1,210400.0,4200.0,26.7,Debt Consolidation,200000.0,24,14.88,9686.0,53.1,79.8,0,0.0,1,41000.0,890000.0,Rent,2,Single,Tier-1,1,0
APP100335,25,282000.0,23500.0,0.0,Self-Employed,Banking/Finance,3.4,Post-Graduate,517,5.0,7,6,0,0,0,None,0.0,0,0,0,-1,83.4,3,1,0,0,0,0,0.0,0.0,0.0,0.0,0,0,140000.0,4800.0,20.4,Auto,350000.0,60,13.34,8025.0,34.1,54.6,1,23.2,1,70000.0,270000.0,Own,1,Married,Tier-2,0,-1
APP100336,31,466000.0,38833.0,0.0,Salaried,IT,10.0,Post-Graduate,664,7.4,6,2,2,1,0,Education,1030000.0,3,3,0,5,95.9,0,0,0,0,1,2,210000.0,45570.0,21.7,2700.0,0,0,323570.0,5900.0,21.1,Education,860000.0,120,10.94,11817.0,30.4,51.5,0,0.0,1,54000.0,1310000.0,Own,2,Divorced,Tier-2,1,0
APP100337,41,662000.0,55167.0,0.0,Self-Employed,Other,1.2,Graduate,747,10.8,11,0,1,1,0,Education,920000.0,1,1,0,27,99.0,0,0,0,1,1,1,250000.0,44250.0,17.7,6300.0,0,1,739250.0,15800.0,32.7,Business,810000.0,36,11.89,26861.0,48.7,81.3,0,0.0,0,127000.0,70000.0,Family,0,Single,Tier-1,1,0
APP100338,51,801000.0,66750.0,0.0,Salaried,Government,3.9,Post-Graduate,598,7.4,5,2,4,1,1,Personal,2030000.0,4,4,0,20,97.4,1,0,0,1,1,2,375000.0,270000.0,72.0,2700.0,1,2,802000.0,12600.0,39.1,Auto,550000.0,84,11.98,9703.0,14.5,53.6,1,20.6,1,258000.0,210000.0,Family,1,Single,Tier-1,1,0
APP100339,45,599000.0,49917.0,71000.0,Self-Employed,Government,11.7,Graduate,733,4.5,4,1,3,2,0,Gold,1120000.0,4,4,0,7,100.0,0,0,0,0,0,0,0.0,0.0,0.0,0.0,0,0,194000.0,4300.0,8.6,Home,5960000.0,120,7.54,70871.0,142.0,150.6,1,21.2,1,84000.0,920000.0,Own,1,Married,Tier-1,0,-1
APP100340,21,541000.0,45083.0,0.0,Salaried,IT,0.0,Graduate,659,1.0,0,2,2,2,0,Education,1600000.0,4,4,0,14,98.9,2,0,0,1,0,0,0.0,0.0,0.0,0.0,0,0,0.0,0.0,0.0,Education,1050000.0,84,11.53,18272.0,40.5,40.5,0,0.0,0,173000.0,1010000.0,Rent,1,Single,Tier-2,1,0
APP100341,41,1251000.0,104250.0,0.0,Self-Employed,Construction,8.4,Post-Graduate,666,3.9,4,1,4,4,0,Home,3660000.0,4,2,2,38,100.0,1,0,0,1,1,3,515000.0,168405.0,32.7,13500.0,0,2,760405.0,26200.0,33.2,Auto,990000.0,60,10.13,21098.0,20.2,53.4,1,23.4,0,5204000.0,900000.0,Rent,1,Married,Tier-1,1,0
APP100342,39,561000.0,46750.0,0.0,Salaried,Manufacturing,5.0,Post-Graduate,710,3.2,4,3,3,1,0,Auto,1210000.0,3,3,0,58,99.0,1,0,0,1,0,0,0.0,0.0,0.0,0.0,0,0,114000.0,2800.0,6.0,Home,5180000.0,180,8.64,51435.0,110.0,116.0,1,20.7,1,164000.0,2940000.0,Family,2,Married,Tier-3,0,-1
APP100343,43,853000.0,71083.0,0.0,Salaried,Government,0.3,Graduate,689,3.1,6,2,1,0,0,Gold,1830000.0,2,0,2,14,93.5,0,1,0,0,0,0,0.0,0.0,0.0,0.0,0,0,397000.0,10800.0,15.2,Home,7740000.0,120,9.17,98761.0,138.9,154.1,1,25.6,0,680000.0,240000.0,Rent,1,Single,Tier-2,0,-1
APP100344,56,288000.0,24000.0,21000.0,Salaried,Retail,4.9,Graduate,644,9.7,10,2,4,4,1,Business,330000.0,4,3,1,19,92.5,1,0,0,0,0,0,0.0,0.0,0.0,0.0,0,0,181000.0,4500.0,18.8,Home,2580000.0,300,9.69,22883.0,95.3,114.1,1,19.3,1,707000.0,390000.0,Rent,0,Single,Tier-2,0,-1
APP100345,21,423000.0,35250.0,0.0,Self-Employed,Healthcare,0.0,Graduate,648,1.0,0,0,2,1,0,Business,900000.0,3,3,0,3,97.0,1,0,0,1,1,3,95000.0,51205.0,53.9,2000.0,0,1,51205.0,0.0,7.3,Auto,270000.0,36,10.91,8828.0,25.0,32.3,1,22.3,0,487000.0,450000.0,Own,1,Divorced,Tier-1,1,0
APP100346,31,279000.0,23250.0,0.0,Contract,Healthcare,4.6,Graduate,615,3.3,2,2,1,1,0,Home,270000.0,2,2,0,49,97.6,1,0,0,0,1,2,60000.0,33540.0,55.9,1600.0,0,1,218540.0,4200.0,25.3,Auto,310000.0,60,11.52,6821.0,29.3,54.6,1,19.0,0,297000.0,220000.0,Rent,2,Single,Tier-2,1,0
APP100347,44,638000.0,53167.0,0.0,Salaried,Banking/Finance,2.0,Graduate,741,4.8,2,1,2,0,0,Home,1230000.0,2,0,2,19,96.3,0,1,0,0,0,0,0.0,0.0,0.0,0.0,0,0,374000.0,6700.0,12.6,Education,1210000.0,60,9.26,25271.0,47.5,60.1,1,0.0,0,309000.0,1510000.0,Family,0,Married,Tier-1,1,0
APP100348,21,146000.0,12167.0,0.0,Contract,Construction,0.0,High School,542,1.0,8,2,0,0,0,None,0.0,1,1,0,17,100.0,1,0,0,0,1,2,30000.0,18930.0,63.1,800.0,0,1,194930.0,3000.0,32.4,Personal,100000.0,24,15.79,4886.0,40.2,72.6,0,0.0,1,24000.0,150000.0,Own,0,Married,Tier-2,0,-1
APP100349,54,63000.0,5250.0,0.0,Unemployed,None,0.0,Post-Graduate,542,0.9,2,1,0,0,0,None,0.0,0,0,0,-1,100.0,0,0,0,0,0,0,0.0,0.0,0.0,0.0,0,0,158000.0,2700.0,51.4,Home,440000.0,180,11.25,5070.0,96.6,148.0,1,27.8,0,49000.0,10000.0,Own,1,Married,Tier-1,0,-1
APP100350,42,190000.0,15833.0,29000.0,Salaried,Construction,3.9,Post-Graduate,718,7.5,4,1,3,2,0,Personal,340000.0,4,3,1,36,100.0,0,0,0,1,0,0,0.0,0.0,0.0,0.0,0,0,95000.0,2200.0,13.9,Business,610000.0,84,12.65,10981.0,69.4,83.3,0,0.0,0,30000.0,240000.0,Rent,0,Divorced,Tier-1,1,1
APP100351,47,518000.0,43167.0,0.0,Self-Employed,Construction,8.8,High School,720,10.2,4,3,2,1,1,Education,650000.0,4,4,0,57,100.0,0,0,0,0,0,0,0.0,0.0,0.0,0.0,0,0,45000.0,2100.0,4.9,Debt Consolidation,260000.0,60,12.63,5867.0,13.6,18.5,0,0.0,0,1299000.0,1260000.0,Own,1,Married,Tier-1,1,0
APP100352,32,1157000.0,96417.0,0.0,Salaried,Banking/Finance,11.0,Post-Graduate,631,9.0,6,2,2,1,0,Gold,1040000.0,4,2,2,16,87.9,1,1,0,0,1,2,545000.0,283400.0,52.0,12800.0,1,1,1373400.0,16700.0,32.0,Business,3570000.0,36,14.92,123615.0,128.2,160.2,0,0.0,0,691000.0,350000.0,Rent,1,Married,Tier-1,0,-1
APP100353,47,987000.0,82250.0,0.0,Salaried,Healthcare,13.0,Post-Graduate,668,8.6,7,2,5,3,1,Auto,1040000.0,6,5,1,21,93.6,0,1,0,0,0,0,0.0,0.0,0.0,0.0,0,0,448000.0,6500.0,7.9,Auto,810000.0,48,10.64,20794.0,25.3,33.2,1,21.4,0,60000.0,2790000.0,Rent,0,Married,Tier-1,1,0
APP100354,50,711000.0,59250.0,0.0,Self-Employed,Banking/Finance,2.2,Graduate,602,1.8,2,2,2,0,0,Auto,1680000.0,2,1,1,48,95.6,1,0,0,0,1,4,170000.0,125800.0,74.0,2800.0,0,0,229800.0,2700.0,15.2,Business,1990000.0,84,14.14,37447.0,63.2,78.4,0,0.0,0,231000.0,830000.0,Own,0,Married,Tier-2,0,-1
APP100355,41,649000.0,54083.0,0.0,Salaried,IT,1.4,Graduate,775,11.7,9,0,5,4,0,Auto,1710000.0,6,6,0,57,100.0,0,1,0,0,0,0,0.0,0.0,0.0,0.0,0,0,75000.0,1500.0,2.8,Auto,660000.0,84,8.5,10452.0,19.3,22.1,1,19.2,0,337000.0,200000.0,Rent,2,Divorced,Tier-2,1,0
APP100356,41,110000.0,9167.0,0.0,Unemployed,None,0.0,Post-Graduate,529,3.0,1,1,2,1,0,Home,280000.0,2,1,1,34,100.0,1,0,0,1,0,0,0.0,0.0,0.0,0.0,0,0,90000.0,1600.0,17.5,Auto,140000.0,84,12.55,2513.0,27.4,44.9,1,18.7,0,17000.0,180000.0,Rent,1,Married,Tier-1,0,-1
APP100357,41,281000.0,23417.0,0.0,Retired,None,0.0,Post-Graduate,708,1.6,4,2,1,0,0,Personal,820000.0,3,2,1,11,98.2,0,0,0,1,0,0,0.0,0.0,0.0,0.0,0,0,121000.0,4600.0,19.6,Business,520000.0,36,13.64,17682.0,75.5,95.2,0,0.0,1,130000.0,100000.0,Rent,0,Single,Tier-2,1,0
APP100358,29,554000.0,46167.0,0.0,Contract,Retail,8.0,Graduate,545,0.5,3,1,2,1,1,Personal,890000.0,3,3,0,7,99.7,1,0,0,0,1,1,205000.0,132020.0,64.4,2100.0,0,4,710020.0,13400.0,43.3,Personal,420000.0,60,15.36,10071.0,21.8,65.1,0,0.0,0,86000.0,890000.0,Rent,3,Married,Tier-1,0,-1
APP100359,36,322000.0,26833.0,0.0,Self-Employed,Banking/Finance,3.2,Graduate,757,5.8,3,0,1,1,0,Business,560000.0,1,1,0,47,97.9,0,0,0,0,0,0,0.0,0.0,0.0,0.0,0,0,431000.0,6600.0,24.6,Auto,360000.0,48,8.44,8863.0,33.0,57.6,1,14.1,0,166000.0,930000.0,Rent,0,Married,Tier-1,1,0
APP100360,36,534000.0,44500.0,0.0,Self-Employed,Education,5.5,Post-Graduate,588,11.9,2,3,6,5,0,Auto,740000.0,7,6,1,15,93.2,1,1,0,0,1,2,195000.0,59865.0,30.7,2800.0,1,4,184865.0,4900.0,17.7,Personal,380000.0,24,15.2,18461.0,41.5,59.2,0,0.0,0,62000.0,9900000.0,Family,1,Single,Tier-2,1,0
APP100361,42,250000.0,20833.0,0.0,Retired,None,0.0,Doctorate,675,10.8,4,3,3,2,0,Business,550000.0,3,3,0,10,100.0,0,0,0,1,1,1,85000.0,4165.0,4.9,400.0,0,0,521165.0,10900.0,53.3,Debt Consolidation,240000.0,36,14.38,8247.0,39.6,92.9,0,0.0,0,147000.0,520000.0,Own,1,Married,Tier-1,0,-1
APP100362,49,265000.0,22083.0,58000.0,Salaried,Healthcare,4.0,High School,651,5.0,13,0,3,3,1,Home,630000.0,3,3,0,12,98.1,1,0,0,1,0,0,0.0,0.0,0.0,0.0,0,0,139000.0,4400.0,19.9,Auto,280000.0,84,10.7,4750.0,21.5,41.4,1,15.9,0,70000.0,130000.0,Family,0,Married,Tier-2,1,0
APP100363,26,172000.0,14333.0,0.0,Salaried,IT,1.1,Graduate,659,6.0,6,1,2,2,0,Gold,400000.0,2,1,1,22,100.0,1,0,0,0,0,0,0.0,0.0,0.0,0.0,0,0,308000.0,5900.0,41.2,Auto,120000.0,84,10.76,2040.0,14.2,55.4,1,22.5,0,34000.0,30000.0,Own,3,Married,Tier-2,1,0
APP100364,37,315000.0,26250.0,0.0,Self-Employed,Retail,8.7,Post-Graduate,750,17.0,10,3,3,2,0,Personal,140000.0,3,2,1,51,100.0,0,0,0,0,0,0,0.0,0.0,0.0,0.0,0,0,286000.0,7700.0,29.3,Auto,390000.0,36,9.06,12413.0,47.3,76.6,1,29.4,0,19000.0,720000.0,Rent,1,Married,Tier-2,0,-1
APP100365,54,372000.0,31000.0,0.0,Salaried,Retail,6.1,High School,723,3.6,3,2,2,2,0,Home,690000.0,3,3,0,44,100.0,0,0,0,0,1,3,150000.0,21300.0,14.2,2800.0,0,0,110300.0,3300.0,14.1,Business,1000000.0,84,12.36,17846.0,57.6,71.6,0,0.0,0,108000.0,270000.0,Rent,1,Married,Tier-1,1,0
APP100366,30,748000.0,62333.0,0.0,Salaried,Construction,9.0,Graduate,641,6.8,2,2,3,2,1,Gold,1900000.0,4,2,2,56,93.5,0,0,1,0,1,1,140000.0,77700.0,55.5,4000.0,1,3,400700.0,8400.0,19.7,Personal,650000.0,60,14.17,15182.0,24.4,44.1,1,0.0,0,104000.0,50000.0,Own,1,Married,Tier-2,0,-1
APP100367,29,451000.0,37583.0,0.0,Salaried,Manufacturing,8.0,Graduate,665,9.0,9,2,6,5,0,Personal,880000.0,8,7,1,37,96.3,1,0,0,0,1,2,110000.0,90200.0,82.0,1500.0,1,1,389200.0,6100.0,28.2,Personal,300000.0,36,13.41,10168.0,27.1,55.3,0,0.0,0,73000.0,310000.0,Rent,1,Married,Tier-1,1,0
APP100368,40,2163000.0,180250.0,0.0,Self-Employed,IT,4.9,Graduate,694,1.6,3,2,1,0,1,Personal,6440000.0,2,2,0,51,98.1,0,0,0,0,1,3,770000.0,421190.0,54.7,11200.0,0,0,1845190.0,51200.0,40.1,Auto,2970000.0,48,10.32,75784.0,42.0,82.1,1,28.5,1,192000.0,810000.0,Family,1,Married,Tier-2,1,1
APP100369,47,342000.0,28500.0,0.0,Salaried,Construction,8.8,Post-Graduate,633,1.8,2,1,2,0,0,Auto,140000.0,2,1,1,56,90.6,3,0,0,0,0,0,0.0,0.0,0.0,0.0,0,0,233000.0,7900.0,27.7,Education,440000.0,84,10.57,7435.0,26.1,53.8,0,0.0,0,123000.0,3530000.0,Own,0,Married,Tier-1,1,0
APP100370,38,469000.0,39083.0,100000.0,Salaried,Manufacturing,14.8,High School,755,13.4,9,1,4,3,0,Business,1140000.0,5,3,2,40,100.0,0,0,0,0,0,0,0.0,0.0,0.0,0.0,0,0,381000.0,12500.0,32.0,Personal,240000.0,60,13.11,5474.0,14.0,46.0,0,0.0,0,188000.0,210000.0,Rent,0,Married,Tier-1,1,0
APP100371,53,1293000.0,107750.0,0.0,Salaried,Government,18.0,Post-Graduate,708,9.7,9,4,1,0,0,Personal,810000.0,2,1,1,24,100.0,0,0,0,1,1,3,525000.0,303975.0,57.9,14700.0,1,1,1305975.0,19200.0,31.9,Education,2050000.0,120,9.92,27000.0,25.1,57.0,0,0.0,0,605000.0,1230000.0,Own,1,Married,Tier-1,1,0
APP100372,47,791000.0,65917.0,0.0,Salaried,IT,6.6,Graduate,746,2.7,2,2,3,2,0,Education,300000.0,6,6,0,37,99.9,0,0,0,0,0,0,0.0,0.0,0.0,0.0,0,0,703000.0,20800.0,31.6,Education,1400000.0,84,9.89,23162.0,35.1,66.7,0,0.0,0,117000.0,960000.0,Own,3,Single,Tier-2,1,0
APP100373,47,108000.0,9000.0,0.0,Unemployed,None,0.0,Post-Graduate,465,2.0,2,0,5,3,1,Auto,220000.0,6,4,2,26,83.2,2,2,0,2,0,0,0.0,0.0,0.0,0.0,0,0,107000.0,2100.0,23.3,Business,420000.0,36,16.25,14818.0,164.6,188.0,0,0.0,0,26000.0,170000.0,Rent,0,Married,Tier-3,0,-1
APP100374,44,791000.0,65917.0,0.0,Salaried,IT,6.5,Graduate,715,1.8,0,0,2,0,0,Gold,640000.0,3,2,1,46,100.0,0,0,0,0,1,4,220000.0,53900.0,24.5,2400.0,1,3,53900.0,0.0,4.1,Education,420000.0,84,10.03,6979.0,10.6,14.7,0,0.0,0,185000.0,3160000.0,Rent,3,Single,Tier-1,1,0
APP100375,64,380000.0,31667.0,25000.0,Self-Employed,Construction,7.8,High School,615,5.7,1,2,4,2,1,Auto,360000.0,6,5,1,13,85.7,0,0,1,0,0,0,0.0,0.0,0.0,0.0,0,0,190000.0,4500.0,14.2,Business,1440000.0,36,13.77,49055.0,154.9,169.1,0,0.0,0,191000.0,710000.0,Family,2,Married,Tier-1,0,-1
APP100376,36,2165000.0,180417.0,0.0,Business Owner,Healthcare,10.4,Post-Graduate,702,2.8,9,2,2,0,0,Home,5380000.0,3,3,0,8,98.3,0,0,0,0,1,4,880000.0,418000.0,47.5,19200.0,0,2,3387000.0,53600.0,41.3,Personal,690000.0,24,12.48,32636.0,18.1,59.4,1,0.0,0,370000.0,1610000.0,Rent,3,Married,Tier-1,1,0
APP100377,21,1013000.0,84417.0,0.0,Salaried,Construction,0.0,Post-Graduate,652,1.0,5,2,1,1,0,Education,2850000.0,3,3,0,10,96.8,0,1,0,0,1,5,545000.0,227265.0,41.7,14400.0,0,1,512265.0,6700.0,21.4,Auto,1420000.0,60,10.22,30325.0,35.9,57.3,1,28.9,0,109000.0,660000.0,Rent,2,Married,Tier-2,0,-1
APP100378,56,268000.0,22333.0,0.0,Contract,Other,17.3,Graduate,654,1.8,3,2,2,0,0,Business,130000.0,4,4,0,54,92.9,1,0,0,2,0,0,0.0,0.0,0.0,0.0,0,0,106000.0,4800.0,21.5,Personal,230000.0,36,14.13,7875.0,35.3,56.8,0,0.0,0,81000.0,160000.0,Rent,2,Married,Tier-1,0,-1
APP100379,33,846000.0,70500.0,0.0,Business Owner,Education,12.0,Graduate,651,5.1,3,0,3,3,1,Education,1800000.0,4,4,0,42,91.7,0,1,0,1,1,1,205000.0,64575.0,31.5,4900.0,0,0,984575.0,14700.0,25.4,Home,6110000.0,300,10.39,57210.0,81.1,106.6,1,22.6,0,95000.0,9660000.0,Family,1,Divorced,Tier-1,0,-1
APP100380,39,204000.0,17000.0,34000.0,Self-Employed,Other,5.6,Graduate,679,1.6,5,3,3,1,0,Home,240000.0,4,3,1,36,100.0,0,0,0,0,0,0,0.0,0.0,0.0,0.0,0,0,5000.0,200.0,1.2,Debt Consolidation,190000.0,60,13.77,4398.0,25.9,27.0,1,0.0,0,28000.0,250000.0,Rent,3,Married,Tier-2,1,0
APP100381,52,1503000.0,125250.0,0.0,Salaried,Other,5.6,Doctorate,716,7.6,7,0,2,1,0,Gold,1460000.0,3,2,1,50,100.0,0,0,0,1,1,2,440000.0,165440.0,37.6,9700.0,0,0,1936440.0,37600.0,36.6,Auto,1690000.0,48,9.39,42369.0,33.8,70.5,1,29.2,0,1645000.0,2530000.0,Rent,2,Married,Tier-2,1,0
APP100382,21,453000.0,37750.0,0.0,Salaried,Government,0.0,Graduate,708,1.0,3,0,3,1,0,Education,270000.0,4,3,1,10,100.0,0,0,0,0,1,2,170000.0,30940.0,18.2,2600.0,1,0,282940.0,4200.0,15.2,Home,4430000.0,300,9.05,37328.0,98.9,114.1,1,15.9,0,51000.0,600000.0,Rent,0,Married,Tier-1,0,-1
APP100383,24,420000.0,35000.0,0.0,Retired,None,0.0,Post-Graduate,628,4.0,8,1,2,1,1,Business,740000.0,3,3,0,37,96.9,0,0,0,0,0,0,0.0,0.0,0.0,0.0,0,0,550000.0,17000.0,48.6,Home,2080000.0,180,9.75,22035.0,63.0,111.5,1,16.9,0,111000.0,80000.0,Rent,1,Divorced,Tier-2,0,-1
APP100384,21,320000.0,26667.0,0.0,Contract,Education,0.0,Graduate,706,1.0,3,0,1,1,0,Personal,770000.0,6,5,1,52,100.0,0,0,0,0,0,0,0.0,0.0,0.0,0.0,0,0,163000.0,2400.0,9.0,Personal,210000.0,36,12.54,7029.0,26.4,35.4,0,0.0,0,100000.0,2190000.0,Own,3,Divorced,Tier-2,1,0
APP100385,29,72000.0,6000.0,0.0,Retired,None,0.0,Post-Graduate,577,4.3,7,0,1,1,0,Gold,210000.0,2,1,1,8,94.6,1,0,0,1,1,1,10000.0,5810.0,58.1,300.0,0,0,82810.0,2200.0,41.5,Home,370000.0,180,10.39,4065.0,67.8,109.3,1,18.2,0,12000.0,30000.0,Family,0,Single,Tier-3,0,-1
APP100386,43,256000.0,21333.0,0.0,Unemployed,None,0.0,Graduate,624,2.5,4,1,3,0,0,Auto,140000.0,3,3,0,35,100.0,1,0,0,0,0,0,0.0,0.0,0.0,0.0,0,0,119000.0,2300.0,10.8,Debt Consolidation,140000.0,24,14.98,6787.0,31.8,42.6,1,0.0,0,110000.0,290000.0,Rent,1,Single,Tier-1,0,-1
APP100387,44,333000.0,27750.0,0.0,Salaried,Manufacturing,2.1,High School,577,3.6,8,1,3,1,2,Auto,680000.0,4,3,1,15,88.5,2,0,0,1,0,0,0.0,0.0,0.0,0.0,0,0,275000.0,4500.0,16.2,Home,2070000.0,180,11.06,23606.0,85.1,101.3,1,18.0,0,49000.0,570000.0,Rent,0,Married,Tier-1,0,-1
APP100388,41,284000.0,23667.0,0.0,Contract,Retail,10.5,Post-Graduate,685,1.1,3,0,2,1,0,Auto,520000.0,3,2,1,31,100.0,0,0,0,1,0,0,0.0,0.0,0.0,0.0,0,0,233000.0,10200.0,43.1,Education,170000.0,84,11.18,2927.0,12.4,55.5,0,0.0,0,82000.0,100000.0,Family,3,Single,Tier-1,1,0
APP100389,22,572000.0,47667.0,62000.0,Salaried,Manufacturing,1.0,High School,609,2.0,4,1,0,0,0,None,0.0,1,1,0,17,86.6,3,1,0,0,1,2,260000.0,47580.0,18.3,5200.0,0,1,1074580.0,21200.0,49.5,Auto,460000.0,48,11.53,12008.0,25.2,74.7,1,17.1,0,112000.0,550000.0,Own,1,Married,Tier-1,1,1
APP100390,21,1303000.0,108583.0,0.0,Contract,IT,0.0,Post-Graduate,676,1.0,7,1,0,0,0,None,0.0,0,0,0,-1,97.2,1,0,0,2,1,1,655000.0,132310.0,20.2,3300.0,0,1,1425310.0,28100.0,32.0,Home,8890000.0,300,9.27,76255.0,70.2,102.2,1,27.3,0,1190000.0,2280000.0,Rent,4,Married,Tier-1,0,-1
APP100391,39,296000.0,24667.0,26000.0,Salaried,Retail,6.7,High School,646,4.9,1,1,1,1,0,Education,380000.0,2,0,2,41,87.8,0,0,1,1,0,0,0.0,0.0,0.0,0.0,0,0,411000.0,6500.0,26.4,Business,430000.0,36,13.6,14613.0,59.2,85.6,0,0.0,0,205000.0,2770000.0,Own,0,Single,Tier-1,0,-1
APP100392,33,430000.0,35833.0,0.0,Salaried,Retail,9.0,Graduate,640,9.9,6,3,2,2,0,Personal,1150000.0,2,0,2,5,100.0,0,0,0,0,1,2,250000.0,144750.0,57.9,3500.0,1,1,328750.0,7500.0,41.1,Auto,310000.0,36,11.08,10161.0,28.4,69.5,1,22.0,0,72000.0,130000.0,Own,1,Divorced,Tier-3,0,-1
APP100393,43,981000.0,81750.0,136000.0,Business Owner,Other,9.8,Post-Graduate,793,12.4,2,0,6,2,0,Auto,2750000.0,6,5,1,50,100.0,0,0,0,0,0,0,0.0,0.0,0.0,0.0,0,0,1295000.0,30100.0,36.8,Education,620000.0,84,8.53,9828.0,12.0,48.8,0,0.0,1,360000.0,2820000.0,Own,2,Single,Tier-1,1,0
APP100394,46,219000.0,18250.0,0.0,Contract,Other,12.4,Graduate,631,5.7,3,1,2,1,1,Business,490000.0,3,3,0,21,95.0,1,0,0,0,0,0,0.0,0.0,0.0,0.0,0,0,222000.0,10400.0,57.0,Home,1770000.0,300,10.66,16915.0,92.7,149.7,1,17.1,0,35000.0,890000.0,Rent,2,Married,Tier-1,0,-1
APP100395,40,247000.0,20583.0,0.0,Self-Employed,Education,6.2,High School,590,2.0,3,1,0,0,0,None,0.0,0,0,0,-1,91.9,1,1,0,0,0,0,0.0,0.0,0.0,0.0,0,0,303000.0,5100.0,24.8,Business,890000.0,60,14.1,20755.0,100.8,125.6,0,0.0,0,36000.0,100000.0,Own,3,Married,Tier-1,0,-1
APP100396,46,1126000.0,93833.0,191000.0,Salaried,Construction,3.7,Graduate,583,1.9,4,1,3,1,0,Gold,920000.0,4,3,1,2,91.3,3,0,0,1,1,2,450000.0,368550.0,81.9,2500.0,1,0,551550.0,2800.0,22.6,Home,6390000.0,240,10.69,64614.0,68.9,91.5,1,16.2,0,621000.0,2050000.0,Family,0,Married,Tier-3,0,-1
APP100397,41,308000.0,25667.0,0.0,Salaried,Healthcare,6.8,High School,583,3.0,2,1,0,0,0,None,0.0,0,0,0,-1,99.9,1,0,0,0,1,3,80000.0,50400.0,63.0,2000.0,1,0,128400.0,4100.0,25.8,Personal,250000.0,12,15.27,22596.0,88.0,113.8,0,0.0,0,177000.0,1330000.0,Own,0,Single,Tier-1,0,-1
APP100398,44,126000.0,10500.0,0.0,Retired,None,0.0,Post-Graduate,433,2.6,3,1,3,2,0,Home,120000.0,4,2,2,41,68.2,2,2,1,1,0,0,0.0,0.0,0.0,0.0,0,0,50000.0,1700.0,16.2,Personal,80000.0,36,17.85,2886.0,27.5,43.7,0,0.0,0,18000.0,680000.0,Own,1,Married,Tier-1,0,-1
APP100399,30,266000.0,22167.0,0.0,Salaried,Other,9.0,High School,655,5.8,4,1,1,1,0,Home,100000.0,1,1,0,29,100.0,0,0,0,0,1,2,105000.0,24990.0,23.8,2800.0,0,1,365990.0,6400.0,34.5,Auto,410000.0,36,10.28,13284.0,59.9,94.4,1,15.6,0,137000.0,110000.0,Family,0,Married,Tier-2,0,-1
APP100400,36,734000.0,61167.0,0.0,Salaried,Banking/Finance,1.1,Graduate,700,2.1,2,3,1,0,0,Gold,830000.0,2,2,0,42,100.0,0,0,0,0,0,0,0.0,0.0,0.0,0.0,0,0,1498000.0,34300.0,56.1,Business,1660000.0,84,13.23,30407.0,49.7,105.8,0,0.0,0,61000.0,1150000.0,Rent,5,Married,Tier-1,0,-1
APP100401,40,143000.0,11917.0,0.0,Self-Employed,Government,19.0,High School,688,12.6,17,4,3,1,0,Education,140000.0,3,3,0,43,100.0,0,0,0,0,0,0,0.0,0.0,0.0,0.0,0,0,91000.0,2300.0,19.3,Home,1110000.0,240,8.86,9887.0,83.0,102.3,1,24.4,0,95000.0,1510000.0,Rent,0,Married,Tier-2,0,-1
APP100402,47,485000.0,40417.0,0.0,Salaried,Retail,3.6,Graduate,649,8.8,5,1,1,0,0,Auto,1300000.0,4,2,2,59,95.2,1,0,0,0,1,1,280000.0,141400.0,50.5,5300.0,1,0,668400.0,16100.0,57.3,Personal,430000.0,36,13.26,14542.0,36.0,93.3,1,0.0,1,276000.0,240000.0,Family,2,Married,Tier-1,1,0
APP100403,34,2423000.0,201917.0,0.0,Self-Employed,Healthcare,9.1,Post-Graduate,675,10.1,8,2,4,3,0,Gold,4340000.0,4,3,1,20,98.8,0,1,0,2,1,1,1225000.0,581875.0,47.5,9600.0,1,1,2978875.0,75500.0,51.8,Business,7650000.0,36,12.15,254638.0,126.1,177.9,1,0.0,0,521000.0,9690000.0,Rent,2,Married,Tier-1,0,-1
APP100404,44,1834000.0,152833.0,0.0,Salaried,Manufacturing,13.3,Post-Graduate,804,2.9,5,0,2,1,0,Auto,1150000.0,2,1,1,2,100.0,0,0,0,2,0,0,0.0,0.0,0.0,0.0,0,0,288000.0,7000.0,4.6,Business,2260000.0,84,10.87,38542.0,25.2,29.8,0,0.0,0,441000.0,9580000.0,Rent,1,Married,Tier-3,1,0
APP100405,35,503000.0,41917.0,0.0,Contract,Other,5.2,Graduate,608,2.1,6,0,0,0,0,None,0.0,0,0,0,-1,97.3,2,0,0,1,1,2,250000.0,75500.0,30.2,6400.0,0,1,267500.0,9900.0,32.6,Business,1170000.0,84,14.04,21952.0,52.4,85.0,0,0.0,1,158000.0,4300000.0,Own,3,Married,Tier-2,0,-1
APP100406,37,124000.0,10333.0,0.0,Unemployed,None,0.0,Graduate,605,2.7,4,0,2,1,0,Business,100000.0,3,2,1,41,100.0,0,0,0,1,0,0,0.0,0.0,0.0,0.0,0,0,49000.0,2100.0,20.3,Personal,30000.0,60,14.99,714.0,6.9,27.2,0,0.0,0,24000.0,50000.0,Rent,0,Married,Tier-2,1,0
APP100407,47,246000.0,20500.0,0.0,Retired,None,0.0,High School,613,5.2,5,4,3,3,0,Education,660000.0,3,1,2,58,95.4,0,1,0,0,0,0,0.0,0.0,0.0,0.0,0,0,58000.0,2200.0,10.7,Business,950000.0,84,14.24,17929.0,87.5,98.2,0,0.0,1,227000.0,250000.0,Rent,0,Married,Tier-1,0,-1
APP100408,21,514000.0,42833.0,0.0,Self-Employed,Retail,0.0,Post-Graduate,703,1.0,1,3,0,0,0,None,0.0,0,0,0,-1,100.0,0,0,0,0,1,1,205000.0,76875.0,37.5,6700.0,0,2,547875.0,7800.0,27.2,Personal,140000.0,12,13.45,12534.0,29.3,56.4,0,0.0,0,533000.0,1560000.0,Family,1,Married,Tier-2,1,0
APP100409,24,522000.0,43500.0,0.0,Salaried,Retail,3.0,High School,726,4.0,2,2,2,2,0,Education,340000.0,4,3,1,11,100.0,0,0,0,0,0,0,0.0,0.0,0.0,0.0,0,0,761000.0,12400.0,28.5,Personal,430000.0,24,13.34,20512.0,47.2,75.7,0,0.0,0,160000.0,1230000.0,Own,0,Married,Tier-1,1,0
APP100410,22,1630000.0,135833.0,0.0,Business Owner,Government,1.0,Graduate,779,2.0,6,1,2,1,0,Gold,3140000.0,4,4,0,32,100.0,0,0,0,0,1,3,955000.0,84040.0,8.8,27800.0,0,0,1090040.0,34000.0,28.1,Personal,760000.0,24,12.35,35900.0,26.4,54.6,0,0.0,0,742000.0,290000.0,Own,0,Married,Tier-2,1,0
APP100411,21,170000.0,14167.0,0.0,Contract,Retail,0.0,Graduate,616,1.0,4,1,2,1,0,Gold,320000.0,5,5,0,39,96.3,0,1,0,1,0,0,0.0,0.0,0.0,0.0,0,0,77000.0,2500.0,17.6,Personal,160000.0,60,14.48,3763.0,26.6,44.2,0,0.0,0,52000.0,1290000.0,Rent,1,Divorced,Tier-2,1,1
APP100412,31,1043000.0,86917.0,0.0,Self-Employed,Manufacturing,10.0,Doctorate,674,1.4,6,2,2,1,0,Education,1910000.0,3,3,0,14,93.8,0,0,1,0,1,2,160000.0,35200.0,22.0,4900.0,0,0,286200.0,13100.0,17.1,Home,8950000.0,120,8.67,111783.0,128.6,145.7,1,22.3,0,405000.0,670000.0,Own,2,Married,Tier-3,0,-1
APP100413,46,882000.0,73500.0,0.0,Business Owner,Other,13.6,Graduate,750,3.8,3,0,1,0,0,Business,1480000.0,1,1,0,13,100.0,0,0,0,0,1,1,135000.0,18225.0,13.5,4400.0,0,1,529225.0,16200.0,23.3,Auto,1410000.0,60,9.02,29283.0,39.8,63.1,1,26.5,0,207000.0,400000.0,Rent,0,Married,Tier-1,1,0
APP100414,35,688000.0,57333.0,127000.0,Business Owner,Manufacturing,5.5,Graduate,647,15.0,11,1,6,4,0,Education,600000.0,7,6,1,5,95.8,3,0,0,0,1,3,340000.0,154700.0,45.5,5100.0,0,2,782700.0,13000.0,36.2,Auto,920000.0,60,10.89,19953.0,34.8,71.0,1,24.9,0,75000.0,3460000.0,Own,0,Single,Tier-1,0,-1
APP100415,40,611000.0,50917.0,0.0,Self-Employed,Healthcare,6.7,Post-Graduate,717,1.5,4,0,2,1,1,Gold,640000.0,2,2,0,2,95.2,0,0,0,0,0,0,0.0,0.0,0.0,0.0,0,0,961000.0,20500.0,40.3,Education,730000.0,120,9.64,9502.0,18.7,58.9,1,0.0,0,1374000.0,560000.0,Rent,2,Married,Tier-3,1,0
APP100416,50,914000.0,76167.0,116000.0,Business Owner,Healthcare,4.8,Post-Graduate,697,6.0,7,3,5,2,0,Home,380000.0,7,6,1,41,100.0,0,0,0,0,0,0,0.0,0.0,0.0,0.0,0,0,766000.0,11500.0,15.1,Business,3080000.0,36,12.78,103451.0,135.8,150.9,0,0.0,0,2207000.0,7800000.0,Rent,0,Married,Tier-2,0,-1
APP100417,53,507000.0,42250.0,0.0,Salaried,Healthcare,4.3,Graduate,688,2.7,3,2,0,0,0,None,0.0,1,1,0,47,98.9,0,1,0,1,0,0,0.0,0.0,0.0,0.0,0,0,1248000.0,20500.0,48.5,Business,1380000.0,36,13.86,47071.0,111.4,159.9,0,0.0,1,598000.0,570000.0,Own,1,Single,Tier-1,0,-1
APP100418,37,1062000.0,88500.0,195000.0,Salaried,Retail,9.8,Post-Graduate,795,17.0,9,2,5,4,0,Education,2980000.0,7,6,1,51,100.0,1,0,0,0,0,0,0.0,0.0,0.0,0.0,0,0,265000.0,6400.0,7.2,Auto,1170000.0,84,8.44,18493.0,20.9,28.1,1,20.6,0,1382000.0,1430000.0,Own,1,Married,Tier-3,1,0
APP100419,53,613000.0,51083.0,40000.0,Self-Employed,Education,4.8,Graduate,750,6.3,3,1,2,2,0,Personal,1350000.0,2,2,0,2,100.0,0,0,0,1,0,0,0.0,0.0,0.0,0.0,0,0,593000.0,12000.0,23.5,Education,810000.0,120,9.95,10682.0,20.9,44.4,0,0.0,0,111000.0,610000.0,Rent,2,Divorced,Tier-3,1,0
APP100420,39,416000.0,34667.0,0.0,Salaried,Banking/Finance,9.8,Graduate,643,2.8,4,0,3,1,1,Gold,930000.0,3,3,0,57,97.2,0,1,0,1,1,2,235000.0,45590.0,19.4,1800.0,0,0,215590.0,7500.0,28.2,Debt Consolidation,260000.0,24,14.11,12497.0,36.0,64.3,0,0.0,0,14000.0,160000.0,Own,5,Single,Tier-3,0,-1
APP100421,29,173000.0,14417.0,0.0,Contract,Construction,5.2,High School,629,3.4,7,2,2,1,1,Home,230000.0,3,3,0,12,100.0,0,0,0,1,0,0,0.0,0.0,0.0,0.0,0,0,68000.0,1000.0,6.9,Debt Consolidation,180000.0,60,15.16,4297.0,29.8,36.7,0,0.0,0,34000.0,480000.0,Own,1,Married,Tier-1,1,0
APP100422,31,461000.0,38417.0,0.0,Self-Employed,Healthcare,5.8,Post-Graduate,605,0.7,5,1,0,0,0,None,0.0,1,1,0,59,100.0,1,0,0,2,1,5,105000.0,36540.0,34.8,900.0,0,1,769540.0,11500.0,34.7,Home,3030000.0,120,10.61,41072.0,106.9,141.6,1,11.2,0,51000.0,1600000.0,Family,1,Single,Tier-3,0,-1
APP100423,22,586000.0,48833.0,126000.0,Salaried,Banking/Finance,1.0,Post-Graduate,680,2.0,2,1,4,4,0,Gold,350000.0,4,3,1,40,100.0,0,0,0,0,0,0,0.0,0.0,0.0,0.0,0,0,578000.0,14600.0,29.9,Personal,430000.0,12,13.97,38602.0,79.0,108.9,0,0.0,0,232000.0,1680000.0,Rent,1,Divorced,Tier-3,0,-1
APP100424,28,191000.0,15917.0,14000.0,Contract,Government,7.0,High School,650,6.0,6,4,1,1,0,Business,470000.0,1,0,1,21,100.0,0,0,0,0,0,0,0.0,0.0,0.0,0.0,0,0,399000.0,7000.0,44.0,Home,1050000.0,120,9.8,13760.0,86.4,130.4,1,15.7,0,27000.0,480000.0,Own,1,Married,Tier-1,0,-1
APP100425,34,1025000.0,85417.0,0.0,Business Owner,Banking/Finance,1.0,Graduate,764,1.4,2,0,5,3,0,Auto,2700000.0,6,5,1,42,100.0,0,0,0,1,1,1,420000.0,120960.0,28.8,7000.0,0,1,1438960.0,21200.0,31.9,Personal,860000.0,36,12.26,28671.0,33.6,65.5,0,0.0,0,568000.0,4780000.0,Own,1,Divorced,Tier-3,1,0
APP100426,47,1126000.0,93833.0,0.0,Business Owner,Government,12.3,Post-Graduate,466,7.5,3,0,5,3,3,Gold,600000.0,6,5,1,20,85.9,1,1,1,1,1,2,455000.0,258895.0,56.9,10200.0,1,0,408895.0,2500.0,16.5,Debt Consolidation,800000.0,60,17.58,20132.0,21.5,37.9,0,0.0,0,1150000.0,950000.0,Rent,1,Married,Tier-1,0,-1
APP100427,57,746000.0,62167.0,0.0,Salaried,Other,21.7,High School,696,13.1,4,0,5,5,0,Business,1340000.0,5,4,1,53,100.0,1,0,0,0,1,2,125000.0,45875.0,36.7,1600.0,0,0,269875.0,9000.0,18.2,Debt Consolidation,520000.0,36,14.4,17874.0,28.8,46.9,0,0.0,0,39000.0,3180000.0,Family,0,Married,Tier-2,1,0
APP100428,23,247000.0,20583.0,0.0,Contract,Government,2.0,Graduate,655,1.8,7,0,4,1,0,Business,170000.0,4,3,1,46,100.0,0,0,0,0,0,0,0.0,0.0,0.0,0.0,0,0,452000.0,9200.0,44.7,Personal,210000.0,60,14.4,4930.0,24.0,68.6,0,0.0,0,27000.0,710000.0,Own,1,Divorced,Tier-3,1,1
APP100429,42,344000.0,28667.0,41000.0,Salaried,Government,5.8,Post-Graduate,594,7.4,6,2,2,1,0,Auto,260000.0,3,2,1,20,93.7,3,0,0,0,1,2,160000.0,49920.0,31.2,2700.0,1,0,649920.0,9700.0,42.5,Personal,290000.0,60,15.44,6966.0,24.3,66.8,0,0.0,0,32000.0,420000.0,Own,2,Married,Tier-1,0,-1
APP100430,27,840000.0,70000.0,0.0,Self-Employed,Retail,1.4,Graduate,763,7.0,5,2,1,0,0,Home,940000.0,1,1,0,13,99.2,1,0,0,0,0,0,0.0,0.0,0.0,0.0,0,0,928000.0,22200.0,31.7,Personal,750000.0,12,11.82,66573.0,95.1,126.8,0,0.0,0,24000.0,640000.0,Rent,1,Single,Tier-2,0,-1
APP100431,43,454000.0,37833.0,0.0,Salaried,Manufacturing,3.8,Graduate,671,5.4,3,0,3,1,0,Home,870000.0,4,3,1,56,96.7,1,0,0,0,1,2,270000.0,124470.0,46.1,4500.0,1,1,427470.0,6300.0,33.1,Personal,100000.0,36,14.09,3422.0,9.0,42.1,0,0.0,0,255000.0,460000.0,Own,1,Single,Tier-1,1,0
APP100432,37,457000.0,38083.0,0.0,Self-Employed,Education,10.6,Graduate,572,5.7,4,1,3,1,0,Personal,1000000.0,3,3,0,6,78.3,1,3,0,0,0,0,0.0,0.0,0.0,0.0,0,0,314000.0,5800.0,15.2,Home,2040000.0,300,11.33,20483.0,53.8,69.0,1,17.3,0,49000.0,180000.0,Rent,1,Single,Tier-1,0,-1
APP100433,21,882000.0,73500.0,0.0,Business Owner,Manufacturing,0.0,Graduate,638,1.0,5,0,3,0,1,Home,1210000.0,3,3,0,30,98.1,2,0,0,0,0,0,0.0,0.0,0.0,0.0,0,0,172000.0,5300.0,7.2,Auto,1030000.0,48,11.16,26701.0,36.3,43.5,1,19.5,0,357000.0,2440000.0,Rent,0,Married,Tier-1,1,1
APP100434,48,695000.0,57917.0,0.0,Self-Employed,Construction,6.5,Graduate,659,0.7,1,3,1,0,0,Home,450000.0,1,1,0,28,100.0,1,0,0,0,0,0,0.0,0.0,0.0,0.0,0,0,1072000.0,17100.0,29.5,Business,800000.0,84,13.52,14781.0,25.5,55.0,0,0.0,0,69000.0,1240000.0,Rent,1,Single,Tier-1,1,0
APP100435,31,288000.0,24000.0,0.0,Salaried,Retail,10.0,Post-Graduate,690,6.2,9,1,3,3,0,Home,360000.0,3,2,1,9,100.0,0,0,0,1,0,0,0.0,0.0,0.0,0.0,0,0,400000.0,9200.0,38.3,Home,2280000.0,300,9.07,19243.0,80.2,118.5,1,17.1,0,37000.0,380000.0,Own,1,Married,Tier-2,0,-1
APP100436,32,951000.0,79250.0,0.0,Contract,Retail,2.9,Post-Graduate,777,8.7,5,1,3,1,0,Auto,1440000.0,3,3,0,50,100.0,0,0,0,0,1,1,275000.0,78375.0,28.5,5500.0,0,1,1110375.0,19100.0,29.0,Auto,1350000.0,60,8.16,27477.0,34.7,63.7,1,27.4,0,231000.0,1740000.0,Rent,1,Single,Tier-2,1,0
APP100437,26,386000.0,32167.0,0.0,Business Owner,Government,5.0,High School,702,2.2,5,1,4,3,0,Personal,300000.0,5,3,2,2,100.0,0,0,0,0,0,0,0.0,0.0,0.0,0.0,0,0,643000.0,12600.0,39.2,Personal,210000.0,12,13.78,18834.0,58.6,97.7,0,0.0,0,104000.0,2490000.0,Family,4,Single,Tier-3,0,-1
APP100438,31,1466000.0,122167.0,0.0,Salaried,Banking/Finance,10.0,Post-Graduate,629,2.8,4,0,2,1,1,Business,3550000.0,3,1,2,6,92.1,1,0,1,0,1,3,790000.0,300200.0,38.0,22700.0,0,0,979200.0,10200.0,20.6,Home,7050000.0,120,10.75,96119.0,78.7,99.3,1,22.5,1,339000.0,2360000.0,Own,1,Married,Tier-1,0,-1
APP100439,43,77000.0,6417.0,0.0,Retired,None,0.0,Graduate,563,2.5,3,0,1,1,0,Business,100000.0,3,3,0,15,100.0,1,0,0,1,0,0,0.0,0.0,0.0,0.0,0,0,78000.0,3100.0,48.3,Debt Consolidation,70000.0,24,16.37,3440.0,53.6,101.9,0,0.0,1,24000.0,300000.0,Rent,2,Married,Tier-1,0,-1
APP100440,36,1095000.0,91250.0,0.0,Business Owner,Government,15.0,Post-Graduate,720,6.6,6,1,1,0,0,Personal,2150000.0,3,2,1,47,100.0,0,0,0,0,1,2,265000.0,78705.0,29.7,4400.0,0,2,112705.0,900.0,5.3,Home,7250000.0,300,8.26,57211.0,62.7,68.0,1,13.0,1,634000.0,3840000.0,Rent,0,Married,Tier-2,1,1
APP100441,42,108000.0,9000.0,0.0,Retired,None,0.0,High School,605,5.9,5,2,4,4,0,Education,300000.0,4,3,1,33,100.0,1,0,0,0,0,0,0.0,0.0,0.0,0.0,0,0,82000.0,1600.0,17.8,Personal,70000.0,12,14.75,6310.0,70.1,87.9,0,0.0,0,52000.0,80000.0,Rent,1,Married,Tier-1,0,-1
APP100442,42,60000.0,5000.0,0.0,Retired,None,0.0,Graduate,602,2.3,3,0,2,0,0,Business,60000.0,2,1,1,58,91.3,0,1,0,0,0,0,0.0,0.0,0.0,0.0,0,0,18000.0,400.0,8.0,Debt Consolidation,70000.0,36,15.12,2431.0,48.6,56.6,0,0.0,0,15000.0,250000.0,Rent,1,Married,Tier-2,0,-1
APP100443,53,86000.0,7167.0,0.0,Unemployed,None,0.0,Graduate,541,4.7,1,4,0,0,0,None,0.0,1,1,0,53,100.0,0,0,0,1,0,0,0.0,0.0,0.0,0.0,0,0,100000.0,3000.0,41.9,Debt Consolidation,60000.0,24,16.9,2964.0,41.4,83.2,0,0.0,1,21000.0,170000.0,Family,2,Single,Tier-3,0,-1
APP100444,34,244000.0,20333.0,0.0,Business Owner,Banking/Finance,11.4,Graduate,602,4.8,5,3,1,1,0,Business,530000.0,4,3,1,44,96.8,0,0,0,0,1,3,70000.0,22190.0,31.7,1200.0,1,2,146190.0,2000.0,15.3,Business,920000.0,60,14.16,21483.0,105.7,120.9,0,0.0,0,80000.0,510000.0,Rent,0,Married,Tier-3,0,-1
APP100445,22,571000.0,47583.0,0.0,Self-Employed,Construction,1.0,Doctorate,688,2.0,4,6,2,1,0,Home,1390000.0,3,0,3,30,99.4,0,0,0,0,0,0,0.0,0.0,0.0,0.0,0,0,72000.0,2700.0,5.7,Home,4720000.0,240,9.32,43443.0,91.3,97.0,1,11.3,0,177000.0,630000.0,Own,1,Married,Tier-2,0,-1
APP100446,50,554000.0,46167.0,45000.0,Salaried,Healthcare,0.3,High School,689,3.6,6,4,1,0,0,Business,1400000.0,2,2,0,54,99.7,0,0,0,4,1,2,105000.0,1890.0,1.8,3200.0,0,0,32890.0,600.0,1.5,Home,3240000.0,120,9.12,41254.0,89.4,90.9,1,15.9,0,92000.0,150000.0,Rent,0,Married,Tier-1,0,-1
APP100447,34,250000.0,20833.0,0.0,Self-Employed,IT,0.9,High School,574,10.5,7,1,3,2,0,Auto,330000.0,3,1,2,44,80.3,1,2,0,0,1,2,145000.0,72355.0,49.9,4300.0,1,2,101355.0,1600.0,25.0,Personal,210000.0,24,15.91,10273.0,49.3,74.4,0,0.0,0,231000.0,40000.0,Own,0,Single,Tier-2,0,-1
APP100448,50,244000.0,20333.0,50000.0,Contract,Education,12.0,Graduate,671,6.4,3,0,3,3,0,Gold,720000.0,3,2,1,40,100.0,1,0,0,0,0,0,0.0,0.0,0.0,0.0,0,0,149000.0,2500.0,12.3,Personal,80000.0,60,14.39,1878.0,9.2,21.5,0,0.0,0,82000.0,90000.0,Rent,1,Married,Tier-3,1,0
APP100449,42,766000.0,63833.0,0.0,Self-Employed,Construction,8.0,Graduate,651,10.3,7,2,4,3,1,Gold,880000.0,5,4,1,19,100.0,0,0,0,0,1,3,370000.0,249750.0,67.5,11000.0,1,1,431750.0,3900.0,25.7,Personal,250000.0,24,14.35,12045.0,18.9,44.5,0,0.0,0,248000.0,1520000.0,Rent,2,Married,Tier-1,0,-1
APP100450,37,60000.0,5000.0,0.0,Unemployed,None,0.0,Graduate,517,6.3,8,2,3,2,0,Education,110000.0,4,2,2,45,91.5,1,1,0,0,0,0,0.0,0.0,0.0,0.0,0,0,7000.0,300.0,6.0,Personal,30000.0,60,15.92,728.0,14.6,20.6,0,0.0,1,6000.0,40000.0,Own,1,Single,Tier-1,0,-1
APP100451,42,362000.0,30167.0,0.0,Salaried,IT,8.6,Graduate,672,6.7,3,2,4,2,0,Personal,410000.0,6,5,1,47,95.9,1,0,0,0,1,1,145000.0,26100.0,18.0,2100.0,0,2,189100.0,3200.0,14.9,Home,1550000.0,120,9.58,20125.0,66.7,81.6,1,13.8,0,41000.0,180000.0,Own,0,Married,Tier-2,1,0
APP100452,59,614000.0,51167.0,0.0,Salaried,Banking/Finance,0.9,High School,644,1.2,5,3,0,0,0,None,0.0,0,0,0,-1,100.0,1,0,0,1,0,0,0.0,0.0,0.0,0.0,0,0,351000.0,7500.0,14.7,Debt Consolidation,460000.0,36,14.16,15757.0,30.8,45.5,0,0.0,1,59000.0,870000.0,Own,0,Single,Tier-1,1,1
APP100453,61,105000.0,8750.0,0.0,Retired,None,0.0,Post-Graduate,526,5.9,4,1,2,1,0,Education,70000.0,2,2,0,51,90.1,0,1,1,3,0,0,0.0,0.0,0.0,0.0,0,0,67000.0,3600.0,41.1,Home,700000.0,300,11.62,7177.0,82.0,123.2,1,22.6,0,33000.0,70000.0,Family,0,Married,Tier-3,0,-1
APP100454,39,326000.0,27167.0,0.0,Salaried,Banking/Finance,3.3,Graduate,568,4.6,6,1,2,1,0,Auto,330000.0,4,4,0,56,90.1,1,0,1,1,1,2,100000.0,47600.0,47.6,1700.0,0,1,681600.0,10300.0,46.7,Home,2420000.0,300,11.55,24687.0,90.9,137.5,1,12.0,0,113000.0,1250000.0,Own,2,Single,Tier-1,0,-1
APP100455,40,706000.0,58833.0,0.0,Salaried,Banking/Finance,6.3,Graduate,734,11.1,2,1,5,5,0,Personal,1100000.0,5,2,3,17,99.5,1,0,0,0,0,0,0.0,0.0,0.0,0.0,0,0,1120000.0,17400.0,29.6,Home,4950000.0,120,8.4,61108.0,103.9,133.4,1,29.4,0,123000.0,3100000.0,Family,0,Single,Tier-1,0,-1
APP100456,50,223000.0,18583.0,0.0,Salaried,Education,6.4,Graduate,679,10.0,3,1,3,1,0,Auto,260000.0,3,0,3,20,96.1,0,0,0,1,1,5,130000.0,39780.0,30.6,1000.0,0,1,250780.0,5900.0,42.5,Education,130000.0,84,10.15,2168.0,11.7,54.1,0,0.0,1,29000.0,890000.0,Family,3,Married,Tier-1,1,0
APP100457,29,1265000.0,105417.0,0.0,Contract,Healthcare,8.0,Post-Graduate,790,9.0,2,0,2,2,0,Gold,1080000.0,4,3,1,19,100.0,0,0,0,2,1,3,445000.0,23140.0,5.2,5200.0,0,1,3231140.0,48300.0,46.9,Debt Consolidation,650000.0,24,12.46,30738.0,29.2,76.1,0,0.0,0,363000.0,3050000.0,Family,1,Single,Tier-2,1,0
APP100458,42,505000.0,42083.0,56000.0,Salaried,Retail,9.2,Post-Graduate,730,2.8,2,2,2,1,0,Business,820000.0,3,2,1,48,100.0,0,0,0,0,0,0,0.0,0.0,0.0,0.0,0,0,308000.0,6600.0,15.7,Personal,180000.0,24,13.29,8582.0,20.4,36.1,0,0.0,0,411000.0,260000.0,Rent,1,Single,Tier-3,1,0
APP100459,38,493000.0,41083.0,121000.0,Salaried,Manufacturing,1.0,High School,756,4.9,4,1,0,0,0,None,0.0,0,0,0,-1,100.0,0,0,0,1,0,0,0.0,0.0,0.0,0.0,0,0,372000.0,7600.0,18.5,Home,3950000.0,300,7.87,30147.0,73.4,91.9,1,19.2,0,97000.0,790000.0,Own,1,Married,Tier-1,1,0
APP100460,41,693000.0,57750.0,0.0,Salaried,Education,4.8,Graduate,583,12.7,9,1,5,5,1,Gold,570000.0,5,4,1,43,90.3,1,0,1,0,1,4,395000.0,162740.0,41.2,6000.0,1,1,1234740.0,24400.0,56.3,Personal,630000.0,12,15.88,57125.0,98.9,155.3,0,0.0,1,236000.0,1060000.0,Rent,2,Married,Tier-1,0,-1
APP100461,29,300000.0,25000.0,0.0,Salaried,Education,5.7,High School,671,2.8,7,0,2,2,0,Gold,660000.0,4,4,0,1,100.0,0,0,0,0,0,0,0.0,0.0,0.0,0.0,0,0,100000.0,2100.0,8.4,Home,1210000.0,300,9.44,10521.0,42.1,50.5,1,14.2,0,78000.0,640000.0,Family,2,Single,Tier-2,1,0
APP100462,21,308000.0,25667.0,0.0,Salaried,Education,0.0,Graduate,694,1.0,5,1,3,3,0,Auto,840000.0,5,4,1,26,99.8,0,0,0,0,0,0,0.0,0.0,0.0,0.0,0,0,132000.0,3700.0,14.4,Home,1650000.0,180,9.12,16853.0,65.7,80.1,1,28.7,0,52000.0,380000.0,Family,2,Divorced,Tier-2,1,0
APP100463,21,733000.0,61083.0,0.0,Business Owner,Other,0.0,Post-Graduate,618,1.0,6,2,3,3,0,Personal,1470000.0,3,3,0,51,96.3,1,0,0,2,1,2,345000.0,103155.0,29.9,8300.0,1,2,321155.0,7300.0,20.4,Personal,470000.0,36,15.13,16323.0,26.7,47.1,0,0.0,0,172000.0,1490000.0,Rent,2,Married,Tier-1,1,0
APP100464,26,638000.0,53167.0,93000.0,Contract,Banking/Finance,0.9,Post-Graduate,623,4.7,3,0,1,1,0,Business,1510000.0,2,2,0,44,86.2,2,0,1,0,0,0,0.0,0.0,0.0,0.0,0,0,613000.0,10600.0,19.9,Debt Consolidation,700000.0,60,14.77,16569.0,31.2,51.1,0,0.0,0,663000.0,800000.0,Rent,0,Married,Tier-2,0,-1
APP100465,33,178000.0,14833.0,0.0,Salaried,Retail,1.5,High School,732,13.0,5,1,5,3,0,Gold,460000.0,6,5,1,51,100.0,0,0,0,0,1,2,95000.0,11020.0,11.6,2700.0,0,0,100020.0,1500.0,13.8,Personal,40000.0,36,12.77,1343.0,9.1,22.9,0,0.0,0,39000.0,780000.0,Family,1,Single,Tier-1,1,0
APP100466,35,327000.0,27250.0,0.0,Self-Employed,Manufacturing,10.1,Post-Graduate,637,10.6,4,1,1,1,1,Personal,780000.0,1,1,0,32,100.0,0,0,0,0,1,3,165000.0,115995.0,70.3,1900.0,1,1,286995.0,4300.0,37.1,Personal,170000.0,36,14.72,5870.0,21.5,58.6,0,0.0,0,152000.0,150000.0,Rent,2,Married,Tier-3,0,-1
APP100467,59,1152000.0,96000.0,0.0,Salaried,Retail,1.2,Post-Graduate,780,1.6,2,0,0,0,0,None,0.0,1,1,0,10,95.9,0,0,0,0,1,1,220000.0,34980.0,15.9,1000.0,1,0,1062980.0,29900.0,33.0,Debt Consolidation,1130000.0,60,11.85,25051.0,26.1,59.1,0,0.0,0,324000.0,1740000.0,Rent,2,Single,Tier-2,1,0
APP100468,50,341000.0,28417.0,0.0,Salaried,Banking/Finance,1.4,Post-Graduate,652,13.3,5,1,1,1,0,Education,670000.0,2,1,1,4,92.8,1,1,0,2,1,5,125000.0,29250.0,23.4,1400.0,0,0,847250.0,15100.0,58.3,Auto,340000.0,48,11.04,8794.0,30.9,89.2,1,11.3,1,164000.0,530000.0,Own,2,Married,Tier-1,0,-1
APP100469,27,91000.0,7583.0,21000.0,Unemployed,None,0.0,Post-Graduate,570,4.8,4,1,2,1,0,Auto,30000.0,3,3,0,30,100.0,0,0,0,1,1,1,30000.0,7650.0,25.5,200.0,0,1,86650.0,2600.0,39.3,Education,120000.0,84,12.78,2169.0,28.6,67.9,0,0.0,0,9000.0,60000.0,Rent,0,Divorced,Tier-1,0,-1
APP100470,42,439000.0,36583.0,0.0,Self-Employed,Other,7.6,Graduate,574,6.6,5,4,2,2,1,Gold,360000.0,2,2,0,25,100.0,0,0,0,0,1,2,260000.0,167700.0,64.5,6600.0,0,0,420700.0,7300.0,42.9,Personal,120000.0,12,15.61,10866.0,29.7,72.6,0,0.0,0,184000.0,300000.0,Family,2,Married,Tier-3,0,-1
APP100471,34,69000.0,5750.0,0.0,Unemployed,None,0.0,Post-Graduate,560,6.6,4,1,2,2,0,Education,150000.0,3,1,2,38,93.7,0,0,1,0,0,0,0.0,0.0,0.0,0.0,0,0,44000.0,800.0,13.9,Personal,30000.0,36,16.2,1058.0,18.4,32.3,0,0.0,1,35000.0,40000.0,Family,0,Single,Tier-1,0,-1
APP100472,35,909000.0,75750.0,0.0,Salaried,Manufacturing,2.3,Graduate,734,7.8,8,3,6,3,0,Personal,640000.0,7,3,4,49,100.0,0,0,0,0,1,2,325000.0,135850.0,41.8,6000.0,1,0,1439850.0,28500.0,46.6,Home,7790000.0,120,8.14,95091.0,125.5,172.1,1,13.0,0,155000.0,2410000.0,Own,0,Married,Tier-1,0,-1
APP100473,40,392000.0,32667.0,21000.0,Salaried,IT,1.7,Graduate,627,12.8,7,4,3,1,1,Gold,740000.0,3,3,0,47,82.9,0,0,1,1,0,0,0.0,0.0,0.0,0.0,0,0,436000.0,6400.0,19.6,Home,3260000.0,180,9.62,34278.0,104.9,124.5,1,17.3,0,43000.0,200000.0,Rent,0,Married,Tier-1,0,-1
APP100474,45,359000.0,29917.0,0.0,Salaried,Education,6.0,Graduate,697,6.5,4,0,0,0,0,None,0.0,2,2,0,24,100.0,2,0,0,0,0,0,0.0,0.0,0.0,0.0,0,0,323000.0,6100.0,20.4,Personal,250000.0,12,13.55,22394.0,74.9,95.2,1,0.0,0,828000.0,160000.0,Own,0,Married,Tier-1,0,-1
APP100475,34,464000.0,38667.0,0.0,Salaried,Healthcare,5.1,Post-Graduate,636,4.5,2,1,2,1,0,Business,570000.0,3,3,0,29,87.8,0,1,1,1,0,0,0.0,0.0,0.0,0.0,0,0,961000.0,14800.0,38.3,Education,750000.0,120,10.94,10306.0,26.7,64.9,0,0.0,0,325000.0,190000.0,Family,0,Divorced,Tier-3,0,-1
APP100476,50,91000.0,7583.0,0.0,Retired,None,0.0,High School,641,2.2,4,2,1,1,0,Personal,70000.0,3,1,2,35,99.4,0,0,0,0,0,0,0.0,0.0,0.0,0.0,0,0,144000.0,3300.0,43.5,Personal,90000.0,36,14.8,3111.0,41.0,84.5,0,0.0,0,57000.0,120000.0,Rent,2,Married,Tier-2,0,-1
APP100477,25,294000.0,24500.0,0.0,Salaried,IT,4.0,Graduate,674,3.4,5,1,1,1,0,Business,470000.0,3,2,1,53,91.5,1,1,0,0,0,0,0.0,0.0,0.0,0.0,0,0,439000.0,9200.0,37.6,Personal,200000.0,12,13.81,17940.0,73.2,110.8,0,0.0,0,264000.0,110000.0,Family,3,Single,Tier-3,0,-1
APP100478,38,347000.0,28917.0,17000.0,Contract,Healthcare,4.9,Post-Graduate,672,10.1,14,4,2,1,0,Personal,730000.0,2,1,1,6,100.0,0,0,0,0,0,0,0.0,0.0,0.0,0.0,0,0,550000.0,12600.0,43.6,Home,3050000.0,300,9.61,26881.0,93.0,136.5,1,29.0,0,381000.0,300000.0,Own,1,Single,Tier-3,0,-1
APP100479,67,150000.0,12500.0,9000.0,Unemployed,None,0.0,Graduate,663,11.6,14,0,4,3,0,Auto,280000.0,5,4,1,27,100.0,0,0,0,0,0,0,0.0,0.0,0.0,0.0,0,0,4000.0,100.0,0.8,Business,310000.0,36,12.98,10442.0,83.5,84.3,0,0.0,0,27000.0,300000.0,Own,1,Married,Tier-1,0,-1
APP100480,40,692000.0,57667.0,90000.0,Self-Employed,IT,4.2,Graduate,723,3.8,4,1,0,0,0,None,0.0,3,2,1,48,97.8,0,0,0,0,1,3,140000.0,44380.0,31.7,1900.0,1,2,419380.0,6400.0,14.9,Business,1710000.0,36,12.18,56944.0,98.7,113.7,0,0.0,1,407000.0,2040000.0,Family,0,Married,Tier-1,1,1
APP100481,54,372000.0,31000.0,36000.0,Salaried,Education,8.2,Graduate,719,8.8,6,1,0,0,0,None,0.0,1,1,0,8,99.0,0,0,0,0,0,0,0.0,0.0,0.0,0.0,0,0,147000.0,3300.0,10.6,Home,1850000.0,180,8.8,18544.0,59.8,70.5,1,13.9,0,56000.0,3440000.0,Own,0,Single,Tier-2,1,0
APP100482,39,1010000.0,84167.0,223000.0,Self-Employed,Other,4.6,Post-Graduate,713,3.2,6,1,3,2,0,Personal,1630000.0,4,4,0,22,100.0,1,0,0,0,1,1,380000.0,90060.0,23.7,6400.0,1,0,1833060.0,30000.0,41.0,Home,6920000.0,180,8.81,69407.0,82.5,123.5,1,25.8,0,176000.0,1020000.0,Own,0,Single,Tier-2,0,-1
APP100483,44,188000.0,15667.0,14000.0,Salaried,Banking/Finance,8.1,Graduate,636,0.9,3,3,3,1,0,Auto,240000.0,4,4,0,58,94.3,0,1,0,0,0,0,0.0,0.0,0.0,0.0,0,0,212000.0,3200.0,20.4,Auto,270000.0,48,10.58,6923.0,44.2,64.6,1,11.3,0,58000.0,500000.0,Own,0,Married,Tier-1,1,1
APP100484,37,826000.0,68833.0,0.0,Contract,IT,9.3,Graduate,619,1.4,2,2,0,0,0,None,0.0,2,2,0,35,93.2,1,0,0,0,1,4,380000.0,153140.0,40.3,11300.0,1,1,1344140.0,24900.0,47.3,Business,2250000.0,36,14.18,77097.0,112.0,159.3,0,0.0,0,83000.0,1500000.0,Own,0,Married,Tier-3,0,-1
APP100485,36,876000.0,73000.0,0.0,Salaried,IT,4.9,Graduate,763,10.8,6,2,4,4,1,Business,1820000.0,4,3,1,23,99.6,0,0,0,0,0,0,0.0,0.0,0.0,0.0,0,0,816000.0,18000.0,24.7,Business,3340000.0,60,11.31,73137.0,100.2,124.8,0,0.0,0,1433000.0,780000.0,Rent,0,Married,Tier-2,0,-1
APP100486,29,685000.0,57083.0,0.0,Retired,None,0.0,Post-Graduate,649,1.0,1,2,2,1,0,Auto,1950000.0,2,2,0,11,96.0,0,1,0,2,1,3,285000.0,37620.0,13.2,8600.0,0,0,339620.0,5100.0,12.2,Auto,770000.0,84,10.36,12927.0,22.6,34.9,1,19.9,0,166000.0,450000.0,Family,1,Married,Tier-2,1,0
APP100487,43,1023000.0,85250.0,0.0,Self-Employed,Construction,4.4,Post-Graduate,763,8.3,9,2,1,1,0,Education,1370000.0,4,4,0,2,97.1,0,0,0,0,0,0,0.0,0.0,0.0,0.0,0,0,1571000.0,33400.0,39.2,Business,2040000.0,60,11.02,44375.0,52.1,91.2,1,0.0,1,243000.0,1860000.0,Rent,1,Married,Tier-1,1,0
APP100488,29,470000.0,39167.0,103000.0,Self-Employed,Healthcare,8.0,High School,590,6.1,5,1,0,0,0,None,0.0,1,1,0,20,94.9,0,2,0,3,1,2,255000.0,166770.0,65.4,4300.0,0,3,661770.0,9400.0,45.3,Education,330000.0,84,11.55,5746.0,14.7,60.0,0,0.0,0,261000.0,1150000.0,Rent,0,Single,Tier-2,0,-1
APP100489,45,1625000.0,135417.0,0.0,Business Owner,Banking/Finance,4.3,Post-Graduate,676,11.2,8,1,3,2,1,Gold,2040000.0,3,3,0,59,100.0,1,0,0,0,1,2,900000.0,414000.0,46.0,9300.0,0,1,1825000.0,29400.0,37.0,Education,2860000.0,84,10.68,48490.0,35.8,72.8,0,0.0,0,366000.0,1640000.0,Own,2,Single,Tier-1,0,-1
APP100490,50,435000.0,36250.0,0.0,Self-Employed,IT,7.7,Post-Graduate,677,5.7,5,1,1,0,0,Home,1140000.0,1,1,0,3,98.7,0,1,0,1,0,0,0.0,0.0,0.0,0.0,0,0,127000.0,3400.0,9.4,Debt Consolidation,480000.0,24,14.05,23058.0,63.6,73.0,0,0.0,1,93000.0,510000.0,Rent,5,Married,Tier-1,0,-1
APP100491,42,60000.0,5000.0,0.0,Unemployed,None,0.0,Post-Graduate,599,7.2,6,0,3,1,1,Home,70000.0,3,2,1,40,100.0,0,0,0,0,0,0,0.0,0.0,0.0,0.0,0,0,0.0,0.0,0.0,Debt Consolidation,70000.0,36,16.03,2462.0,49.2,49.2,0,0.0,1,11000.0,330000.0,Rent,1,Married,Tier-1,0,-1
APP100492,35,392000.0,32667.0,0.0,Salaried,Manufacturing,0.9,Graduate,712,6.0,4,2,5,2,0,Gold,550000.0,8,8,0,7,92.3,0,1,0,0,0,0,0.0,0.0,0.0,0.0,0,0,506000.0,8000.0,24.5,Personal,80000.0,24,12.66,3791.0,11.6,36.1,0,0.0,0,205000.0,2850000.0,Own,1,Married,Tier-1,1,0
APP100493,43,255000.0,21250.0,0.0,Retired,None,0.0,High School,667,6.6,6,1,1,1,0,Home,340000.0,1,1,0,49,96.0,1,0,0,0,0,0,0.0,0.0,0.0,0.0,0,0,198000.0,6000.0,28.2,Personal,250000.0,12,13.94,22440.0,105.6,133.8,0,0.0,1,34000.0,240000.0,Rent,2,Single,Tier-2,0,-1
APP100494,35,290000.0,24167.0,0.0,Contract,Healthcare,6.1,Post-Graduate,510,5.0,3,2,4,1,2,Education,820000.0,5,5,0,56,96.0,0,0,1,0,0,0,0.0,0.0,0.0,0.0,0,0,322000.0,5500.0,22.8,Home,2060000.0,180,12.06,24803.0,102.6,125.4,1,27.6,0,46000.0,530000.0,Rent,0,Married,Tier-2,0,-1
APP100495,48,60000.0,5000.0,0.0,Unemployed,None,0.0,Graduate,600,7.3,11,3,1,0,0,Home,100000.0,1,1,0,25,96.1,1,0,0,0,0,0,0.0,0.0,0.0,0.0,0,0,16000.0,400.0,8.0,Auto,60000.0,36,10.9,1961.0,39.2,47.2,1,17.1,1,13000.0,190000.0,Rent,1,Married,Tier-3,0,-1
APP100496,21,456000.0,38000.0,0.0,Salaried,Manufacturing,0.0,Graduate,634,1.0,4,3,2,1,0,Business,850000.0,2,1,1,4,95.9,0,1,0,0,1,4,115000.0,50255.0,43.7,1200.0,0,0,853255.0,12600.0,39.8,Business,1490000.0,36,12.79,50053.0,131.7,171.5,0,0.0,1,127000.0,590000.0,Own,1,Married,Tier-2,0,-1
APP100497,34,416000.0,34667.0,68000.0,Contract,Government,6.6,High School,577,9.7,6,0,2,2,0,Home,830000.0,3,3,0,28,91.1,0,0,1,0,1,3,75000.0,46950.0,62.6,2100.0,0,1,275950.0,8000.0,29.8,Auto,410000.0,60,11.59,9036.0,26.1,55.9,1,24.5,0,130000.0,320000.0,Rent,0,Married,Tier-2,0,-1
APP100498,21,272000.0,22667.0,18000.0,Salaried,Government,0.0,Graduate,566,1.0,5,2,2,0,1,Gold,530000.0,2,2,0,21,91.0,3,0,0,1,0,0,0.0,0.0,0.0,0.0,0,0,151000.0,2500.0,11.0,Business,470000.0,84,15.64,9239.0,40.8,51.8,0,0.0,0,44000.0,470000.0,Rent,2,Single,Tier-1,0,-1
APP100499,22,499000.0,41583.0,0.0,Contract,IT,1.0,Graduate,629,2.0,3,3,2,2,1,Auto,1290000.0,2,2,0,7,100.0,0,0,0,0,1,2,115000.0,54395.0,47.3,3000.0,0,3,682395.0,16700.0,46.7,Auto,630000.0,84,11.26,10873.0,26.1,72.8,1,25.2,1,87000.0,1480000.0,Rent,0,Married,Tier-2,0,-1
APP100500,53,644000.0,53667.0,0.0,Salaried,Healthcare,0.7,High School,607,2.8,3,2,1,0,0,Auto,770000.0,1,1,0,28,88.3,2,1,0,0,1,3,215000.0,81700.0,38.0,2500.0,0,1,1074700.0,20800.0,46.4,Personal,260000.0,60,14.75,6151.0,11.5,57.8,0,0.0,0,381000.0,1220000.0,Own,1,Single,Tier-2,1,0
APP100501,48,941000.0,78417.0,0.0,Salaried,Other,14.3,Graduate,814,3.8,3,1,1,0,0,Gold,670000.0,1,1,0,16,100.0,0,0,0,0,0,0,0.0,0.0,0.0,0.0,0,0,415000.0,17100.0,21.8,Education,530000.0,120,8.23,6495.0,8.3,30.1,0,0.0,0,431000.0,1340000.0,Rent,2,Married,Tier-1,1,0
APP100502,30,668000.0,55667.0,0.0,Salaried,Construction,6.6,Post-Graduate,697,1.4,3,3,2,1,0,Personal,1120000.0,3,3,0,42,100.0,0,0,0,0,1,4,260000.0,29900.0,11.5,5900.0,0,2,287900.0,9200.0,19.2,Home,3730000.0,120,9.07,47391.0,85.1,104.3,1,11.3,1,412000.0,250000.0,Rent,1,Single,Tier-1,1,1
APP100503,21,381000.0,31750.0,0.0,Salaried,Manufacturing,0.0,Graduate,664,1.0,2,1,0,0,0,None,0.0,0,0,0,-1,100.0,0,0,0,1,1,2,130000.0,65000.0,50.0,3300.0,0,1,382000.0,4800.0,25.4,Auto,440000.0,84,10.4,7396.0,23.3,48.6,1,16.3,0,93000.0,690000.0,Rent,0,Married,Tier-3,1,0
APP100504,21,780000.0,65000.0,86000.0,Salaried,Banking/Finance,0.0,High School,517,1.0,2,5,2,1,0,Education,700000.0,2,2,0,39,89.2,0,0,1,0,1,2,420000.0,217140.0,51.7,10000.0,1,1,496140.0,6800.0,27.2,Home,7110000.0,120,12.48,103990.0,160.0,187.1,1,29.4,1,387000.0,670000.0,Family,1,Married,Tier-2,0,-1
APP100505,32,300000.0,25000.0,0.0,Contract,Healthcare,11.0,High School,679,3.4,2,3,1,1,0,Personal,570000.0,1,1,0,11,97.8,0,0,0,1,1,1,155000.0,21235.0,13.7,1800.0,0,0,179235.0,4100.0,20.6,Business,390000.0,36,13.21,13180.0,52.7,73.4,0,0.0,1,46000.0,590000.0,Own,2,Married,Tier-3,1,0
APP100506,65,703000.0,58583.0,69000.0,Salaried,Other,3.1,Graduate,760,5.2,6,2,0,0,0,None,0.0,1,1,0,2,100.0,0,0,0,0,0,0,0.0,0.0,0.0,0.0,0,0,100000.0,3100.0,5.3,Auto,620000.0,84,8.9,9944.0,17.0,22.3,1,23.1,0,185000.0,500000.0,Rent,1,Single,Tier-2,1,0
APP100507,43,2429000.0,202417.0,0.0,Business Owner,Government,6.8,Post-Graduate,775,2.2,1,0,1,1,0,Auto,3960000.0,3,2,1,10,95.9,1,0,0,0,1,3,920000.0,276000.0,30.0,27700.0,0,2,786000.0,12500.0,13.0,Auto,3400000.0,48,8.42,83676.0,41.3,54.3,1,10.4,1,1579000.0,2150000.0,Rent,2,Married,Tier-3,1,0
APP100508,32,690000.0,57500.0,0.0,Salaried,IT,5.9,Graduate,771,10.3,7,2,4,3,0,Business,1670000.0,6,5,1,54,100.0,0,0,0,0,1,3,380000.0,68780.0,18.1,12300.0,0,0,381780.0,6000.0,16.4,Debt Consolidation,670000.0,60,12.2,14972.0,26.0,42.5,0,0.0,0,223000.0,5840000.0,Rent,0,Single,Tier-3,1,0
APP100509,43,313000.0,26083.0,0.0,Contract,Government,18.1,Post-Graduate,691,10.1,6,0,0,0,0,None,0.0,1,0,1,46,89.3,1,1,0,0,0,0,0.0,0.0,0.0,0.0,0,0,164000.0,4200.0,16.1,Business,1010000.0,84,13.31,18545.0,71.1,87.2,0,0.0,0,219000.0,550000.0,Rent,1,Married,Tier-1,0,-1
APP100510,21,258000.0,21500.0,0.0,Contract,Banking/Finance,0.0,Doctorate,622,1.0,2,2,2,1,0,Auto,300000.0,2,1,1,30,92.8,1,0,0,0,0,0,0.0,0.0,0.0,0.0,0,0,325000.0,11700.0,54.4,Debt Consolidation,100000.0,24,15.09,4853.0,22.6,77.0,0,0.0,0,61000.0,30000.0,Rent,0,Single,Tier-3,1,1
APP100511,35,358000.0,29833.0,0.0,Salaried,Healthcare,3.6,Graduate,703,4.3,5,2,2,2,0,Home,1010000.0,3,1,2,27,100.0,0,0,0,0,0,0,0.0,0.0,0.0,0.0,0,0,95000.0,1600.0,5.4,Personal,120000.0,60,13.49,2761.0,9.3,14.6,0,0.0,0,97000.0,1780000.0,Rent,3,Married,Tier-2,1,0
APP100512,39,976000.0,81333.0,52000.0,Business Owner,Retail,6.7,Graduate,734,1.2,3,2,3,1,0,Personal,1010000.0,3,2,1,29,100.0,0,0,0,0,0,0,0.0,0.0,0.0,0.0,0,0,336000.0,8700.0,10.7,Home,9200000.0,240,8.19,78044.0,96.0,106.7,1,25.5,0,786000.0,340000.0,Rent,2,Divorced,Tier-1,0,-1
APP100513,37,77000.0,6417.0,0.0,Unemployed,None,0.0,Graduate,522,9.0,5,3,3,3,0,Personal,120000.0,4,4,0,7,85.8,1,1,0,0,0,0,0.0,0.0,0.0,0.0,0,0,67000.0,1000.0,15.6,Home,430000.0,240,11.4,4556.0,71.0,86.6,1,10.1,0,4000.0,50000.0,Own,2,Single,Tier-3,0,-1
APP100514,47,1592000.0,132667.0,0.0,Contract,Government,26.0,Graduate,731,2.6,3,2,0,0,0,None,0.0,0,0,0,-1,100.0,0,0,0,2,1,1,270000.0,101520.0,37.6,1500.0,0,0,1893520.0,42300.0,35.7,Auto,1140000.0,36,9.32,36422.0,27.5,63.2,1,17.6,1,1222000.0,1980000.0,Own,1,Married,Tier-2,1,0
APP100515,42,550000.0,45833.0,0.0,Salaried,Banking/Finance,5.4,Graduate,723,9.5,11,3,1,0,0,Education,840000.0,2,0,2,42,100.0,0,0,0,0,0,0,0.0,0.0,0.0,0.0,0,0,382000.0,6000.0,13.1,Auto,850000.0,36,9.54,27244.0,59.4,72.5,1,25.0,0,212000.0,2160000.0,Rent,0,Single,Tier-2,1,0
APP100516,45,344000.0,28667.0,43000.0,Salaried,Construction,1.9,Graduate,711,1.4,2,0,0,0,0,None,0.0,0,0,0,-1,98.3,1,0,0,0,0,0,0.0,0.0,0.0,0.0,0,0,177000.0,7500.0,26.2,Auto,230000.0,48,9.15,5740.0,20.0,46.2,1,14.9,0,118000.0,610000.0,Rent,2,Divorced,Tier-3,1,0
APP100517,30,194000.0,16167.0,0.0,Contract,Education,4.2,Graduate,692,2.1,2,1,1,0,0,Business,290000.0,1,1,0,45,100.0,0,0,0,0,1,2,110000.0,10230.0,9.3,2700.0,0,0,306230.0,6200.0,41.5,Auto,270000.0,84,10.01,4484.0,27.7,69.2,1,10.2,0,12000.0,50000.0,Rent,0,Single,Tier-2,1,0
APP100518,48,843000.0,70250.0,0.0,Salaried,Healthcare,6.7,Graduate,716,1.7,1,0,1,1,0,Personal,1410000.0,2,2,0,35,100.0,1,0,0,1,0,0,0.0,0.0,0.0,0.0,0,0,644000.0,29600.0,42.1,Personal,360000.0,36,12.74,12085.0,17.2,59.3,0,0.0,0,129000.0,1820000.0,Own,0,Divorced,Tier-1,1,0
APP100519,56,378000.0,31500.0,0.0,Contract,Other,7.6,Graduate,666,2.5,1,1,2,1,1,Home,950000.0,3,3,0,5,100.0,0,0,0,0,0,0,0.0,0.0,0.0,0.0,0,0,179000.0,5600.0,17.8,Auto,600000.0,84,9.39,9773.0,31.0,48.8,1,13.2,0,236000.0,320000.0,Rent,2,Married,Tier-1,1,0
APP100520,27,133000.0,11083.0,0.0,Salaried,Retail,1.2,High School,618,7.0,4,0,3,1,0,Business,290000.0,3,3,0,17,91.5,0,1,0,1,1,3,65000.0,15340.0,23.6,800.0,0,0,49340.0,700.0,13.2,Debt Consolidation,140000.0,24,15.22,6803.0,61.4,74.6,0,0.0,0,54000.0,140000.0,Rent,2,Married,Tier-1,0,-1
APP100521,28,364000.0,30333.0,49000.0,Contract,Manufacturing,3.8,Graduate,626,4.6,4,1,2,2,0,Auto,950000.0,3,2,1,32,92.1,0,1,0,0,1,1,85000.0,19380.0,22.8,1400.0,1,1,418380.0,7700.0,28.6,Education,540000.0,84,11.52,9394.0,31.0,59.5,0,0.0,0,64000.0,290000.0,Rent,1,Married,Tier-2,1,1
APP100522,53,365000.0,30417.0,68000.0,Salaried,IT,17.4,Post-Graduate,637,8.1,5,3,5,4,0,Personal,510000.0,6,3,3,54,87.4,0,0,1,0,0,0,0.0,0.0,0.0,0.0,0,0,74000.0,2100.0,6.9,Personal,80000.0,24,14.28,3852.0,12.7,19.6,0,0.0,0,160000.0,190000.0,Rent,0,Divorced,Tier-3,1,0
APP100523,36,329000.0,27417.0,0.0,Salaried,Other,2.6,Graduate,604,2.0,9,4,2,0,0,Home,350000.0,2,1,1,48,100.0,0,0,0,0,1,4,195000.0,80145.0,41.1,5100.0,0,2,523145.0,7400.0,41.6,Education,310000.0,60,11.89,6879.0,25.1,66.7,0,0.0,0,62000.0,170000.0,Rent,1,Single,Tier-1,0,-1
APP100524,53,121000.0,10083.0,29000.0,Retired,None,0.0,High School,505,2.8,1,3,2,2,0,Auto,330000.0,2,2,0,43,93.4,1,1,0,0,1,3,55000.0,19415.0,35.3,900.0,1,1,316415.0,4500.0,54.3,Personal,110000.0,36,16.73,3907.0,38.7,93.0,0,0.0,0,23000.0,350000.0,Family,1,Single,Tier-1,0,-1
APP100525,33,60000.0,5000.0,0.0,Unemployed,None,0.0,Graduate,501,13.0,10,3,1,0,0,Home,60000.0,1,1,0,27,95.8,1,0,0,0,1,1,30000.0,14880.0,49.6,700.0,0,1,31880.0,400.0,22.9,Debt Consolidation,30000.0,24,17.88,1496.0,29.9,52.8,0,0.0,0,202000.0,40000.0,Rent,1,Married,Tier-2,0,-1
APP100526,54,60000.0,5000.0,0.0,Unemployed,None,0.0,Post-Graduate,474,4.7,7,2,3,2,1,Education,30000.0,4,4,0,47,99.7,0,0,0,0,1,4,30000.0,8310.0,27.7,800.0,0,0,71310.0,1700.0,42.3,Personal,30000.0,24,16.87,1481.0,29.6,71.9,0,0.0,0,11000.0,20000.0,Family,3,Single,Tier-2,0,-1
APP100527,39,133000.0,11083.0,0.0,Retired,None,0.0,Post-Graduate,602,5.8,6,1,3,1,0,Personal,230000.0,5,5,0,34,92.6,2,0,0,0,1,2,20000.0,7300.0,36.5,500.0,1,0,100300.0,2200.0,23.1,Home,700000.0,300,9.78,6253.0,56.4,79.6,1,10.7,0,3000.0,90000.0,Family,0,Married,Tier-1,0,-1
APP100528,41,216000.0,18000.0,0.0,Salaried,Manufacturing,4.6,High School,691,7.0,12,1,3,1,0,Gold,420000.0,4,3,1,6,96.5,1,0,0,1,0,0,0.0,0.0,0.0,0.0,0,0,245000.0,4400.0,24.4,Debt Consolidation,170000.0,60,13.9,3947.0,21.9,46.4,0,0.0,0,37000.0,260000.0,Own,2,Married,Tier-1,1,0
APP100529,55,253000.0,21083.0,0.0,Salaried,Other,6.6,Graduate,534,14.6,5,3,2,2,0,Education,120000.0,2,1,1,45,84.3,1,1,1,1,0,0,0.0,0.0,0.0,0.0,0,0,647000.0,13700.0,65.0,Personal,130000.0,24,15.15,6313.0,29.9,94.9,1,0.0,0,17000.0,550000.0,Family,1,Divorced,Tier-1,0,-1
APP100530,34,332000.0,27667.0,0.0,Salaried,Education,5.4,Graduate,661,0.4,4,3,1,1,0,Education,250000.0,3,3,0,3,97.4,1,0,0,0,0,0,0.0,0.0,0.0,0.0,0,0,192000.0,5000.0,18.1,Business,1040000.0,60,13.41,23882.0,86.3,104.4,0,0.0,0,46000.0,610000.0,Own,1,Married,Tier-3,0,-1
APP100531,28,289000.0,24083.0,41000.0,Self-Employed,Government,4.8,Graduate,745,8.0,3,2,1,1,0,Home,110000.0,2,1,1,40,100.0,0,0,0,1,0,0,0.0,0.0,0.0,0.0,0,0,324000.0,6200.0,25.7,Auto,180000.0,36,8.38,5672.0,23.6,49.3,1,14.3,0,59000.0,330000.0,Rent,1,Divorced,Tier-1,1,1
APP100532,33,466000.0,38833.0,0.0,Salaried,Banking/Finance,8.3,High School,760,12.3,10,1,3,3,1,Home,1270000.0,4,3,1,3,100.0,0,0,0,0,0,0,0.0,0.0,0.0,0.0,0,0,1140000.0,20000.0,51.5,Debt Consolidation,330000.0,24,13.39,15749.0,40.6,92.1,0,0.0,1,45000.0,270000.0,Own,2,Single,Tier-2,1,1
APP100533,43,179000.0,14917.0,0.0,Retired,None,0.0,Graduate,657,7.5,8,1,1,0,1,Home,200000.0,2,2,0,14,98.4,1,0,0,1,0,0,0.0,0.0,0.0,0.0,0,0,73000.0,2900.0,19.4,Business,470000.0,84,13.28,8622.0,57.8,77.2,0,0.0,0,234000.0,80000.0,Family,0,Single,Tier-2,0,-1
APP100534,21,965000.0,80417.0,0.0,Salaried,Retail,0.0,Post-Graduate,721,1.0,4,3,1,0,0,Gold,2780000.0,1,0,1,18,100.0,0,0,0,1,1,3,275000.0,70950.0,25.8,8500.0,0,1,2154950.0,37000.0,50.4,Personal,490000.0,12,12.92,43747.0,54.4,104.8,0,0.0,0,224000.0,3300000.0,Rent,0,Married,Tier-1,0,-1
APP100535,45,1140000.0,95000.0,265000.0,Salaried,Healthcare,0.6,Graduate,734,6.3,9,2,3,2,0,Gold,3180000.0,5,3,2,57,100.0,0,0,0,0,1,3,395000.0,182095.0,46.1,6100.0,0,2,1658095.0,42100.0,53.9,Personal,730000.0,36,12.39,24383.0,25.7,79.6,0,0.0,1,492000.0,2660000.0,Family,1,Single,Tier-1,0,-1
APP100536,32,677000.0,56417.0,0.0,Salaried,Other,11.0,Graduate,556,1.9,3,1,2,1,1,Education,1900000.0,2,0,2,43,96.4,2,0,0,1,1,2,190000.0,147440.0,77.6,2900.0,0,2,537440.0,9200.0,29.4,Home,3650000.0,240,10.72,36982.0,65.6,94.9,1,21.0,0,81000.0,1550000.0,Own,0,Single,Tier-1,0,-1
APP100537,51,413000.0,34417.0,0.0,Salaried,IT,4.9,High School,688,0.7,4,1,2,1,0,Auto,1020000.0,2,2,0,12,100.0,0,0,0,0,1,3,240000.0,81840.0,34.1,5200.0,1,1,1219840.0,20800.0,72.3,Business,1070000.0,84,13.23,19599.0,56.9,129.3,0,0.0,1,81000.0,720000.0,Rent,2,Married,Tier-1,0,-1
APP100538,21,451000.0,37583.0,76000.0,Salaried,Government,0.0,High School,719,1.0,2,2,2,1,0,Personal,190000.0,2,1,1,45,100.0,0,0,0,0,0,0,0.0,0.0,0.0,0.0,0,0,324000.0,10900.0,29.0,Personal,450000.0,36,11.93,14931.0,39.7,68.7,1,0.0,0,128000.0,880000.0,Rent,3,Divorced,Tier-2,1,0
APP100539,29,714000.0,59500.0,0.0,Self-Employed,Education,0.2,Post-Graduate,641,0.2,3,1,3,1,1,Auto,1760000.0,3,3,0,15,100.0,0,0,0,0,1,3,140000.0,29680.0,21.2,4000.0,0,0,1063680.0,18300.0,33.3,Auto,820000.0,60,11.13,17882.0,30.1,63.3,1,10.5,0,107000.0,1050000.0,Family,0,Married,Tier-2,0,-1
APP100540,21,617000.0,51417.0,79000.0,Salaried,Construction,0.0,Doctorate,690,1.0,4,3,1,0,0,Gold,420000.0,3,2,1,17,100.0,0,0,0,1,0,0,0.0,0.0,0.0,0.0,0,0,871000.0,18800.0,36.6,Auto,490000.0,84,10.54,8272.0,16.1,52.7,1,29.7,0,317000.0,390000.0,Rent,1,Married,Tier-1,1,0
APP100541,29,340000.0,28333.0,0.0,Self-Employed,Other,3.0,High School,597,2.2,4,2,4,4,0,Business,940000.0,5,3,2,31,99.9,0,1,0,1,1,1,70000.0,3570.0,5.1,1700.0,0,0,463570.0,19600.0,69.8,Auto,340000.0,60,12.22,7601.0,26.8,96.6,1,23.5,0,55000.0,2710000.0,Rent,0,Single,Tier-1,0,-1
APP100542,41,60000.0,5000.0,4000.0,Unemployed,None,0.0,Post-Graduate,593,4.0,2,2,2,2,0,Education,80000.0,2,2,0,28,100.0,0,0,0,0,0,0,0.0,0.0,0.0,0.0,0,0,38000.0,600.0,12.0,Business,130000.0,36,14.54,4477.0,89.5,101.5,0,0.0,0,11000.0,20000.0,Own,2,Single,Tier-1,0,-1
APP100543,36,592000.0,49333.0,24000.0,Self-Employed,Manufacturing,8.7,High School,722,4.3,8,1,0,0,0,None,0.0,2,2,0,33,98.0,0,0,0,1,0,0,0.0,0.0,0.0,0.0,0,0,1278000.0,25400.0,51.5,Auto,500000.0,48,9.33,12521.0,25.4,76.9,1,11.2,0,516000.0,210000.0,Own,1,Single,Tier-1,1,0
APP100544,35,636000.0,53000.0,0.0,Business Owner,Government,5.2,Graduate,620,1.7,5,3,2,1,1,Education,1860000.0,2,2,0,58,95.6,0,0,0,0,0,0,0.0,0.0,0.0,0.0,0,0,655000.0,29200.0,55.1,Education,330000.0,60,11.35,7233.0,13.6,68.7,0,0.0,1,618000.0,1390000.0,Rent,1,Married,Tier-1,0,-1
APP100545,36,995000.0,82917.0,96000.0,Salaried,Banking/Finance,8.0,Graduate,671,7.3,4,1,2,0,0,Education,1500000.0,2,1,1,1,96.6,0,1,0,1,1,5,440000.0,79640.0,18.1,12100.0,0,0,885640.0,14100.0,21.8,Auto,1020000.0,48,10.45,26091.0,31.5,53.3,1,23.9,0,1180000.0,1860000.0,Rent,0,Married,Tier-1,1,0
APP100546,40,705000.0,58750.0,37000.0,Salaried,Retail,4.3,Graduate,765,11.8,8,0,8,7,0,Auto,1600000.0,8,7,1,14,98.0,1,0,0,0,1,3,220000.0,113080.0,51.4,4500.0,1,2,316080.0,7500.0,22.4,Auto,510000.0,60,8.32,10419.0,17.7,40.1,1,18.3,1,822000.0,7050000.0,Rent,1,Single,Tier-1,1,0
APP100547,27,309000.0,25750.0,68000.0,Salaried,Healthcare,6.0,Graduate,697,1.9,6,1,3,2,0,Personal,170000.0,4,2,2,39,91.0,1,0,0,1,0,0,0.0,0.0,0.0,0.0,0,0,53000.0,1300.0,5.0,Auto,440000.0,60,10.49,9455.0,36.7,41.8,1,19.6,0,61000.0,560000.0,Rent,1,Married,Tier-1,1,0
APP100548,46,318000.0,26500.0,0.0,Retired,None,0.0,Graduate,697,1.8,5,2,3,3,0,Education,760000.0,4,3,1,42,100.0,0,0,0,0,1,3,150000.0,29250.0,19.5,2000.0,0,1,99250.0,1500.0,11.2,Education,510000.0,84,10.16,8509.0,32.1,43.3,0,0.0,1,131000.0,480000.0,Rent,1,Divorced,Tier-3,1,0
APP100549,45,87000.0,7250.0,10000.0,Self-Employed,Education,5.0,High School,646,4.8,8,1,0,0,0,None,0.0,1,0,1,40,100.0,0,0,0,3,0,0,0.0,0.0,0.0,0.0,0,0,29000.0,900.0,12.4,Auto,60000.0,84,10.87,1023.0,14.1,26.5,1,27.7,1,18000.0,320000.0,Own,2,Married,Tier-3,1,0
APP100550,42,1869000.0,155750.0,0.0,Salaried,Banking/Finance,5.1,Doctorate,708,0.8,2,3,0,0,0,None,0.0,1,1,0,18,100.0,0,0,0,0,1,5,1025000.0,434600.0,42.4,16100.0,1,0,850600.0,7800.0,19.0,Home,14860000.0,120,8.88,187276.0,120.2,139.2,1,25.4,0,1051000.0,29660000.0,Family,2,Married,Tier-1,0,-1
APP100551,44,208000.0,17333.0,0.0,Salaried,Education,5.5,Graduate,727,4.9,5,0,0,0,0,None,0.0,0,0,0,-1,100.0,0,0,0,2,0,0,0.0,0.0,0.0,0.0,0,0,142000.0,6800.0,39.2,Personal,100000.0,36,12.34,3338.0,19.3,58.5,0,0.0,0,308000.0,510000.0,Family,2,Divorced,Tier-3,1,0
APP100552,41,344000.0,28667.0,0.0,Contract,Manufacturing,1.8,High School,612,10.8,4,0,4,4,2,Education,460000.0,4,2,2,32,100.0,0,0,0,0,1,1,135000.0,49410.0,36.6,3000.0,0,0,258410.0,10100.0,43.9,Home,1570000.0,240,9.51,14645.0,51.1,94.9,1,23.3,0,196000.0,130000.0,Rent,0,Married,Tier-2,0,-1
APP100553,60,253000.0,21083.0,0.0,Retired,None,0.0,Post-Graduate,658,1.8,3,3,2,2,0,Home,150000.0,2,2,0,27,100.0,0,0,0,1,0,0,0.0,0.0,0.0,0.0,0,0,234000.0,4200.0,19.9,Debt Consolidation,130000.0,24,14.89,6296.0,29.9,49.8,0,0.0,0,295000.0,2870000.0,Own,3,Single,Tier-2,1,0
APP100554,37,946000.0,78833.0,0.0,Self-Employed,Education,10.5,Graduate,631,14.0,5,2,2,2,0,Gold,1720000.0,3,2,1,8,88.9,2,1,0,0,1,1,550000.0,311850.0,56.7,5300.0,0,0,531850.0,5000.0,26.1,Personal,470000.0,12,14.88,42395.0,53.8,79.9,0,0.0,0,135000.0,1440000.0,Rent,3,Single,Tier-3,0,-1
APP100555,35,60000.0,5000.0,0.0,Unemployed,None,0.0,Graduate,541,3.6,1,1,1,0,0,Business,60000.0,1,1,0,46,97.8,0,0,0,0,0,0,0.0,0.0,0.0,0.0,0,0,74000.0,1100.0,22.0,Personal,40000.0,24,16.85,1975.0,39.5,61.5,0,0.0,0,13000.0,100000.0,Family,0,Single,Tier-2,0,-1
APP100556,30,154000.0,12833.0,0.0,Self-Employed,Education,9.0,Graduate,647,4.0,9,1,2,0,0,Home,80000.0,3,2,1,14,95.7,1,0,0,1,0,0,0.0,0.0,0.0,0.0,0,0,236000.0,7400.0,57.7,Education,220000.0,120,11.24,3060.0,23.8,81.5,0,0.0,1,104000.0,20000.0,Own,0,Married,Tier-1,1,1
APP100557,27,301000.0,25083.0,0.0,Self-Employed,IT,6.0,High School,606,3.0,3,1,2,2,0,Education,890000.0,3,2,1,48,86.5,2,0,0,1,1,2,115000.0,13915.0,12.1,3000.0,0,0,168915.0,2400.0,12.3,Business,650000.0,36,13.88,22178.0,88.4,100.8,0,0.0,0,130000.0,190000.0,Rent,1,Married,Tier-2,0,-1
APP100558,24,371000.0,30917.0,0.0,Salaried,Education,3.0,Graduate,725,4.0,3,0,3,1,0,Business,460000.0,4,3,1,51,100.0,0,0,0,0,0,0,0.0,0.0,0.0,0.0,0,0,143000.0,6000.0,19.4,Business,960000.0,84,12.55,17230.0,55.7,75.1,0,0.0,0,25000.0,190000.0,Own,0,Married,Tier-1,1,0
APP100559,28,136000.0,11333.0,0.0,Salaried,Education,3.4,Graduate,621,5.4,3,1,1,1,0,Auto,60000.0,1,1,0,25,100.0,0,0,0,1,1,4,50000.0,18050.0,36.1,700.0,0,0,118050.0,3300.0,37.1,Auto,110000.0,60,11.5,2419.0,21.3,58.4,1,13.6,0,179000.0,110000.0,Own,0,Married,Tier-1,1,0
APP100560,37,164000.0,13667.0,0.0,Retired,None,0.0,Graduate,643,3.8,3,2,1,1,0,Gold,90000.0,2,2,0,2,100.0,0,0,0,0,0,0,0.0,0.0,0.0,0.0,0,0,166000.0,3800.0,27.8,Business,590000.0,60,14.46,13869.0,101.5,129.3,0,0.0,0,39000.0,510000.0,Own,3,Married,Tier-2,0,-1
APP100561,42,286000.0,23833.0,0.0,Self-Employed,Manufacturing,11.6,Graduate,675,2.5,7,1,0,0,0,None,0.0,1,0,1,51,100.0,0,0,0,1,0,0,0.0,0.0,0.0,0.0,0,0,541000.0,10300.0,43.2,Auto,400000.0,36,10.5,13001.0,54.6,97.8,1,18.4,1,37000.0,60000.0,Own,2,Married,Tier-1,0,-1
APP100562,39,784000.0,65333.0,0.0,Salaried,IT,6.4,Post-Graduate,698,6.1,7,1,2,2,0,Personal,280000.0,2,2,0,46,98.1,1,0,0,0,1,3,120000.0,36360.0,30.3,2100.0,1,1,968360.0,36900.0,59.3,Business,1130000.0,84,12.53,20269.0,31.0,90.3,0,0.0,0,123000.0,120000.0,Rent,2,Married,Tier-3,0,-1
APP100563,30,498000.0,41500.0,33000.0,Self-Employed,Banking/Finance,2.4,Post-Graduate,722,10.0,8,5,5,3,0,Auto,1410000.0,7,6,1,4,100.0,0,0,0,0,0,0,0.0,0.0,0.0,0.0,0,0,400000.0,9300.0,22.4,Business,990000.0,36,11.97,32868.0,79.2,101.6,0,0.0,0,169000.0,3050000.0,Rent,0,Married,Tier-1,0,-1
APP100564,48,1204000.0,100333.0,180000.0,Salaried,Healthcare,1.5,Graduate,682,4.0,1,3,2,2,0,Home,2540000.0,2,1,1,26,95.4,0,1,0,1,0,0,0.0,0.0,0.0,0.0,0,0,2295000.0,70200.0,70.0,Personal,500000.0,24,13.31,23844.0,23.8,93.7,0,0.0,0,264000.0,2640000.0,Rent,0,Married,Tier-1,0,-1
APP100565,46,423000.0,35250.0,0.0,Contract,Education,9.7,Post-Graduate,718,5.3,3,2,0,0,0,None,0.0,1,1,0,48,100.0,0,0,0,0,0,0,0.0,0.0,0.0,0.0,0,0,77000.0,2600.0,7.4,Debt Consolidation,360000.0,36,13.49,12215.0,34.7,42.0,0,0.0,0,322000.0,500000.0,Own,0,Married,Tier-2,1,0
APP100566,36,767000.0,63917.0,0.0,Salaried,Government,14.0,Post-Graduate,729,1.2,3,1,0,0,0,None,0.0,0,0,0,-1,100.0,0,0,0,0,0,0,0.0,0.0,0.0,0.0,0,0,502000.0,13300.0,20.8,Auto,1190000.0,48,9.74,30033.0,47.0,67.8,1,23.3,0,444000.0,1900000.0,Rent,1,Divorced,Tier-1,1,0
APP100567,31,385000.0,32083.0,0.0,Contract,Government,1.1,Post-Graduate,724,5.3,5,0,3,3,0,Home,850000.0,4,3,1,48,97.7,0,0,0,0,0,0,0.0,0.0,0.0,0.0,0,0,131000.0,6300.0,19.6,Personal,190000.0,24,12.57,8995.0,28.0,47.7,0,0.0,0,83000.0,390000.0,Rent,0,Single,Tier-2,1,1
APP100568,44,259000.0,21583.0,0.0,Self-Employed,Healthcare,10.0,Post-Graduate,690,21.2,9,0,4,2,0,Gold,300000.0,4,3,1,52,97.8,0,1,0,0,1,6,45000.0,13455.0,29.9,400.0,0,1,405455.0,7400.0,37.4,Auto,410000.0,48,9.41,10283.0,47.6,85.0,1,23.6,0,48000.0,120000.0,Own,1,Single,Tier-2,1,1
APP100569,40,298000.0,24833.0,0.0,Salaried,Manufacturing,7.4,High School,664,1.6,3,1,1,0,0,Home,470000.0,1,1,0,47,95.0,1,0,0,1,0,0,0.0,0.0,0.0,0.0,0,0,295000.0,11200.0,45.1,Auto,360000.0,48,10.86,9280.0,37.4,82.5,1,11.9,0,675000.0,110000.0,Rent,0,Married,Tier-2,0,-1
APP100570,22,461000.0,38417.0,0.0,Salaried,IT,1.0,High School,662,2.0,4,3,3,3,1,Personal,910000.0,4,3,1,47,100.0,0,0,0,0,1,1,155000.0,58900.0,38.0,3400.0,1,0,67900.0,300.0,8.4,Auto,630000.0,48,10.45,16115.0,41.9,50.4,1,10.1,0,161000.0,650000.0,Own,0,Married,Tier-2,0,-1
APP100571,37,649000.0,54083.0,0.0,Contract,Construction,6.4,Post-Graduate,687,3.2,6,2,2,2,0,Auto,490000.0,3,3,0,52,100.0,0,0,0,0,0,0,0.0,0.0,0.0,0.0,0,0,394000.0,6000.0,11.1,Auto,950000.0,60,9.97,20171.0,37.3,48.4,1,18.9,1,668000.0,930000.0,Rent,1,Single,Tier-3,1,0
APP100572,41,351000.0,29250.0,0.0,Salaried,Manufacturing,2.1,Graduate,696,1.1,3,2,0,0,0,None,0.0,2,2,0,51,100.0,1,0,0,0,1,2,60000.0,18240.0,30.4,1100.0,1,0,488240.0,7700.0,29.4,Personal,160000.0,36,13.32,5416.0,18.5,48.0,0,0.0,0,197000.0,200000.0,Own,2,Married,Tier-3,1,0
APP100573,28,240000.0,20000.0,0.0,Salaried,Retail,4.7,Post-Graduate,562,3.6,4,2,3,1,1,Home,490000.0,3,2,1,23,93.7,0,1,0,0,1,3,80000.0,35440.0,44.3,2600.0,0,1,158440.0,5300.0,35.4,Auto,270000.0,36,12.07,8977.0,44.9,80.2,1,23.1,0,168000.0,710000.0,Rent,0,Married,Tier-1,0,-1
APP100574,40,1160000.0,96667.0,0.0,Business Owner,Retail,5.6,Post-Graduate,768,18.0,12,3,6,6,0,Gold,700000.0,7,6,1,20,100.0,0,0,0,0,0,0,0.0,0.0,0.0,0.0,0,0,270000.0,5300.0,5.5,Education,1320000.0,84,9.15,21338.0,22.1,27.6,0,0.0,0,141000.0,3340000.0,Rent,1,Married,Tier-3,1,0
APP100575,22,512000.0,42667.0,0.0,Salaried,Healthcare,1.0,Graduate,723,2.0,2,1,3,2,0,Gold,1100000.0,4,4,0,3,97.2,0,0,0,0,0,0,0.0,0.0,0.0,0.0,0,0,504000.0,8200.0,19.2,Education,360000.0,120,9.88,4734.0,11.1,30.3,0,0.0,0,120000.0,140000.0,Family,2,Single,Tier-3,1,0
APP100576,53,680000.0,56667.0,0.0,Salaried,Banking/Finance,4.5,Graduate,709,5.9,3,0,1,1,1,Personal,1280000.0,4,3,1,22,100.0,0,0,0,0,0,0,0.0,0.0,0.0,0.0,0,0,253000.0,8500.0,15.0,Auto,510000.0,60,9.91,10813.0,19.1,34.1,1,20.7,0,358000.0,2830000.0,Own,0,Married,Tier-2,1,0
APP100577,52,451000.0,37583.0,105000.0,Salaried,Other,3.2,Post-Graduate,598,1.8,2,1,3,2,0,Home,630000.0,5,3,2,56,86.4,4,0,0,0,0,0,0.0,0.0,0.0,0.0,0,0,215000.0,3300.0,8.8,Personal,410000.0,60,14.22,9587.0,25.5,34.3,1,0.0,0,42000.0,500000.0,Own,2,Married,Tier-3,0,-1
APP100578,35,112000.0,9333.0,0.0,Contract,Banking/Finance,7.0,High School,636,10.1,6,2,7,4,1,Auto,310000.0,9,9,0,20,100.0,0,0,0,1,0,0,0.0,0.0,0.0,0.0,0,0,151000.0,3000.0,32.1,Auto,110000.0,84,10.65,1863.0,20.0,52.1,1,23.0,0,23000.0,90000.0,Family,3,Married,Tier-1,1,0
APP100579,42,754000.0,62833.0,166000.0,Salaried,Other,8.2,Post-Graduate,745,12.9,5,2,7,6,0,Gold,2150000.0,7,5,2,45,92.6,2,0,0,2,0,0,0.0,0.0,0.0,0.0,0,0,121000.0,4000.0,6.4,Home,4080000.0,120,8.65,50914.0,81.0,87.4,1,17.3,0,209000.0,1810000.0,Own,1,Married,Tier-1,0,-1
APP100580,21,597000.0,49750.0,0.0,Salaried,Banking/Finance,0.0,Doctorate,585,1.0,3,0,1,1,0,Gold,1520000.0,2,2,0,15,77.2,0,0,2,0,1,1,210000.0,52920.0,25.2,5300.0,0,0,712920.0,13400.0,32.3,Personal,280000.0,60,15.13,6680.0,13.4,45.7,0,0.0,0,88000.0,530000.0,Own,0,Single,Tier-1,1,0
APP100581,25,668000.0,55667.0,0.0,Salaried,IT,2.3,High School,648,5.0,1,0,2,1,0,Home,1880000.0,3,3,0,52,94.6,0,1,0,1,1,1,320000.0,215360.0,67.3,7500.0,1,2,1755360.0,26700.0,67.3,Personal,340000.0,12,14.29,30574.0,54.9,122.2,0,0.0,1,58000.0,130000.0,Own,0,Single,Tier-2,0,-1
APP100582,35,422000.0,35167.0,0.0,Salaried,Other,2.5,Graduate,606,2.3,8,0,1,0,0,Business,1000000.0,1,0,1,52,86.5,1,0,1,0,0,0,0.0,0.0,0.0,0.0,0,0,244000.0,6500.0,18.5,Auto,360000.0,36,11.62,11892.0,33.8,52.3,1,14.6,0,311000.0,320000.0,Own,1,Single,Tier-2,0,-1
APP100583,26,420000.0,35000.0,0.0,Salaried,Other,5.0,Graduate,667,1.9,4,0,2,2,0,Home,1240000.0,3,3,0,8,99.1,1,0,0,0,1,2,95000.0,15485.0,16.3,1000.0,0,0,940485.0,23500.0,69.4,Debt Consolidation,330000.0,60,14.27,7725.0,22.1,91.4,0,0.0,0,147000.0,250000.0,Rent,0,Married,Tier-1,0,-1
APP100584,46,704000.0,58667.0,0.0,Salaried,Other,7.9,Post-Graduate,675,0.7,4,1,0,0,0,None,0.0,0,0,0,-1,100.0,1,0,0,0,1,3,205000.0,47765.0,23.3,4300.0,0,1,1766765.0,34000.0,62.0,Auto,690000.0,36,10.11,22300.0,38.0,100.0,1,20.5,0,1521000.0,680000.0,Rent,1,Married,Tier-2,0,-1
APP100585,60,115000.0,9583.0,25000.0,Retired,None,0.0,Graduate,609,2.1,3,1,3,3,1,Business,110000.0,3,3,0,53,97.4,1,0,0,2,0,0,0.0,0.0,0.0,0.0,0,0,10000.0,200.0,2.1,Education,210000.0,60,12.03,4675.0,48.8,50.9,0,0.0,1,59000.0,230000.0,Rent,3,Single,Tier-1,0,-1
APP100586,25,223000.0,18583.0,0.0,Salaried,Retail,4.0,High School,507,5.0,6,1,3,2,1,Home,230000.0,5,4,1,8,89.5,1,0,1,1,0,0,0.0,0.0,0.0,0.0,0,0,340000.0,10400.0,56.0,Education,130000.0,120,13.94,2014.0,10.8,66.8,0,0.0,0,92000.0,120000.0,Own,4,Single,Tier-2,0,-1
APP100587,29,60000.0,5000.0,9000.0,Unemployed,None,0.0,High School,552,2.0,4,3,0,0,0,None,0.0,0,0,0,-1,100.0,0,0,0,1,0,0,0.0,0.0,0.0,0.0,0,0,12000.0,400.0,8.0,Debt Consolidation,70000.0,36,16.55,2480.0,49.6,57.6,0,0.0,0,16000.0,290000.0,Own,0,Married,Tier-2,0,-1
APP100588,41,260000.0,21667.0,0.0,Salaried,Education,5.2,Graduate,669,10.5,4,3,0,0,0,None,0.0,1,1,0,59,100.0,0,0,0,2,1,1,40000.0,4560.0,11.4,500.0,0,2,723560.0,10800.0,50.9,Debt Consolidation,80000.0,36,14.52,2754.0,12.7,63.6,0,0.0,0,52000.0,380000.0,Own,1,Married,Tier-2,1,1
APP100589,56,364000.0,30333.0,0.0,Salaried,Retail,2.0,Graduate,656,11.6,8,1,5,4,1,Auto,1090000.0,6,5,1,25,95.5,1,0,0,0,1,3,145000.0,29290.0,20.2,2400.0,0,1,656290.0,12000.0,44.4,Auto,490000.0,36,10.37,15896.0,52.4,96.8,1,18.1,0,431000.0,820000.0,Rent,1,Divorced,Tier-2,0,-1
APP100590,25,174000.0,14500.0,0.0,Unemployed,None,0.0,Graduate,613,5.0,5,0,1,1,0,Education,440000.0,2,1,1,8,98.3,1,0,0,0,0,0,0.0,0.0,0.0,0.0,0,0,88000.0,3400.0,23.4,Personal,130000.0,60,14.4,3052.0,21.0,44.5,0,0.0,0,91000.0,130000.0,Rent,3,Married,Tier-2,0,-1
APP100591,41,133000.0,11083.0,0.0,Unemployed,None,0.0,Post-Graduate,592,0.9,2,0,0,0,0,None,0.0,0,0,0,-1,100.0,1,0,0,0,0,0,0.0,0.0,0.0,0.0,0,0,36000.0,900.0,8.1,Auto,130000.0,84,11.32,2248.0,20.3,28.4,1,18.8,0,45000.0,680000.0,Own,1,Single,Tier-3,1,0
APP100592,58,408000.0,34000.0,0.0,Self-Employed,IT,2.9,High School,681,5.9,5,1,1,1,0,Gold,230000.0,2,1,1,24,96.1,1,0,0,2,0,0,0.0,0.0,0.0,0.0,0,0,278000.0,13100.0,38.5,Business,730000.0,60,13.18,16677.0,49.0,87.6,0,0.0,1,214000.0,1270000.0,Own,0,Married,Tier-1,0,-1
APP100593,21,1175000.0,97917.0,0.0,Salaried,Education,0.0,Post-Graduate,628,1.0,1,0,1,0,0,Business,2810000.0,2,1,1,57,97.9,1,0,0,0,1,2,435000.0,315375.0,72.5,14200.0,0,0,2270375.0,31800.0,48.6,Business,2460000.0,60,14.45,57815.0,59.0,107.6,0,0.0,0,541000.0,410000.0,Family,0,Married,Tier-1,0,-1
APP100594,24,320000.0,26667.0,0.0,Salaried,Construction,0.5,Post-Graduate,683,4.0,6,0,0,0,0,None,0.0,0,0,0,-1,95.7,0,1,0,0,0,0,0.0,0.0,0.0,0.0,0,0,146000.0,4300.0,16.1,Personal,260000.0,60,13.91,6038.0,22.6,38.8,0,0.0,0,83000.0,320000.0,Own,1,Married,Tier-1,1,0
APP100595,33,1613000.0,134417.0,0.0,Salaried,Other,1.6,Graduate,632,1.1,4,5,3,1,0,Personal,4490000.0,5,4,1,3,93.9,1,0,0,1,1,1,900000.0,544500.0,60.5,21600.0,0,0,859500.0,8600.0,26.7,Home,9650000.0,120,10.18,128489.0,95.6,122.2,1,22.3,0,403000.0,23020000.0,Rent,0,Married,Tier-1,0,-1
APP100596,32,352000.0,29333.0,60000.0,Salaried,Education,8.9,Graduate,656,5.4,7,1,5,2,0,Home,740000.0,5,3,2,53,94.6,1,1,0,1,0,0,0.0,0.0,0.0,0.0,0,0,79000.0,3000.0,10.2,Debt Consolidation,140000.0,24,14.03,6724.0,22.9,33.2,1,0.0,0,57000.0,2600000.0,Rent,2,Single,Tier-2,1,0
APP100597,47,936000.0,78000.0,0.0,Salaried,Manufacturing,2.4,High School,671,1.1,1,0,2,1,0,Personal,470000.0,2,1,1,37,96.7,1,0,0,1,1,1,510000.0,200940.0,39.4,4500.0,1,0,490940.0,4300.0,18.4,Home,6920000.0,120,9.07,87922.0,112.7,131.1,1,10.9,0,367000.0,1480000.0,Rent,0,Married,Tier-1,0,-1
APP100598,41,1719000.0,143250.0,0.0,Self-Employed,Retail,20.0,Graduate,758,9.9,4,0,5,4,1,Personal,5110000.0,5,4,1,43,100.0,0,0,0,0,1,3,710000.0,214420.0,30.2,13900.0,1,3,1701420.0,44700.0,38.7,Education,3330000.0,120,9.43,42962.0,30.0,68.7,0,0.0,0,578000.0,7400000.0,Rent,0,Divorced,Tier-3,1,0
APP100599,21,153000.0,12750.0,0.0,Salaried,Retail,0.0,Graduate,616,0.3,3,2,1,1,0,Education,450000.0,1,1,0,1,100.0,1,0,0,0,1,1,80000.0,19040.0,23.8,1100.0,0,1,93040.0,3400.0,34.1,Home,1250000.0,300,11.01,12260.0,96.2,130.3,1,15.6,1,4000.0,140000.0,Own,0,Married,Tier-3,0,-1
APP100600,44,1003000.0,83583.0,0.0,Self-Employed,Education,1.1,Graduate,680,17.8,10,4,3,2,0,Education,960000.0,3,3,0,19,100.0,1,0,0,0,1,3,415000.0,353995.0,85.3,4300.0,0,1,492995.0,7100.0,29.7,Personal,930000.0,60,13.04,21179.0,25.3,55.0,0,0.0,0,153000.0,3750000.0,Family,0,Single,Tier-2,0,-1
APP100601,32,399000.0,33250.0,0.0,Salaried,Healthcare,11.0,Graduate,663,7.4,3,1,3,2,0,Education,190000.0,3,2,1,52,98.3,0,0,0,1,1,3,200000.0,79000.0,39.5,3000.0,1,1,378000.0,6600.0,31.7,Personal,280000.0,60,14.08,6527.0,19.6,51.4,0,0.0,0,474000.0,160000.0,Rent,0,Married,Tier-1,1,0
APP100602,52,240000.0,20000.0,0.0,Salaried,Manufacturing,6.2,High School,704,4.8,4,2,2,0,0,Auto,610000.0,2,2,0,46,100.0,0,0,0,0,0,0,0.0,0.0,0.0,0.0,0,0,76000.0,4000.0,20.0,Auto,230000.0,60,9.93,4879.0,24.4,44.4,1,10.2,0,35000.0,70000.0,Rent,0,Single,Tier-1,1,0
APP100603,31,486000.0,40500.0,0.0,Contract,Retail,4.7,Graduate,752,2.9,5,2,1,1,0,Auto,850000.0,1,1,0,21,100.0,0,0,0,1,1,2,95000.0,17005.0,17.9,2500.0,1,0,75005.0,900.0,4.3,Auto,440000.0,84,9.47,7185.0,17.7,22.1,1,16.7,0,363000.0,5740000.0,Own,1,Single,Tier-1,1,0
APP100604,31,60000.0,5000.0,0.0,Unemployed,None,0.0,Graduate,563,11.0,3,0,5,3,0,Education,50000.0,5,5,0,23,89.4,3,0,0,0,0,0,0.0,0.0,0.0,0.0,0,0,57000.0,1500.0,30.0,Home,420000.0,180,11.07,4792.0,95.8,125.8,1,11.0,0,9000.0,140000.0,Family,1,Married,Tier-2,0,-1
APP100605,44,536000.0,44667.0,0.0,Salaried,Construction,1.0,Graduate,722,1.2,3,2,1,1,0,Auto,1040000.0,3,2,1,30,100.0,0,0,0,0,0,0,0.0,0.0,0.0,0.0,0,0,241000.0,7800.0,17.5,Business,1210000.0,84,11.9,21295.0,47.7,65.1,0,0.0,0,480000.0,350000.0,Rent,0,Single,Tier-1,1,0
APP100606,46,212000.0,17667.0,0.0,Self-Employed,Government,5.3,High School,546,0.3,5,0,1,0,0,Home,170000.0,1,0,1,41,90.1,2,1,0,0,1,2,75000.0,9975.0,13.3,500.0,0,0,127975.0,1700.0,12.4,Home,1280000.0,240,11.14,13334.0,75.5,87.9,1,20.5,0,61000.0,580000.0,Own,5,Married,Tier-3,0,-1
APP100607,43,344000.0,28667.0,0.0,Salaried,Banking/Finance,2.6,High School,684,7.1,6,3,3,3,0,Gold,510000.0,5,4,1,41,100.0,0,0,0,0,0,0,0.0,0.0,0.0,0.0,0,0,313000.0,8800.0,30.7,Auto,360000.0,48,10.03,9136.0,31.9,62.6,1,22.5,0,128000.0,730000.0,Rent,1,Married,Tier-2,1,0
APP100608,21,834000.0,69500.0,0.0,Salaried,Manufacturing,0.0,Graduate,717,1.0,3,1,2,1,0,Personal,2380000.0,3,2,1,52,100.0,0,0,0,0,0,0,0.0,0.0,0.0,0.0,0,0,901000.0,21100.0,30.4,Education,1060000.0,60,10.14,22595.0,32.5,62.9,0,0.0,0,730000.0,210000.0,Rent,1,Married,Tier-1,0,-1
APP100609,44,785000.0,65417.0,181000.0,Business Owner,Retail,3.8,Graduate,607,6.2,6,8,3,2,0,Education,930000.0,4,2,2,38,95.8,1,0,0,0,1,3,375000.0,147375.0,39.3,8500.0,0,0,273375.0,4100.0,17.5,Personal,590000.0,24,15.34,28703.0,43.9,61.4,0,0.0,0,121000.0,1450000.0,Rent,1,Single,Tier-1,0,-1
APP100610,27,358000.0,29833.0,48000.0,Salaried,Other,5.9,Graduate,676,5.6,1,0,1,1,0,Auto,250000.0,2,2,0,55,99.1,0,0,0,0,1,1,135000.0,66015.0,48.9,4400.0,0,0,144015.0,1600.0,16.4,Debt Consolidation,180000.0,36,14.81,6223.0,20.9,37.3,0,0.0,1,263000.0,1030000.0,Rent,1,Married,Tier-2,1,0
APP100611,41,430000.0,35833.0,0.0,Salaried,Manufacturing,4.3,High School,682,7.8,5,2,3,1,0,Education,530000.0,4,4,0,31,100.0,1,0,0,0,0,0,0.0,0.0,0.0,0.0,0,0,295000.0,10300.0,28.7,Personal,220000.0,12,12.92,19642.0,54.8,83.6,1,0.0,1,108000.0,3360000.0,Own,0,Married,Tier-2,1,0
APP100612,22,187000.0,15583.0,36000.0,Salaried,Other,1.0,Graduate,681,2.0,3,1,0,0,0,None,0.0,0,0,0,-1,100.0,0,0,0,1,0,0,0.0,0.0,0.0,0.0,0,0,22000.0,500.0,3.2,Home,1340000.0,180,9.03,13615.0,87.4,90.6,1,28.3,0,164000.0,160000.0,Rent,0,Married,Tier-1,0,-1
APP100613,43,392000.0,32667.0,0.0,Salaried,Government,2.4,Doctorate,647,3.5,6,2,0,0,0,None,0.0,0,0,0,-1,94.1,1,0,0,0,1,4,210000.0,82110.0,39.1,3900.0,1,0,501110.0,8500.0,38.6,Home,3110000.0,180,9.32,32138.0,98.4,137.0,1,11.0,0,38000.0,80000.0,Rent,2,Divorced,Tier-1,0,-1
APP100614,29,321000.0,26750.0,18000.0,Salaried,Education,1.1,Graduate,721,5.0,5,0,4,3,0,Auto,160000.0,5,5,0,47,100.0,0,0,0,0,0,0,0.0,0.0,0.0,0.0,0,0,192000.0,7400.0,27.7,Business,1140000.0,60,12.57,25688.0,96.0,123.7,0,0.0,0,191000.0,180000.0,Own,0,Married,Tier-2,0,-1
APP100615,24,625000.0,52083.0,148000.0,Salaried,Government,0.9,Graduate,543,4.0,6,5,1,1,0,Business,380000.0,2,1,1,9,94.6,2,0,0,0,1,2,130000.0,65910.0,50.7,2600.0,1,0,231910.0,7100.0,20.0,Debt Consolidation,450000.0,24,16.35,22109.0,42.4,62.4,0,0.0,0,155000.0,380000.0,Rent,0,Married,Tier-3,0,-1
APP100616,46,200000.0,16667.0,0.0,Retired,None,0.0,Graduate,632,9.2,2,2,1,1,0,Auto,100000.0,2,2,0,55,100.0,0,0,0,0,1,1,80000.0,30240.0,37.8,1400.0,0,2,205240.0,2900.0,26.5,Home,1790000.0,180,9.77,18984.0,113.9,140.4,1,15.0,0,45000.0,170000.0,Rent,1,Married,Tier-3,0,-1
APP100617,41,833000.0,69417.0,0.0,Self-Employed,Government,8.5,Post-Graduate,746,6.5,7,2,2,1,0,Business,2430000.0,3,3,0,41,100.0,0,0,0,0,1,2,290000.0,92800.0,32.0,8100.0,0,0,796800.0,17700.0,32.2,Home,4010000.0,180,8.14,38646.0,55.7,87.9,1,22.9,1,418000.0,1170000.0,Rent,1,Married,Tier-1,1,0
APP100618,31,509000.0,42417.0,0.0,Salaried,Government,2.2,Post-Graduate,669,0.5,2,1,1,0,0,Auto,740000.0,2,1,1,57,100.0,0,0,0,1,1,6,200000.0,59800.0,29.9,6400.0,0,2,1485800.0,28200.0,73.5,Home,4210000.0,240,9.88,40293.0,95.0,168.5,1,24.7,1,46000.0,860000.0,Rent,0,Married,Tier-3,0,-1
APP100619,54,204000.0,17000.0,32000.0,Salaried,Manufacturing,3.1,High School,683,5.9,1,0,0,0,0,None,0.0,2,2,0,37,95.8,1,0,0,0,0,0,0.0,0.0,0.0,0.0,0,0,27000.0,700.0,4.1,Auto,310000.0,60,9.46,6505.0,38.3,42.4,1,23.8,0,52000.0,1960000.0,Rent,0,Single,Tier-3,1,0
APP100620,33,1046000.0,87167.0,178000.0,Self-Employed,Manufacturing,3.2,Graduate,759,1.0,4,0,1,1,0,Business,1670000.0,2,2,0,1,96.1,0,0,0,0,0,0,0.0,0.0,0.0,0.0,0,0,190000.0,5000.0,5.7,Home,10260000.0,300,7.76,77564.0,89.0,94.7,1,11.3,0,986000.0,190000.0,Own,1,Married,Tier-1,1,0
APP100621,38,216000.0,18000.0,23000.0,Salaried,Education,3.8,High School,732,9.5,13,1,4,1,0,Home,460000.0,4,4,0,37,97.6,0,0,0,0,0,0,0.0,0.0,0.0,0.0,0,0,273000.0,4100.0,22.8,Home,1300000.0,300,8.56,10521.0,58.4,81.2,1,11.1,1,75000.0,30000.0,Rent,1,Single,Tier-1,1,1
APP100622,41,771000.0,64250.0,0.0,Self-Employed,Construction,7.5,Post-Graduate,685,8.6,8,4,0,0,0,None,0.0,3,3,0,9,99.7,0,0,0,0,1,3,190000.0,76380.0,40.2,4300.0,0,2,1091380.0,16200.0,31.2,Business,1180000.0,36,13.74,40181.0,62.5,93.7,0,0.0,0,212000.0,670000.0,Own,0,Married,Tier-1,0,-1
APP100623,31,450000.0,37500.0,68000.0,Business Owner,Education,4.2,High School,660,2.2,4,3,0,0,0,None,0.0,0,0,0,-1,100.0,0,0,0,0,1,1,115000.0,33005.0,28.7,3600.0,0,0,1068005.0,17200.0,50.3,Business,790000.0,36,14.0,27000.0,72.0,122.3,0,0.0,1,539000.0,160000.0,Own,0,Married,Tier-2,0,-1
APP100624,43,780000.0,65000.0,0.0,Salaried,Other,9.6,Post-Graduate,636,7.6,5,6,2,1,0,Business,1490000.0,3,3,0,24,85.3,0,1,1,1,0,0,0.0,0.0,0.0,0.0,0,0,230000.0,4800.0,7.4,Auto,840000.0,84,11.72,14703.0,22.6,30.0,1,18.5,0,175000.0,640000.0,Rent,1,Married,Tier-1,1,0
APP100625,32,221000.0,18417.0,51000.0,Salaried,Government,1.7,High School,678,5.2,6,4,0,0,0,None,0.0,0,0,0,-1,100.0,0,0,0,0,0,0,0.0,0.0,0.0,0.0,0,0,56000.0,1400.0,7.6,Home,1270000.0,300,9.55,11140.0,60.5,68.1,1,15.8,0,126000.0,50000.0,Rent,0,Married,Tier-3,1,0
APP100626,33,810000.0,67500.0,0.0,Salaried,Manufacturing,8.9,Graduate,657,2.6,3,3,3,0,0,Personal,1670000.0,3,1,2,27,96.4,1,0,0,0,1,2,290000.0,99760.0,34.4,7500.0,0,0,1353760.0,30900.0,53.2,Auto,720000.0,48,10.87,18563.0,27.5,80.7,1,28.8,0,325000.0,5170000.0,Rent,0,Married,Tier-1,0,-1
APP100627,53,1026000.0,85500.0,0.0,Salaried,Education,13.4,Graduate,743,7.5,9,0,7,5,0,Home,2390000.0,7,7,0,18,100.0,0,0,0,0,1,2,375000.0,115500.0,30.8,3100.0,0,0,1798500.0,31500.0,43.6,Auto,1330000.0,36,9.47,42585.0,49.8,93.4,1,27.5,0,1156000.0,7840000.0,Rent,0,Divorced,Tier-2,0,-1
APP100628,27,745000.0,62083.0,0.0,Salaried,Education,5.3,Graduate,748,7.0,3,4,4,3,0,Auto,1210000.0,7,6,1,40,97.2,0,0,0,1,1,2,300000.0,42000.0,14.0,5400.0,0,0,323000.0,8400.0,16.9,Debt Consolidation,490000.0,24,12.62,23208.0,37.4,54.3,0,0.0,0,462000.0,960000.0,Family,2,Married,Tier-1,1,0
APP100629,21,65000.0,5417.0,7000.0,Unemployed,None,0.0,Graduate,545,1.0,4,2,0,0,0,None,0.0,0,0,0,-1,95.4,2,0,0,2,0,0,0.0,0.0,0.0,0.0,0,0,36000.0,800.0,14.8,Personal,30000.0,24,15.47,1461.0,27.0,41.7,0,0.0,0,26000.0,560000.0,Own,0,Married,Tier-3,0,-1
APP100630,56,439000.0,36583.0,16000.0,Salaried,Healthcare,7.6,Post-Graduate,734,6.5,6,0,2,1,0,Education,1000000.0,2,1,1,37,100.0,0,0,0,2,0,0,0.0,0.0,0.0,0.0,0,0,369000.0,15700.0,42.9,Personal,270000.0,60,12.32,6050.0,16.5,59.5,0,0.0,0,34000.0,7540000.0,Own,3,Single,Tier-2,1,0
APP100631,66,2244000.0,187000.0,0.0,Self-Employed,Healthcare,5.3,Graduate,769,2.1,5,2,0,0,0,None,0.0,1,1,0,18,95.7,1,0,0,1,0,0,0.0,0.0,0.0,0.0,0,0,840000.0,19500.0,10.4,Home,10860000.0,180,8.12,104538.0,55.9,66.3,1,18.8,0,675000.0,2610000.0,Rent,0,Divorced,Tier-3,1,0
APP100632,34,383000.0,31917.0,0.0,Business Owner,Banking/Finance,6.7,Graduate,632,2.8,4,2,2,2,1,Home,1100000.0,2,1,1,22,100.0,1,0,0,0,1,3,185000.0,42550.0,23.0,6100.0,1,1,697550.0,11900.0,43.9,Personal,140000.0,60,14.63,3303.0,10.3,54.3,0,0.0,0,591000.0,870000.0,Own,2,Married,Tier-3,0,-1
APP100633,21,812000.0,67667.0,0.0,Salaried,IT,0.0,Post-Graduate,707,1.0,3,1,2,2,0,Personal,2240000.0,4,3,1,37,89.3,2,0,0,0,0,0,0.0,0.0,0.0,0.0,0,0,770000.0,24900.0,36.8,Auto,740000.0,84,9.69,12167.0,18.0,54.8,1,14.9,1,1174000.0,260000.0,Rent,1,Single,Tier-2,1,0
APP100634,35,637000.0,53083.0,0.0,Salaried,Government,4.0,Post-Graduate,624,2.5,3,1,1,1,0,Home,1410000.0,1,0,1,39,88.5,1,2,0,1,1,1,195000.0,49140.0,25.2,6200.0,0,0,439140.0,6700.0,17.3,Auto,990000.0,36,11.16,32486.0,61.2,78.4,1,26.7,1,129000.0,450000.0,Rent,0,Married,Tier-3,0,-1
APP100635,35,509000.0,42417.0,0.0,Salaried,Other,3.5,Post-Graduate,611,2.4,3,1,2,1,0,Gold,430000.0,2,2,0,11,98.4,0,1,0,0,1,3,235000.0,33605.0,14.3,7700.0,0,2,1456605.0,23500.0,59.4,Debt Consolidation,480000.0,36,15.25,16698.0,39.4,98.7,1,0.0,0,184000.0,2700000.0,Own,2,Married,Tier-3,0,-1
APP100636,36,747000.0,62250.0,0.0,Self-Employed,Education,15.0,Post-Graduate,720,1.8,2,2,1,1,0,Business,1940000.0,1,0,1,30,99.3,0,0,0,0,1,3,295000.0,44545.0,15.1,8400.0,1,2,410545.0,8100.0,16.6,Debt Consolidation,320000.0,60,13.32,7334.0,11.8,28.4,0,0.0,0,63000.0,1920000.0,Own,1,Single,Tier-1,1,0
APP100637,26,325000.0,27083.0,0.0,Salaried,IT,5.0,Graduate,614,6.0,5,1,2,2,1,Personal,260000.0,3,3,0,24,92.9,0,0,1,1,0,0,0.0,0.0,0.0,0.0,0,0,536000.0,10000.0,36.9,Personal,230000.0,36,15.37,8015.0,29.6,66.5,0,0.0,0,188000.0,430000.0,Own,2,Married,Tier-2,0,-1
APP100638,44,1105000.0,92083.0,122000.0,Business Owner,Manufacturing,10.9,Post-Graduate,705,8.9,4,2,3,2,0,Business,1370000.0,4,2,2,27,95.9,1,0,0,0,1,3,435000.0,137460.0,31.6,9500.0,1,0,1984460.0,34000.0,44.4,Personal,540000.0,60,12.94,12270.0,13.3,57.7,0,0.0,0,132000.0,2180000.0,Own,4,Divorced,Tier-1,1,0
APP100639,44,71000.0,5917.0,0.0,Unemployed,None,0.0,Graduate,484,4.9,5,3,2,2,0,Business,90000.0,2,2,0,8,100.0,0,0,0,1,1,3,35000.0,15295.0,43.7,700.0,0,2,20295.0,100.0,14.6,Personal,50000.0,60,16.91,1240.0,21.0,35.6,0,0.0,0,20000.0,240000.0,Rent,1,Married,Tier-1,0,-1
APP100640,22,3322000.0,276833.0,0.0,Business Owner,IT,1.0,Post-Graduate,723,2.0,6,1,1,1,0,Personal,1770000.0,1,1,0,51,100.0,0,0,0,1,1,5,670000.0,243210.0,36.3,8000.0,1,3,1965210.0,30300.0,15.3,Personal,980000.0,36,12.85,32949.0,11.9,27.2,0,0.0,0,2191000.0,15100000.0,Rent,1,Single,Tier-3,1,0
APP100641,46,361000.0,30083.0,0.0,Retired,None,0.0,Post-Graduate,590,9.8,4,1,2,1,0,Auto,860000.0,2,1,1,22,100.0,0,0,0,0,1,1,160000.0,80000.0,50.0,4200.0,1,0,827000.0,13100.0,56.8,Home,3450000.0,120,10.47,46495.0,154.6,211.4,1,27.6,1,81000.0,380000.0,Rent,3,Single,Tier-1,0,-1
APP100642,61,689000.0,57417.0,0.0,Business Owner,Manufacturing,10.1,High School,753,4.3,7,0,3,2,0,Gold,420000.0,4,1,3,44,100.0,0,0,0,0,1,3,140000.0,2800.0,2.0,1800.0,0,0,1181800.0,18600.0,32.6,Business,1080000.0,36,11.89,35815.0,62.4,95.0,0,0.0,0,241000.0,640000.0,Rent,1,Married,Tier-1,0,-1
APP100643,40,367000.0,30583.0,0.0,Contract,Other,3.1,High School,625,2.0,6,0,2,2,0,Personal,460000.0,2,1,1,11,96.7,1,0,0,0,1,2,165000.0,69795.0,42.3,2200.0,1,1,106795.0,1200.0,15.3,Business,750000.0,84,13.86,13997.0,45.8,61.1,0,0.0,0,319000.0,580000.0,Rent,0,Married,Tier-2,0,-1
APP100644,34,1189000.0,99083.0,0.0,Contract,Retail,1.1,Post-Graduate,574,6.6,5,2,2,2,1,Personal,1190000.0,3,2,1,6,92.6,2,0,0,0,1,1,355000.0,214065.0,60.3,8700.0,1,0,1062065.0,24000.0,35.0,Debt Consolidation,480000.0,60,16.25,11737.0,11.8,46.9,0,0.0,1,1073000.0,610000.0,Rent,1,Single,Tier-1,0,-1
APP100645,36,365000.0,30417.0,84000.0,Business Owner,Education,2.5,Graduate,696,11.7,6,1,3,1,0,Home,540000.0,4,4,0,5,97.9,0,1,0,0,0,0,0.0,0.0,0.0,0.0,0,0,368000.0,9200.0,30.2,Home,2290000.0,120,8.67,28601.0,94.0,124.3,1,16.9,1,71000.0,330000.0,Family,0,Married,Tier-2,0,-1
APP100646,45,330000.0,27500.0,27000.0,Contract,Government,4.8,Graduate,727,8.3,2,0,1,0,0,Business,260000.0,1,1,0,19,100.0,0,0,0,1,0,0,0.0,0.0,0.0,0.0,0,0,69000.0,2400.0,8.7,Personal,280000.0,24,12.72,13275.0,48.3,57.0,0,0.0,0,38000.0,1010000.0,Own,3,Married,Tier-3,1,0
APP100647,21,210000.0,17500.0,0.0,Salaried,Construction,0.0,Doctorate,623,1.0,3,2,0,0,0,None,0.0,3,2,1,9,100.0,0,0,0,0,1,4,110000.0,46200.0,42.0,1800.0,0,1,321200.0,5800.0,46.3,Auto,150000.0,60,10.56,3229.0,18.5,64.8,1,24.1,0,52000.0,430000.0,Rent,2,Married,Tier-1,0,-1
APP100648,40,588000.0,49000.0,73000.0,Salaried,Retail,5.4,Graduate,752,9.7,7,2,3,0,0,Business,1200000.0,4,3,1,45,100.0,0,0,0,1,0,0,0.0,0.0,0.0,0.0,0,0,443000.0,16800.0,34.3,Auto,410000.0,60,9.61,8633.0,17.6,51.9,1,14.2,0,99000.0,3040000.0,Rent,2,Married,Tier-3,1,0
APP100649,34,734000.0,61167.0,0.0,Self-Employed,Government,3.0,Graduate,688,14.0,10,3,1,1,0,Education,1890000.0,1,1,0,19,100.0,0,0,0,0,1,3,190000.0,79610.0,41.9,2200.0,1,0,969610.0,22300.0,43.0,Debt Consolidation,800000.0,24,13.41,38188.0,62.4,105.4,0,0.0,0,58000.0,640000.0,Own,2,Single,Tier-1,0,-1
APP100650,58,257000.0,21417.0,0.0,Self-Employed,Construction,0.6,Graduate,709,6.9,5,0,0,0,0,None,0.0,1,1,0,24,100.0,0,0,0,0,0,0,0.0,0.0,0.0,0.0,0,0,223000.0,4900.0,22.9,Auto,370000.0,60,9.42,7756.0,36.2,59.1,1,16.7,0,194000.0,1750000.0,Rent,1,Married,Tier-1,1,0
APP100651,36,595000.0,49583.0,0.0,Contract,Retail,3.9,High School,722,3.9,5,2,2,2,0,Home,490000.0,4,4,0,18,100.0,0,0,0,0,1,1,185000.0,53095.0,28.7,3500.0,0,0,582095.0,22400.0,50.5,Debt Consolidation,710000.0,24,13.99,34086.0,68.7,119.3,0,0.0,0,52000.0,470000.0,Own,1,Divorced,Tier-3,0,-1
APP100652,56,276000.0,23000.0,26000.0,Salaried,Government,1.5,Graduate,771,8.8,2,2,0,0,0,None,0.0,1,1,0,50,100.0,0,0,0,0,0,0,0.0,0.0,0.0,0.0,0,0,267000.0,9200.0,40.0,Personal,130000.0,60,12.08,2897.0,12.6,52.6,0,0.0,0,91000.0,200000.0,Own,1,Married,Tier-1,1,0
APP100653,26,379000.0,31583.0,0.0,Contract,Manufacturing,5.0,Post-Graduate,742,6.0,4,0,1,0,0,Business,1070000.0,3,1,2,53,100.0,0,0,0,1,0,0,0.0,0.0,0.0,0.0,0,0,289000.0,5700.0,18.0,Auto,270000.0,36,9.35,8630.0,27.3,45.4,1,20.4,0,131000.0,120000.0,Own,1,Single,Tier-1,1,0
APP100654,44,302000.0,25167.0,0.0,Contract,Manufacturing,7.1,High School,656,6.0,3,2,2,0,1,Business,160000.0,2,2,0,32,100.0,0,0,0,0,0,0,0.0,0.0,0.0,0.0,0,0,618000.0,8900.0,35.4,Debt Consolidation,320000.0,36,14.25,10976.0,43.6,79.0,0,0.0,0,35000.0,40000.0,Own,0,Married,Tier-3,0,-1
APP100655,42,481000.0,40083.0,0.0,Retired,None,0.0,Post-Graduate,715,9.9,6,3,3,2,0,Home,1200000.0,5,4,1,53,99.7,0,0,0,0,0,0,0.0,0.0,0.0,0.0,0,0,178000.0,2800.0,7.0,Debt Consolidation,480000.0,24,13.05,22831.0,57.0,63.9,0,0.0,1,140000.0,1200000.0,Family,2,Married,Tier-1,1,0
APP100656,28,321000.0,26750.0,0.0,Salaried,Government,2.0,Post-Graduate,628,3.6,7,3,2,2,1,Gold,730000.0,2,2,0,21,100.0,1,0,0,2,0,0,0.0,0.0,0.0,0.0,0,0,127000.0,4000.0,15.0,Auto,410000.0,60,10.98,8910.0,33.3,48.3,1,27.6,0,209000.0,460000.0,Own,0,Divorced,Tier-2,1,1
APP100657,40,573000.0,47750.0,0.0,Business Owner,Healthcare,5.6,High School,749,9.7,7,1,2,2,0,Gold,340000.0,2,2,0,34,100.0,1,0,0,1,0,0,0.0,0.0,0.0,0.0,0,0,738000.0,12300.0,25.8,Personal,260000.0,36,12.98,8758.0,18.3,44.1,0,0.0,0,210000.0,1320000.0,Rent,4,Divorced,Tier-1,1,0
APP100658,51,1589000.0,132417.0,0.0,Business Owner,Construction,25.5,Post-Graduate,641,25.1,8,1,9,8,0,Home,1080000.0,10,7,3,55,77.1,0,2,1,0,1,3,560000.0,222880.0,39.8,7700.0,1,0,541880.0,13300.0,18.5,Home,7800000.0,240,9.26,71488.0,54.0,72.4,1,23.9,0,240000.0,1960000.0,Rent,2,Married,Tier-2,0,-1
APP100659,34,274000.0,22833.0,0.0,Retired,None,0.0,Post-Graduate,608,3.6,6,3,1,0,0,Business,360000.0,2,1,1,29,88.7,1,0,1,0,0,0,0.0,0.0,0.0,0.0,0,0,199000.0,5600.0,24.5,Auto,300000.0,48,11.28,7795.0,34.1,58.7,1,21.8,0,198000.0,290000.0,Own,0,Single,Tier-2,1,0
APP100660,21,84000.0,7000.0,0.0,Unemployed,None,0.0,Graduate,486,1.0,4,3,2,1,0,Personal,190000.0,3,3,0,48,98.3,1,0,0,1,0,0,0.0,0.0,0.0,0.0,0,0,153000.0,4900.0,70.0,Education,60000.0,120,13.65,919.0,13.1,83.1,0,0.0,0,22000.0,150000.0,Rent,3,Married,Tier-3,0,-1
APP100661,38,705000.0,58750.0,0.0,Self-Employed,Healthcare,3.5,Graduate,722,8.0,9,3,0,0,0,None,0.0,0,0,0,-1,94.2,0,0,0,0,0,0,0.0,0.0,0.0,0.0,0,0,794000.0,23500.0,40.0,Auto,810000.0,36,9.59,25981.0,44.2,84.2,1,12.8,0,400000.0,3320000.0,Rent,0,Married,Tier-2,0,-1
APP100662,28,338000.0,28167.0,0.0,Self-Employed,Education,2.7,Graduate,488,4.7,5,1,4,4,3,Home,700000.0,5,5,0,15,84.2,1,0,1,0,0,0,0.0,0.0,0.0,0.0,0,0,69000.0,1900.0,6.7,Home,1420000.0,300,12.36,15335.0,54.4,61.2,1,15.3,0,145000.0,960000.0,Rent,2,Married,Tier-1,0,-1
APP100663,34,1180000.0,98333.0,0.0,Salaried,Government,11.0,Graduate,721,3.8,6,1,2,2,0,Personal,3200000.0,4,3,1,49,99.2,0,1,0,0,1,4,275000.0,44275.0,16.1,8400.0,1,0,3183275.0,53700.0,56.9,Auto,1150000.0,84,9.45,18766.0,19.1,75.9,1,16.8,0,449000.0,8540000.0,Rent,1,Married,Tier-1,1,0
APP100664,37,151000.0,12583.0,8000.0,Retired,None,0.0,Graduate,626,5.4,3,2,3,3,0,Home,380000.0,4,4,0,51,99.8,0,0,0,1,0,0,0.0,0.0,0.0,0.0,0,0,321000.0,6500.0,51.7,Auto,170000.0,48,10.78,4376.0,34.8,86.4,1,21.4,0,35000.0,360000.0,Family,1,Single,Tier-1,0,-1
APP100665,21,350000.0,29167.0,0.0,Salaried,Retail,0.0,Graduate,655,1.0,5,1,2,2,0,Auto,570000.0,2,2,0,58,100.0,0,0,0,1,1,2,80000.0,58560.0,73.2,700.0,1,5,318560.0,5600.0,29.2,Home,3350000.0,120,10.06,44382.0,152.2,181.4,1,12.8,0,72000.0,260000.0,Rent,1,Married,Tier-1,0,-1
APP100666,21,1575000.0,131250.0,0.0,Business Owner,Manufacturing,0.0,Post-Graduate,660,1.0,1,0,1,1,0,Business,3710000.0,1,1,0,40,98.8,2,0,0,0,1,2,805000.0,268870.0,33.4,22700.0,0,0,1194870.0,24000.0,28.5,Business,5120000.0,84,13.95,95807.0,73.0,101.5,0,0.0,0,360000.0,23640000.0,Rent,2,Single,Tier-2,0,-1
APP100667,43,323000.0,26917.0,0.0,Contract,Healthcare,5.0,Post-Graduate,677,2.4,6,0,1,1,0,Education,150000.0,1,0,1,16,95.8,0,0,0,0,0,0,0.0,0.0,0.0,0.0,0,0,63000.0,2800.0,10.4,Debt Consolidation,160000.0,60,13.95,3719.0,13.8,24.2,0,0.0,0,57000.0,1790000.0,Rent,0,Married,Tier-2,1,0
APP100668,32,608000.0,50667.0,92000.0,Salaried,Education,1.2,Post-Graduate,683,4.6,5,5,3,2,0,Personal,1790000.0,3,3,0,1,100.0,0,0,0,1,0,0,0.0,0.0,0.0,0.0,0,0,113000.0,3500.0,6.9,Business,650000.0,60,13.29,14886.0,29.4,36.3,0,0.0,1,1157000.0,1010000.0,Own,1,Married,Tier-2,1,1
APP100669,21,336000.0,28000.0,47000.0,Salaried,Other,0.0,Post-Graduate,614,1.0,6,2,0,0,0,None,0.0,0,0,0,-1,92.0,1,1,0,0,0,0,0.0,0.0,0.0,0.0,0,0,19000.0,1000.0,3.6,Personal,300000.0,24,14.62,14492.0,51.8,55.3,0,0.0,0,114000.0,850000.0,Own,4,Single,Tier-1,0,-1
APP100670,47,1268000.0,105667.0,221000.0,Salaried,Banking/Finance,3.8,High School,723,5.4,5,2,2,2,0,Home,2410000.0,2,2,0,10,100.0,0,0,0,0,1,2,330000.0,161040.0,48.8,6800.0,1,2,1407040.0,31300.0,37.2,Home,8200000.0,240,8.47,71006.0,67.2,104.4,1,19.3,0,207000.0,3010000.0,Rent,1,Married,Tier-1,1,0
APP100671,41,1228000.0,102333.0,248000.0,Contract,IT,0.9,Graduate,724,3.1,4,1,1,1,0,Business,470000.0,2,2,0,44,100.0,0,0,0,0,1,6,535000.0,68480.0,12.8,12300.0,0,2,341480.0,12400.0,15.5,Home,5300000.0,240,8.68,46600.0,45.5,61.0,1,27.0,0,596000.0,550000.0,Family,1,Single,Tier-1,1,0
APP100672,30,454000.0,37833.0,0.0,Self-Employed,IT,6.3,Graduate,680,10.0,8,0,2,2,0,Business,700000.0,3,2,1,19,94.9,0,0,1,1,0,0,0.0,0.0,0.0,0.0,0,0,124000.0,2900.0,7.7,Education,490000.0,84,10.68,8308.0,22.0,29.6,0,0.0,0,468000.0,650000.0,Family,2,Married,Tier-1,1,0
APP100673,24,557000.0,46417.0,0.0,Salaried,Education,3.0,Graduate,572,4.0,5,1,0,0,0,None,0.0,1,0,1,46,82.0,1,1,1,1,1,1,250000.0,87250.0,34.9,7300.0,0,0,272250.0,3800.0,17.6,Auto,810000.0,84,11.3,13997.0,30.2,47.7,1,25.3,0,91000.0,840000.0,Family,0,Single,Tier-1,0,-1
APP100674,47,488000.0,40667.0,65000.0,Business Owner,Healthcare,5.4,High School,702,3.8,4,3,1,1,0,Business,820000.0,1,1,0,49,100.0,0,0,0,0,1,4,95000.0,22135.0,23.3,2600.0,0,2,1069135.0,17400.0,45.5,Debt Consolidation,270000.0,60,13.57,6222.0,15.3,60.8,1,0.0,0,270000.0,2070000.0,Own,0,Single,Tier-2,1,0
APP100675,42,460000.0,38333.0,0.0,Salaried,Retail,7.6,Post-Graduate,738,7.9,5,1,3,2,0,Business,600000.0,3,2,1,39,94.7,0,1,0,0,1,3,90000.0,10890.0,12.1,2300.0,0,0,58890.0,1500.0,5.3,Personal,130000.0,36,12.9,4374.0,11.4,16.7,0,0.0,0,156000.0,500000.0,Family,2,Married,Tier-2,1,0
APP100676,64,128000.0,10667.0,0.0,Retired,None,0.0,High School,626,7.6,6,1,4,3,0,Home,60000.0,5,3,2,24,100.0,0,0,0,0,1,2,70000.0,6650.0,9.5,600.0,0,0,18650.0,300.0,5.9,Debt Consolidation,130000.0,60,14.02,3026.0,28.4,34.3,0,0.0,0,7000.0,270000.0,Rent,0,Single,Tier-1,1,0
APP100677,43,431000.0,35917.0,0.0,Salaried,IT,6.7,Graduate,580,6.3,2,1,2,1,1,Education,1020000.0,3,2,1,37,95.8,0,0,1,0,1,2,120000.0,40800.0,34.0,1800.0,0,1,830800.0,16400.0,51.3,Business,710000.0,60,15.22,16973.0,47.3,98.6,0,0.0,0,42000.0,3490000.0,Rent,1,Married,Tier-1,0,-1
APP100678,42,189000.0,15750.0,0.0,Salaried,Banking/Finance,5.9,Graduate,606,2.9,3,3,2,2,0,Personal,300000.0,2,2,0,26,100.0,1,0,0,0,0,0,0.0,0.0,0.0,0.0,0,0,236000.0,7200.0,45.7,Personal,120000.0,12,15.11,10837.0,68.8,114.5,0,0.0,1,32000.0,320000.0,Rent,1,Married,Tier-1,0,-1
APP100679,36,538000.0,44833.0,0.0,Salaried,Banking/Finance,10.9,Graduate,675,10.0,4,0,5,4,1,Home,670000.0,5,3,2,16,100.0,0,0,0,0,1,1,250000.0,11250.0,4.5,3900.0,1,0,1117250.0,24200.0,55.2,Home,3300000.0,180,9.34,34142.0,76.2,131.4,1,27.7,0,95000.0,1550000.0,Own,0,Married,Tier-2,0,-1
APP100680,47,449000.0,37417.0,86000.0,Self-Employed,Retail,2.9,Graduate,635,15.7,11,2,1,1,1,Auto,410000.0,2,2,0,47,91.3,0,0,1,0,1,2,105000.0,21420.0,20.4,1600.0,1,0,129420.0,2300.0,9.0,Debt Consolidation,230000.0,60,14.68,5433.0,14.5,23.5,0,0.0,0,60000.0,1290000.0,Own,2,Single,Tier-1,1,0
APP100681,45,421000.0,35083.0,0.0,Salaried,Government,12.1,High School,626,7.0,7,2,1,0,0,Auto,680000.0,2,2,0,56,94.7,1,1,0,0,0,0,0.0,0.0,0.0,0.0,0,0,172000.0,4200.0,12.0,Auto,420000.0,84,10.88,7165.0,20.4,32.4,1,28.5,1,107000.0,510000.0,Own,3,Married,Tier-1,1,0
APP100682,52,820000.0,68333.0,0.0,Business Owner,Banking/Finance,9.3,Post-Graduate,674,1.4,2,4,1,0,0,Gold,1960000.0,1,1,0,21,92.8,1,0,0,1,1,1,165000.0,52965.0,32.1,3500.0,0,0,400965.0,5000.0,11.2,Home,6820000.0,180,8.98,69092.0,101.1,112.3,1,22.3,0,558000.0,1260000.0,Rent,1,Divorced,Tier-1,0,-1
APP100683,32,440000.0,36667.0,26000.0,Salaried,IT,4.8,Post-Graduate,600,12.0,8,4,1,0,0,Gold,700000.0,2,1,1,49,87.6,0,0,2,1,0,0,0.0,0.0,0.0,0.0,0,0,675000.0,9700.0,26.5,Auto,360000.0,48,11.12,9325.0,25.4,51.9,1,15.5,0,64000.0,510000.0,Rent,0,Single,Tier-1,0,-1
APP100684,33,700000.0,58333.0,0.0,Salaried,IT,5.4,Graduate,705,7.8,7,0,3,1,0,Auto,1330000.0,5,5,0,57,87.7,1,0,1,1,0,0,0.0,0.0,0.0,0.0,0,0,623000.0,22800.0,39.1,Business,2700000.0,60,12.27,60429.0,103.6,142.7,0,0.0,1,571000.0,270000.0,Rent,1,Married,Tier-2,0,-1
APP100685,33,405000.0,33750.0,0.0,Salaried,Construction,0.4,High School,675,2.2,3,1,1,1,0,Business,570000.0,2,1,1,38,93.1,0,1,0,0,0,0,0.0,0.0,0.0,0.0,0,0,156000.0,3900.0,11.6,Auto,640000.0,48,9.75,16155.0,47.9,59.4,1,26.2,1,326000.0,460000.0,Rent,0,Single,Tier-3,1,0
APP100686,47,931000.0,77583.0,68000.0,Salaried,IT,5.3,Graduate,805,9.6,5,2,2,2,0,Business,970000.0,3,1,2,5,100.0,0,0,0,0,1,4,275000.0,43450.0,15.8,3800.0,0,0,600450.0,8600.0,13.9,Home,6140000.0,120,7.24,72052.0,92.9,106.8,1,19.8,1,240000.0,520000.0,Rent,1,Married,Tier-1,1,0
APP100687,54,210000.0,17500.0,0.0,Retired,None,0.0,Graduate,657,11.7,7,0,2,1,0,Auto,140000.0,3,2,1,44,89.9,1,2,0,2,0,0,0.0,0.0,0.0,0.0,0,0,129000.0,1900.0,10.9,Business,690000.0,60,13.38,15834.0,90.5,101.3,0,0.0,1,60000.0,380000.0,Own,5,Married,Tier-1,0,-1
APP100688,33,287000.0,23917.0,69000.0,Salaried,Education,4.3,High School,646,5.5,4,1,2,2,0,Gold,320000.0,2,2,0,48,92.3,1,1,0,0,0,0,0.0,0.0,0.0,0.0,0,0,71000.0,2300.0,9.6,Auto,210000.0,60,10.87,4552.0,19.0,28.6,1,27.0,0,188000.0,1260000.0,Own,0,Single,Tier-2,1,0
APP100689,33,169000.0,14083.0,34000.0,Retired,None,0.0,High School,565,1.0,6,0,2,1,0,Personal,510000.0,2,2,0,48,93.0,2,1,0,1,0,0,0.0,0.0,0.0,0.0,0,0,248000.0,5200.0,36.9,Personal,50000.0,60,15.63,1206.0,8.6,45.5,0,0.0,1,23000.0,1680000.0,Own,0,Divorced,Tier-1,1,0
APP100690,41,112000.0,9333.0,24000.0,Salaried,Retail,7.3,High School,670,6.5,1,2,3,3,0,Education,330000.0,4,2,2,45,100.0,0,0,0,0,1,6,35000.0,7315.0,20.9,400.0,0,0,14315.0,200.0,6.1,Auto,90000.0,36,10.64,2931.0,31.4,37.5,1,22.9,0,9000.0,100000.0,Family,0,Married,Tier-2,1,1
APP100691,35,1541000.0,128417.0,0.0,Salaried,Healthcare,14.0,Graduate,699,2.1,4,1,0,0,0,None,0.0,1,1,0,53,99.6,1,0,0,0,1,1,630000.0,206010.0,32.7,8400.0,0,0,457010.0,6500.0,13.1,Business,6130000.0,84,12.93,111284.0,86.7,99.7,0,0.0,0,95000.0,2590000.0,Own,0,Single,Tier-3,0,-1
APP100692,48,487000.0,40583.0,0.0,Salaried,Retail,3.1,Graduate,647,8.0,10,3,1,1,0,Education,990000.0,1,1,0,58,93.6,1,0,0,0,1,3,150000.0,66750.0,44.5,1500.0,0,0,517750.0,24900.0,69.6,Business,710000.0,84,13.87,13254.0,32.7,102.2,0,0.0,0,154000.0,400000.0,Own,1,Married,Tier-2,0,-1
APP100693,21,1664000.0,138667.0,0.0,Salaried,Banking/Finance,0.0,Post-Graduate,691,1.0,3,0,1,1,0,Personal,2700000.0,3,3,0,15,96.4,0,1,0,0,1,2,470000.0,221840.0,47.2,4600.0,0,0,3087840.0,51200.0,44.9,Auto,1990000.0,36,9.88,64100.0,46.2,91.1,1,14.0,0,213000.0,730000.0,Family,1,Married,Tier-1,1,0
APP100694,29,216000.0,18000.0,0.0,Contract,Government,1.5,Graduate,603,7.4,3,1,1,0,0,Personal,580000.0,2,1,1,33,98.5,1,0,0,1,1,3,80000.0,41680.0,52.1,900.0,1,3,175680.0,5200.0,40.5,Business,510000.0,84,14.09,9583.0,53.2,93.7,0,0.0,1,5000.0,330000.0,Own,2,Married,Tier-2,0,-1
APP100695,29,255000.0,21250.0,0.0,Self-Employed,Construction,4.6,Graduate,562,3.9,5,1,3,3,0,Auto,230000.0,3,3,0,25,97.8,1,0,0,0,1,3,120000.0,67800.0,56.5,3600.0,0,0,359800.0,5400.0,41.4,Home,2490000.0,120,11.35,34795.0,163.7,205.1,1,16.4,1,308000.0,40000.0,Family,1,Single,Tier-1,0,-1
APP100696,21,367000.0,30583.0,46000.0,Salaried,IT,0.0,High School,630,1.0,6,2,2,2,0,Gold,230000.0,2,2,0,38,97.4,1,0,0,0,1,1,175000.0,74550.0,42.6,800.0,1,2,218550.0,6600.0,33.8,Education,290000.0,84,11.17,4991.0,16.3,50.1,0,0.0,0,810000.0,1060000.0,Family,0,Single,Tier-1,1,0
APP100697,27,732000.0,61000.0,0.0,Self-Employed,Retail,6.0,Post-Graduate,590,7.0,5,1,0,0,0,None,0.0,0,0,0,-1,94.3,0,0,1,0,1,4,305000.0,157075.0,51.5,2400.0,1,3,601075.0,12400.0,33.2,Auto,520000.0,48,12.11,13722.0,22.5,55.7,1,18.8,0,138000.0,600000.0,Own,0,Married,Tier-3,1,0
APP100698,28,422000.0,35167.0,0.0,Self-Employed,Education,4.0,High School,758,8.0,5,2,3,3,0,Home,300000.0,4,4,0,40,98.3,0,0,0,1,0,0,0.0,0.0,0.0,0.0,0,0,76000.0,1200.0,3.4,Home,2930000.0,300,6.86,20448.0,58.1,61.6,1,15.7,1,1381000.0,350000.0,Own,0,Married,Tier-2,1,0
APP100699,36,177000.0,14750.0,0.0,Retired,None,0.0,Graduate,655,2.7,3,1,1,0,0,Auto,500000.0,1,1,0,16,100.0,0,0,0,0,0,0,0.0,0.0,0.0,0.0,0,0,269000.0,4400.0,29.8,Personal,80000.0,24,13.83,3835.0,26.0,55.8,0,0.0,0,58000.0,40000.0,Rent,1,Married,Tier-3,1,0
APP100700,50,113000.0,9417.0,0.0,Retired,None,0.0,Graduate,601,4.3,1,2,2,1,0,Personal,330000.0,3,2,1,56,98.3,1,0,0,0,0,0,0.0,0.0,0.0,0.0,0,0,130000.0,5000.0,53.1,Personal,40000.0,36,14.58,1378.0,14.6,67.7,0,0.0,1,81000.0,50000.0,Own,3,Married,Tier-3,1,0
APP100701,35,347000.0,28917.0,0.0,Business Owner,Retail,3.1,Post-Graduate,636,4.4,3,3,1,1,0,Home,670000.0,1,1,0,32,92.5,2,0,0,0,0,0,0.0,0.0,0.0,0.0,0,0,299000.0,5100.0,17.6,Home,2510000.0,240,9.48,23364.0,80.8,98.4,1,11.2,1,168000.0,930000.0,Own,0,Single,Tier-1,0,-1
APP100702,27,532000.0,44333.0,0.0,Contract,Healthcare,4.7,Post-Graduate,613,6.4,7,1,3,3,0,Gold,820000.0,4,2,2,14,97.6,1,0,0,1,1,2,145000.0,81490.0,56.2,2300.0,1,1,1241490.0,19200.0,52.5,Business,1140000.0,84,14.85,21902.0,49.4,101.9,0,0.0,0,149000.0,970000.0,Rent,0,Married,Tier-1,0,-1
APP100703,37,179000.0,14917.0,0.0,Contract,Retail,4.3,Graduate,657,12.3,7,2,10,5,0,Business,530000.0,10,8,2,38,100.0,0,0,0,0,1,4,45000.0,29430.0,65.4,400.0,0,3,157430.0,5200.0,44.7,Education,200000.0,84,11.39,3466.0,23.2,68.0,0,0.0,0,22000.0,180000.0,Rent,1,Single,Tier-1,0,-1
APP100704,50,198000.0,16500.0,0.0,Salaried,Government,3.5,Graduate,591,4.8,5,2,0,0,0,None,0.0,0,0,0,-1,96.3,0,0,1,0,1,3,40000.0,13760.0,34.4,400.0,1,1,159760.0,6100.0,41.1,Personal,190000.0,24,15.58,9265.0,56.2,97.3,0,0.0,0,68000.0,310000.0,Own,2,Married,Tier-2,0,-1
APP100705,27,531000.0,44250.0,0.0,Business Owner,Education,6.0,Graduate,534,7.0,5,2,6,3,2,Auto,650000.0,7,6,1,27,100.0,1,0,0,1,1,2,185000.0,133570.0,72.2,3300.0,1,2,239570.0,2600.0,21.0,Personal,520000.0,12,16.47,47296.0,106.9,127.9,0,0.0,0,42000.0,300000.0,Own,0,Single,Tier-1,0,-1
APP100706,28,561000.0,46750.0,0.0,Salaried,Government,7.0,Graduate,710,4.7,8,3,2,2,0,Auto,1160000.0,3,2,1,17,100.0,0,0,0,1,0,0,0.0,0.0,0.0,0.0,0,0,543000.0,12800.0,27.4,Auto,630000.0,48,9.85,15933.0,34.1,61.5,1,25.9,0,33000.0,100000.0,Own,1,Divorced,Tier-2,1,1
APP100707,44,1910000.0,159167.0,224000.0,Business Owner,IT,4.4,Graduate,764,3.1,0,0,1,1,0,Gold,3260000.0,4,4,0,30,100.0,0,0,0,1,1,4,530000.0,69960.0,13.2,14700.0,0,0,69960.0,0.0,2.2,Auto,1260000.0,84,9.16,20375.0,12.8,15.0,1,16.5,0,230000.0,6080000.0,Own,2,Single,Tier-2,1,0
APP100708,36,274000.0,22833.0,63000.0,Retired,None,0.0,Graduate,636,1.3,1,1,4,2,0,Personal,230000.0,4,4,0,14,95.4,0,1,0,0,1,2,85000.0,29750.0,35.0,1900.0,0,0,157750.0,2300.0,16.6,Education,450000.0,60,10.94,9771.0,42.8,59.4,0,0.0,0,125000.0,900000.0,Rent,0,Married,Tier-1,1,0
APP100709,45,767000.0,63917.0,52000.0,Salaried,IT,10.8,High School,725,3.7,4,2,0,0,0,None,0.0,0,0,0,-1,100.0,2,0,0,1,0,0,0.0,0.0,0.0,0.0,0,0,499000.0,17800.0,27.8,Home,3810000.0,120,8.45,47137.0,73.7,101.6,1,26.3,0,222000.0,800000.0,Own,3,Single,Tier-1,0,-1
APP100710,38,667000.0,55583.0,0.0,Contract,Education,6.3,Post-Graduate,585,1.8,1,1,1,1,1,Auto,220000.0,2,2,0,55,94.6,2,0,0,1,1,1,175000.0,35175.0,20.1,4000.0,1,0,712175.0,24900.0,48.0,Education,780000.0,60,12.43,17521.0,31.5,79.5,0,0.0,0,88000.0,3170000.0,Own,1,Married,Tier-2,0,-1
APP100711,46,147000.0,12250.0,11000.0,Retired,None,0.0,High School,636,1.9,3,4,1,1,0,Gold,350000.0,1,1,0,16,100.0,0,0,0,0,0,0,0.0,0.0,0.0,0.0,0,0,284000.0,4100.0,33.5,Home,870000.0,300,8.99,7295.0,59.6,93.0,1,22.6,0,74000.0,60000.0,Rent,1,Married,Tier-2,0,-1
APP100712,27,1657000.0,138083.0,0.0,Salaried,IT,2.9,Graduate,751,6.8,7,0,1,1,0,Home,4440000.0,2,2,0,59,96.6,1,0,0,1,1,3,520000.0,242840.0,46.7,8000.0,1,2,706840.0,21600.0,24.4,Debt Consolidation,1060000.0,60,13.3,24281.0,17.6,42.0,0,0.0,1,894000.0,5340000.0,Rent,4,Married,Tier-1,1,0
APP100713,38,301000.0,25083.0,0.0,Self-Employed,Government,8.8,Post-Graduate,764,7.4,2,0,1,1,0,Personal,840000.0,2,2,0,24,100.0,0,0,0,2,0,0,0.0,0.0,0.0,0.0,0,0,177000.0,2600.0,10.4,Auto,340000.0,48,8.68,8409.0,33.5,43.9,1,23.2,0,35000.0,200000.0,Rent,1,Single,Tier-2,1,0
APP100714,36,159000.0,13250.0,0.0,Retired,None,0.0,Post-Graduate,677,10.3,2,1,1,1,0,Education,350000.0,1,1,0,31,91.7,2,0,0,0,0,0,0.0,0.0,0.0,0.0,0,0,237000.0,4000.0,30.2,Personal,150000.0,12,13.25,13415.0,101.2,131.4,0,0.0,0,27000.0,130000.0,Own,1,Married,Tier-3,0,-1
APP100715,25,133000.0,11083.0,0.0,Retired,None,0.0,Graduate,616,0.8,7,0,0,0,0,None,0.0,0,0,0,-1,96.5,0,1,0,1,0,0,0.0,0.0,0.0,0.0,0,0,12000.0,300.0,2.7,Auto,160000.0,36,12.14,5325.0,48.0,50.8,1,10.8,0,42000.0,60000.0,Rent,1,Married,Tier-2,0,-1
APP100716,21,654000.0,54500.0,131000.0,Salaried,Manufacturing,0.0,Graduate,707,1.0,3,2,2,0,0,Personal,1610000.0,2,2,0,9,100.0,0,0,0,1,1,2,215000.0,56760.0,26.4,4500.0,0,1,1565760.0,25900.0,52.7,Personal,610000.0,24,12.9,28972.0,53.2,105.9,1,0.0,0,178000.0,2390000.0,Rent,1,Single,Tier-1,0,-1
APP100717,46,179000.0,14917.0,0.0,Salaried,Healthcare,1.6,High School,552,0.3,8,2,3,1,0,Personal,270000.0,3,3,0,39,91.8,0,2,0,1,1,2,60000.0,9060.0,15.1,1200.0,0,0,432060.0,9700.0,68.1,Education,130000.0,84,12.75,2347.0,15.7,83.8,0,0.0,0,18000.0,640000.0,Family,0,Married,Tier-1,0,-1
APP100718,34,1228000.0,102333.0,0.0,Business Owner,Education,5.0,Post-Graduate,772,3.1,5,0,1,1,0,Personal,2930000.0,1,1,0,10,96.8,0,0,0,0,1,3,500000.0,13500.0,2.7,8200.0,1,0,310500.0,9400.0,9.8,Personal,590000.0,60,12.39,13241.0,12.9,22.8,0,0.0,0,456000.0,1260000.0,Family,0,Single,Tier-3,1,0
APP100719,27,589000.0,49083.0,0.0,Salaried,Banking/Finance,4.6,Graduate,581,4.7,7,2,4,3,1,Gold,900000.0,5,4,1,35,90.0,0,1,0,1,1,1,325000.0,173225.0,53.3,9600.0,1,0,285225.0,2300.0,22.3,Personal,460000.0,36,15.3,16014.0,32.6,55.0,0,0.0,0,152000.0,590000.0,Own,0,Married,Tier-2,0,-1
APP100720,37,811000.0,67583.0,0.0,Salaried,Construction,2.4,Post-Graduate,628,3.1,3,0,1,1,0,Home,1810000.0,2,2,0,16,91.2,1,1,0,0,1,4,150000.0,22050.0,14.7,1000.0,0,0,2526050.0,35800.0,54.6,Personal,710000.0,36,14.13,24311.0,36.0,90.6,0,0.0,0,244000.0,4130000.0,Own,2,Married,Tier-1,0,-1
APP100721,50,736000.0,61333.0,0.0,Salaried,Government,12.5,Graduate,657,5.2,5,0,5,4,0,Home,1660000.0,6,6,0,2,88.6,2,1,0,0,1,1,435000.0,210975.0,48.5,8600.0,1,2,919975.0,16500.0,44.1,Personal,540000.0,12,13.58,48378.0,78.9,123.0,0,0.0,0,43000.0,1120000.0,Own,2,Single,Tier-1,0,-1
APP100722,21,933000.0,77750.0,0.0,Salaried,Other,0.0,Graduate,759,1.0,2,1,2,2,0,Auto,710000.0,2,2,0,41,98.6,0,0,0,0,1,3,460000.0,61640.0,13.4,6300.0,0,0,351640.0,5100.0,10.5,Home,4890000.0,240,7.84,40416.0,52.0,62.5,1,16.3,0,551000.0,990000.0,Own,1,Married,Tier-1,1,1
APP100723,22,435000.0,36250.0,0.0,Self-Employed,IT,1.0,Graduate,527,0.2,4,3,1,0,0,Personal,580000.0,1,1,0,39,77.9,0,0,2,0,1,2,155000.0,61690.0,39.8,1700.0,0,0,177690.0,4300.0,20.4,Debt Consolidation,190000.0,36,17.15,6788.0,18.7,39.1,0,0.0,0,156000.0,80000.0,Rent,0,Single,Tier-1,0,-1
APP100724,28,488000.0,40667.0,0.0,Self-Employed,Education,7.0,High School,690,7.6,8,2,2,1,0,Gold,170000.0,4,4,0,51,100.0,0,0,0,0,0,0,0.0,0.0,0.0,0.0,0,0,190000.0,5700.0,14.0,Auto,620000.0,48,10.04,15737.0,38.7,52.7,1,20.4,0,393000.0,2300000.0,Own,1,Married,Tier-2,1,0
APP100725,54,343000.0,28583.0,0.0,Self-Employed,Education,11.3,Graduate,449,3.5,5,1,4,3,1,Gold,880000.0,4,3,1,38,87.6,1,0,1,1,1,2,200000.0,146600.0,73.3,5200.0,1,1,757600.0,13400.0,72.5,Home,2830000.0,180,12.73,35305.0,123.5,196.0,1,20.3,0,184000.0,150000.0,Rent,2,Married,Tier-1,0,-1
APP100726,41,298000.0,24833.0,0.0,Contract,Construction,12.8,Post-Graduate,601,8.9,13,2,1,1,0,Education,320000.0,4,3,1,43,100.0,1,0,0,0,1,3,70000.0,46550.0,66.5,1700.0,0,0,238550.0,10500.0,51.7,Business,1170000.0,84,13.84,21823.0,87.9,139.5,0,0.0,0,255000.0,620000.0,Family,0,Married,Tier-3,0,-1
APP100727,46,1104000.0,92000.0,0.0,Salaried,Manufacturing,3.0,Graduate,755,9.1,2,0,3,2,0,Business,1180000.0,6,3,3,4,97.9,0,0,0,0,1,2,635000.0,319405.0,50.3,5800.0,1,0,385405.0,1200.0,18.7,Home,5280000.0,240,7.62,42924.0,46.7,65.3,1,14.3,1,321000.0,420000.0,Rent,2,Married,Tier-1,1,0
APP100728,25,339000.0,28250.0,0.0,Salaried,Other,4.0,Post-Graduate,629,5.0,3,1,1,1,0,Personal,740000.0,3,2,1,7,100.0,0,0,0,0,1,2,80000.0,60080.0,75.1,2000.0,1,2,214080.0,7700.0,37.9,Home,3180000.0,180,10.25,34660.0,122.7,160.6,1,11.5,0,30000.0,710000.0,Own,0,Married,Tier-2,0,-1
APP100729,26,609000.0,50750.0,0.0,Salaried,Healthcare,4.6,Graduate,719,6.0,6,2,2,0,0,Business,1430000.0,4,4,0,38,100.0,1,0,0,0,0,0,0.0,0.0,0.0,0.0,0,0,1371000.0,20400.0,40.2,Home,3180000.0,300,9.06,26817.0,52.8,93.0,1,23.7,0,409000.0,520000.0,Own,0,Married,Tier-1,1,0
APP100730,43,586000.0,48833.0,134000.0,Salaried,Construction,6.2,Graduate,607,2.5,5,5,0,0,0,None,0.0,0,0,0,-1,100.0,0,0,0,0,1,1,90000.0,46440.0,51.6,2000.0,1,1,887440.0,16100.0,37.7,Personal,170000.0,36,14.76,5873.0,12.0,49.8,0,0.0,0,133000.0,350000.0,Family,2,Married,Tier-1,0,-1
APP100731,39,801000.0,66750.0,146000.0,Salaried,Retail,3.2,Graduate,765,3.1,6,0,3,3,0,Home,480000.0,3,2,1,52,100.0,0,0,0,1,1,1,375000.0,29250.0,7.8,7400.0,0,0,166250.0,4300.0,8.6,Education,1260000.0,60,9.21,26284.0,39.4,48.0,0,0.0,1,365000.0,150000.0,Rent,2,Married,Tier-2,1,1
APP100732,44,174000.0,14500.0,0.0,Salaried,Other,5.3,Graduate,673,0.8,3,1,2,1,0,Gold,290000.0,3,1,2,10,100.0,0,0,0,1,0,0,0.0,0.0,0.0,0.0,0,0,258000.0,3800.0,26.2,Auto,270000.0,84,10.26,4519.0,31.2,57.4,1,28.7,0,25000.0,160000.0,Rent,2,Single,Tier-1,0,-1
APP100733,36,750000.0,62500.0,0.0,Salaried,Banking/Finance,9.8,Graduate,782,7.8,5,2,1,1,0,Auto,1480000.0,6,5,1,52,100.0,0,0,0,0,1,2,270000.0,87750.0,32.5,4400.0,0,1,468750.0,5700.0,16.1,Auto,520000.0,36,8.32,16372.0,26.2,42.3,1,12.1,1,320000.0,160000.0,Rent,1,Married,Tier-1,1,0
APP100734,41,594000.0,49500.0,0.0,Salaried,Healthcare,15.0,Post-Graduate,646,5.3,3,1,0,0,0,None,0.0,2,2,0,3,96.6,1,0,0,0,1,2,90000.0,54180.0,60.2,1400.0,1,2,548180.0,10400.0,26.5,Home,4270000.0,300,10.08,39043.0,78.9,105.4,1,26.8,0,52000.0,940000.0,Rent,1,Married,Tier-1,0,-1
APP100735,40,340000.0,28333.0,0.0,Self-Employed,Education,4.9,Graduate,598,4.6,10,1,0,0,0,None,0.0,0,0,0,-1,82.3,0,3,0,1,0,0,0.0,0.0,0.0,0.0,0,0,362000.0,5200.0,18.4,Auto,480000.0,36,11.07,15731.0,55.5,73.9,1,10.5,0,254000.0,650000.0,Own,1,Married,Tier-2,0,-1
APP100736,47,398000.0,33167.0,0.0,Self-Employed,Retail,2.5,Graduate,598,4.4,5,2,2,1,0,Gold,1110000.0,2,1,1,16,95.1,1,1,0,1,1,3,200000.0,47200.0,23.6,5600.0,0,1,162200.0,4200.0,19.8,Education,770000.0,60,12.39,17280.0,52.1,71.9,0,0.0,0,127000.0,680000.0,Own,0,Married,Tier-3,0,-1
APP100737,47,283000.0,23583.0,0.0,Retired,None,0.0,Graduate,712,3.9,7,0,2,1,0,Business,460000.0,3,3,0,28,100.0,0,0,0,0,0,0,0.0,0.0,0.0,0.0,0,0,84000.0,1500.0,6.4,Home,2760000.0,300,8.77,22729.0,96.4,102.7,1,11.0,1,157000.0,200000.0,Own,3,Single,Tier-1,1,0
APP100738,21,509000.0,42417.0,0.0,Contract,Education,0.0,Graduate,659,1.0,2,0,2,1,0,Gold,1080000.0,2,2,0,11,97.0,0,1,0,0,0,0,0.0,0.0,0.0,0.0,0,0,138000.0,2100.0,5.0,Home,2590000.0,300,9.65,22899.0,54.0,58.9,1,12.2,0,65000.0,260000.0,Rent,5,Married,Tier-3,1,0
APP100739,21,308000.0,25667.0,0.0,Self-Employed,Manufacturing,0.0,High School,664,1.0,2,0,2,2,0,Personal,390000.0,2,2,0,46,95.7,2,0,0,0,0,0,0.0,0.0,0.0,0.0,0,0,167000.0,5800.0,22.6,Auto,300000.0,48,10.47,7677.0,29.9,52.5,1,21.1,0,86000.0,820000.0,Rent,0,Married,Tier-2,1,0
APP100740,49,169000.0,14083.0,16000.0,Salaried,Banking/Finance,3.4,High School,677,15.8,12,0,3,1,0,Personal,230000.0,4,2,2,43,98.3,1,0,0,0,1,5,35000.0,6650.0,19.0,1000.0,0,2,215650.0,4200.0,32.2,Debt Consolidation,60000.0,36,14.02,2051.0,14.6,46.7,1,0.0,0,84000.0,2220000.0,Rent,0,Married,Tier-1,1,0
APP100741,51,246000.0,20500.0,0.0,Self-Employed,Retail,0.5,Graduate,587,7.2,7,1,1,1,0,Education,540000.0,2,1,1,29,100.0,0,0,0,0,1,3,105000.0,43995.0,41.9,1700.0,1,1,505995.0,9800.0,58.5,Home,2120000.0,180,10.61,23579.0,115.0,173.6,1,25.4,0,115000.0,230000.0,Own,0,Divorced,Tier-3,0,-1
APP100742,27,825000.0,68750.0,0.0,Salaried,Government,6.0,Post-Graduate,568,4.5,6,2,0,0,0,None,0.0,2,1,1,6,83.2,2,1,1,1,1,5,310000.0,112220.0,36.2,6500.0,0,0,450220.0,5700.0,16.5,Personal,470000.0,60,15.53,11312.0,16.5,32.9,0,0.0,0,321000.0,2120000.0,Own,2,Single,Tier-1,0,-1
APP100743,21,149000.0,12417.0,0.0,Salaried,IT,0.0,High School,620,1.0,4,0,0,0,0,None,0.0,0,0,0,-1,98.9,0,0,0,0,1,3,80000.0,8640.0,10.8,1000.0,1,1,175640.0,8700.0,73.5,Auto,120000.0,36,11.35,3949.0,31.8,105.3,1,10.3,1,25000.0,130000.0,Rent,1,Married,Tier-2,0,-1
APP100744,39,386000.0,32167.0,51000.0,Salaried,Other,1.9,Graduate,777,6.7,2,1,4,3,0,Gold,800000.0,4,3,1,48,100.0,0,0,0,0,0,0,0.0,0.0,0.0,0.0,0,0,279000.0,4900.0,15.2,Home,3080000.0,240,7.7,25190.0,78.3,93.5,1,21.8,1,109000.0,470000.0,Own,1,Married,Tier-2,1,1
APP100745,48,1901000.0,158417.0,0.0,Salaried,Education,5.8,Graduate,763,11.4,7,1,5,1,0,Personal,5500000.0,5,3,2,42,95.9,0,1,0,1,1,3,1070000.0,85600.0,8.0,18100.0,0,0,2973600.0,48600.0,33.4,Home,9830000.0,240,7.89,81550.0,51.5,84.9,1,25.6,0,434000.0,1320000.0,Family,2,Single,Tier-1,1,0
APP100746,58,631000.0,52583.0,151000.0,Salaried,Healthcare,15.0,Graduate,747,5.8,8,1,3,2,0,Home,500000.0,4,4,0,22,98.1,0,0,0,0,0,0,0.0,0.0,0.0,0.0,0,0,554000.0,14300.0,27.2,Auto,900000.0,36,8.63,28465.0,54.1,81.3,1,11.3,0,48000.0,1450000.0,Own,1,Married,Tier-1,1,0
APP100747,44,1254000.0,104500.0,0.0,Business Owner,Government,7.4,Post-Graduate,595,19.8,14,1,5,3,1,Business,2040000.0,5,4,1,23,89.2,0,0,1,0,1,2,380000.0,207860.0,54.7,7900.0,0,0,1409860.0,48700.0,56.5,Personal,1110000.0,60,15.42,26652.0,25.5,82.1,0,0.0,0,206000.0,240000.0,Own,3,Single,Tier-2,0,-1
APP100748,34,243000.0,20250.0,0.0,Contract,Construction,1.7,Post-Graduate,697,8.0,4,0,2,0,0,Business,200000.0,2,0,2,26,100.0,0,0,0,1,1,3,120000.0,25680.0,21.4,2900.0,0,2,257680.0,7300.0,42.4,Home,1460000.0,300,8.75,12003.0,59.3,101.7,1,28.8,0,53000.0,20000.0,Rent,1,Single,Tier-2,0,-1
APP100749,28,239000.0,19917.0,0.0,Contract,Other,7.0,Post-Graduate,575,3.5,4,3,4,2,0,Gold,230000.0,5,4,1,43,100.0,0,0,0,0,1,3,130000.0,77740.0,59.8,3400.0,0,1,247740.0,3200.0,35.6,Debt Consolidation,250000.0,36,15.93,8781.0,44.1,79.7,0,0.0,0,44000.0,250000.0,Rent,0,Divorced,Tier-3,0,-1
APP100750,38,940000.0,78333.0,0.0,Self-Employed,Construction,6.8,Post-Graduate,637,1.6,3,4,1,1,0,Personal,840000.0,1,1,0,43,95.4,1,0,0,0,1,3,295000.0,125080.0,42.4,2200.0,1,1,750080.0,25900.0,41.0,Education,1460000.0,120,11.95,20905.0,26.7,67.7,0,0.0,0,267000.0,3680000.0,Rent,2,Married,Tier-2,0,-1
APP100751,35,326000.0,27167.0,0.0,Self-Employed,Banking/Finance,10.2,High School,619,11.0,7,1,4,3,0,Auto,590000.0,6,5,1,54,86.6,0,0,1,1,1,5,165000.0,63195.0,38.3,1400.0,1,1,489195.0,9300.0,45.9,Debt Consolidation,350000.0,36,15.19,12165.0,44.8,90.6,0,0.0,1,131000.0,890000.0,Rent,1,Divorced,Tier-1,0,-1
APP100752,27,778000.0,64833.0,171000.0,Salaried,Banking/Finance,1.3,Graduate,656,2.2,5,2,2,0,0,Education,680000.0,2,2,0,48,91.2,0,0,1,1,0,0,0.0,0.0,0.0,0.0,0,0,763000.0,19600.0,30.2,Debt Consolidation,490000.0,36,15.42,17087.0,26.4,56.6,0,0.0,1,230000.0,1960000.0,Family,0,Married,Tier-2,1,0
APP100753,61,173000.0,14417.0,0.0,Retired,None,0.0,Graduate,640,8.9,3,0,2,2,1,Business,260000.0,3,2,1,45,100.0,0,0,0,1,1,2,60000.0,17100.0,28.5,1200.0,1,1,188100.0,3400.0,29.5,Home,1320000.0,240,9.97,12712.0,88.2,117.7,1,10.9,0,36000.0,1580000.0,Own,2,Single,Tier-1,0,-1
APP100754,58,4120000.0,343333.0,0.0,Self-Employed,Construction,3.9,Post-Graduate,697,6.8,6,1,4,3,1,Personal,10400000.0,6,5,1,39,100.0,1,0,0,0,1,2,1800000.0,858600.0,47.7,28100.0,0,1,2682600.0,36700.0,23.2,Personal,3450000.0,36,13.63,117294.0,34.2,57.4,0,0.0,0,2659000.0,23930000.0,Rent,2,Single,Tier-2,0,-1
APP100755,50,393000.0,32750.0,0.0,Salaried,Healthcare,1.2,Post-Graduate,577,1.2,5,2,2,1,0,Home,1090000.0,6,3,3,59,84.8,0,3,0,0,0,0,0.0,0.0,0.0,0.0,0,0,56000.0,1800.0,5.5,Debt Consolidation,210000.0,36,16.39,7423.0,22.7,28.2,0,0.0,0,43000.0,410000.0,Rent,1,Married,Tier-3,1,0
APP100756,28,407000.0,33917.0,0.0,Salaried,Healthcare,6.3,High School,656,6.5,6,1,0,0,0,None,0.0,0,0,0,-1,91.1,2,1,0,0,0,0,0.0,0.0,0.0,0.0,0,0,927000.0,13800.0,40.7,Personal,380000.0,12,13.69,34064.0,100.4,141.1,0,0.0,0,61000.0,350000.0,Rent,2,Married,Tier-3,0,-1
APP100757,47,103000.0,8583.0,10000.0,Retired,None,0.0,Graduate,660,7.5,7,1,2,1,0,Education,130000.0,2,2,0,7,100.0,0,0,0,0,0,0,0.0,0.0,0.0,0.0,0,0,194000.0,5000.0,58.3,Business,290000.0,60,13.43,6662.0,77.6,135.9,0,0.0,1,12000.0,20000.0,Own,0,Married,Tier-1,0,-1
APP100758,45,922000.0,76833.0,0.0,Self-Employed,Banking/Finance,8.2,Graduate,628,3.9,3,2,2,1,0,Business,1360000.0,2,2,0,4,92.3,0,1,0,0,1,1,360000.0,125280.0,34.8,1900.0,0,1,1325280.0,20600.0,35.0,Education,1380000.0,84,11.12,23716.0,30.9,65.8,0,0.0,0,430000.0,1270000.0,Own,0,Single,Tier-3,0,-1
APP100759,43,755000.0,62917.0,61000.0,Salaried,Manufacturing,8.1,Post-Graduate,672,3.7,3,1,1,1,0,Business,640000.0,3,3,0,45,98.9,2,0,0,0,0,0,0.0,0.0,0.0,0.0,0,0,150000.0,2200.0,3.5,Education,1270000.0,120,11.42,17798.0,28.3,31.8,0,0.0,0,348000.0,5530000.0,Rent,1,Married,Tier-1,1,1
APP100760,52,229000.0,19083.0,11000.0,Self-Employed,Healthcare,7.7,High School,614,4.1,3,2,1,1,1,Business,190000.0,3,3,0,10,100.0,0,0,0,0,1,5,110000.0,20350.0,18.5,2900.0,0,3,428350.0,6300.0,38.3,Home,1890000.0,120,10.01,24987.0,130.9,169.3,1,16.8,0,99000.0,970000.0,Rent,1,Married,Tier-1,0,-1
APP100761,45,387000.0,32250.0,0.0,Salaried,Healthcare,5.9,Graduate,798,10.8,7,0,1,1,0,Education,210000.0,1,1,0,27,100.0,0,0,0,0,0,0,0.0,0.0,0.0,0.0,0,0,404000.0,8000.0,24.8,Personal,350000.0,36,12.06,11635.0,36.1,60.9,0,0.0,0,554000.0,1910000.0,Rent,2,Married,Tier-3,1,0
APP100762,46,917000.0,76417.0,91000.0,Salaried,Education,1.3,Graduate,685,3.6,4,2,2,1,0,Gold,620000.0,3,3,0,46,90.9,0,0,1,1,0,0,0.0,0.0,0.0,0.0,0,0,469000.0,8800.0,11.5,Home,8440000.0,240,9.42,78231.0,102.4,113.9,1,14.2,0,144000.0,1290000.0,Own,1,Married,Tier-3,0,-1
APP100763,45,900000.0,75000.0,71000.0,Salaried,Government,4.6,Graduate,709,0.9,2,0,0,0,0,None,0.0,0,0,0,-1,94.5,1,1,0,1,0,0,0.0,0.0,0.0,0.0,0,0,193000.0,4900.0,6.5,Home,7260000.0,120,8.05,88276.0,117.7,124.2,1,17.6,0,281000.0,790000.0,Family,2,Married,Tier-2,0,-1
APP100764,42,206000.0,17167.0,0.0,Salaried,Healthcare,4.1,Graduate,690,5.3,7,0,0,0,0,None,0.0,1,0,1,7,100.0,0,0,0,1,0,0,0.0,0.0,0.0,0.0,0,0,113000.0,3000.0,17.5,Debt Consolidation,160000.0,24,14.08,7688.0,44.8,62.3,0,0.0,1,99000.0,420000.0,Rent,4,Married,Tier-2,1,0
APP100765,21,491000.0,40917.0,0.0,Business Owner,IT,0.0,Graduate,565,0.7,2,1,1,0,0,Business,520000.0,3,2,1,3,85.4,2,0,1,0,0,0,0.0,0.0,0.0,0.0,0,0,191000.0,3300.0,8.1,Education,920000.0,84,12.79,16632.0,40.6,48.7,0,0.0,0,111000.0,1500000.0,Rent,1,Divorced,Tier-1,0,-1
APP100766,39,1677000.0,139750.0,0.0,Salaried,Education,11.0,Post-Graduate,758,6.4,4,2,3,3,0,Home,4270000.0,4,4,0,39,100.0,0,0,0,0,1,3,555000.0,154290.0,27.8,17300.0,1,1,236290.0,1300.0,6.5,Personal,800000.0,60,11.85,17735.0,12.7,19.1,1,0.0,0,853000.0,1950000.0,Family,1,Married,Tier-2,1,0
APP100767,32,260000.0,21667.0,0.0,Contract,Retail,3.7,High School,563,2.1,1,1,2,2,0,Business,210000.0,2,2,0,20,97.8,1,0,0,0,1,5,45000.0,34605.0,76.9,1300.0,1,3,55605.0,300.0,9.4,Home,1270000.0,120,10.34,17023.0,78.6,87.9,1,26.6,1,170000.0,720000.0,Rent,1,Married,Tier-1,0,-1
APP100768,24,611000.0,50917.0,64000.0,Salaried,Education,3.0,Post-Graduate,702,4.0,5,2,2,2,0,Personal,1750000.0,4,4,0,22,96.9,0,0,0,2,0,0,0.0,0.0,0.0,0.0,0,0,1006000.0,20600.0,40.5,Business,1610000.0,36,12.77,54069.0,106.2,146.6,0,0.0,0,356000.0,480000.0,Family,2,Married,Tier-2,0,-1
APP100769,56,1201000.0,100083.0,0.0,Business Owner,Retail,5.1,Graduate,762,2.1,5,1,1,1,0,Gold,1340000.0,2,2,0,21,99.4,1,0,0,0,0,0,0.0,0.0,0.0,0.0,0,0,139000.0,2400.0,2.4,Auto,1490000.0,48,9.1,37150.0,37.1,39.5,1,20.8,0,1514000.0,1770000.0,Own,2,Divorced,Tier-2,1,0
APP100770,57,227000.0,18917.0,0.0,Self-Employed,Government,1.1,Graduate,748,13.4,7,0,3,1,0,Gold,490000.0,4,4,0,28,100.0,0,0,0,0,0,0,0.0,0.0,0.0,0.0,0,0,357000.0,6900.0,36.5,Business,650000.0,36,12.0,21589.0,114.1,150.6,0,0.0,1,301000.0,170000.0,Rent,0,Married,Tier-2,0,-1
APP100771,53,279000.0,23250.0,54000.0,Self-Employed,Education,0.4,Graduate,639,6.7,4,3,2,1,0,Gold,750000.0,3,3,0,54,94.9,2,0,0,0,0,0,0.0,0.0,0.0,0.0,0,0,86000.0,1500.0,6.5,Auto,440000.0,48,10.81,11331.0,48.7,55.2,1,17.5,1,134000.0,420000.0,Family,2,Married,Tier-3,1,0
APP100772,41,438000.0,36500.0,0.0,Self-Employed,Government,8.4,Graduate,681,2.0,1,1,3,2,0,Education,270000.0,5,4,1,57,100.0,0,0,0,0,1,1,215000.0,59770.0,27.8,5300.0,0,1,923770.0,14400.0,47.6,Education,680000.0,84,11.4,11787.0,32.3,79.9,0,0.0,0,71000.0,770000.0,Own,1,Single,Tier-1,0,-1
APP100773,53,328000.0,27333.0,0.0,Retired,None,0.0,Graduate,565,5.7,5,0,5,3,2,Personal,170000.0,6,6,0,45,92.8,0,0,1,0,0,0,0.0,0.0,0.0,0.0,0,0,138000.0,3900.0,14.3,Home,1710000.0,240,11.36,18071.0,66.1,80.4,1,13.0,0,1843000.0,440000.0,Own,2,Married,Tier-2,0,-1
APP100774,38,842000.0,70167.0,195000.0,Self-Employed,Retail,2.2,Graduate,618,1.7,6,2,3,1,0,Business,1300000.0,3,3,0,32,100.0,0,0,0,1,1,4,410000.0,239030.0,58.3,3100.0,0,1,835030.0,17200.0,41.5,Auto,700000.0,60,11.23,15300.0,21.8,63.4,1,18.0,1,92000.0,510000.0,Rent,0,Single,Tier-1,1,0
APP100775,40,739000.0,61583.0,0.0,Business Owner,Healthcare,3.0,High School,593,4.3,4,3,5,3,0,Education,320000.0,5,5,0,36,91.7,1,1,0,0,1,2,345000.0,100740.0,29.2,3000.0,0,0,452740.0,18800.0,38.7,Auto,480000.0,84,11.1,8244.0,13.4,52.1,1,24.1,0,204000.0,250000.0,Own,3,Married,Tier-2,1,1
APP100776,26,632000.0,52667.0,0.0,Business Owner,Education,5.0,Graduate,723,6.0,2,2,2,2,0,Auto,960000.0,3,3,0,19,97.5,0,0,0,0,1,1,180000.0,28260.0,15.7,1400.0,0,1,114260.0,2100.0,6.7,Home,3720000.0,120,8.47,46063.0,87.5,94.1,1,24.8,0,413000.0,5840000.0,Own,3,Married,Tier-3,1,0
APP100777,42,1148000.0,95667.0,0.0,Salaried,Education,11.1,Post-Graduate,680,6.8,1,0,3,2,0,Auto,2730000.0,4,4,0,4,92.5,0,0,1,0,1,3,580000.0,185600.0,32.0,7700.0,0,2,867600.0,14300.0,24.6,Education,1400000.0,60,10.36,29994.0,31.4,56.0,0,0.0,0,449000.0,3160000.0,Rent,2,Divorced,Tier-1,1,0
APP100778,39,452000.0,37667.0,32000.0,Salaried,Education,10.9,Graduate,690,2.2,4,2,2,1,0,Gold,1150000.0,5,5,0,26,99.6,1,0,0,0,0,0,0.0,0.0,0.0,0.0,0,0,383000.0,7000.0,18.6,Personal,330000.0,36,13.51,11200.0,29.7,48.3,0,0.0,1,169000.0,500000.0,Own,0,Single,Tier-1,1,0
APP100779,24,590000.0,49167.0,0.0,Salaried,Retail,1.0,Graduate,610,1.4,1,3,1,1,0,Auto,930000.0,1,1,0,15,100.0,0,0,0,0,1,1,345000.0,251850.0,73.0,1500.0,1,1,560850.0,11100.0,48.2,Personal,160000.0,36,14.28,5490.0,11.2,59.4,1,0.0,0,262000.0,2180000.0,Own,1,Married,Tier-1,1,0
APP100780,37,729000.0,60750.0,114000.0,Salaried,Manufacturing,2.9,Graduate,625,7.5,6,2,0,0,0,None,0.0,0,0,0,-1,97.0,1,0,0,0,1,1,415000.0,328265.0,79.1,11300.0,0,0,584265.0,10100.0,43.6,Personal,200000.0,12,15.02,18054.0,29.7,73.4,0,0.0,0,449000.0,1030000.0,Rent,1,Divorced,Tier-1,0,-1
APP100781,37,1116000.0,93000.0,0.0,Salaried,Banking/Finance,2.5,Graduate,748,15.1,15,1,3,2,0,Auto,460000.0,3,2,1,46,96.0,2,0,0,0,1,3,500000.0,289000.0,57.8,2600.0,0,1,1037000.0,13500.0,30.1,Education,1820000.0,120,9.57,23620.0,25.4,55.5,0,0.0,1,125000.0,6160000.0,Rent,1,Married,Tier-2,1,0
APP100782,58,578000.0,48167.0,34000.0,Salaried,Manufacturing,8.5,Post-Graduate,661,4.5,3,1,1,1,0,Personal,770000.0,2,2,0,4,94.3,2,0,0,0,0,0,0.0,0.0,0.0,0.0,0,0,393000.0,19100.0,39.7,Home,5240000.0,300,9.96,47468.0,98.5,138.2,1,23.2,1,365000.0,410000.0,Own,1,Married,Tier-2,0,-1
APP100783,48,398000.0,33167.0,0.0,Self-Employed,Construction,2.9,Graduate,571,11.0,1,4,6,5,0,Auto,170000.0,7,5,2,27,91.2,1,1,0,0,1,2,135000.0,54135.0,40.1,4100.0,0,0,661135.0,8900.0,35.0,Personal,110000.0,12,15.5,9954.0,30.0,65.0,0,0.0,0,140000.0,180000.0,Own,2,Married,Tier-1,0,-1
APP100784,38,1155000.0,96250.0,0.0,Salaried,Government,4.8,Post-Graduate,633,6.9,6,2,5,2,1,Business,2610000.0,5,3,2,40,91.6,1,1,0,0,1,2,570000.0,100890.0,17.7,9200.0,0,1,1034890.0,14800.0,20.6,Business,4510000.0,60,13.59,103984.0,108.0,128.7,1,0.0,1,697000.0,470000.0,Own,1,Married,Tier-2,0,-1
APP100785,41,1086000.0,90500.0,0.0,Contract,Government,9.1,Post-Graduate,689,7.4,8,1,3,2,1,Business,2180000.0,4,2,2,23,95.5,2,0,0,0,1,2,265000.0,51145.0,19.3,4200.0,0,1,551145.0,16600.0,21.2,Business,2810000.0,36,13.28,95059.0,105.0,126.2,0,0.0,0,342000.0,1040000.0,Rent,3,Married,Tier-3,0,-1
APP100786,38,340000.0,28333.0,77000.0,Salaried,Government,5.5,Graduate,664,1.6,4,2,4,3,0,Auto,900000.0,4,3,1,40,100.0,0,0,0,0,1,2,100000.0,16200.0,16.2,1500.0,0,0,105200.0,2100.0,10.3,Business,1130000.0,36,13.52,38358.0,135.4,145.7,0,0.0,0,40000.0,60000.0,Rent,1,Married,Tier-2,0,-1
APP100787,36,381000.0,31750.0,0.0,Business Owner,Other,6.8,Graduate,675,4.3,8,0,1,1,0,Gold,500000.0,2,2,0,55,97.0,1,0,0,0,0,0,0.0,0.0,0.0,0.0,0,0,220000.0,8300.0,26.1,Business,880000.0,60,13.42,20212.0,63.7,89.8,0,0.0,1,200000.0,450000.0,Rent,1,Married,Tier-2,0,-1
APP100788,26,885000.0,73750.0,0.0,Salaried,Healthcare,4.7,Graduate,717,4.5,8,3,4,4,0,Gold,2620000.0,5,5,0,24,95.6,2,0,0,1,1,1,445000.0,81435.0,18.3,5100.0,1,0,386435.0,15700.0,26.8,Personal,300000.0,36,13.14,10128.0,13.7,40.5,0,0.0,0,80000.0,530000.0,Rent,3,Married,Tier-1,1,0
APP100789,36,247000.0,20583.0,33000.0,Salaried,Government,10.3,Post-Graduate,667,0.5,0,1,1,1,0,Education,530000.0,1,1,0,19,99.6,1,0,0,2,0,0,0.0,0.0,0.0,0.0,0,0,0.0,0.0,0.0,Home,1520000.0,240,9.1,13774.0,66.9,66.9,1,16.0,0,119000.0,220000.0,Rent,2,Married,Tier-2,1,0
APP100790,30,142000.0,11833.0,0.0,Salaried,IT,9.0,High School,622,2.8,2,3,1,1,1,Gold,190000.0,2,2,0,4,100.0,1,0,0,0,0,0,0.0,0.0,0.0,0.0,0,0,20000.0,900.0,7.6,Home,660000.0,120,10.85,9036.0,76.4,84.0,1,22.9,1,411000.0,320000.0,Rent,0,Married,Tier-1,0,-1
APP100791,24,419000.0,34917.0,0.0,Self-Employed,Healthcare,3.0,Graduate,702,3.1,3,1,1,1,0,Personal,860000.0,4,3,1,30,99.9,1,0,0,1,0,0,0.0,0.0,0.0,0.0,0,0,368000.0,5400.0,15.5,Personal,180000.0,24,13.6,8608.0,24.7,40.1,0,0.0,0,74000.0,980000.0,Family,1,Married,Tier-1,1,1
APP100792,44,370000.0,30833.0,0.0,Salaried,IT,11.0,High School,668,2.2,2,2,0,0,0,None,0.0,0,0,0,-1,100.0,0,0,0,0,0,0,0.0,0.0,0.0,0.0,0,0,275000.0,4100.0,13.3,Personal,260000.0,12,13.71,23309.0,75.6,88.9,0,0.0,0,49000.0,90000.0,Family,0,Single,Tier-3,0,-1
APP100793,42,112000.0,9333.0,0.0,Retired,None,0.0,Post-Graduate,639,4.1,8,0,3,2,0,Personal,180000.0,3,1,2,36,100.0,1,0,0,0,0,0,0.0,0.0,0.0,0.0,0,0,113000.0,2100.0,22.5,Personal,40000.0,24,14.6,1932.0,20.7,43.2,0,0.0,0,40000.0,410000.0,Rent,1,Married,Tier-1,1,0
APP100794,21,565000.0,47083.0,0.0,Salaried,Banking/Finance,0.0,Post-Graduate,698,1.0,1,1,2,1,0,Auto,190000.0,2,2,0,8,100.0,0,1,0,0,0,0,0.0,0.0,0.0,0.0,0,0,146000.0,3100.0,6.6,Home,4650000.0,300,8.8,38388.0,81.5,88.1,1,11.8,1,126000.0,370000.0,Rent,0,Single,Tier-1,1,1
APP100795,37,412000.0,34333.0,0.0,Self-Employed,Manufacturing,5.2,High School,692,8.8,4,2,3,3,0,Auto,210000.0,6,6,0,7,100.0,1,0,0,0,0,0,0.0,0.0,0.0,0.0,0,0,811000.0,19500.0,56.8,Personal,90000.0,12,12.89,8034.0,23.4,80.2,0,0.0,0,161000.0,70000.0,Rent,2,Single,Tier-1,1,0
APP100796,49,339000.0,28250.0,0.0,Salaried,Banking/Finance,6.9,Graduate,749,12.4,8,4,4,2,0,Gold,810000.0,4,3,1,30,100.0,0,0,0,0,0,0,0.0,0.0,0.0,0.0,0,0,223000.0,4200.0,14.9,Home,1610000.0,300,7.81,12224.0,43.3,58.1,1,10.6,0,57000.0,50000.0,Rent,0,Divorced,Tier-1,1,0
APP100797,50,1982000.0,165167.0,0.0,Self-Employed,IT,11.8,Post-Graduate,709,9.7,5,5,2,2,0,Personal,3020000.0,2,1,1,3,91.3,2,0,0,1,0,0,0.0,0.0,0.0,0.0,0,0,598000.0,24600.0,14.9,Auto,1790000.0,36,9.46,57306.0,34.7,49.6,1,24.9,1,220000.0,7290000.0,Own,0,Married,Tier-2,1,0
APP100798,49,671000.0,55917.0,0.0,Salaried,Retail,3.9,Post-Graduate,748,6.1,4,1,3,1,0,Personal,1900000.0,4,3,1,27,100.0,0,0,0,0,0,0,0.0,0.0,0.0,0.0,0,0,763000.0,11100.0,19.9,Home,3700000.0,120,7.94,44774.0,80.1,99.9,1,14.8,0,15000.0,1300000.0,Own,1,Single,Tier-1,1,1
APP100799,38,589000.0,49083.0,119000.0,Salaried,Manufacturing,3.7,High School,703,12.6,10,2,1,0,0,Business,1110000.0,2,1,1,8,98.6,0,1,0,2,1,2,285000.0,65265.0,22.9,7800.0,1,2,164265.0,3100.0,13.0,Personal,140000.0,12,12.51,12472.0,25.4,38.4,0,0.0,0,63000.0,2260000.0,Family,2,Divorced,Tier-1,0,-1
APP100800,29,198000.0,16500.0,0.0,Salaried,Manufacturing,6.8,Graduate,565,3.3,7,1,4,4,0,Auto,500000.0,5,5,0,55,98.4,1,0,0,1,1,1,50000.0,30600.0,61.2,600.0,0,0,194600.0,4000.0,33.5,Personal,40000.0,36,15.5,1396.0,8.5,42.0,0,0.0,1,68000.0,2330000.0,Family,0,Single,Tier-1,1,0
APP100801,26,192000.0,16000.0,0.0,Salaried,Manufacturing,5.0,Graduate,654,4.9,5,3,3,1,0,Home,500000.0,4,4,0,35,95.9,0,0,0,0,0,0,0.0,0.0,0.0,0.0,0,0,117000.0,5600.0,35.0,Business,600000.0,84,13.01,10918.0,68.2,103.2,0,0.0,0,134000.0,180000.0,Rent,3,Divorced,Tier-2,0,-1
APP100802,42,535000.0,44583.0,0.0,Salaried,Manufacturing,2.5,Graduate,522,15.9,8,1,1,0,0,Home,820000.0,2,1,1,50,72.0,2,1,1,0,1,1,160000.0,82400.0,51.5,1900.0,0,0,1469400.0,31200.0,79.2,Business,890000.0,60,15.14,21238.0,47.6,126.9,1,0.0,0,268000.0,2660000.0,Family,1,Married,Tier-2,0,-1
APP100803,42,333000.0,27750.0,0.0,Retired,None,0.0,High School,646,3.3,8,2,0,0,0,None,0.0,4,4,0,58,97.7,1,0,0,2,0,0,0.0,0.0,0.0,0.0,0,0,270000.0,4800.0,17.3,Personal,120000.0,24,14.54,5792.0,20.9,38.2,0,0.0,1,180000.0,220000.0,Rent,3,Married,Tier-1,1,0
APP100804,52,207000.0,17250.0,0.0,Salaried,Retail,13.4,High School,645,0.3,5,0,0,0,0,None,0.0,0,0,0,-1,94.4,0,1,0,1,0,0,0.0,0.0,0.0,0.0,0,0,322000.0,6100.0,35.4,Home,870000.0,180,10.41,9568.0,55.5,90.8,1,25.1,0,117000.0,160000.0,Rent,2,Married,Tier-2,1,0
APP100805,50,602000.0,50167.0,121000.0,Salaried,Construction,7.5,Post-Graduate,744,1.4,2,2,2,0,0,Gold,1070000.0,3,3,0,48,94.0,1,0,0,0,0,0,0.0,0.0,0.0,0.0,0,0,431000.0,21100.0,42.1,Education,370000.0,120,9.52,4792.0,9.6,51.6,0,0.0,0,100000.0,1930000.0,Rent,2,Married,Tier-3,1,0
APP100806,37,81000.0,6750.0,0.0,Retired,None,0.0,Graduate,589,4.5,4,2,1,1,0,Home,40000.0,1,1,0,49,100.0,0,0,0,0,0,0,0.0,0.0,0.0,0.0,0,0,184000.0,3300.0,48.9,Debt Consolidation,40000.0,24,15.61,1951.0,28.9,77.8,0,0.0,0,4000.0,30000.0,Own,2,Single,Tier-2,0,-1
APP100807,24,211000.0,17583.0,0.0,Salaried,Banking/Finance,3.0,High School,579,2.2,4,1,1,0,0,Home,520000.0,1,1,0,44,91.6,2,0,0,0,1,1,80000.0,44480.0,55.6,600.0,0,2,187480.0,5700.0,45.1,Home,1150000.0,300,10.96,11238.0,63.9,109.0,1,23.4,0,54000.0,50000.0,Rent,1,Married,Tier-1,0,-1
APP100808,34,475000.0,39583.0,0.0,Salaried,Construction,4.4,Graduate,650,1.3,6,0,3,3,0,Gold,210000.0,3,1,2,20,93.5,1,0,0,0,1,2,215000.0,86645.0,40.3,4800.0,0,0,134645.0,800.0,13.0,Personal,240000.0,60,14.51,5648.0,14.3,27.2,1,0.0,0,33000.0,170000.0,Family,1,Married,Tier-1,1,0
APP100809,40,441000.0,36750.0,0.0,Business Owner,Retail,19.0,High School,731,9.0,9,1,0,0,0,None,0.0,0,0,0,-1,100.0,0,0,0,0,0,0,0.0,0.0,0.0,0.0,0,0,1372000.0,20200.0,55.0,Home,2060000.0,180,8.83,20686.0,56.3,111.3,1,27.6,0,156000.0,230000.0,Own,0,Married,Tier-1,0,-1
APP100810,36,60000.0,5000.0,0.0,Unemployed,None,0.0,Graduate,562,6.9,3,1,1,1,0,Business,140000.0,2,2,0,51,93.5,0,0,1,0,0,0,0.0,0.0,0.0,0.0,0,0,26000.0,700.0,14.0,Personal,30000.0,24,15.11,1456.0,29.1,43.1,0,0.0,0,16000.0,30000.0,Own,0,Married,Tier-1,0,-1
APP100811,32,304000.0,25333.0,0.0,Business Owner,Construction,3.4,Graduate,669,0.5,4,0,1,1,0,Gold,860000.0,2,1,1,13,94.7,0,1,0,0,0,0,0.0,0.0,0.0,0.0,0,0,121000.0,2200.0,8.7,Business,650000.0,60,13.14,14836.0,58.6,67.2,0,0.0,0,547000.0,200000.0,Rent,2,Married,Tier-1,1,1
APP100812,41,120000.0,10000.0,0.0,Salaried,Healthcare,8.8,High School,666,10.3,14,3,4,2,0,Auto,280000.0,6,5,1,26,94.3,1,0,0,1,0,0,0.0,0.0,0.0,0.0,0,0,98000.0,1500.0,15.0,Personal,30000.0,36,14.0,1025.0,10.2,25.2,0,0.0,1,108000.0,420000.0,Rent,4,Single,Tier-3,1,0
APP100813,32,156000.0,13000.0,0.0,Retired,None,0.0,High School,698,12.0,7,1,5,4,0,Auto,380000.0,5,2,3,42,99.3,0,0,0,0,0,0,0.0,0.0,0.0,0.0,0,0,128000.0,3000.0,23.1,Personal,130000.0,12,13.34,11632.0,89.5,112.6,0,0.0,0,72000.0,310000.0,Rent,1,Married,Tier-3,0,-1
APP100814,31,799000.0,66583.0,93000.0,Salaried,Education,10.0,Post-Graduate,586,2.8,7,3,0,0,0,None,0.0,1,1,0,54,84.6,1,2,0,0,1,3,390000.0,121290.0,31.1,10300.0,0,2,745290.0,10700.0,25.2,Business,1450000.0,84,14.02,27189.0,40.8,66.0,0,0.0,0,141000.0,710000.0,Own,2,Single,Tier-1,0,-1
APP100815,41,277000.0,23083.0,69000.0,Retired,None,0.0,Post-Graduate,689,7.0,3,2,2,2,0,Home,510000.0,3,3,0,27,100.0,0,0,0,0,0,0,0.0,0.0,0.0,0.0,0,0,75000.0,1800.0,7.8,Business,940000.0,36,13.35,31831.0,137.9,145.7,0,0.0,0,22000.0,610000.0,Rent,1,Single,Tier-1,0,-1
APP100816,34,173000.0,14417.0,0.0,Contract,Government,7.9,High School,627,1.9,5,1,2,1,0,Education,440000.0,3,2,1,15,97.5,1,0,0,1,0,0,0.0,0.0,0.0,0.0,0,0,309000.0,4600.0,31.9,Auto,160000.0,60,11.3,3503.0,24.3,56.2,1,24.3,0,327000.0,1230000.0,Own,0,Single,Tier-1,1,1
APP100817,41,278000.0,23167.0,0.0,Retired,None,0.0,Graduate,689,5.5,5,0,0,0,0,None,0.0,0,0,0,-1,95.0,1,0,0,0,0,0,0.0,0.0,0.0,0.0,0,0,103000.0,4000.0,17.3,Personal,280000.0,36,13.72,9532.0,41.1,58.4,0,0.0,0,74000.0,600000.0,Family,1,Single,Tier-1,1,0
APP100818,41,482000.0,40167.0,0.0,Salaried,Banking/Finance,5.9,High School,704,7.2,11,2,4,3,0,Business,1010000.0,6,3,3,32,95.9,1,0,0,0,0,0,0.0,0.0,0.0,0.0,0,0,270000.0,14900.0,37.1,Personal,210000.0,36,13.3,7106.0,17.7,54.8,0,0.0,0,202000.0,1710000.0,Rent,2,Married,Tier-1,1,0
APP100819,25,517000.0,43083.0,0.0,Salaried,Government,2.0,Post-Graduate,688,4.5,7,1,6,6,0,Personal,1230000.0,8,8,0,52,96.9,0,0,0,1,1,1,110000.0,67100.0,61.0,1200.0,0,0,689100.0,10600.0,32.4,Home,4950000.0,120,8.19,60555.0,140.6,172.9,1,22.4,0,76000.0,530000.0,Rent,3,Single,Tier-3,0,-1
APP100820,33,552000.0,46000.0,38000.0,Self-Employed,Education,6.2,Post-Graduate,712,2.4,4,0,4,3,0,Business,1410000.0,5,5,0,35,96.1,0,0,0,0,0,0,0.0,0.0,0.0,0.0,0,0,905000.0,25700.0,55.9,Debt Consolidation,310000.0,36,12.99,10444.0,22.7,78.6,0,0.0,0,752000.0,1530000.0,Family,3,Divorced,Tier-3,1,0
APP100821,54,342000.0,28500.0,30000.0,Self-Employed,Construction,7.3,Graduate,629,3.2,6,1,1,0,0,Personal,110000.0,1,0,1,24,91.4,0,1,0,1,1,3,155000.0,38595.0,24.9,2000.0,0,0,315595.0,4000.0,20.8,Debt Consolidation,180000.0,24,14.53,8687.0,30.5,51.3,0,0.0,0,45000.0,1130000.0,Rent,0,Single,Tier-1,1,1
APP100822,25,519000.0,43250.0,0.0,Self-Employed,Construction,4.0,Graduate,684,0.7,1,0,1,0,0,Personal,1190000.0,1,0,1,24,96.7,1,0,0,0,0,0,0.0,0.0,0.0,0.0,0,0,499000.0,8300.0,19.2,Personal,140000.0,12,13.57,12542.0,29.0,48.2,0,0.0,0,108000.0,80000.0,Own,1,Single,Tier-1,1,0
APP100823,21,974000.0,81167.0,220000.0,Salaried,Healthcare,0.0,Graduate,733,1.0,2,3,1,1,0,Education,630000.0,1,1,0,29,100.0,0,0,0,0,1,3,320000.0,101120.0,31.6,9400.0,1,1,1686120.0,27700.0,40.4,Personal,960000.0,60,12.18,21442.0,26.4,66.8,0,0.0,0,411000.0,14770000.0,Rent,0,Married,Tier-1,1,0
APP100824,21,823000.0,68583.0,0.0,Self-Employed,Other,0.0,Graduate,654,1.0,4,0,1,1,0,Home,490000.0,1,1,0,13,100.0,0,0,0,0,1,2,425000.0,245650.0,57.8,4900.0,0,0,1600650.0,32800.0,65.7,Home,7940000.0,120,9.75,103832.0,151.4,217.1,1,11.1,0,603000.0,700000.0,Rent,4,Married,Tier-1,0,-1
APP100825,38,408000.0,34000.0,0.0,Salaried,IT,11.6,Graduate,661,1.4,4,0,3,2,0,Personal,520000.0,4,2,2,10,97.2,0,1,0,0,0,0,0.0,0.0,0.0,0.0,0,0,304000.0,6000.0,17.6,Auto,470000.0,60,10.32,10060.0,29.6,47.2,1,28.7,0,89000.0,310000.0,Family,1,Married,Tier-2,1,0
APP100826,38,501000.0,41750.0,0.0,Salaried,Manufacturing,16.1,High School,713,12.3,8,2,5,2,1,Education,990000.0,5,5,0,7,100.0,0,0,0,1,0,0,0.0,0.0,0.0,0.0,0,0,623000.0,17700.0,42.4,Education,500000.0,120,10.13,6644.0,15.9,58.3,0,0.0,0,159000.0,620000.0,Own,0,Married,Tier-3,1,0
APP100827,37,239000.0,19917.0,58000.0,Salaried,Education,6.2,Graduate,656,3.9,6,3,1,0,0,Auto,540000.0,4,3,1,2,97.6,1,0,0,0,0,0,0.0,0.0,0.0,0.0,0,0,383000.0,5800.0,29.1,Education,390000.0,84,11.59,6799.0,34.1,63.3,0,0.0,0,40000.0,2070000.0,Own,0,Married,Tier-1,0,-1
APP100828,51,704000.0,58667.0,0.0,Salaried,Retail,11.8,Graduate,724,0.7,3,2,2,2,0,Gold,2070000.0,4,4,0,45,100.0,0,0,0,0,1,4,345000.0,73140.0,21.2,7700.0,1,0,217140.0,6800.0,17.8,Education,840000.0,84,9.45,13707.0,23.4,41.2,0,0.0,0,195000.0,160000.0,Family,2,Married,Tier-1,1,0
APP100829,21,190000.0,15833.0,0.0,Salaried,Healthcare,0.0,High School,732,1.0,3,0,0,0,0,None,0.0,2,2,0,37,95.6,0,0,0,0,0,0,0.0,0.0,0.0,0.0,0,0,60000.0,1400.0,8.8,Home,1430000.0,120,8.37,17631.0,111.4,120.2,1,24.1,1,90000.0,530000.0,Rent,5,Single,Tier-2,0,-1
APP100830,42,528000.0,44000.0,0.0,Contract,Banking/Finance,4.1,Graduate,665,5.1,6,3,1,1,0,Auto,610000.0,3,3,0,39,100.0,0,0,0,1,1,8,155000.0,29295.0,18.9,5100.0,0,0,115295.0,3500.0,11.3,Auto,350000.0,36,11.02,11462.0,26.0,37.3,1,21.2,1,609000.0,520000.0,Own,1,Married,Tier-2,1,0
APP100831,55,4229000.0,352417.0,0.0,Business Owner,Construction,6.7,Post-Graduate,704,1.8,4,2,1,1,1,Personal,10080000.0,1,1,0,32,100.0,0,0,0,3,1,3,955000.0,424020.0,44.4,25000.0,0,3,6298020.0,122000.0,40.6,Auto,4860000.0,48,9.64,122424.0,34.7,75.4,1,15.1,0,1414000.0,10740000.0,Own,1,Married,Tier-1,1,1
APP100832,26,346000.0,28833.0,0.0,Self-Employed,Construction,5.0,Graduate,695,2.6,3,1,2,0,0,Gold,740000.0,3,2,1,12,100.0,0,0,0,0,1,2,165000.0,22770.0,13.8,2600.0,0,1,39770.0,800.0,6.7,Auto,430000.0,60,9.35,8999.0,31.2,37.9,1,13.1,0,36000.0,250000.0,Own,2,Married,Tier-1,1,0
APP100833,34,2142000.0,178500.0,0.0,Salaried,Government,4.8,Graduate,730,3.1,6,0,2,1,0,Education,5600000.0,2,2,0,23,94.0,0,0,0,0,1,2,750000.0,251250.0,33.5,12300.0,0,0,717250.0,19500.0,18.0,Personal,1180000.0,12,12.74,105250.0,59.0,76.9,0,0.0,1,2936000.0,2510000.0,Own,1,Married,Tier-1,1,0
APP100834,30,818000.0,68167.0,146000.0,Self-Employed,Retail,9.0,Post-Graduate,682,4.3,1,3,0,0,0,None,0.0,0,0,0,-1,100.0,0,0,0,0,1,2,380000.0,211280.0,55.6,3800.0,0,0,1092280.0,15800.0,38.7,Debt Consolidation,880000.0,60,14.51,20709.0,30.4,69.1,0,0.0,0,468000.0,550000.0,Rent,1,Married,Tier-1,1,1
APP100835,28,175000.0,14583.0,0.0,Contract,Government,2.3,High School,700,5.5,3,1,2,1,0,Personal,180000.0,2,0,2,15,93.6,1,0,0,0,0,0,0.0,0.0,0.0,0.0,0,0,156000.0,4100.0,28.1,Personal,170000.0,36,12.59,5694.0,39.0,67.2,1,0.0,1,78000.0,270000.0,Family,1,Married,Tier-1,1,0
APP100836,34,60000.0,5000.0,0.0,Unemployed,None,0.0,Graduate,525,5.7,2,2,2,1,0,Education,20000.0,3,2,1,15,100.0,0,0,0,1,0,0,0.0,0.0,0.0,0.0,0,0,144000.0,3400.0,68.0,Debt Consolidation,30000.0,60,17.03,746.0,14.9,82.9,0,0.0,1,93000.0,40000.0,Family,3,Married,Tier-1,0,-1
APP100837,54,1658000.0,138167.0,209000.0,Self-Employed,Other,1.7,Graduate,728,8.4,5,3,6,3,0,Home,3120000.0,6,4,2,19,93.5,0,1,0,1,1,1,625000.0,144375.0,23.1,20600.0,0,1,1523375.0,31800.0,28.2,Home,11720000.0,300,7.65,87756.0,63.5,91.8,1,11.8,1,2053000.0,2450000.0,Rent,3,Married,Tier-1,1,0
APP100838,58,369000.0,30750.0,0.0,Contract,Banking/Finance,6.8,High School,697,5.0,7,1,2,1,0,Business,520000.0,2,2,0,45,100.0,0,0,0,0,1,4,75000.0,7425.0,9.9,2500.0,0,1,228425.0,3300.0,11.9,Education,650000.0,84,9.85,10740.0,34.9,46.9,0,0.0,0,44000.0,760000.0,Family,1,Married,Tier-1,1,0
APP100839,34,516000.0,43000.0,0.0,Self-Employed,Education,4.4,Doctorate,699,6.3,4,0,3,1,1,Education,1060000.0,4,3,1,57,100.0,0,0,0,0,0,0,0.0,0.0,0.0,0.0,0,0,108000.0,2700.0,6.3,Home,2630000.0,300,8.97,22017.0,51.2,57.5,1,23.8,0,133000.0,5990000.0,Own,3,Single,Tier-2,1,1
APP100840,59,413000.0,34417.0,0.0,Salaried,Manufacturing,10.3,Graduate,681,5.1,5,3,2,2,0,Gold,280000.0,2,2,0,2,100.0,0,0,0,1,0,0,0.0,0.0,0.0,0.0,0,0,437000.0,18400.0,53.5,Business,920000.0,36,13.04,31016.0,90.1,143.6,0,0.0,1,35000.0,670000.0,Rent,1,Married,Tier-2,0,-1
APP100841,38,76000.0,6333.0,0.0,Unemployed,None,0.0,Graduate,568,0.2,1,2,1,0,0,Education,70000.0,2,1,1,2,100.0,0,0,0,1,0,0,0.0,0.0,0.0,0.0,0,0,40000.0,800.0,12.6,Personal,70000.0,36,16.02,2462.0,38.9,51.5,0,0.0,1,22000.0,60000.0,Own,1,Married,Tier-2,0,-1
APP100842,57,315000.0,26250.0,56000.0,Salaried,Healthcare,3.6,High School,545,1.5,2,2,1,1,0,Auto,290000.0,1,1,0,31,87.2,1,1,1,0,0,0,0.0,0.0,0.0,0.0,0,0,211000.0,5800.0,22.1,Home,2840000.0,180,11.83,33775.0,128.7,150.8,1,11.1,0,121000.0,210000.0,Rent,0,Single,Tier-2,0,-1
APP100843,37,760000.0,63333.0,0.0,Salaried,Education,3.1,Doctorate,658,1.9,0,1,1,1,0,Education,550000.0,2,2,0,40,96.3,1,0,0,0,1,1,315000.0,158130.0,50.2,5300.0,0,2,158130.0,0.0,12.5,Auto,470000.0,36,9.98,15161.0,23.9,36.4,1,18.4,0,47000.0,430000.0,Own,3,Single,Tier-1,1,0
APP100844,39,1335000.0,111250.0,141000.0,Salaried,Banking/Finance,0.4,Post-Graduate,745,4.8,7,0,2,2,0,Business,3130000.0,3,2,1,45,98.9,0,0,0,0,1,2,675000.0,319950.0,47.4,3400.0,0,0,2340950.0,46200.0,55.9,Personal,910000.0,24,12.28,42956.0,38.6,94.5,0,0.0,0,361000.0,1060000.0,Rent,4,Married,Tier-1,1,1
APP100845,42,191000.0,15917.0,0.0,Self-Employed,Banking/Finance,4.9,High School,537,5.2,5,0,2,2,1,Home,260000.0,3,2,1,4,100.0,0,0,0,1,1,1,55000.0,45870.0,83.4,1400.0,0,0,221870.0,4600.0,43.3,Personal,120000.0,60,16.48,2949.0,18.5,61.8,0,0.0,0,37000.0,130000.0,Family,0,Single,Tier-1,0,-1
APP100846,70,647000.0,53917.0,0.0,Self-Employed,Manufacturing,2.0,Graduate,699,3.9,3,1,2,2,0,Auto,400000.0,2,2,0,30,100.0,0,0,0,0,1,7,265000.0,85595.0,32.3,1800.0,0,1,457595.0,7100.0,21.1,Auto,770000.0,48,9.49,19341.0,35.9,57.0,1,15.9,0,524000.0,2980000.0,Rent,3,Single,Tier-1,1,0
APP100847,47,370000.0,30833.0,0.0,Self-Employed,Construction,11.1,High School,585,7.1,6,1,2,2,0,Auto,160000.0,2,2,0,41,94.0,0,0,1,1,1,1,150000.0,97350.0,64.9,1400.0,1,2,483350.0,10900.0,51.1,Personal,330000.0,36,15.06,11449.0,37.1,88.3,0,0.0,0,503000.0,500000.0,Family,1,Married,Tier-2,0,-1
APP100848,30,404000.0,33667.0,0.0,Salaried,Healthcare,4.2,Post-Graduate,627,7.8,7,0,2,1,0,Personal,860000.0,2,2,0,59,82.1,0,1,1,0,0,0,0.0,0.0,0.0,0.0,0,0,228000.0,3400.0,10.1,Business,1260000.0,84,13.64,23363.0,69.4,79.5,0,0.0,0,342000.0,410000.0,Own,2,Single,Tier-3,0,-1
APP100849,49,738000.0,61500.0,108000.0,Salaried,Government,1.5,Graduate,587,4.3,5,3,4,3,0,Gold,890000.0,4,4,0,40,96.0,1,0,0,0,1,5,115000.0,96830.0,84.2,3200.0,0,1,246830.0,7000.0,19.3,Education,1080000.0,84,11.71,18898.0,30.7,50.0,0,0.0,0,180000.0,1170000.0,Own,0,Single,Tier-1,0,-1
APP100850,34,60000.0,5000.0,0.0,Unemployed,None,0.0,High School,593,8.5,11,3,6,6,0,Auto,130000.0,6,6,0,49,100.0,0,0,0,0,0,0,0.0,0.0,0.0,0.0,0,0,46000.0,1200.0,24.0,Business,130000.0,60,14.4,3052.0,61.0,85.0,0,0.0,0,38000.0,240000.0,Family,1,Married,Tier-1,0,-1
APP100851,33,117000.0,9750.0,0.0,Salaried,Other,5.0,Graduate,497,3.8,5,3,3,2,2,Home,160000.0,4,3,1,32,100.0,0,0,0,0,1,1,45000.0,27585.0,61.3,1000.0,0,2,112585.0,2300.0,37.7,Home,870000.0,120,12.12,12542.0,128.6,166.4,1,26.2,0,24000.0,60000.0,Own,1,Married,Tier-1,0,-1
APP100852,48,226000.0,18833.0,0.0,Retired,None,0.0,Post-Graduate,589,6.0,4,3,0,0,0,None,0.0,0,0,0,-1,99.9,0,0,0,0,1,1,130000.0,52000.0,40.0,3200.0,0,1,229000.0,5800.0,44.6,Business,580000.0,84,15.01,11195.0,59.4,104.0,0,0.0,0,32000.0,270000.0,Rent,0,Married,Tier-1,0,-1
APP100853,38,391000.0,32583.0,0.0,Salaried,Healthcare,3.6,Graduate,590,0.3,12,3,1,1,1,Education,1050000.0,2,2,0,41,97.7,0,0,0,1,1,2,165000.0,57915.0,35.1,2200.0,1,0,265915.0,8400.0,34.7,Debt Consolidation,210000.0,60,15.39,5039.0,15.5,50.1,1,0.0,0,57000.0,3070000.0,Own,1,Single,Tier-3,1,1
APP100854,41,187000.0,15583.0,0.0,Self-Employed,Other,12.9,High School,644,4.3,3,2,1,0,0,Education,400000.0,1,0,1,37,100.0,1,0,0,2,1,3,45000.0,9405.0,20.9,200.0,0,1,371405.0,8400.0,56.9,Home,1300000.0,180,9.67,13709.0,88.0,144.9,1,27.7,0,152000.0,70000.0,Family,1,Married,Tier-1,0,-1
APP100855,38,224000.0,18667.0,0.0,Self-Employed,Healthcare,2.8,Post-Graduate,707,8.8,5,1,2,0,0,Home,260000.0,3,3,0,23,96.8,0,0,0,1,0,0,0.0,0.0,0.0,0.0,0,0,425000.0,8700.0,46.6,Home,1870000.0,300,9.2,15950.0,85.4,132.1,1,28.1,1,326000.0,130000.0,Own,0,Divorced,Tier-2,0,-1
APP100856,42,787000.0,65583.0,0.0,Contract,Banking/Finance,4.4,High School,743,4.9,3,0,3,2,0,Education,2020000.0,4,4,0,13,100.0,0,0,0,0,1,3,125000.0,44625.0,35.7,4000.0,0,0,1287625.0,24000.0,40.0,Debt Consolidation,480000.0,60,12.73,10855.0,16.6,56.5,1,0.0,0,214000.0,2040000.0,Rent,0,Single,Tier-2,1,0
APP100857,43,524000.0,43667.0,0.0,Salaried,Construction,1.0,Graduate,679,1.8,2,2,3,3,0,Business,500000.0,3,2,1,36,92.0,1,0,0,0,1,3,245000.0,38465.0,15.7,3100.0,0,0,323465.0,10100.0,27.5,Home,3850000.0,240,8.88,34343.0,78.6,106.2,1,11.3,0,290000.0,420000.0,Rent,2,Single,Tier-2,0,-1
APP100858,21,61000.0,5083.0,6000.0,Unemployed,None,0.0,Graduate,513,1.0,6,1,2,1,0,Personal,100000.0,4,1,3,45,92.1,1,1,0,0,0,0,0.0,0.0,0.0,0.0,0,0,9000.0,300.0,5.9,Home,410000.0,180,11.71,4844.0,95.3,101.2,1,16.2,0,11000.0,50000.0,Rent,0,Married,Tier-1,0,-1
APP100859,45,1546000.0,128833.0,0.0,Self-Employed,IT,3.3,Graduate,705,3.9,5,2,2,0,0,Business,3650000.0,2,2,0,53,93.9,2,0,0,2,0,0,0.0,0.0,0.0,0.0,0,0,1820000.0,36400.0,28.3,Debt Consolidation,810000.0,24,12.88,38463.0,29.9,58.1,1,0.0,0,1020000.0,2620000.0,Own,1,Single,Tier-3,1,0
APP100860,27,632000.0,52667.0,0.0,Self-Employed,Construction,6.0,High School,653,6.2,6,1,2,2,0,Education,1690000.0,6,4,2,48,99.7,0,0,0,0,1,3,175000.0,107800.0,61.6,900.0,1,1,1110800.0,18200.0,44.8,Auto,770000.0,60,10.03,16372.0,31.1,75.9,1,22.3,0,45000.0,340000.0,Rent,1,Single,Tier-1,0,-1
APP100861,22,887000.0,73917.0,0.0,Self-Employed,Education,1.0,High School,643,2.0,1,0,3,2,0,Gold,1650000.0,4,3,1,48,100.0,1,0,0,0,1,2,170000.0,104040.0,61.2,4500.0,1,1,751040.0,17100.0,30.2,Personal,620000.0,24,14.54,29926.0,40.5,70.7,0,0.0,0,768000.0,2120000.0,Rent,2,Single,Tier-2,0,-1
APP100862,37,184000.0,15333.0,0.0,Salaried,Healthcare,11.4,High School,643,4.1,7,1,3,3,0,Business,80000.0,3,3,0,31,98.2,1,0,0,1,0,0,0.0,0.0,0.0,0.0,0,0,408000.0,7000.0,45.7,Debt Consolidation,60000.0,36,13.97,2050.0,13.4,59.0,0,0.0,0,168000.0,2260000.0,Own,1,Single,Tier-2,1,1
APP100863,39,225000.0,18750.0,0.0,Salaried,Retail,6.6,Graduate,693,1.7,5,4,2,2,0,Home,190000.0,4,3,1,57,100.0,0,0,0,0,0,0,0.0,0.0,0.0,0.0,0,0,155000.0,3300.0,17.6,Debt Consolidation,230000.0,36,14.66,7935.0,42.3,59.9,0,0.0,0,38000.0,70000.0,Family,1,Single,Tier-1,1,0
APP100864,30,757000.0,63083.0,121000.0,Salaried,Healthcare,5.2,Post-Graduate,658,3.1,5,1,0,0,0,None,0.0,2,2,0,34,95.2,0,1,0,1,1,3,210000.0,110670.0,52.7,6600.0,1,1,829670.0,14500.0,31.8,Personal,330000.0,12,14.37,29687.0,47.1,78.8,0,0.0,0,800000.0,350000.0,Own,4,Single,Tier-2,1,0
APP100865,47,437000.0,36417.0,64000.0,Salaried,Banking/Finance,10.6,High School,605,5.4,6,2,1,0,0,Education,600000.0,4,3,1,35,96.2,1,0,0,0,1,5,155000.0,83545.0,53.9,4600.0,0,0,233545.0,3600.0,21.4,Personal,350000.0,36,15.47,12214.0,33.5,54.9,0,0.0,1,9000.0,4180000.0,Rent,0,Single,Tier-1,1,0
APP100866,23,1127000.0,93917.0,0.0,Self-Employed,Banking/Finance,2.0,Post-Graduate,735,0.8,6,4,2,1,0,Gold,1660000.0,4,2,2,39,100.0,0,0,0,0,1,2,650000.0,20800.0,3.2,19300.0,1,0,857800.0,17700.0,20.0,Business,2290000.0,84,11.42,39718.0,42.3,62.2,0,0.0,0,256000.0,790000.0,Rent,2,Married,Tier-2,1,0
APP100867,34,175000.0,14583.0,0.0,Salaried,Banking/Finance,4.6,Graduate,530,4.3,1,5,2,2,1,Personal,210000.0,4,3,1,8,90.9,0,0,1,0,0,0,0.0,0.0,0.0,0.0,0,0,90000.0,2700.0,18.5,Auto,250000.0,84,12.63,4498.0,30.8,49.4,1,14.8,1,121000.0,200000.0,Own,3,Married,Tier-2,0,-1
APP100868,32,515000.0,42917.0,0.0,Salaried,Education,11.0,High School,592,1.4,5,3,2,2,0,Gold,340000.0,3,3,0,2,100.0,1,0,0,1,1,1,155000.0,74865.0,48.3,3600.0,1,0,832865.0,13400.0,39.9,Personal,420000.0,24,15.25,20414.0,47.6,87.5,0,0.0,0,141000.0,160000.0,Own,2,Married,Tier-1,0,-1
APP100869,37,771000.0,64250.0,0.0,Salaried,Construction,7.9,Graduate,655,3.7,5,2,2,2,1,Auto,340000.0,3,2,1,47,99.5,0,0,0,0,1,4,190000.0,9120.0,4.8,4500.0,0,0,2046120.0,35300.0,55.7,Home,6020000.0,120,9.78,78823.0,122.7,178.3,1,14.2,1,49000.0,4740000.0,Rent,0,Married,Tier-1,0,-1
APP100870,41,689000.0,57417.0,0.0,Salaried,Retail,1.9,Graduate,724,1.2,3,0,1,1,0,Personal,940000.0,2,0,2,34,98.6,1,0,0,0,0,0,0.0,0.0,0.0,0.0,0,0,113000.0,1800.0,3.1,Home,4950000.0,240,8.12,41774.0,72.8,75.9,1,28.5,0,245000.0,1970000.0,Family,4,Married,Tier-3,1,0
APP100871,27,349000.0,29083.0,68000.0,Salaried,IT,6.0,Graduate,569,7.0,4,2,3,3,0,Business,240000.0,4,4,0,42,93.6,2,0,0,1,1,2,200000.0,140400.0,70.2,3600.0,0,1,342400.0,3400.0,35.8,Home,3440000.0,180,11.15,39424.0,135.6,171.4,1,11.6,0,51000.0,600000.0,Rent,1,Divorced,Tier-3,0,-1
APP100872,46,616000.0,51333.0,39000.0,Self-Employed,Manufacturing,3.5,Graduate,541,8.7,5,3,3,2,0,Business,1110000.0,3,3,0,47,86.6,2,1,0,2,1,3,215000.0,63210.0,29.4,5100.0,0,0,184210.0,4100.0,14.1,Business,2380000.0,84,15.15,46127.0,89.9,104.0,0,0.0,1,619000.0,810000.0,Rent,0,Married,Tier-1,0,-1
APP100873,39,306000.0,25500.0,65000.0,Salaried,Government,11.3,Graduate,635,3.9,4,2,3,2,0,Home,350000.0,3,3,0,28,95.4,0,1,0,2,0,0,0.0,0.0,0.0,0.0,0,0,194000.0,6100.0,23.9,Auto,460000.0,84,10.75,7816.0,30.7,54.6,1,25.8,1,19000.0,230000.0,Rent,0,Single,Tier-2,1,0
APP100874,21,64000.0,5333.0,0.0,Unemployed,None,0.0,Post-Graduate,580,1.0,4,3,3,1,0,Education,180000.0,4,3,1,52,100.0,0,0,0,1,0,0,0.0,0.0,0.0,0.0,0,0,39000.0,1800.0,33.8,Personal,40000.0,60,15.05,953.0,17.9,51.6,1,0.0,0,19000.0,70000.0,Family,2,Single,Tier-2,1,1
APP100875,21,226000.0,18833.0,21000.0,Salaried,Government,0.0,Graduate,662,1.0,2,3,2,1,0,Auto,650000.0,3,2,1,21,100.0,0,0,0,0,0,0,0.0,0.0,0.0,0.0,0,0,246000.0,4900.0,26.0,Personal,220000.0,36,13.92,7511.0,39.9,65.9,0,0.0,0,17000.0,540000.0,Family,2,Single,Tier-2,1,0
APP100876,38,340000.0,28333.0,0.0,Salaried,Manufacturing,2.0,Post-Graduate,649,10.4,6,4,3,2,0,Gold,350000.0,3,1,2,27,96.1,0,1,0,1,0,0,0.0,0.0,0.0,0.0,0,0,619000.0,11700.0,41.3,Debt Consolidation,270000.0,36,14.96,9354.0,33.0,74.3,0,0.0,1,111000.0,160000.0,Rent,2,Single,Tier-2,0,-1
APP100877,36,60000.0,5000.0,0.0,Unemployed,None,0.0,Graduate,506,6.3,7,5,2,1,0,Gold,100000.0,3,1,2,23,97.9,0,0,0,0,0,0,0.0,0.0,0.0,0.0,0,0,85000.0,1900.0,38.0,Home,400000.0,240,11.46,4255.0,85.1,123.1,1,23.4,0,7000.0,380000.0,Own,3,Married,Tier-2,0,-1
APP100878,37,256000.0,21333.0,0.0,Salaried,IT,7.8,High School,638,2.6,0,1,2,1,0,Home,140000.0,2,2,0,24,97.0,0,1,0,1,0,0,0.0,0.0,0.0,0.0,0,0,0.0,0.0,0.0,Personal,70000.0,60,14.35,1642.0,7.7,7.7,0,0.0,1,67000.0,1540000.0,Rent,1,Married,Tier-3,1,0
APP100879,38,212000.0,17667.0,26000.0,Salaried,Manufacturing,4.7,High School,714,7.2,7,3,2,2,0,Home,210000.0,2,2,0,47,100.0,0,0,0,0,0,0,0.0,0.0,0.0,0.0,0,0,385000.0,5800.0,32.8,Debt Consolidation,200000.0,24,13.43,9549.0,54.0,86.9,0,0.0,1,38000.0,660000.0,Own,2,Single,Tier-3,1,0
APP100880,40,98000.0,8167.0,0.0,Retired,None,0.0,Post-Graduate,552,9.0,2,1,0,0,0,None,0.0,1,0,1,18,83.6,1,2,0,0,0,0,0.0,0.0,0.0,0.0,0,0,354000.0,5400.0,66.1,Auto,90000.0,48,12.5,2392.0,29.3,95.4,1,14.0,0,18000.0,210000.0,Rent,0,Married,Tier-1,0,-1
APP100881,48,471000.0,39250.0,0.0,Retired,None,0.0,Graduate,541,4.4,5,1,3,2,0,Home,310000.0,4,4,0,2,90.4,1,0,1,0,1,6,115000.0,77510.0,67.4,900.0,1,2,997510.0,21500.0,64.7,Business,1270000.0,60,15.97,30864.0,78.6,143.3,0,0.0,0,159000.0,1570000.0,Own,2,Single,Tier-2,0,-1
APP100882,26,735000.0,61250.0,0.0,Business Owner,IT,5.0,Doctorate,712,6.0,3,3,1,1,0,Business,380000.0,2,2,0,37,98.2,0,0,0,1,1,1,220000.0,64680.0,29.4,4100.0,0,2,572680.0,14700.0,29.3,Personal,630000.0,36,13.94,21514.0,35.1,64.4,0,0.0,0,430000.0,6250000.0,Own,0,Divorced,Tier-1,1,0
APP100883,25,636000.0,53000.0,0.0,Salaried,Construction,4.0,Post-Graduate,656,5.0,3,2,0,0,0,None,0.0,1,1,0,49,100.0,0,0,0,0,1,1,225000.0,92700.0,41.2,4000.0,0,1,1345700.0,32900.0,70.8,Personal,300000.0,36,14.27,10293.0,19.4,90.2,0,0.0,0,215000.0,450000.0,Own,1,Married,Tier-2,0,-1
APP100884,26,174000.0,14500.0,0.0,Self-Employed,Banking/Finance,2.8,Graduate,682,5.8,4,2,2,1,0,Personal,440000.0,2,2,0,36,100.0,0,0,0,0,0,0,0.0,0.0,0.0,0.0,0,0,292000.0,4200.0,29.0,Personal,80000.0,24,14.18,3848.0,26.5,55.5,0,0.0,1,46000.0,630000.0,Family,0,Single,Tier-1,1,0
APP100885,41,422000.0,35167.0,0.0,Retired,None,0.0,Post-Graduate,635,1.2,3,0,2,1,0,Business,1130000.0,4,4,0,55,100.0,0,0,0,0,1,2,85000.0,47685.0,56.1,1000.0,0,1,211685.0,7800.0,29.0,Education,830000.0,120,11.67,11750.0,33.4,62.4,0,0.0,0,374000.0,140000.0,Own,0,Married,Tier-3,0,-1
APP100886,52,219000.0,18250.0,0.0,Retired,None,0.0,Post-Graduate,580,5.6,8,4,1,0,0,Home,560000.0,2,0,2,25,92.2,0,1,0,0,0,0,0.0,0.0,0.0,0.0,0,0,332000.0,7300.0,40.0,Personal,200000.0,36,15.1,6943.0,38.0,78.0,0,0.0,0,31000.0,390000.0,Rent,2,Married,Tier-2,0,-1
APP100887,33,427000.0,35583.0,84000.0,Salaried,Healthcare,5.9,Post-Graduate,719,4.3,1,1,0,0,0,None,0.0,1,1,0,26,100.0,0,0,0,0,0,0,0.0,0.0,0.0,0.0,0,0,917000.0,15000.0,42.2,Home,1780000.0,300,8.42,14237.0,40.0,82.2,1,23.6,1,213000.0,760000.0,Rent,1,Married,Tier-1,1,0
APP100888,21,315000.0,26250.0,0.0,Salaried,Other,0.0,Graduate,654,1.0,4,3,3,1,0,Education,110000.0,5,5,0,40,99.3,1,0,0,0,1,3,185000.0,33485.0,18.1,6000.0,0,1,152485.0,5100.0,25.8,Personal,280000.0,36,14.44,9630.0,36.7,62.5,0,0.0,0,71000.0,820000.0,Family,2,Divorced,Tier-1,1,0
APP100889,21,807000.0,67250.0,0.0,Salaried,Other,0.0,Post-Graduate,675,1.0,6,0,0,0,0,None,0.0,1,0,1,52,91.9,0,0,1,1,0,0,0.0,0.0,0.0,0.0,0,0,579000.0,25000.0,37.2,Debt Consolidation,580000.0,24,14.56,28001.0,41.6,78.8,0,0.0,0,1772000.0,310000.0,Rent,1,Single,Tier-1,0,-1
APP100890,29,66000.0,5500.0,0.0,Salaried,Construction,8.0,High School,587,8.4,4,2,3,2,0,Business,110000.0,4,3,1,8,94.4,1,0,0,0,0,0,0.0,0.0,0.0,0.0,0,0,105000.0,1900.0,34.5,Auto,40000.0,48,11.94,1052.0,19.1,53.7,1,28.2,0,10000.0,70000.0,Rent,0,Married,Tier-2,0,-1
APP100891,32,535000.0,44583.0,0.0,Business Owner,Healthcare,8.1,Post-Graduate,710,3.0,6,3,2,2,0,Education,180000.0,2,2,0,49,95.9,1,0,0,1,0,0,0.0,0.0,0.0,0.0,0,0,879000.0,14700.0,33.0,Home,3150000.0,120,8.84,39631.0,88.9,121.9,1,14.9,1,64000.0,1110000.0,Own,0,Married,Tier-1,0,-1
APP100892,34,629000.0,52417.0,0.0,Salaried,Construction,7.9,Doctorate,611,1.9,5,2,1,0,0,Personal,370000.0,2,0,2,4,87.3,1,0,1,0,1,2,355000.0,91235.0,25.7,1700.0,0,0,367235.0,4900.0,18.1,Personal,580000.0,36,15.07,20126.0,38.4,56.4,0,0.0,0,171000.0,1330000.0,Rent,1,Married,Tier-3,0,-1
APP100893,38,409000.0,34083.0,0.0,Salaried,Healthcare,6.6,Graduate,575,7.6,3,3,5,4,0,Personal,210000.0,7,6,1,52,98.3,1,0,0,0,1,1,210000.0,121800.0,58.0,4500.0,0,0,1036800.0,15100.0,62.2,Personal,170000.0,24,15.54,8286.0,24.3,86.5,0,0.0,1,100000.0,560000.0,Own,0,Single,Tier-2,0,-1
APP100894,35,1378000.0,114833.0,0.0,Salaried,Healthcare,10.5,High School,677,12.5,5,0,5,3,2,Personal,2270000.0,7,6,1,23,99.4,1,0,0,1,1,3,560000.0,203840.0,36.4,10700.0,0,0,1256840.0,31200.0,36.0,Business,4010000.0,84,12.49,71843.0,62.6,98.6,0,0.0,0,486000.0,2530000.0,Family,2,Married,Tier-3,0,-1
APP100895,50,262000.0,21833.0,0.0,Salaried,Other,3.5,High School,687,5.1,4,3,2,2,0,Auto,700000.0,4,4,0,34,100.0,0,0,0,0,0,0,0.0,0.0,0.0,0.0,0,0,116000.0,5400.0,24.7,Home,2010000.0,180,9.35,20807.0,95.3,120.0,1,24.9,0,80000.0,390000.0,Own,2,Single,Tier-3,0,-1
APP100896,31,900000.0,75000.0,0.0,Salaried,Government,2.9,Post-Graduate,718,11.0,6,2,1,1,0,Home,2420000.0,3,2,1,59,100.0,0,0,0,0,1,3,195000.0,67665.0,34.7,3700.0,0,4,693665.0,14600.0,24.0,Personal,230000.0,12,12.49,20488.0,27.3,51.3,0,0.0,0,249000.0,590000.0,Rent,2,Married,Tier-2,1,0
APP100897,29,1518000.0,126500.0,0.0,Salaried,IT,8.0,Post-Graduate,668,2.6,2,2,1,1,0,Home,3580000.0,1,1,0,41,94.8,0,1,0,0,1,2,275000.0,172150.0,62.6,4500.0,0,0,801150.0,21400.0,23.7,Auto,1190000.0,48,10.74,30606.0,24.2,47.9,1,28.7,1,1533000.0,1730000.0,Own,1,Married,Tier-1,1,1
APP100898,43,758000.0,63167.0,136000.0,Salaried,Construction,3.2,Post-Graduate,761,2.2,6,1,3,1,0,Education,1160000.0,4,3,1,22,100.0,0,0,0,0,1,2,235000.0,31725.0,13.5,2700.0,0,0,188725.0,2800.0,6.9,Home,7480000.0,180,7.46,69171.0,109.5,116.4,1,25.0,0,764000.0,260000.0,Own,1,Single,Tier-3,1,0
APP100899,21,345000.0,28750.0,0.0,Salaried,Banking/Finance,0.0,Post-Graduate,645,1.0,3,2,0,0,0,None,0.0,2,1,1,10,100.0,1,0,0,0,1,5,115000.0,45195.0,39.3,600.0,0,0,216195.0,7700.0,34.6,Home,3360000.0,300,9.46,29263.0,101.8,136.4,1,27.1,0,107000.0,360000.0,Family,2,Married,Tier-1,0,-1
APP100900,42,211000.0,17583.0,28000.0,Salaried,Government,4.6,Graduate,699,6.9,4,0,0,0,0,None,0.0,0,0,0,-1,100.0,0,0,0,1,1,4,105000.0,24045.0,22.9,1600.0,0,1,110045.0,1500.0,15.4,Personal,50000.0,60,13.01,1138.0,6.5,21.8,0,0.0,0,58000.0,190000.0,Own,3,Married,Tier-1,1,0
APP100901,39,904000.0,75333.0,133000.0,Self-Employed,Manufacturing,6.0,Post-Graduate,600,1.3,5,2,1,0,0,Auto,2180000.0,1,1,0,52,78.8,2,2,0,0,1,2,240000.0,106080.0,44.2,3400.0,0,2,1570080.0,25200.0,40.5,Home,6800000.0,120,10.64,92290.0,122.5,163.0,1,19.7,0,306000.0,500000.0,Rent,1,Married,Tier-1,0,-1
APP100902,36,859000.0,71583.0,0.0,Salaried,IT,10.5,High School,665,13.2,5,1,2,0,0,Personal,2430000.0,3,2,1,40,93.7,2,0,0,1,1,1,235000.0,47705.0,20.3,5800.0,0,2,1674705.0,25500.0,39.0,Auto,1050000.0,84,10.06,17464.0,24.4,63.4,1,11.6,0,391000.0,1050000.0,Own,1,Divorced,Tier-3,0,-1
APP100903,55,431000.0,35917.0,0.0,Salaried,Construction,4.2,High School,707,4.3,6,2,2,1,0,Business,870000.0,3,3,0,32,100.0,0,0,0,0,1,2,100000.0,19200.0,19.2,1400.0,0,1,304200.0,4100.0,14.1,Auto,410000.0,60,10.05,8721.0,24.3,38.4,1,14.7,0,29000.0,390000.0,Own,3,Married,Tier-2,1,0
APP100904,31,839000.0,69917.0,0.0,Salaried,Government,4.2,Graduate,664,4.6,3,2,3,3,0,Education,720000.0,3,2,1,53,98.6,1,0,0,0,1,4,485000.0,242985.0,50.1,2100.0,0,0,673985.0,21700.0,48.4,Auto,780000.0,48,9.44,19574.0,28.0,76.4,1,27.5,0,871000.0,3340000.0,Rent,1,Married,Tier-1,0,-1
APP100905,61,1805000.0,150417.0,0.0,Salaried,Construction,5.6,Graduate,734,14.5,6,2,5,4,1,Business,2700000.0,7,4,3,29,100.0,0,0,0,0,1,1,390000.0,224250.0,57.5,7100.0,1,1,1956250.0,45900.0,38.0,Personal,1140000.0,60,12.53,25665.0,17.1,55.0,0,0.0,1,1229000.0,8000000.0,Rent,1,Married,Tier-2,1,0
APP100906,36,670000.0,55833.0,0.0,Salaried,Education,3.7,Graduate,696,12.1,8,0,1,1,0,Personal,300000.0,1,1,0,36,98.0,0,0,0,0,1,2,260000.0,154440.0,59.4,5200.0,0,1,561440.0,8400.0,28.9,Home,4090000.0,300,9.19,34857.0,62.4,91.3,1,17.0,0,151000.0,90000.0,Rent,0,Married,Tier-3,1,1
APP100907,24,279000.0,23250.0,0.0,Salaried,Government,1.5,Post-Graduate,610,4.0,5,3,1,0,0,Business,800000.0,2,1,1,25,91.1,0,1,0,1,1,2,85000.0,33490.0,39.4,1700.0,0,0,210490.0,4100.0,24.8,Home,2180000.0,180,10.29,23815.0,102.4,127.3,1,11.1,0,44000.0,280000.0,Rent,0,Single,Tier-1,0,-1
APP100908,39,350000.0,29167.0,0.0,Self-Employed,Other,2.0,High School,649,2.6,2,1,1,1,0,Education,790000.0,3,2,1,48,100.0,0,0,0,0,1,2,140000.0,55160.0,39.4,1200.0,0,0,153160.0,3700.0,22.1,Home,2610000.0,120,10.11,34651.0,118.8,140.9,1,16.6,0,34000.0,420000.0,Rent,0,Single,Tier-2,0,-1
APP100909,26,1143000.0,95250.0,91000.0,Salaried,Other,5.0,Post-Graduate,741,5.8,5,2,1,1,0,Gold,2820000.0,3,2,1,52,100.0,0,0,0,0,1,4,175000.0,58275.0,33.3,3200.0,1,0,1390275.0,21000.0,25.1,Auto,1510000.0,60,9.17,31470.0,33.0,58.1,1,18.7,0,564000.0,1670000.0,Own,1,Married,Tier-3,1,0
APP100910,30,297000.0,24750.0,62000.0,Salaried,Education,9.0,High School,620,6.6,12,2,2,2,0,Home,790000.0,2,1,1,38,92.2,2,0,0,1,1,2,160000.0,24640.0,15.4,900.0,0,1,555640.0,8900.0,40.9,Business,520000.0,84,14.26,9820.0,39.7,80.6,1,0.0,0,480000.0,340000.0,Rent,2,Single,Tier-1,0,-1
APP100911,42,1364000.0,113667.0,0.0,Self-Employed,IT,5.5,Post-Graduate,606,2.0,4,4,4,1,1,Education,1770000.0,4,3,1,32,92.5,0,1,0,0,1,1,450000.0,68850.0,15.3,10100.0,0,2,2790850.0,40600.0,38.7,Personal,300000.0,36,15.25,10436.0,9.2,47.9,0,0.0,0,41000.0,970000.0,Rent,3,Married,Tier-1,0,-1
APP100912,44,433000.0,36083.0,0.0,Salaried,Manufacturing,8.1,Graduate,689,1.4,1,0,1,1,0,Auto,640000.0,4,3,1,45,97.9,1,0,0,0,1,4,115000.0,37720.0,32.8,2500.0,0,3,455720.0,8700.0,29.3,Business,810000.0,84,12.26,14412.0,39.9,69.3,1,0.0,0,123000.0,1360000.0,Own,0,Married,Tier-1,1,0
APP100913,31,685000.0,57083.0,0.0,Salaried,Education,9.3,Post-Graduate,590,4.1,8,0,2,2,0,Business,1020000.0,3,3,0,38,88.8,2,1,0,0,1,2,200000.0,88800.0,44.4,4600.0,0,0,264800.0,8200.0,22.1,Education,740000.0,84,12.42,13230.0,23.2,45.3,0,0.0,0,43000.0,1580000.0,Family,2,Single,Tier-3,0,-1
APP100914,49,347000.0,28917.0,0.0,Salaried,IT,3.4,Graduate,657,8.4,8,2,2,2,0,Business,380000.0,2,2,0,11,88.3,0,0,1,0,1,1,205000.0,1230.0,0.6,2600.0,0,0,350230.0,8500.0,29.6,Personal,330000.0,60,13.19,7541.0,26.1,55.7,0,0.0,0,68000.0,1780000.0,Rent,1,Single,Tier-2,1,1
APP100915,51,453000.0,37750.0,0.0,Salaried,Banking/Finance,2.4,Graduate,728,0.2,2,0,0,0,0,None,0.0,1,0,1,30,98.2,1,0,0,0,0,0,0.0,0.0,0.0,0.0,0,0,28000.0,1500.0,4.0,Education,450000.0,120,9.5,5823.0,15.4,19.4,0,0.0,0,92000.0,340000.0,Rent,0,Single,Tier-1,1,0
APP100916,54,528000.0,44000.0,0.0,Salaried,Manufacturing,11.6,Graduate,738,4.9,7,2,1,0,0,Business,850000.0,1,1,0,43,97.6,0,0,0,1,0,0,0.0,0.0,0.0,0.0,0,0,129000.0,2200.0,5.0,Home,4590000.0,120,8.38,56615.0,128.7,133.7,1,22.7,0,552000.0,190000.0,Family,1,Married,Tier-1,0,-1
APP100917,44,60000.0,5000.0,0.0,Retired,None,0.0,High School,533,1.6,2,1,2,1,0,Personal,120000.0,3,3,0,10,94.0,0,1,0,0,0,0,0.0,0.0,0.0,0.0,0,0,63000.0,1400.0,28.0,Personal,30000.0,12,15.81,2719.0,54.4,82.4,1,0.0,0,21000.0,240000.0,Rent,1,Single,Tier-1,0,-1
APP100918,53,126000.0,10500.0,0.0,Retired,None,0.0,Graduate,592,8.9,3,5,5,3,1,Business,310000.0,5,5,0,27,94.5,1,0,0,0,0,0,0.0,0.0,0.0,0.0,0,0,79000.0,1600.0,15.2,Education,210000.0,84,11.9,3696.0,35.2,50.4,0,0.0,0,76000.0,220000.0,Own,1,Single,Tier-1,1,1
APP100919,21,203000.0,16917.0,22000.0,Salaried,Other,0.0,Graduate,692,1.0,2,2,1,1,0,Home,340000.0,6,5,1,59,100.0,0,0,0,0,0,0,0.0,0.0,0.0,0.0,0,0,5000.0,100.0,0.6,Home,1850000.0,180,8.87,18621.0,110.1,110.7,1,23.6,1,38000.0,150000.0,Rent,1,Married,Tier-1,1,0
APP100920,35,279000.0,23250.0,0.0,Salaried,Construction,10.9,High School,633,1.5,3,0,1,1,0,Gold,400000.0,1,1,0,15,90.5,1,1,0,0,0,0,0.0,0.0,0.0,0.0,0,0,138000.0,2100.0,9.0,Home,1800000.0,120,10.11,23897.0,102.8,111.8,1,24.3,0,106000.0,200000.0,Rent,2,Single,Tier-1,0,-1
APP100921,28,357000.0,29750.0,45000.0,Salaried,Healthcare,7.0,Post-Graduate,693,8.0,5,1,5,5,0,Education,530000.0,5,4,1,21,100.0,1,0,0,0,0,0,0.0,0.0,0.0,0.0,0,0,375000.0,5700.0,19.2,Debt Consolidation,210000.0,24,13.8,10063.0,33.8,53.0,0,0.0,0,127000.0,110000.0,Rent,0,Single,Tier-2,1,0
APP100922,39,782000.0,65167.0,0.0,Salaried,Healthcare,8.0,Graduate,686,5.9,4,3,2,2,0,Personal,430000.0,4,2,2,54,100.0,0,0,0,0,1,1,330000.0,208560.0,63.2,1500.0,1,2,394560.0,4000.0,22.1,Business,1080000.0,84,12.63,19431.0,29.8,52.0,0,0.0,0,1395000.0,850000.0,Family,1,Single,Tier-1,1,0
APP100923,32,730000.0,60833.0,67000.0,Salaried,Construction,2.6,Graduate,674,3.9,3,0,3,3,0,Auto,1790000.0,4,3,1,58,94.5,1,0,0,0,1,1,365000.0,178120.0,48.8,2600.0,0,1,291120.0,3400.0,20.2,Debt Consolidation,750000.0,24,14.53,36198.0,59.5,79.7,0,0.0,0,195000.0,700000.0,Own,0,Single,Tier-2,0,-1
APP100924,36,622000.0,51833.0,0.0,Salaried,Government,9.5,Graduate,763,16.0,8,1,1,0,0,Auto,1770000.0,2,2,0,21,97.7,2,0,0,0,0,0,0.0,0.0,0.0,0.0,0,0,474000.0,16100.0,31.1,Home,2950000.0,120,7.55,35094.0,67.7,98.8,1,11.5,0,230000.0,130000.0,Family,3,Married,Tier-2,1,0
APP100925,59,222000.0,18500.0,41000.0,Salaried,Education,7.5,Graduate,596,4.2,3,1,3,3,1,Gold,140000.0,5,2,3,28,91.3,0,0,1,0,0,0,0.0,0.0,0.0,0.0,0,0,87000.0,2100.0,11.4,Auto,170000.0,84,11.94,2996.0,16.2,27.5,1,10.2,1,188000.0,70000.0,Rent,1,Married,Tier-2,0,-1
APP100926,36,396000.0,33000.0,0.0,Salaried,Other,2.9,Graduate,627,3.0,5,2,1,1,0,Auto,730000.0,1,1,0,25,98.2,0,1,0,0,1,2,125000.0,63750.0,51.0,900.0,0,0,195750.0,4000.0,21.8,Personal,350000.0,60,14.9,8308.0,25.2,47.0,0,0.0,0,64000.0,430000.0,Own,1,Married,Tier-3,1,0
APP100927,43,209000.0,17417.0,0.0,Salaried,IT,6.4,Graduate,499,7.2,9,3,3,2,1,Personal,250000.0,3,3,0,11,84.5,1,0,1,0,1,1,100000.0,38300.0,38.3,2800.0,1,3,88300.0,1000.0,16.7,Auto,210000.0,60,13.6,4843.0,27.8,44.5,1,26.4,0,16000.0,550000.0,Own,2,Married,Tier-2,0,-1
APP100928,35,381000.0,31750.0,0.0,Salaried,Manufacturing,2.1,Graduate,684,13.7,6,2,3,2,0,Auto,980000.0,3,1,2,50,96.7,2,0,0,0,0,0,0.0,0.0,0.0,0.0,0,0,444000.0,14800.0,46.6,Home,3090000.0,300,8.92,25762.0,81.1,127.8,1,12.3,0,79000.0,80000.0,Family,2,Single,Tier-3,0,-1
APP100929,39,920000.0,76667.0,0.0,Business Owner,Education,4.9,Graduate,716,0.3,1,3,1,1,0,Auto,1650000.0,1,1,0,48,100.0,0,0,0,0,0,0,0.0,0.0,0.0,0.0,0,0,938000.0,37100.0,48.4,Personal,670000.0,36,12.61,22449.0,29.3,77.7,0,0.0,0,491000.0,650000.0,Rent,2,Married,Tier-1,0,-1
APP100930,38,867000.0,72250.0,0.0,Salaried,IT,17.0,Graduate,667,10.4,7,1,1,1,0,Gold,1980000.0,1,1,0,57,89.7,4,0,0,0,0,0,0.0,0.0,0.0,0.0,0,0,527000.0,8900.0,12.3,Home,3700000.0,240,9.43,34320.0,47.5,59.8,1,25.9,1,192000.0,1870000.0,Own,1,Single,Tier-1,1,1
APP100931,43,458000.0,38167.0,0.0,Contract,Other,2.5,Graduate,562,7.5,5,1,2,1,0,Home,1170000.0,3,3,0,37,90.1,0,0,1,1,1,1,260000.0,62140.0,23.9,8300.0,0,0,1163140.0,18500.0,56.6,Auto,330000.0,36,12.15,10984.0,28.8,85.4,1,15.4,1,158000.0,3420000.0,Family,1,Married,Tier-3,0,-1
APP100932,51,1022000.0,85167.0,254000.0,Salaried,Education,1.5,Post-Graduate,761,12.3,6,2,1,1,0,Gold,1360000.0,1,1,0,15,100.0,0,0,0,0,1,2,600000.0,143400.0,23.9,17400.0,1,0,409400.0,4100.0,13.2,Education,640000.0,120,8.74,8017.0,9.4,22.6,1,0.0,0,188000.0,1370000.0,Rent,2,Married,Tier-2,1,0
APP100933,56,523000.0,43583.0,22000.0,Self-Employed,Healthcare,2.0,Graduate,654,10.8,11,1,1,0,0,Auto,640000.0,2,0,2,37,92.9,2,0,0,1,1,1,85000.0,21165.0,24.9,500.0,0,0,72165.0,1200.0,5.2,Debt Consolidation,450000.0,36,14.47,15483.0,35.5,40.7,0,0.0,0,137000.0,510000.0,Rent,0,Single,Tier-1,1,1
APP100934,41,472000.0,39333.0,0.0,Salaried,Healthcare,4.9,Post-Graduate,703,6.5,2,2,3,2,0,Education,990000.0,4,4,0,13,100.0,0,0,0,0,1,3,80000.0,16480.0,20.6,1200.0,0,0,320480.0,13300.0,35.9,Personal,380000.0,36,13.37,12872.0,32.7,68.6,0,0.0,0,47000.0,1270000.0,Family,4,Married,Tier-2,1,0
APP100935,44,733000.0,61083.0,0.0,Salaried,IT,8.8,Graduate,634,7.3,4,2,5,4,0,Business,850000.0,5,5,0,8,100.0,1,0,0,0,1,2,435000.0,174000.0,40.0,2400.0,0,1,1877000.0,27500.0,59.3,Debt Consolidation,600000.0,24,14.94,29075.0,47.6,106.9,0,0.0,0,414000.0,690000.0,Own,2,Married,Tier-3,0,-1
APP100936,25,699000.0,58250.0,0.0,Salaried,Education,4.0,Graduate,714,5.0,4,4,1,1,0,Auto,1450000.0,2,1,1,45,100.0,0,0,0,0,0,0,0.0,0.0,0.0,0.0,0,0,255000.0,7400.0,12.7,Personal,190000.0,12,13.18,16986.0,29.2,41.9,0,0.0,0,386000.0,190000.0,Own,1,Married,Tier-2,1,0
APP100937,37,308000.0,25667.0,46000.0,Salaried,Other,1.7,Graduate,723,12.6,5,1,2,0,0,Education,620000.0,3,2,1,47,100.0,1,0,0,0,1,2,85000.0,21590.0,25.4,500.0,1,0,159590.0,3100.0,16.3,Personal,250000.0,24,12.64,11843.0,46.1,62.4,0,0.0,0,382000.0,310000.0,Rent,2,Divorced,Tier-1,1,0
APP100938,48,766000.0,63833.0,0.0,Self-Employed,IT,8.7,Post-Graduate,743,2.6,2,1,1,0,0,Personal,2290000.0,2,1,1,43,100.0,0,0,0,0,0,0,0.0,0.0,0.0,0.0,0,0,144000.0,4700.0,7.4,Auto,510000.0,84,8.51,8079.0,12.7,20.0,1,24.1,0,88000.0,2340000.0,Family,0,Married,Tier-3,1,0
APP100939,48,345000.0,28750.0,0.0,Salaried,Manufacturing,0.9,Graduate,583,5.1,2,3,0,0,0,None,0.0,0,0,0,-1,95.4,1,1,0,0,1,3,120000.0,25920.0,21.6,1900.0,0,0,364920.0,6800.0,28.2,Business,1140000.0,36,14.98,39507.0,137.4,165.6,0,0.0,1,625000.0,1210000.0,Family,1,Single,Tier-2,0,-1
APP100940,40,136000.0,11333.0,0.0,Salaried,Education,1.9,Graduate,527,8.4,7,2,1,1,1,Home,280000.0,1,1,0,13,94.1,0,0,1,2,1,2,25000.0,9650.0,38.6,100.0,1,2,374650.0,5400.0,51.9,Home,1310000.0,120,11.93,18742.0,165.4,217.3,1,23.2,0,28000.0,80000.0,Own,1,Married,Tier-1,0,-1
APP100941,48,255000.0,21250.0,52000.0,Retired,None,0.0,Post-Graduate,606,9.1,7,1,3,1,0,Personal,440000.0,3,2,1,56,85.5,3,0,0,0,0,0,0.0,0.0,0.0,0.0,0,0,176000.0,3900.0,18.4,Business,500000.0,60,14.55,11777.0,55.4,73.8,0,0.0,1,12000.0,40000.0,Own,0,Single,Tier-3,1,0
APP100942,43,230000.0,19167.0,0.0,Salaried,Education,11.4,Graduate,580,9.1,4,5,3,2,0,Auto,280000.0,5,4,1,53,99.0,0,0,0,0,1,1,70000.0,24430.0,34.9,1200.0,0,1,515430.0,8100.0,48.6,Home,1010000.0,240,11.03,10446.0,54.5,103.1,1,19.7,0,191000.0,240000.0,Own,2,Single,Tier-1,0,-1
APP100943,51,574000.0,47833.0,0.0,Self-Employed,Government,5.9,Graduate,511,6.9,8,2,2,2,0,Auto,1320000.0,4,2,2,23,85.0,1,1,1,0,1,2,230000.0,104420.0,45.4,3600.0,0,1,444420.0,8800.0,29.3,Home,4280000.0,300,12.67,47211.0,98.7,128.0,1,23.1,1,480000.0,1090000.0,Family,1,Single,Tier-2,0,-1
APP100944,41,207000.0,17250.0,0.0,Self-Employed,Other,6.1,Graduate,619,9.2,7,2,2,2,0,Gold,450000.0,4,2,2,5,100.0,0,0,0,3,1,3,110000.0,45210.0,41.1,3200.0,0,0,749210.0,11600.0,80.4,Auto,170000.0,48,11.31,4419.0,25.6,106.0,1,25.8,0,41000.0,770000.0,Family,1,Married,Tier-3,0,-1
APP100945,34,276000.0,23000.0,57000.0,Salaried,Education,1.7,Graduate,615,7.3,3,2,2,1,0,Auto,300000.0,3,3,0,53,96.9,1,0,0,0,1,2,150000.0,92700.0,61.8,1700.0,1,2,121700.0,900.0,24.1,Auto,330000.0,36,11.28,10848.0,47.2,71.2,1,19.1,0,32000.0,2130000.0,Family,1,Married,Tier-1,0,-1
APP100946,42,417000.0,34750.0,0.0,Salaried,Government,3.8,Post-Graduate,743,14.6,7,0,9,4,0,Business,1170000.0,9,6,3,37,100.0,1,0,0,0,0,0,0.0,0.0,0.0,0.0,0,0,522000.0,16800.0,48.3,Business,1480000.0,84,11.8,25968.0,74.7,123.1,0,0.0,0,11000.0,3070000.0,Rent,1,Divorced,Tier-2,0,-1
APP100947,21,775000.0,64583.0,0.0,Salaried,Healthcare,0.0,Graduate,712,1.0,1,2,0,0,0,None,0.0,0,0,0,-1,97.9,0,1,0,0,0,0,0.0,0.0,0.0,0.0,0,0,571000.0,14200.0,22.0,Auto,570000.0,60,9.82,12060.0,18.7,40.7,1,19.8,0,66000.0,1080000.0,Rent,1,Single,Tier-2,1,0
APP100948,42,372000.0,31000.0,0.0,Business Owner,Banking/Finance,7.2,High School,633,9.1,8,1,5,5,1,Business,610000.0,5,4,1,42,96.0,1,0,0,0,1,2,80000.0,25120.0,31.4,1200.0,0,1,345120.0,6400.0,24.7,Home,2000000.0,240,9.97,19261.0,62.1,86.8,1,29.0,1,51000.0,700000.0,Own,0,Married,Tier-2,0,-1
APP100949,21,166000.0,13833.0,0.0,Salaried,IT,0.0,High School,618,1.0,3,0,1,1,0,Auto,390000.0,3,3,0,53,100.0,0,0,0,0,1,3,40000.0,24680.0,61.7,800.0,0,1,66680.0,1000.0,16.1,Education,270000.0,120,11.27,3761.0,27.2,43.3,0,0.0,0,96000.0,60000.0,Rent,2,Married,Tier-1,1,0
APP100950,21,734000.0,61167.0,0.0,Salaried,IT,0.0,Doctorate,759,1.0,4,0,2,2,0,Education,1930000.0,3,2,1,43,99.0,0,0,0,0,0,0,0.0,0.0,0.0,0.0,0,0,447000.0,13800.0,22.6,Auto,910000.0,84,8.8,14549.0,23.8,46.3,1,23.9,0,286000.0,3130000.0,Own,1,Married,Tier-3,1,0
APP100951,43,411000.0,34250.0,95000.0,Salaried,Construction,10.4,Graduate,747,15.3,6,1,4,3,0,Home,730000.0,5,3,2,56,97.1,0,0,0,1,0,0,0.0,0.0,0.0,0.0,0,0,733000.0,16600.0,48.5,Personal,120000.0,36,12.93,4039.0,11.8,60.3,0,0.0,0,142000.0,2040000.0,Own,1,Married,Tier-1,1,0
APP100952,43,93000.0,7750.0,0.0,Unemployed,None,0.0,Graduate,660,15.1,9,1,5,2,0,Auto,110000.0,5,3,2,17,100.0,0,0,0,0,0,0,0.0,0.0,0.0,0.0,0,0,77000.0,1900.0,24.5,Auto,60000.0,48,10.05,1523.0,19.7,44.2,1,22.0,1,18000.0,20000.0,Rent,0,Single,Tier-1,1,0
APP100953,25,258000.0,21500.0,0.0,Contract,Retail,4.0,Post-Graduate,697,5.0,4,1,1,1,0,Personal,650000.0,1,1,0,5,98.2,0,0,0,0,0,0,0.0,0.0,0.0,0.0,0,0,315000.0,7500.0,34.9,Home,2020000.0,300,8.83,16717.0,77.8,112.6,1,12.6,0,74000.0,520000.0,Rent,1,Single,Tier-2,0,-1
APP100954,30,180000.0,15000.0,0.0,Retired,None,0.0,Graduate,661,3.3,7,3,1,1,0,Personal,160000.0,1,1,0,5,94.6,1,0,0,1,0,0,0.0,0.0,0.0,0.0,0,0,277000.0,4600.0,30.7,Home,1170000.0,180,9.62,12302.0,82.0,112.7,1,19.1,0,101000.0,330000.0,Rent,1,Married,Tier-1,1,0
APP100955,53,2179000.0,181583.0,0.0,Self-Employed,Government,1.2,Post-Graduate,686,3.1,3,0,3,1,0,Education,2370000.0,4,2,2,34,89.3,1,1,0,1,1,2,350000.0,107450.0,30.7,8400.0,1,0,7694450.0,116600.0,67.2,Debt Consolidation,1010000.0,36,13.84,34441.0,19.0,86.1,0,0.0,0,1082000.0,11870000.0,Rent,5,Single,Tier-3,0,-1
APP100956,33,485000.0,40417.0,0.0,Self-Employed,IT,0.3,Post-Graduate,654,1.5,4,2,2,1,0,Auto,350000.0,2,2,0,18,100.0,0,0,0,0,1,4,130000.0,20930.0,16.1,2800.0,0,0,184930.0,8000.0,22.4,Debt Consolidation,290000.0,24,14.73,14024.0,34.7,57.1,0,0.0,0,189000.0,840000.0,Rent,0,Single,Tier-3,1,0
APP100957,63,557000.0,46417.0,0.0,Salaried,Construction,17.0,Graduate,654,13.4,9,2,6,5,2,Home,1060000.0,6,3,3,6,100.0,0,0,0,0,1,1,200000.0,23200.0,11.6,6200.0,0,2,1023200.0,16000.0,37.0,Personal,520000.0,36,14.26,17838.0,38.4,75.4,0,0.0,0,412000.0,940000.0,Family,0,Married,Tier-2,0,-1
APP100958,38,60000.0,5000.0,4000.0,Unemployed,None,0.0,Post-Graduate,530,2.1,6,1,1,1,0,Education,100000.0,2,1,1,53,100.0,0,0,0,0,1,4,25000.0,13825.0,55.3,800.0,0,2,136825.0,2600.0,65.8,Home,540000.0,240,12.26,6044.0,120.9,186.7,1,12.6,0,6000.0,140000.0,Family,2,Single,Tier-1,0,-1
APP100959,42,350000.0,29167.0,0.0,Self-Employed,IT,1.1,Post-Graduate,645,3.9,7,0,3,2,0,Business,290000.0,4,4,0,49,98.3,0,0,0,1,1,2,150000.0,110550.0,73.7,4300.0,1,1,209550.0,3000.0,29.2,Auto,400000.0,36,10.2,12944.0,44.4,73.6,1,29.2,1,39000.0,290000.0,Rent,1,Married,Tier-3,1,0
APP100960,56,561000.0,46750.0,0.0,Salaried,Banking/Finance,5.9,Graduate,635,3.3,5,0,2,2,0,Home,730000.0,4,4,0,10,85.0,1,0,1,0,1,4,185000.0,64380.0,34.8,5800.0,0,0,1215380.0,17700.0,44.7,Business,1300000.0,36,14.58,44798.0,95.8,140.6,0,0.0,0,349000.0,260000.0,Rent,1,Single,Tier-2,0,-1
APP100961,39,283000.0,23583.0,0.0,Self-Employed,Construction,1.9,High School,628,3.0,5,1,0,0,0,None,0.0,2,1,1,52,97.2,0,0,0,1,1,1,115000.0,29095.0,25.3,900.0,0,1,530095.0,16500.0,76.1,Home,2510000.0,120,10.46,33812.0,143.4,219.5,1,19.1,0,53000.0,300000.0,Rent,0,Married,Tier-3,0,-1
APP100962,27,802000.0,66833.0,0.0,Self-Employed,Other,2.6,Post-Graduate,704,0.8,4,1,3,2,0,Gold,1160000.0,3,2,1,41,100.0,1,0,0,0,0,0,0.0,0.0,0.0,0.0,0,0,13000.0,300.0,0.4,Business,2710000.0,60,14.07,63155.0,94.5,94.9,0,0.0,1,183000.0,660000.0,Own,1,Married,Tier-3,0,-1
APP100963,37,594000.0,49500.0,0.0,Salaried,Government,11.6,Graduate,641,3.6,1,1,1,0,0,Business,1330000.0,1,1,0,16,99.2,0,0,0,0,1,3,285000.0,174705.0,61.3,3500.0,0,2,1083705.0,13900.0,45.7,Personal,420000.0,24,14.43,20251.0,40.9,86.6,0,0.0,0,89000.0,810000.0,Rent,1,Single,Tier-2,1,0
APP100964,38,204000.0,17000.0,29000.0,Salaried,Manufacturing,3.6,Graduate,625,5.8,5,1,2,1,0,Business,530000.0,4,4,0,46,100.0,0,0,0,3,1,3,85000.0,49300.0,58.0,2300.0,0,4,117300.0,3400.0,34.5,Business,580000.0,36,14.39,19933.0,117.3,151.8,0,0.0,0,36000.0,4970000.0,Rent,0,Married,Tier-2,0,-1
APP100965,23,721000.0,60083.0,69000.0,Salaried,Other,2.0,Graduate,693,1.8,2,2,0,0,0,None,0.0,2,1,1,25,93.0,1,0,0,1,0,0,0.0,0.0,0.0,0.0,0,0,789000.0,14400.0,24.0,Home,5870000.0,180,8.77,58737.0,97.8,121.7,1,25.1,0,118000.0,1810000.0,Family,2,Single,Tier-3,0,-1
APP100966,35,221000.0,18417.0,0.0,Contract,Healthcare,1.9,Post-Graduate,747,2.7,4,0,0,0,0,None,0.0,0,0,0,-1,100.0,0,0,0,0,0,0,0.0,0.0,0.0,0.0,0,0,221000.0,6500.0,35.3,Business,660000.0,84,12.29,11753.0,63.8,99.1,0,0.0,1,270000.0,140000.0,Family,1,Single,Tier-2,1,1
APP100967,30,350000.0,29167.0,32000.0,Salaried,Healthcare,4.3,Post-Graduate,711,10.0,12,0,7,3,0,Home,470000.0,7,5,2,14,100.0,0,0,0,0,1,1,205000.0,28700.0,14.0,3400.0,0,0,484700.0,12100.0,46.4,Personal,240000.0,36,13.32,8124.0,27.9,74.3,0,0.0,0,114000.0,250000.0,Rent,0,Married,Tier-1,1,0
APP100968,48,528000.0,44000.0,69000.0,Contract,Government,6.3,Post-Graduate,648,2.3,3,6,1,1,0,Home,1220000.0,1,1,0,18,93.7,1,0,0,0,0,0,0.0,0.0,0.0,0.0,0,0,157000.0,3600.0,8.2,Home,3860000.0,180,9.21,39634.0,90.1,98.3,1,22.1,0,214000.0,2770000.0,Own,1,Married,Tier-1,0,-1
APP100969,38,999000.0,83250.0,81000.0,Salaried,Healthcare,3.6,Graduate,765,4.7,8,1,0,0,0,None,0.0,0,0,0,-1,100.0,0,0,0,1,0,0,0.0,0.0,0.0,0.0,0,0,497000.0,10300.0,12.4,Auto,1110000.0,36,8.36,34968.0,42.0,54.4,1,17.7,0,76000.0,1270000.0,Rent,2,Single,Tier-2,1,0
APP100970,35,627000.0,52250.0,90000.0,Business Owner,Retail,14.0,Doctorate,700,4.9,4,2,3,2,0,Business,740000.0,3,2,1,8,100.0,0,0,0,3,1,2,315000.0,74340.0,23.6,1700.0,0,1,508340.0,15000.0,35.8,Auto,550000.0,60,9.96,11675.0,22.3,58.2,1,20.3,1,89000.0,2250000.0,Own,0,Married,Tier-2,1,0
APP100971,37,449000.0,37417.0,0.0,Salaried,Education,2.3,Graduate,707,2.7,3,1,4,4,0,Business,730000.0,6,5,1,16,95.7,1,0,0,0,0,0,0.0,0.0,0.0,0.0,0,0,333000.0,6300.0,16.8,Education,790000.0,60,10.6,17019.0,45.5,62.3,0,0.0,0,64000.0,190000.0,Own,1,Single,Tier-2,1,1
APP100972,40,174000.0,14500.0,16000.0,Retired,None,0.0,Graduate,607,9.8,11,0,1,1,0,Auto,160000.0,3,2,1,6,97.0,0,1,0,2,0,0,0.0,0.0,0.0,0.0,0,0,108000.0,3200.0,22.1,Home,780000.0,300,10.65,7448.0,51.4,73.4,1,26.1,0,75000.0,180000.0,Rent,1,Single,Tier-3,0,-1
APP100973,45,610000.0,50833.0,0.0,Salaried,Other,4.1,Graduate,674,11.8,7,1,2,1,0,Business,380000.0,3,3,0,5,100.0,1,0,0,0,1,4,250000.0,117750.0,47.1,3800.0,0,0,525750.0,13100.0,37.4,Home,4860000.0,120,9.51,62914.0,123.8,161.1,1,12.6,0,90000.0,610000.0,Own,3,Single,Tier-1,0,-1
APP100974,27,837000.0,69750.0,0.0,Salaried,Banking/Finance,6.0,Graduate,733,1.4,2,0,3,3,0,Home,990000.0,4,2,2,22,100.0,0,0,0,0,1,2,355000.0,117150.0,33.0,5800.0,0,1,278150.0,3300.0,13.1,Home,7140000.0,180,8.38,69809.0,100.1,113.2,1,28.9,1,383000.0,2900000.0,Own,2,Single,Tier-2,0,-1
APP100975,27,349000.0,29083.0,42000.0,Salaried,Other,6.0,Graduate,701,3.3,8,0,3,1,0,Gold,200000.0,5,5,0,24,100.0,0,0,0,1,0,0,0.0,0.0,0.0,0.0,0,0,324000.0,9100.0,31.3,Personal,110000.0,12,14.02,9878.0,34.0,65.3,0,0.0,0,23000.0,590000.0,Rent,1,Single,Tier-3,1,0
APP100976,50,735000.0,61250.0,87000.0,Salaried,Healthcare,3.5,Graduate,749,2.5,5,0,1,1,0,Education,920000.0,1,1,0,12,100.0,0,0,0,0,0,0,0.0,0.0,0.0,0.0,0,0,143000.0,4200.0,6.9,Debt Consolidation,260000.0,36,13.37,8807.0,14.4,21.2,0,0.0,0,85000.0,1530000.0,Rent,1,Married,Tier-2,1,0
APP100977,33,876000.0,73000.0,0.0,Salaried,Manufacturing,3.5,Graduate,698,3.9,5,2,1,0,0,Business,1100000.0,1,0,1,25,92.4,0,0,1,0,0,0,0.0,0.0,0.0,0.0,0,0,391000.0,8900.0,12.2,Debt Consolidation,330000.0,24,13.59,15780.0,21.6,33.8,0,0.0,0,64000.0,2350000.0,Rent,0,Divorced,Tier-3,1,0
APP100978,22,2032000.0,169333.0,0.0,Business Owner,Healthcare,1.0,Post-Graduate,735,2.0,3,2,0,0,0,None,0.0,2,1,1,39,98.0,1,0,0,0,1,5,750000.0,213750.0,28.5,8800.0,0,0,3565750.0,49400.0,35.5,Personal,1410000.0,12,12.91,125878.0,74.3,109.8,0,0.0,0,572000.0,2530000.0,Rent,0,Single,Tier-2,0,-1
APP100979,43,158000.0,13167.0,0.0,Retired,None,0.0,High School,577,0.9,1,2,4,3,1,Auto,450000.0,4,3,1,35,100.0,0,0,0,2,0,0,0.0,0.0,0.0,0.0,0,0,285000.0,5000.0,38.0,Education,100000.0,84,12.43,1788.0,13.6,51.6,0,0.0,0,18000.0,390000.0,Rent,0,Married,Tier-3,0,-1
APP100980,43,643000.0,53583.0,0.0,Self-Employed,IT,4.7,Post-Graduate,698,4.9,5,1,1,1,0,Education,500000.0,3,3,0,37,98.6,1,0,0,0,0,0,0.0,0.0,0.0,0.0,0,0,165000.0,6800.0,12.7,Business,1160000.0,84,12.32,20676.0,38.6,51.3,0,0.0,0,155000.0,810000.0,Rent,1,Married,Tier-1,1,0
APP100981,21,339000.0,28250.0,0.0,Self-Employed,Banking/Finance,0.0,Graduate,625,1.0,3,5,1,1,0,Personal,520000.0,1,1,0,19,100.0,0,0,0,0,1,4,145000.0,23055.0,15.9,2100.0,0,0,487055.0,11300.0,44.1,Debt Consolidation,160000.0,24,15.08,7764.0,27.5,71.6,0,0.0,0,26000.0,1990000.0,Family,1,Single,Tier-3,0,-1
APP100982,41,200000.0,16667.0,10000.0,Salaried,Retail,7.5,Graduate,723,11.0,8,0,2,2,0,Home,230000.0,2,2,0,30,95.7,1,0,0,1,0,0,0.0,0.0,0.0,0.0,0,0,221000.0,4200.0,25.2,Business,450000.0,84,12.12,7973.0,47.8,73.0,0,0.0,0,14000.0,140000.0,Rent,0,Divorced,Tier-1,1,0
APP100983,46,309000.0,25750.0,41000.0,Contract,Government,3.9,Graduate,646,5.7,6,0,1,0,0,Business,320000.0,1,1,0,46,100.0,1,0,0,0,1,2,100000.0,40500.0,40.5,2900.0,1,2,276500.0,4900.0,26.9,Business,1130000.0,36,13.19,38178.0,148.3,175.2,0,0.0,0,47000.0,210000.0,Own,2,Married,Tier-2,0,-1
APP100984,42,439000.0,36583.0,0.0,Contract,Other,14.2,Graduate,665,1.0,4,2,3,3,0,Business,460000.0,4,4,0,34,100.0,0,0,0,1,1,2,200000.0,89200.0,44.6,5300.0,1,2,350200.0,6300.0,29.4,Business,770000.0,84,12.98,13999.0,38.3,67.7,0,0.0,0,524000.0,430000.0,Family,2,Married,Tier-1,0,-1
APP100985,45,493000.0,41083.0,101000.0,Salaried,Construction,3.1,Post-Graduate,744,8.9,7,0,3,2,0,Business,1410000.0,3,3,0,56,100.0,0,0,0,1,1,2,285000.0,71250.0,25.0,1800.0,0,1,851250.0,11200.0,35.9,Auto,550000.0,36,9.13,17523.0,42.7,78.6,1,27.4,0,38000.0,240000.0,Own,2,Married,Tier-2,1,0
APP100986,23,853000.0,71083.0,0.0,Salaried,Other,1.5,Doctorate,737,3.0,6,1,2,2,0,Personal,1750000.0,2,2,0,19,96.7,0,0,0,0,0,0,0.0,0.0,0.0,0.0,0,0,225000.0,3400.0,4.8,Personal,570000.0,36,12.7,19123.0,26.9,31.7,0,0.0,1,197000.0,320000.0,Own,0,Married,Tier-1,1,0
APP100987,42,197000.0,16417.0,22000.0,Salaried,Construction,6.5,Graduate,649,10.4,4,1,2,0,0,Auto,530000.0,2,2,0,5,98.5,1,0,0,2,1,1,95000.0,28690.0,30.2,2300.0,1,1,59690.0,900.0,14.2,Business,330000.0,60,13.64,7617.0,46.4,60.6,0,0.0,0,83000.0,220000.0,Own,1,Single,Tier-1,1,1
APP100988,35,359000.0,29917.0,0.0,Contract,Government,11.0,Graduate,647,9.3,7,2,2,2,0,Gold,480000.0,3,3,0,47,93.4,0,1,0,0,1,2,120000.0,31200.0,26.0,1100.0,0,0,212200.0,4100.0,18.9,Business,940000.0,84,13.79,17507.0,58.5,77.4,0,0.0,0,119000.0,2560000.0,Own,2,Single,Tier-2,0,-1
APP100989,33,360000.0,30000.0,0.0,Retired,None,0.0,High School,652,3.9,5,1,0,0,0,None,0.0,2,2,0,7,100.0,0,0,0,1,1,4,115000.0,80615.0,70.1,2100.0,1,4,202615.0,3000.0,23.4,Personal,280000.0,24,13.89,13429.0,44.8,68.2,0,0.0,0,50000.0,680000.0,Rent,3,Divorced,Tier-1,0,-1
APP100990,48,1333000.0,111083.0,0.0,Business Owner,Other,1.8,Post-Graduate,764,4.6,7,1,2,2,0,Personal,3070000.0,2,2,0,11,100.0,0,0,0,1,0,0,0.0,0.0,0.0,0.0,0,0,1626000.0,33400.0,30.1,Education,680000.0,120,9.27,8714.0,7.8,37.9,0,0.0,0,152000.0,2210000.0,Own,0,Married,Tier-3,1,0
APP100991,54,460000.0,38333.0,0.0,Salaried,Other,6.1,High School,736,2.6,3,2,1,0,0,Business,510000.0,1,1,0,54,100.0,0,0,0,1,0,0,0.0,0.0,0.0,0.0,0,0,74000.0,3800.0,9.9,Education,230000.0,60,9.53,4834.0,12.6,22.5,0,0.0,0,136000.0,450000.0,Own,3,Single,Tier-1,1,0
APP100992,58,751000.0,62583.0,43000.0,Self-Employed,Retail,6.7,Post-Graduate,656,1.1,7,4,1,1,1,Home,960000.0,3,3,0,43,100.0,0,0,0,0,1,1,220000.0,58300.0,26.5,4500.0,1,1,189300.0,4700.0,12.2,Personal,360000.0,24,13.77,17246.0,27.6,39.7,1,0.0,0,582000.0,3930000.0,Rent,1,Single,Tier-2,0,-1
APP100993,52,544000.0,45333.0,0.0,Salaried,Banking/Finance,7.2,Doctorate,700,4.9,4,3,4,3,0,Home,1520000.0,4,4,0,45,100.0,0,0,0,2,0,0,0.0,0.0,0.0,0.0,0,0,635000.0,15800.0,34.9,Business,1440000.0,36,12.4,48104.0,106.1,141.0,1,0.0,0,108000.0,210000.0,Rent,2,Single,Tier-3,0,-1
APP100994,37,106000.0,8833.0,0.0,Contract,IT,6.2,High School,712,8.0,7,0,3,2,0,Home,280000.0,3,3,0,7,100.0,0,0,0,1,0,0,0.0,0.0,0.0,0.0,0,0,60000.0,1100.0,12.5,Home,600000.0,240,9.25,5495.0,62.2,74.7,1,16.8,0,41000.0,40000.0,Rent,0,Single,Tier-1,1,0
APP100995,42,607000.0,50583.0,61000.0,Salaried,Retail,12.0,Graduate,724,5.3,4,2,2,2,0,Personal,460000.0,2,2,0,33,100.0,0,0,0,1,0,0,0.0,0.0,0.0,0.0,0,0,281000.0,12100.0,23.9,Home,4380000.0,120,8.62,54587.0,107.9,131.8,1,13.3,0,169000.0,790000.0,Family,5,Single,Tier-1,0,-1
APP100996,46,161000.0,13417.0,0.0,Business Owner,Education,2.2,Graduate,605,4.5,8,1,1,1,0,Gold,220000.0,5,5,0,20,100.0,0,0,0,2,1,5,50000.0,7000.0,14.0,1300.0,0,1,24000.0,400.0,5.6,Personal,130000.0,12,14.98,11732.0,87.4,93.0,0,0.0,0,191000.0,340000.0,Own,0,Single,Tier-2,0,-1
APP100997,39,60000.0,5000.0,0.0,Unemployed,None,0.0,Graduate,571,7.3,3,2,4,2,0,Home,90000.0,5,5,0,6,100.0,0,0,0,0,0,0,0.0,0.0,0.0,0.0,0,0,190000.0,3500.0,70.0,Debt Consolidation,40000.0,60,16.4,981.0,19.6,89.6,0,0.0,0,7000.0,30000.0,Own,5,Married,Tier-1,0,-1
APP100998,39,304000.0,25333.0,0.0,Salaried,Other,0.9,High School,595,4.4,3,1,2,2,0,Home,620000.0,3,1,2,10,85.4,0,1,1,0,1,5,130000.0,62530.0,48.1,700.0,1,1,102530.0,1000.0,16.3,Personal,290000.0,12,14.93,26165.0,103.3,119.6,0,0.0,1,230000.0,250000.0,Rent,0,Single,Tier-2,0,-1
APP100999,47,402000.0,33500.0,0.0,Salaried,Retail,1.8,Post-Graduate,686,5.7,2,2,2,2,0,Business,180000.0,3,3,0,32,100.0,0,0,0,0,0,0,0.0,0.0,0.0,0.0,0,0,437000.0,6700.0,20.0,Personal,340000.0,36,13.58,11551.0,34.5,54.5,1,0.0,0,44000.0,540000.0,Rent,4,Single,Tier-1,1,0
APP101000,37,1250000.0,104167.0,0.0,Self-Employed,Education,9.8,High School,608,3.8,5,0,3,1,0,Gold,1640000.0,4,3,1,27,89.7,1,1,0,0,1,3,255000.0,144075.0,56.5,4000.0,1,3,4007075.0,58700.0,63.3,Education,660000.0,120,11.91,9435.0,9.1,72.3,0,0.0,1,271000.0,7950000.0,Rent,1,Divorced,Tier-1,1,0
APP101001,30,1453000.0,121083.0,0.0,Salaried,Government,4.3,Post-Graduate,754,4.8,6,1,2,0,0,Auto,740000.0,2,2,0,24,94.6,1,0,0,0,0,0,0.0,0.0,0.0,0.0,0,0,2342000.0,38600.0,31.9,Debt Consolidation,490000.0,36,13.21,16560.0,13.7,45.6,0,0.0,0,1111000.0,370000.0,Own,1,Married,Tier-1,1,0
APP101002,33,834000.0,69500.0,91000.0,Salaried,Other,12.0,Graduate,620,1.7,7,1,1,0,0,Home,1690000.0,1,1,0,35,100.0,1,0,0,1,1,1,440000.0,207240.0,47.1,14200.0,1,1,911240.0,21700.0,46.1,Personal,300000.0,36,14.18,10280.0,14.8,60.9,0,0.0,0,540000.0,2010000.0,Own,1,Married,Tier-3,0,-1
APP101003,45,248000.0,20667.0,0.0,Salaried,Education,2.0,Graduate,769,2.9,5,1,2,1,0,Home,610000.0,6,5,1,49,100.0,0,0,0,0,0,0,0.0,0.0,0.0,0.0,0,0,194000.0,3000.0,14.5,Auto,360000.0,36,8.89,11429.0,55.3,69.8,1,19.9,0,23000.0,830000.0,Rent,1,Married,Tier-1,0,-1
APP101004,38,1757000.0,146417.0,333000.0,Salaried,Education,14.7,Post-Graduate,718,14.9,9,1,5,5,0,Personal,3280000.0,5,5,0,43,94.4,0,1,0,1,1,4,895000.0,351735.0,39.3,4300.0,0,2,925735.0,17200.0,23.8,Debt Consolidation,580000.0,24,13.38,27678.0,18.9,42.7,0,0.0,0,525000.0,16080000.0,Rent,0,Divorced,Tier-1,1,0
APP101005,42,804000.0,67000.0,0.0,Self-Employed,IT,2.6,Post-Graduate,660,1.5,3,2,0,0,0,None,0.0,0,0,0,-1,92.2,2,0,0,0,1,5,300000.0,61800.0,20.6,4700.0,1,0,272800.0,9900.0,19.4,Business,1180000.0,60,13.91,27402.0,40.9,60.3,0,0.0,1,624000.0,290000.0,Rent,0,Married,Tier-1,1,0
APP101006,45,281000.0,23417.0,9000.0,Self-Employed,Education,4.7,Graduate,637,15.6,3,2,2,2,0,Business,330000.0,3,3,0,38,97.0,1,0,0,1,1,4,70000.0,31150.0,44.5,1600.0,0,1,571150.0,9800.0,48.5,Home,2590000.0,120,10.17,34471.0,147.2,195.7,1,30.0,0,137000.0,120000.0,Rent,1,Married,Tier-2,0,-1
APP101007,34,414000.0,34500.0,0.0,Salaried,Banking/Finance,1.1,Graduate,644,5.6,7,0,3,3,0,Business,760000.0,3,3,0,52,92.1,3,0,0,0,0,0,0.0,0.0,0.0,0.0,0,0,786000.0,13600.0,39.4,Debt Consolidation,150000.0,60,14.7,3545.0,10.3,49.7,0,0.0,0,42000.0,260000.0,Own,2,Married,Tier-1,1,0
APP101008,46,815000.0,67917.0,0.0,Salaried,Manufacturing,13.4,Graduate,640,1.1,2,1,6,5,0,Auto,1310000.0,6,5,1,45,98.9,1,0,0,0,1,3,205000.0,103935.0,50.7,3800.0,0,3,379935.0,11200.0,24.1,Debt Consolidation,840000.0,60,15.2,20072.0,29.6,53.7,0,0.0,0,190000.0,280000.0,Own,2,Married,Tier-3,0,-1
APP101009,42,310000.0,25833.0,22000.0,Salaried,Retail,5.2,Graduate,739,9.1,6,0,3,2,0,Auto,630000.0,3,3,0,2,94.1,1,0,0,0,0,0,0.0,0.0,0.0,0.0,0,0,568000.0,8600.0,33.3,Debt Consolidation,270000.0,24,13.28,12872.0,49.8,83.1,0,0.0,0,138000.0,1320000.0,Own,0,Single,Tier-1,1,0
APP101010,24,565000.0,47083.0,0.0,Salaried,IT,3.0,Post-Graduate,667,1.4,2,1,1,0,1,Gold,540000.0,1,1,0,13,98.2,0,0,0,2,0,0,0.0,0.0,0.0,0.0,0,0,1158000.0,26800.0,56.9,Personal,340000.0,12,13.94,30518.0,64.8,121.7,0,0.0,0,133000.0,1150000.0,Family,0,Single,Tier-3,0,-1
APP101011,54,837000.0,69750.0,0.0,Business Owner,Government,11.4,Graduate,656,8.5,2,3,2,2,1,Education,1210000.0,2,2,0,35,100.0,0,0,0,2,1,3,330000.0,161040.0,48.8,8500.0,0,1,633040.0,11400.0,27.9,Auto,970000.0,48,10.69,24924.0,35.7,63.6,1,29.3,0,86000.0,1240000.0,Rent,2,Single,Tier-3,1,1
APP101012,32,234000.0,19500.0,0.0,Salaried,Healthcare,4.6,Graduate,731,6.7,8,0,3,2,0,Home,410000.0,5,4,1,6,100.0,0,0,0,0,0,0,0.0,0.0,0.0,0.0,0,0,110000.0,4600.0,23.6,Auto,300000.0,36,9.64,9630.0,49.4,73.0,1,26.3,0,77000.0,510000.0,Own,0,Married,Tier-1,1,0
APP101013,21,474000.0,39500.0,0.0,Self-Employed,Retail,0.0,Post-Graduate,629,1.0,2,1,0,0,0,None,0.0,1,1,0,56,99.6,0,0,0,0,1,8,90000.0,80730.0,89.7,600.0,1,1,304730.0,8200.0,31.0,Auto,730000.0,36,10.54,23741.0,60.1,91.1,1,18.4,0,825000.0,2080000.0,Own,1,Single,Tier-1,0,-1
APP101014,27,91000.0,7583.0,0.0,Retired,None,0.0,Graduate,541,6.1,6,0,4,2,2,Education,270000.0,6,2,4,38,97.7,0,0,0,0,0,0,0.0,0.0,0.0,0.0,0,0,96000.0,1500.0,19.8,Personal,40000.0,60,16.34,980.0,12.9,32.7,0,0.0,0,29000.0,10000.0,Family,2,Single,Tier-1,0,-1
APP101015,27,962000.0,80167.0,0.0,Self-Employed,Manufacturing,5.6,Post-Graduate,653,6.4,10,1,3,3,0,Education,1360000.0,5,5,0,38,96.1,0,1,0,0,1,5,465000.0,80910.0,17.4,13900.0,1,2,351910.0,10000.0,17.5,Home,3950000.0,240,9.44,36665.0,45.7,63.3,1,26.5,0,61000.0,2010000.0,Family,0,Married,Tier-3,1,0
APP101016,39,279000.0,23250.0,0.0,Self-Employed,Manufacturing,2.9,Graduate,691,4.2,4,3,1,0,0,Home,580000.0,1,1,0,25,95.4,0,0,0,0,0,0,0.0,0.0,0.0,0.0,0,0,144000.0,3300.0,14.2,Personal,270000.0,12,13.81,24218.0,104.2,118.4,0,0.0,0,26000.0,530000.0,Family,2,Married,Tier-1,0,-1
APP101017,35,384000.0,32000.0,78000.0,Salaried,IT,5.9,High School,589,15.0,12,0,3,2,1,Business,420000.0,3,3,0,21,84.8,0,1,1,0,0,0,0.0,0.0,0.0,0.0,0,0,515000.0,7500.0,23.4,Personal,210000.0,24,14.73,10155.0,31.7,55.2,0,0.0,0,270000.0,950000.0,Family,2,Married,Tier-2,0,-1
APP101018,34,188000.0,15667.0,0.0,Salaried,Banking/Finance,0.7,Graduate,739,12.4,3,1,1,0,0,Personal,390000.0,2,2,0,14,100.0,0,0,0,0,0,0,0.0,0.0,0.0,0.0,0,0,437000.0,7200.0,46.0,Auto,210000.0,84,8.65,3342.0,21.3,67.3,1,20.9,0,84000.0,50000.0,Family,5,Divorced,Tier-1,1,0
APP101019,45,238000.0,19833.0,0.0,Salaried,Construction,7.3,Graduate,633,8.8,7,2,1,0,1,Gold,160000.0,2,2,0,48,97.8,1,0,0,0,0,0,0.0,0.0,0.0,0.0,0,0,10000.0,200.0,1.0,Debt Consolidation,150000.0,60,15.27,3590.0,18.1,19.1,1,0.0,0,99000.0,280000.0,Own,1,Married,Tier-1,1,0
APP101020,42,250000.0,20833.0,0.0,Contract,Banking/Finance,8.3,Post-Graduate,591,3.8,3,1,1,1,0,Auto,250000.0,1,1,0,39,93.8,1,0,0,0,1,1,95000.0,36955.0,38.9,2600.0,0,1,352955.0,6000.0,37.7,Debt Consolidation,170000.0,36,16.19,5993.0,28.8,66.4,0,0.0,0,118000.0,130000.0,Rent,1,Married,Tier-2,0,-1
APP101021,41,299000.0,24917.0,0.0,Contract,Retail,2.0,Graduate,567,3.5,2,2,2,2,1,Auto,470000.0,2,2,0,17,96.5,0,0,1,0,1,1,65000.0,20540.0,31.6,1900.0,1,0,98540.0,2100.0,12.5,Auto,210000.0,36,12.6,7035.0,28.2,40.8,1,25.7,1,394000.0,1460000.0,Own,0,Married,Tier-1,0,-1
APP101022,43,392000.0,32667.0,0.0,Salaried,Banking/Finance,12.2,High School,744,6.4,3,0,1,0,0,Business,440000.0,1,1,0,14,100.0,0,0,0,0,1,2,160000.0,43200.0,27.0,2600.0,0,3,302200.0,4300.0,19.8,Business,1460000.0,36,12.2,48632.0,148.9,168.6,0,0.0,0,204000.0,600000.0,Own,0,Single,Tier-2,0,-1
APP101023,45,567000.0,47250.0,101000.0,Salaried,Retail,10.6,Graduate,660,3.5,6,3,1,1,1,Gold,460000.0,1,1,0,38,99.1,1,0,0,0,0,0,0.0,0.0,0.0,0.0,0,0,551000.0,11500.0,24.3,Personal,150000.0,60,13.84,3478.0,7.4,31.7,0,0.0,0,132000.0,640000.0,Rent,1,Married,Tier-2,1,0
APP101024,21,151000.0,12583.0,25000.0,Salaried,Education,0.0,Graduate,648,1.0,4,2,2,2,0,Auto,350000.0,4,3,1,6,100.0,0,0,0,0,0,0,0.0,0.0,0.0,0.0,0,0,24000.0,1100.0,8.7,Home,960000.0,120,9.48,12412.0,98.6,107.4,1,27.8,1,37000.0,280000.0,Rent,1,Married,Tier-1,1,0
APP101025,34,416000.0,34667.0,0.0,Self-Employed,Retail,2.5,Graduate,667,9.0,10,1,8,6,0,Home,760000.0,9,7,2,32,98.0,1,0,0,0,1,4,155000.0,59210.0,38.2,700.0,1,1,203210.0,5800.0,25.3,Home,3430000.0,240,9.33,31592.0,91.1,116.4,1,11.2,0,180000.0,170000.0,Rent,0,Single,Tier-3,0,-1
APP101026,21,291000.0,24250.0,11000.0,Self-Employed,Government,0.0,Graduate,525,1.0,4,2,0,0,0,None,0.0,1,1,0,36,81.7,1,1,1,0,0,0,0.0,0.0,0.0,0.0,0,0,119000.0,2000.0,8.2,Home,1920000.0,240,11.39,20330.0,83.8,92.1,1,29.1,1,14000.0,1500000.0,Rent,2,Married,Tier-1,0,-1
APP101027,38,855000.0,71250.0,31000.0,Business Owner,Healthcare,4.1,Graduate,711,6.5,8,2,2,2,0,Gold,270000.0,2,2,0,3,100.0,0,0,0,0,0,0,0.0,0.0,0.0,0.0,0,0,154000.0,3500.0,4.9,Education,1360000.0,120,9.36,17494.0,24.6,29.5,1,0.0,0,1629000.0,4430000.0,Rent,1,Married,Tier-1,1,0
APP101028,38,65000.0,5417.0,0.0,Unemployed,None,0.0,Post-Graduate,573,5.9,6,3,2,1,0,Business,50000.0,2,1,1,28,99.5,0,0,0,1,0,0,0.0,0.0,0.0,0.0,0,0,128000.0,1900.0,35.1,Education,60000.0,120,12.81,889.0,16.4,51.5,1,0.0,0,15000.0,20000.0,Rent,2,Married,Tier-2,0,-1
APP101029,50,436000.0,36333.0,0.0,Salaried,Healthcare,9.2,Graduate,689,1.0,4,4,1,0,0,Home,770000.0,2,2,0,46,100.0,0,0,0,1,1,2,220000.0,3740.0,1.7,5100.0,1,1,789740.0,12500.0,34.9,Business,830000.0,84,13.26,15217.0,41.9,76.8,0,0.0,1,50000.0,1950000.0,Rent,0,Married,Tier-3,1,0
APP101030,51,299000.0,24917.0,0.0,Self-Employed,Retail,1.5,Graduate,643,8.7,8,1,0,0,0,None,0.0,0,0,0,-1,89.1,1,1,0,1,0,0,0.0,0.0,0.0,0.0,0,0,369000.0,7500.0,30.1,Home,2170000.0,120,9.21,27736.0,111.3,141.4,1,15.5,1,87000.0,2190000.0,Rent,0,Married,Tier-1,0,-1
APP101031,40,1156000.0,96333.0,0.0,Self-Employed,IT,1.1,Graduate,806,9.3,7,1,3,1,0,Personal,3460000.0,5,4,1,13,99.8,0,0,0,1,1,4,340000.0,45900.0,13.5,10000.0,0,0,1725900.0,24300.0,27.6,Business,2890000.0,84,10.79,49165.0,51.0,78.6,0,0.0,0,204000.0,740000.0,Family,0,Married,Tier-1,1,0
APP101032,32,261000.0,21750.0,0.0,Salaried,Healthcare,3.8,Post-Graduate,683,10.9,11,3,3,3,0,Home,480000.0,4,3,1,43,100.0,0,0,0,0,0,0,0.0,0.0,0.0,0.0,0,0,152000.0,8400.0,38.6,Debt Consolidation,310000.0,36,14.18,10622.0,48.8,87.5,0,0.0,0,469000.0,140000.0,Family,1,Married,Tier-1,1,1
APP101033,43,60000.0,5000.0,7000.0,Unemployed,None,0.0,Graduate,544,23.0,9,0,3,2,1,Education,30000.0,4,4,0,59,100.0,1,0,0,0,0,0,0.0,0.0,0.0,0.0,0,0,129000.0,3300.0,66.0,Debt Consolidation,30000.0,60,16.64,740.0,14.8,80.8,0,0.0,1,19000.0,30000.0,Family,1,Single,Tier-2,0,-1
APP101034,32,495000.0,41250.0,0.0,Salaried,Construction,11.0,Graduate,682,3.4,0,3,2,1,0,Home,730000.0,2,2,0,21,100.0,0,0,0,0,1,4,195000.0,37830.0,19.4,900.0,0,0,37830.0,0.0,4.6,Personal,330000.0,60,12.48,7421.0,18.0,22.6,1,0.0,0,196000.0,1460000.0,Rent,3,Married,Tier-1,1,0
APP101035,38,579000.0,48250.0,0.0,Business Owner,Healthcare,7.1,Graduate,659,13.9,2,3,3,1,0,Gold,450000.0,4,3,1,43,97.8,0,0,0,1,1,4,120000.0,48600.0,40.5,2800.0,0,2,1050600.0,33800.0,75.1,Home,4830000.0,120,9.49,62473.0,129.5,204.6,1,15.1,0,337000.0,4770000.0,Own,1,Married,Tier-3,0,-1
APP101036,49,344000.0,28667.0,0.0,Business Owner,Healthcare,10.8,High School,644,13.0,10,1,3,2,0,Education,290000.0,4,2,2,38,97.1,2,0,0,0,0,0,0.0,0.0,0.0,0.0,0,0,77000.0,1800.0,6.3,Personal,250000.0,24,13.91,11993.0,41.8,48.1,0,0.0,0,61000.0,270000.0,Own,3,Married,Tier-1,1,0
APP101037,32,60000.0,5000.0,0.0,Unemployed,None,0.0,Graduate,571,5.9,4,1,2,0,0,Gold,70000.0,2,2,0,46,92.6,2,0,0,0,0,0,0.0,0.0,0.0,0.0,0,0,72000.0,1200.0,24.0,Home,580000.0,120,10.9,7957.0,159.1,183.1,1,29.2,0,17000.0,140000.0,Rent,1,Single,Tier-2,0,-1
APP101038,47,328000.0,27333.0,40000.0,Self-Employed,Healthcare,5.9,Graduate,587,1.4,5,1,1,0,1,Auto,780000.0,1,1,0,52,90.4,1,0,1,1,0,0,0.0,0.0,0.0,0.0,0,0,233000.0,4800.0,17.6,Education,190000.0,60,12.97,4320.0,15.8,33.4,0,0.0,0,127000.0,800000.0,Rent,0,Single,Tier-2,1,0
APP101039,45,316000.0,26333.0,0.0,Salaried,Other,4.7,Post-Graduate,669,11.9,7,3,1,1,0,Business,580000.0,2,2,0,48,99.4,1,0,0,0,1,5,135000.0,40905.0,30.3,1900.0,0,0,272905.0,7200.0,35.1,Home,1540000.0,240,9.52,14375.0,54.6,89.7,1,18.3,0,156000.0,240000.0,Rent,2,Single,Tier-2,1,0
APP101040,27,934000.0,77833.0,0.0,Contract,Education,6.0,Graduate,630,7.0,2,2,3,1,0,Personal,1910000.0,5,4,1,10,88.0,1,1,0,1,1,4,290000.0,34220.0,11.8,2000.0,1,2,1088220.0,15200.0,21.7,Personal,690000.0,12,14.86,62233.0,80.0,101.7,0,0.0,1,99000.0,730000.0,Own,1,Married,Tier-1,0,-1
APP101041,49,2173000.0,181083.0,532000.0,Contract,Manufacturing,15.0,Doctorate,743,1.9,3,0,4,3,0,Home,2770000.0,4,3,1,2,100.0,0,0,0,0,1,2,730000.0,467930.0,64.1,22500.0,0,2,1634930.0,25900.0,27.2,Home,20630000.0,180,7.73,193949.0,107.1,134.3,1,21.9,0,330000.0,2950000.0,Family,0,Married,Tier-1,0,-1
APP101042,46,465000.0,38750.0,0.0,Self-Employed,Retail,5.8,Graduate,598,8.1,2,3,3,2,0,Personal,1040000.0,3,3,0,49,94.8,1,0,0,0,1,5,115000.0,54740.0,47.6,3100.0,0,1,288740.0,6400.0,23.6,Auto,470000.0,48,11.85,12342.0,31.9,55.4,1,17.5,0,11000.0,730000.0,Rent,0,Married,Tier-1,1,0
APP101043,39,171000.0,14250.0,0.0,Contract,Retail,5.9,Graduate,584,5.6,7,3,1,1,0,Gold,410000.0,3,2,1,58,100.0,0,0,0,0,1,1,30000.0,12090.0,40.3,200.0,0,2,27090.0,300.0,6.3,Education,200000.0,84,12.37,3570.0,25.1,31.4,0,0.0,1,30000.0,110000.0,Family,3,Single,Tier-2,1,0
APP101044,30,645000.0,53750.0,80000.0,Salaried,Retail,4.9,Graduate,733,5.4,2,2,0,0,0,None,0.0,0,0,0,-1,97.3,0,0,0,0,0,0,0.0,0.0,0.0,0.0,0,0,306000.0,16100.0,30.0,Home,4070000.0,240,8.72,35889.0,66.8,96.7,1,21.5,1,228000.0,640000.0,Rent,0,Married,Tier-1,1,1
APP101045,29,216000.0,18000.0,0.0,Self-Employed,Manufacturing,8.0,High School,606,1.1,5,4,0,0,0,None,0.0,1,1,0,48,98.0,1,0,0,1,0,0,0.0,0.0,0.0,0.0,0,0,66000.0,1500.0,8.3,Education,320000.0,120,10.99,4406.0,24.5,32.8,0,0.0,0,161000.0,410000.0,Family,0,Married,Tier-1,1,0
APP101046,32,60000.0,5000.0,0.0,Unemployed,None,0.0,Post-Graduate,575,11.7,3,1,4,3,1,Business,160000.0,6,6,0,3,95.7,1,0,0,0,0,0,0.0,0.0,0.0,0.0,0,0,57000.0,1800.0,36.0,Auto,70000.0,36,12.2,2332.0,46.6,82.6,1,11.7,0,33000.0,90000.0,Rent,0,Married,Tier-3,0,-1
APP101047,44,220000.0,18333.0,0.0,Salaried,Healthcare,2.4,High School,676,3.8,6,1,0,0,0,None,0.0,3,2,1,53,100.0,1,0,0,0,1,5,115000.0,21275.0,18.5,1700.0,0,0,121275.0,1700.0,15.1,Business,520000.0,84,12.19,9232.0,50.4,65.4,1,0.0,0,32000.0,2800000.0,Rent,0,Single,Tier-1,1,0
APP101048,27,414000.0,34500.0,19000.0,Salaried,Manufacturing,6.0,Post-Graduate,723,7.0,7,1,2,1,0,Home,500000.0,4,2,2,45,91.4,0,1,0,0,0,0,0.0,0.0,0.0,0.0,0,0,273000.0,5300.0,15.4,Business,550000.0,36,11.26,18074.0,52.4,67.8,0,0.0,1,85000.0,240000.0,Family,5,Single,Tier-2,1,1
APP101049,43,99000.0,8250.0,0.0,Retired,None,0.0,High School,621,4.5,3,1,5,1,0,Home,160000.0,5,4,1,39,100.0,0,0,0,0,0,0,0.0,0.0,0.0,0.0,0,0,70000.0,1100.0,13.3,Debt Consolidation,40000.0,36,15.33,1393.0,16.9,30.2,0,0.0,0,64000.0,710000.0,Own,3,Married,Tier-1,1,0
APP101050,24,173000.0,14417.0,0.0,Contract,Retail,3.0,Graduate,681,3.4,6,2,2,2,0,Auto,390000.0,2,2,0,17,100.0,0,0,0,1,0,0,0.0,0.0,0.0,0.0,0,0,32000.0,1300.0,9.0,Auto,120000.0,48,9.8,3032.0,21.0,30.0,1,18.3,0,38000.0,380000.0,Own,1,Married,Tier-1,1,0
APP101051,36,60000.0,5000.0,0.0,Unemployed,None,0.0,High School,401,3.8,4,2,2,1,0,Personal,140000.0,3,3,0,45,83.3,2,0,1,1,0,0,0.0,0.0,0.0,0.0,0,0,34000.0,1400.0,28.0,Business,130000.0,36,17.48,4666.0,93.3,121.3,0,0.0,0,14000.0,70000.0,Rent,1,Divorced,Tier-1,0,-1
APP101052,39,763000.0,63583.0,0.0,Salaried,Other,5.8,Graduate,660,4.7,5,0,1,0,0,Education,420000.0,2,2,0,22,97.3,2,0,0,0,1,4,450000.0,89550.0,19.9,13500.0,0,0,933550.0,27600.0,50.4,Auto,1080000.0,84,10.91,18441.0,29.0,79.5,1,25.2,0,743000.0,15230000.0,Rent,1,Single,Tier-1,0,-1
APP101053,65,157000.0,13083.0,0.0,Retired,None,0.0,Graduate,667,4.6,3,1,0,0,0,None,0.0,0,0,0,-1,100.0,0,0,0,0,0,0,0.0,0.0,0.0,0.0,0,0,462000.0,7200.0,55.0,Personal,60000.0,36,14.32,2060.0,15.7,70.8,0,0.0,0,95000.0,290000.0,Rent,1,Married,Tier-1,1,0
APP101054,23,552000.0,46000.0,128000.0,Salaried,Banking/Finance,2.0,Post-Graduate,752,3.0,2,2,0,0,0,None,0.0,2,0,2,25,99.4,0,0,0,0,0,0,0.0,0.0,0.0,0.0,0,0,411000.0,6100.0,13.3,Personal,390000.0,24,12.42,18435.0,40.1,53.3,0,0.0,0,69000.0,230000.0,Rent,2,Single,Tier-3,1,1
APP101055,54,134000.0,11167.0,0.0,Self-Employed,Government,2.5,Graduate,568,4.5,3,3,2,1,0,Education,350000.0,3,3,0,19,89.7,0,0,1,1,0,0,0.0,0.0,0.0,0.0,0,0,85000.0,1500.0,13.4,Personal,130000.0,36,15.18,4518.0,40.5,53.9,0,0.0,0,24000.0,230000.0,Own,2,Married,Tier-2,0,-1
APP101056,40,635000.0,52917.0,0.0,Salaried,Education,17.0,High School,750,13.1,6,0,1,1,0,Home,1330000.0,3,2,1,29,100.0,0,0,0,1,1,1,280000.0,65520.0,23.4,2600.0,1,0,818520.0,18400.0,41.0,Personal,250000.0,12,11.87,22197.0,41.9,82.9,0,0.0,0,880000.0,3090000.0,Family,0,Married,Tier-1,1,1
APP101057,43,316000.0,26333.0,0.0,Contract,Other,5.6,Post-Graduate,716,11.6,5,3,5,5,0,Personal,590000.0,5,4,1,51,99.9,0,0,0,0,0,0,0.0,0.0,0.0,0.0,0,0,185000.0,4200.0,15.9,Education,630000.0,84,9.8,10394.0,39.5,55.4,0,0.0,0,131000.0,730000.0,Rent,0,Married,Tier-1,1,0
APP101058,39,111000.0,9250.0,0.0,Unemployed,None,0.0,Graduate,413,10.5,7,3,2,2,0,Personal,50000.0,3,2,1,1,82.4,0,2,1,0,1,4,60000.0,7380.0,12.3,900.0,0,2,71380.0,2100.0,26.7,Debt Consolidation,70000.0,24,18.74,3520.0,38.1,64.7,0,0.0,0,103000.0,300000.0,Own,1,Married,Tier-1,0,-1
APP101059,43,1018000.0,84833.0,0.0,Business Owner,IT,16.4,Post-Graduate,713,9.3,7,2,3,1,0,Home,2190000.0,4,3,1,14,96.3,0,1,0,0,1,1,305000.0,13420.0,4.4,9900.0,0,1,472420.0,8900.0,11.3,Auto,1460000.0,60,9.46,30634.0,36.1,47.4,1,26.7,0,110000.0,1040000.0,Own,2,Married,Tier-1,1,0
APP101060,36,361000.0,30083.0,0.0,Self-Employed,Other,7.7,Graduate,691,2.2,4,2,2,2,0,Personal,450000.0,2,2,0,10,100.0,0,0,0,0,0,0,0.0,0.0,0.0,0.0,0,0,275000.0,4000.0,13.3,Home,3180000.0,300,9.36,27475.0,91.3,104.6,1,24.2,0,167000.0,460000.0,Rent,5,Single,Tier-1,0,-1
APP101061,54,223000.0,18583.0,36000.0,Salaried,Government,8.1,Post-Graduate,684,9.7,5,0,1,0,0,Auto,530000.0,1,1,0,26,94.7,0,1,0,1,1,3,85000.0,12920.0,15.2,1600.0,0,0,299920.0,10700.0,61.1,Personal,180000.0,36,13.91,6144.0,33.1,94.1,0,0.0,0,120000.0,140000.0,Own,0,Single,Tier-1,0,-1
APP101062,33,1289000.0,107417.0,0.0,Self-Employed,Construction,12.0,High School,739,11.6,3,0,3,3,1,Home,3280000.0,3,3,0,43,100.0,1,0,0,0,1,2,290000.0,76270.0,26.3,8200.0,0,1,328270.0,8600.0,11.6,Personal,690000.0,60,12.74,15608.0,14.5,26.1,0,0.0,1,1168000.0,790000.0,Rent,0,Married,Tier-1,1,0
APP101063,50,1163000.0,96917.0,0.0,Self-Employed,Banking/Finance,8.8,Doctorate,758,13.7,7,1,2,2,0,Home,2360000.0,3,3,0,39,96.4,1,0,0,0,1,1,320000.0,169280.0,52.9,7500.0,0,7,299280.0,3300.0,12.1,Home,10530000.0,120,8.01,127814.0,131.9,144.0,1,17.1,0,1102000.0,2500000.0,Own,2,Married,Tier-2,0,-1
APP101064,31,507000.0,42250.0,0.0,Salaried,Retail,3.4,High School,732,1.2,5,1,1,1,0,Gold,1020000.0,2,2,0,51,99.2,0,0,0,2,0,0,0.0,0.0,0.0,0.0,0,0,1007000.0,16500.0,39.1,Debt Consolidation,380000.0,60,12.94,8635.0,20.4,59.5,0,0.0,1,106000.0,1600000.0,Rent,0,Single,Tier-2,1,0
APP101065,37,1694000.0,141167.0,0.0,Self-Employed,Retail,8.8,Post-Graduate,753,11.2,4,3,4,2,0,Gold,4560000.0,5,4,1,5,100.0,0,0,0,1,1,1,365000.0,23725.0,6.5,11800.0,0,0,606725.0,11900.0,9.3,Personal,460000.0,24,12.39,21738.0,15.4,24.7,0,0.0,1,678000.0,1220000.0,Own,0,Single,Tier-2,1,0
APP101066,26,400000.0,33333.0,0.0,Contract,Healthcare,2.7,Graduate,591,1.2,1,4,3,3,0,Education,1080000.0,5,2,3,40,99.3,2,0,0,0,0,0,0.0,0.0,0.0,0.0,0,0,152000.0,2800.0,8.4,Home,3550000.0,180,11.11,40595.0,121.8,130.2,1,16.8,0,99000.0,350000.0,Rent,2,Married,Tier-1,0,-1
APP101067,43,1672000.0,139333.0,247000.0,Business Owner,Construction,3.9,Post-Graduate,750,8.4,4,0,4,2,0,Auto,1190000.0,4,2,2,53,94.3,0,1,0,1,1,7,535000.0,155685.0,29.1,8800.0,0,0,2470685.0,44300.0,37.4,Home,9320000.0,120,8.28,114461.0,82.1,119.5,1,15.9,0,911000.0,10240000.0,Own,1,Single,Tier-1,0,-1
APP101068,54,361000.0,30083.0,0.0,Contract,Banking/Finance,7.0,Post-Graduate,644,7.4,4,3,1,1,0,Education,340000.0,2,2,0,43,94.4,0,1,0,1,1,4,90000.0,21510.0,23.9,900.0,0,1,249510.0,10100.0,37.1,Business,480000.0,84,13.95,8982.0,29.9,67.0,0,0.0,0,29000.0,180000.0,Family,2,Single,Tier-1,0,-1
APP101069,37,871000.0,72583.0,0.0,Salaried,IT,10.7,Post-Graduate,729,2.6,2,2,1,0,0,Home,1190000.0,2,2,0,19,100.0,0,0,0,1,0,0,0.0,0.0,0.0,0.0,0,0,1523000.0,29000.0,40.0,Auto,740000.0,84,9.64,12148.0,16.7,56.7,1,29.3,1,46000.0,570000.0,Family,0,Single,Tier-2,1,0
APP101070,36,328000.0,27333.0,0.0,Self-Employed,Healthcare,3.6,Graduate,541,5.8,2,2,2,0,0,Business,910000.0,2,2,0,54,92.1,1,1,0,2,1,2,50000.0,18700.0,37.4,200.0,0,0,1113700.0,16200.0,62.7,Auto,460000.0,48,12.44,12213.0,44.7,107.4,1,18.0,0,128000.0,80000.0,Family,1,Married,Tier-3,0,-1
APP101071,26,326000.0,27167.0,0.0,Salaried,Other,5.0,Graduate,591,5.0,5,3,3,1,1,Auto,840000.0,4,2,2,39,92.7,0,1,0,0,1,5,145000.0,19140.0,13.2,700.0,0,0,219140.0,9700.0,39.2,Home,3140000.0,300,10.26,29111.0,107.2,146.4,1,23.1,0,97000.0,260000.0,Rent,0,Married,Tier-2,0,-1
APP101072,35,567000.0,47250.0,0.0,Salaried,Banking/Finance,4.9,Post-Graduate,732,7.8,2,0,1,1,0,Auto,470000.0,2,1,1,46,92.5,0,1,0,1,0,0,0.0,0.0,0.0,0.0,0,0,201000.0,4700.0,9.9,Home,4610000.0,120,8.33,56739.0,120.1,130.0,1,19.0,1,218000.0,720000.0,Own,0,Single,Tier-3,0,-1
APP101073,21,199000.0,16583.0,0.0,Salaried,Education,0.0,Graduate,424,1.0,2,4,4,3,2,Home,180000.0,4,4,0,18,90.7,1,0,1,0,0,0,0.0,0.0,0.0,0.0,0,0,535000.0,8900.0,53.7,Auto,170000.0,84,14.31,3215.0,19.4,73.1,1,14.5,0,45000.0,660000.0,Own,2,Married,Tier-1,0,-1
APP101074,28,521000.0,43417.0,0.0,Salaried,Banking/Finance,5.7,Graduate,627,7.0,4,2,4,3,0,Personal,430000.0,4,4,0,22,92.4,0,1,0,1,1,2,195000.0,46995.0,24.1,2800.0,0,1,440995.0,11700.0,32.4,Personal,490000.0,36,14.2,16795.0,38.7,71.0,0,0.0,0,416000.0,600000.0,Family,3,Married,Tier-1,0,-1
APP101075,40,427000.0,35583.0,37000.0,Salaried,Manufacturing,17.8,Graduate,682,4.3,4,2,2,1,0,Business,1070000.0,3,1,2,4,98.7,0,1,0,0,0,0,0.0,0.0,0.0,0.0,0,0,513000.0,23100.0,64.9,Debt Consolidation,280000.0,36,14.93,9697.0,27.3,92.2,0,0.0,0,204000.0,1170000.0,Rent,2,Single,Tier-3,0,-1
APP101076,53,213000.0,17750.0,42000.0,Business Owner,Retail,3.9,Graduate,583,22.0,6,2,2,2,1,Education,250000.0,3,3,0,24,90.6,0,0,1,0,0,0,0.0,0.0,0.0,0.0,0,0,126000.0,2900.0,16.3,Auto,290000.0,60,12.56,6533.0,36.8,53.1,1,14.1,0,42000.0,100000.0,Rent,3,Divorced,Tier-3,1,0
APP101077,69,329000.0,27417.0,0.0,Salaried,IT,3.7,Graduate,715,7.2,3,1,3,1,0,Home,790000.0,4,3,1,25,95.0,0,0,0,2,0,0,0.0,0.0,0.0,0.0,0,0,60000.0,2700.0,9.8,Home,1350000.0,240,9.25,12364.0,45.1,54.9,1,29.0,0,87000.0,160000.0,Rent,3,Divorced,Tier-2,1,0
APP101078,32,386000.0,32167.0,0.0,Salaried,Healthcare,11.0,Graduate,603,3.8,4,0,2,1,0,Auto,190000.0,3,2,1,32,90.9,2,1,0,1,1,2,115000.0,28520.0,24.8,3400.0,0,1,410520.0,7700.0,28.4,Personal,190000.0,60,15.54,4574.0,14.2,42.6,0,0.0,0,22000.0,120000.0,Own,0,Divorced,Tier-2,1,1
APP101079,54,540000.0,45000.0,0.0,Salaried,Education,8.3,High School,751,3.6,4,0,2,2,0,Personal,1510000.0,2,1,1,42,100.0,0,0,0,0,0,0,0.0,0.0,0.0,0.0,0,0,1321000.0,22600.0,50.2,Personal,300000.0,24,13.29,14303.0,31.8,82.0,0,0.0,1,1272000.0,1430000.0,Rent,0,Married,Tier-1,1,0
APP101080,41,670000.0,55833.0,0.0,Self-Employed,IT,20.0,Graduate,774,9.4,1,2,3,3,0,Personal,540000.0,3,1,2,6,100.0,0,0,0,0,0,0,0.0,0.0,0.0,0.0,0,0,667000.0,16800.0,30.1,Education,600000.0,60,10.16,12796.0,22.9,53.0,0,0.0,0,159000.0,520000.0,Own,0,Married,Tier-3,1,0
APP101081,36,1339000.0,111583.0,0.0,Salaried,Retail,13.8,Post-Graduate,707,16.0,7,3,4,2,1,Education,1020000.0,5,5,0,51,100.0,0,0,0,0,0,0,0.0,0.0,0.0,0.0,0,0,2651000.0,61500.0,55.1,Auto,1680000.0,84,9.3,27286.0,24.5,79.6,1,13.1,1,699000.0,15990000.0,Own,1,Married,Tier-3,1,0
APP101082,43,548000.0,45667.0,0.0,Salaried,Education,1.9,Graduate,772,12.5,8,2,4,3,0,Gold,840000.0,6,5,1,38,97.4,1,0,0,1,0,0,0.0,0.0,0.0,0.0,0,0,194000.0,4200.0,9.2,Home,3490000.0,120,8.05,42436.0,92.9,102.1,1,27.3,0,210000.0,5760000.0,Rent,2,Single,Tier-1,0,-1
APP101083,39,440000.0,36667.0,82000.0,Self-Employed,Banking/Finance,5.6,Post-Graduate,677,5.4,7,0,3,2,0,Auto,1150000.0,3,3,0,41,100.0,0,0,0,1,0,0,0.0,0.0,0.0,0.0,0,0,1010000.0,21600.0,58.9,Auto,300000.0,84,10.17,5007.0,13.7,72.6,1,22.9,0,129000.0,1170000.0,Own,0,Married,Tier-1,0,-1
APP101084,39,428000.0,35667.0,0.0,Salaried,Banking/Finance,7.0,Graduate,691,1.0,1,2,4,4,0,Gold,770000.0,4,4,0,32,93.8,0,1,0,0,0,0,0.0,0.0,0.0,0.0,0,0,269000.0,4700.0,13.2,Auto,540000.0,36,9.73,17356.0,48.7,61.8,1,22.7,0,154000.0,100000.0,Rent,4,Married,Tier-2,1,0
APP101085,34,60000.0,5000.0,3000.0,Unemployed,None,0.0,Graduate,553,2.7,8,2,3,2,0,Auto,90000.0,3,3,0,25,100.0,0,0,0,0,0,0,0.0,0.0,0.0,0.0,0,0,148000.0,2800.0,56.0,Home,320000.0,300,11.49,3250.0,65.0,121.0,1,14.7,0,2000.0,70000.0,Own,1,Single,Tier-2,0,-1
APP101086,23,539000.0,44917.0,0.0,Salaried,Government,2.0,Graduate,793,3.0,5,0,0,0,0,None,0.0,3,3,0,20,100.0,0,0,0,0,0,0,0.0,0.0,0.0,0.0,0,0,779000.0,13700.0,30.5,Auto,700000.0,48,7.51,16928.0,37.7,68.2,1,29.4,0,294000.0,850000.0,Own,2,Single,Tier-1,1,0
APP101087,21,414000.0,34500.0,0.0,Salaried,IT,0.0,Graduate,634,0.9,3,2,1,1,0,Education,490000.0,3,2,1,50,97.1,1,0,0,0,1,1,125000.0,50875.0,40.7,1000.0,0,1,925875.0,19100.0,62.7,Auto,260000.0,84,11.51,4522.0,13.1,75.8,1,11.1,0,79000.0,660000.0,Own,2,Single,Tier-1,0,-1
APP101088,45,312000.0,26000.0,0.0,Salaried,Manufacturing,6.8,Graduate,675,4.7,2,0,1,0,0,Gold,370000.0,1,1,0,8,99.9,0,0,0,0,1,3,115000.0,62215.0,54.1,2500.0,1,1,351215.0,9200.0,47.3,Education,480000.0,120,10.57,6496.0,25.0,72.3,0,0.0,0,179000.0,50000.0,Own,0,Single,Tier-2,1,1
APP101089,35,350000.0,29167.0,0.0,Self-Employed,Other,3.6,High School,688,8.6,3,1,1,0,0,Auto,730000.0,3,3,0,14,100.0,0,0,0,0,1,2,105000.0,39690.0,37.8,2800.0,0,1,239690.0,6300.0,28.4,Home,1640000.0,180,9.02,16653.0,57.1,85.5,1,19.1,0,185000.0,170000.0,Family,0,Married,Tier-2,0,-1
APP101090,31,593000.0,49417.0,0.0,Salaried,Manufacturing,10.0,Graduate,646,4.0,4,0,5,5,0,Personal,980000.0,6,5,1,11,96.3,1,1,0,1,0,0,0.0,0.0,0.0,0.0,0,0,153000.0,2600.0,5.3,Personal,180000.0,36,14.43,6190.0,12.5,17.8,0,0.0,0,164000.0,260000.0,Own,2,Married,Tier-2,1,0
APP101091,38,60000.0,5000.0,0.0,Unemployed,None,0.0,High School,621,10.1,5,2,0,0,0,None,0.0,2,1,1,9,100.0,0,0,0,0,0,0,0.0,0.0,0.0,0.0,0,0,56000.0,900.0,18.0,Education,80000.0,84,10.88,1365.0,27.3,45.3,1,0.0,1,53000.0,70000.0,Rent,1,Married,Tier-1,0,-1
APP101092,47,543000.0,45250.0,0.0,Salaried,Government,9.3,Graduate,642,3.6,6,0,2,2,0,Gold,730000.0,4,3,1,28,94.4,1,0,0,0,1,4,280000.0,134400.0,48.0,6700.0,0,0,794400.0,21400.0,62.1,Auto,430000.0,36,10.74,14025.0,31.0,93.1,1,25.0,0,898000.0,1040000.0,Family,2,Single,Tier-1,0,-1
APP101093,40,257000.0,21417.0,55000.0,Self-Employed,Retail,7.6,Post-Graduate,558,1.6,3,2,3,2,1,Education,140000.0,3,2,1,4,100.0,0,0,0,1,1,2,50000.0,25200.0,50.4,900.0,1,1,293200.0,11100.0,57.7,Debt Consolidation,260000.0,36,15.99,9140.0,42.7,100.4,0,0.0,0,37000.0,530000.0,Rent,0,Married,Tier-2,0,-1
APP101094,31,595000.0,49583.0,72000.0,Salaried,Manufacturing,5.3,High School,654,3.1,7,1,3,3,0,Personal,730000.0,3,0,3,47,96.4,2,0,0,0,0,0,0.0,0.0,0.0,0.0,0,0,603000.0,15100.0,30.5,Home,3270000.0,180,9.48,34107.0,68.8,99.2,1,15.5,0,111000.0,390000.0,Own,1,Single,Tier-1,0,-1
APP101095,51,590000.0,49167.0,82000.0,Salaried,Construction,6.9,Graduate,685,2.8,4,0,2,1,0,Personal,780000.0,2,2,0,23,100.0,1,0,0,0,0,0,0.0,0.0,0.0,0.0,0,0,1200000.0,19500.0,39.7,Education,630000.0,60,10.67,13594.0,27.6,67.3,0,0.0,0,34000.0,960000.0,Own,2,Married,Tier-3,1,0
APP101096,55,1090000.0,90833.0,45000.0,Salaried,IT,7.4,Graduate,692,1.2,2,3,0,0,0,None,0.0,1,1,0,6,100.0,0,0,0,0,1,2,185000.0,71595.0,38.7,1900.0,1,0,1101595.0,17300.0,23.0,Personal,1010000.0,36,13.68,34363.0,37.8,60.8,0,0.0,0,305000.0,1710000.0,Own,3,Married,Tier-1,1,0
APP101097,43,309000.0,25750.0,0.0,Self-Employed,Government,2.5,Post-Graduate,569,2.3,3,2,1,0,0,Auto,730000.0,1,1,0,51,98.9,1,0,0,1,1,3,100000.0,70300.0,70.3,1200.0,0,2,193300.0,5100.0,33.5,Education,560000.0,60,13.34,12839.0,49.9,83.3,0,0.0,1,123000.0,240000.0,Rent,2,Married,Tier-1,0,-1
APP101098,49,654000.0,54500.0,0.0,Salaried,Manufacturing,11.2,High School,659,0.8,3,0,0,0,0,None,0.0,0,0,0,-1,100.0,0,0,0,0,1,4,170000.0,107270.0,63.1,4200.0,0,0,517270.0,15100.0,37.5,Personal,420000.0,12,13.32,37576.0,68.9,106.5,0,0.0,1,91000.0,1550000.0,Own,1,Single,Tier-1,0,-1
APP101099,52,268000.0,22333.0,51000.0,Retired,None,0.0,Graduate,649,0.7,4,1,1,1,0,Education,350000.0,1,0,1,43,94.9,1,0,0,1,0,0,0.0,0.0,0.0,0.0,0,0,52000.0,2100.0,9.4,Business,530000.0,60,13.66,12239.0,54.8,64.2,0,0.0,0,66000.0,1170000.0,Family,0,Married,Tier-1,0,-1
APP101100,50,828000.0,69000.0,0.0,Business Owner,Government,14.6,Post-Graduate,756,4.0,4,1,1,1,0,Education,1540000.0,1,1,0,46,100.0,0,0,0,0,0,0,0.0,0.0,0.0,0.0,0,0,1189000.0,21100.0,30.6,Auto,980000.0,48,8.92,24350.0,35.3,65.9,1,27.5,0,1555000.0,450000.0,Family,1,Married,Tier-1,1,0
APP101101,45,130000.0,10833.0,0.0,Retired,None,0.0,Graduate,629,3.3,2,1,3,2,1,Business,310000.0,5,5,0,27,100.0,1,0,0,0,0,0,0.0,0.0,0.0,0.0,0,0,148000.0,3400.0,31.4,Auto,190000.0,36,10.78,6201.0,57.2,88.6,1,13.3,1,53000.0,80000.0,Rent,1,Married,Tier-3,0,-1
APP101102,45,322000.0,26833.0,0.0,Salaried,Banking/Finance,11.3,Post-Graduate,810,19.0,16,0,1,1,0,Gold,750000.0,1,1,0,39,100.0,0,0,0,0,0,0,0.0,0.0,0.0,0.0,0,0,490000.0,7100.0,26.5,Debt Consolidation,200000.0,36,11.74,6618.0,24.7,51.1,0,0.0,0,88000.0,410000.0,Rent,0,Married,Tier-2,1,0
APP101103,44,185000.0,15417.0,0.0,Contract,Banking/Finance,9.3,Graduate,636,2.4,8,0,3,3,0,Home,420000.0,3,3,0,2,94.2,1,0,0,0,0,0,0.0,0.0,0.0,0.0,0,0,34000.0,900.0,5.8,Personal,140000.0,36,14.96,4850.0,31.5,37.3,0,0.0,1,79000.0,700000.0,Own,2,Single,Tier-1,1,0
APP101104,26,375000.0,31250.0,0.0,Self-Employed,Other,1.9,Post-Graduate,709,3.7,1,2,1,1,0,Business,960000.0,1,1,0,42,100.0,0,0,0,1,0,0,0.0,0.0,0.0,0.0,0,0,449000.0,7300.0,23.4,Auto,250000.0,48,9.29,6256.0,20.0,43.4,1,25.7,1,155000.0,320000.0,Rent,1,Single,Tier-3,1,0
APP101105,46,200000.0,16667.0,0.0,Self-Employed,Manufacturing,13.8,High School,662,6.2,2,1,0,0,0,None,0.0,0,0,0,-1,100.0,0,0,0,1,1,4,50000.0,14100.0,28.2,800.0,0,3,421100.0,6600.0,43.8,Home,1230000.0,300,9.63,10858.0,65.1,109.0,1,29.3,0,9000.0,1340000.0,Family,0,Married,Tier-1,0,-1
APP101106,23,744000.0,62000.0,0.0,Salaried,Construction,2.0,High School,521,3.0,7,3,2,2,0,Education,580000.0,2,1,1,21,88.0,1,0,1,1,1,2,320000.0,230080.0,71.9,5700.0,0,1,366080.0,2000.0,21.8,Home,5010000.0,180,12.01,60161.0,97.0,118.8,1,28.3,1,192000.0,3940000.0,Rent,2,Married,Tier-2,0,-1
APP101107,29,204000.0,17000.0,0.0,Self-Employed,Government,3.9,Graduate,631,9.0,7,2,3,3,0,Home,250000.0,3,3,0,28,99.4,0,0,0,0,1,1,90000.0,43200.0,48.0,2400.0,0,2,306200.0,5900.0,47.4,Home,890000.0,180,9.91,9515.0,56.0,103.4,1,15.7,0,41000.0,50000.0,Rent,2,Married,Tier-1,0,-1
APP101108,52,65000.0,5417.0,16000.0,Unemployed,None,0.0,Graduate,539,6.3,5,0,0,0,0,None,0.0,1,1,0,3,100.0,1,0,0,0,0,0,0.0,0.0,0.0,0.0,0,0,16000.0,700.0,12.9,Personal,30000.0,36,14.84,1038.0,19.2,32.1,0,0.0,0,61000.0,120000.0,Own,0,Divorced,Tier-3,0,-1
APP101109,47,778000.0,64833.0,0.0,Business Owner,IT,1.3,Graduate,538,4.8,3,0,3,2,0,Business,430000.0,3,2,1,52,86.0,1,0,1,0,1,3,310000.0,238390.0,76.9,9900.0,1,3,708390.0,7200.0,29.5,Personal,220000.0,60,16.42,5399.0,8.3,37.8,0,0.0,1,178000.0,1070000.0,Family,2,Married,Tier-1,0,-1
APP101110,54,536000.0,44667.0,0.0,Salaried,IT,6.6,Graduate,717,2.9,5,1,0,0,0,None,0.0,0,0,0,-1,100.0,1,0,0,0,1,2,190000.0,22610.0,11.9,3600.0,1,1,289610.0,7200.0,18.7,Personal,440000.0,24,12.03,20718.0,46.4,65.0,1,0.0,0,738000.0,320000.0,Rent,1,Single,Tier-1,1,0
APP101111,35,903000.0,75250.0,0.0,Business Owner,Government,11.8,Graduate,666,5.7,6,4,3,1,0,Business,1850000.0,4,1,3,48,100.0,1,0,0,0,0,0,0.0,0.0,0.0,0.0,0,0,1741000.0,26300.0,35.0,Personal,530000.0,24,13.58,25342.0,33.7,68.6,0,0.0,0,596000.0,1090000.0,Rent,1,Married,Tier-2,1,0
APP101112,25,893000.0,74417.0,0.0,Salaried,IT,4.0,Post-Graduate,630,5.0,8,0,2,1,0,Education,1900000.0,2,2,0,38,85.0,3,1,0,0,0,0,0.0,0.0,0.0,0.0,0,0,1122000.0,25100.0,33.7,Debt Consolidation,1020000.0,36,14.62,35169.0,47.3,81.0,1,0.0,1,935000.0,2150000.0,Own,2,Married,Tier-1,1,0
APP101113,35,60000.0,5000.0,0.0,Unemployed,None,0.0,Graduate,574,5.5,10,1,0,0,0,None,0.0,0,0,0,-1,100.0,0,0,0,0,0,0,0.0,0.0,0.0,0.0,0,0,81000.0,2100.0,42.0,Home,320000.0,240,11.43,3397.0,67.9,109.9,1,25.1,0,9000.0,60000.0,Rent,2,Single,Tier-1,0,-1
APP101114,39,484000.0,40333.0,62000.0,Contract,Banking/Finance,5.7,Post-Graduate,708,7.3,10,1,2,2,0,Home,530000.0,4,4,0,43,100.0,1,0,0,0,0,0,0.0,0.0,0.0,0.0,0,0,353000.0,16600.0,41.2,Auto,620000.0,84,9.45,10117.0,25.1,66.2,1,23.3,1,169000.0,2120000.0,Own,0,Single,Tier-3,1,0
APP101115,39,390000.0,32500.0,0.0,Salaried,Other,9.7,Graduate,715,9.7,12,2,3,2,0,Personal,860000.0,4,3,1,27,97.6,1,0,0,1,0,0,0.0,0.0,0.0,0.0,0,0,69000.0,1200.0,3.7,Personal,250000.0,12,13.08,22339.0,68.7,72.4,0,0.0,0,669000.0,200000.0,Own,0,Single,Tier-1,1,0
APP101116,50,662000.0,55167.0,0.0,Salaried,Education,5.1,High School,737,6.9,6,1,2,2,0,Gold,1750000.0,4,3,1,15,100.0,0,0,0,0,1,3,210000.0,92190.0,43.9,3000.0,1,0,570190.0,8900.0,24.5,Personal,160000.0,36,12.42,5346.0,9.7,34.2,0,0.0,0,51000.0,930000.0,Own,0,Married,Tier-2,1,0
APP101117,34,1886000.0,157167.0,0.0,Salaried,Government,12.5,Post-Graduate,588,7.8,5,4,5,3,1,Home,3440000.0,7,4,3,43,80.4,1,0,1,0,1,3,1030000.0,321360.0,31.2,9200.0,0,1,2920360.0,37700.0,34.2,Home,13760000.0,120,10.81,188067.0,119.7,153.9,1,14.6,0,969000.0,2530000.0,Own,1,Married,Tier-2,0,-1
APP101118,42,281000.0,23417.0,0.0,Salaried,Education,5.5,Post-Graduate,716,6.7,3,0,3,1,0,Auto,170000.0,4,4,0,44,100.0,1,0,0,0,0,0,0.0,0.0,0.0,0.0,0,0,76000.0,1800.0,7.7,Debt Consolidation,110000.0,36,13.69,3743.0,16.0,23.7,0,0.0,1,235000.0,140000.0,Family,2,Single,Tier-1,1,0
APP101119,27,171000.0,14250.0,0.0,Salaried,Education,2.8,Post-Graduate,645,2.2,1,0,1,0,0,Auto,380000.0,2,2,0,58,100.0,0,0,0,0,0,0,0.0,0.0,0.0,0.0,0,0,478000.0,7800.0,54.7,Home,840000.0,240,9.18,7655.0,53.7,108.5,1,21.9,0,46000.0,50000.0,Own,1,Married,Tier-2,0,-1
APP101120,43,678000.0,56500.0,0.0,Business Owner,Healthcare,6.7,High School,697,5.8,4,3,3,3,1,Gold,1420000.0,4,3,1,57,100.0,0,0,0,0,1,1,375000.0,72375.0,19.3,8100.0,1,1,1007375.0,16100.0,34.9,Auto,890000.0,84,10.25,14890.0,26.4,61.3,1,26.2,0,264000.0,1300000.0,Rent,1,Married,Tier-2,1,0
APP101121,38,812000.0,67667.0,0.0,Self-Employed,Manufacturing,1.6,Graduate,575,6.3,4,1,2,1,1,Education,920000.0,3,3,0,41,91.6,0,0,1,1,1,2,205000.0,74825.0,36.5,1800.0,0,1,182825.0,2200.0,8.8,Education,420000.0,120,12.71,6199.0,9.2,17.9,0,0.0,0,828000.0,580000.0,Rent,2,Divorced,Tier-3,0,-1
APP101122,30,1373000.0,114417.0,0.0,Contract,Retail,6.7,Post-Graduate,719,10.0,8,0,0,0,0,None,0.0,0,0,0,-1,100.0,0,0,0,0,1,4,740000.0,392200.0,53.0,12900.0,0,1,2071200.0,30100.0,43.4,Auto,1040000.0,60,9.7,21944.0,19.2,62.6,1,16.6,0,1904000.0,410000.0,Rent,2,Single,Tier-2,1,0
APP101123,35,669000.0,55750.0,0.0,Salaried,Other,7.6,Graduate,535,3.0,6,1,1,0,1,Gold,1990000.0,2,0,2,13,96.1,0,0,1,0,1,2,375000.0,92250.0,24.6,10100.0,0,1,1636250.0,39000.0,78.2,Home,3960000.0,180,11.9,47272.0,84.8,163.0,1,23.5,0,49000.0,870000.0,Rent,0,Married,Tier-2,0,-1
APP101124,36,993000.0,82750.0,0.0,Self-Employed,Other,3.1,Graduate,684,6.1,5,3,0,0,0,None,0.0,0,0,0,-1,99.0,0,0,0,1,0,0,0.0,0.0,0.0,0.0,0,0,170000.0,2700.0,3.3,Auto,1180000.0,36,10.15,38158.0,46.1,49.4,1,21.8,1,846000.0,850000.0,Own,0,Single,Tier-1,1,0
APP101125,35,831000.0,69250.0,0.0,Salaried,Government,7.4,High School,722,3.9,4,0,2,1,0,Gold,490000.0,3,2,1,51,93.6,2,0,0,3,0,0,0.0,0.0,0.0,0.0,0,0,27000.0,400.0,0.6,Personal,770000.0,24,13.06,36629.0,52.9,53.5,0,0.0,0,89000.0,1140000.0,Own,1,Divorced,Tier-2,1,0
APP101126,57,134000.0,11167.0,0.0,Unemployed,None,0.0,Graduate,634,15.1,6,2,2,1,0,Auto,140000.0,2,2,0,22,100.0,0,0,0,0,1,1,75000.0,6600.0,8.8,2000.0,0,1,156600.0,7800.0,72.8,Debt Consolidation,70000.0,24,14.14,3366.0,30.1,102.9,0,0.0,0,73000.0,490000.0,Rent,1,Married,Tier-3,0,-1
APP101127,37,849000.0,70750.0,0.0,Salaried,Construction,3.0,Post-Graduate,766,11.4,9,2,6,5,1,Gold,1210000.0,6,5,1,43,100.0,0,0,0,1,1,2,140000.0,19180.0,13.7,3500.0,0,0,249180.0,5600.0,9.3,Education,1510000.0,120,9.16,19259.0,27.2,36.5,0,0.0,0,59000.0,870000.0,Rent,0,Married,Tier-3,1,0
APP101128,35,252000.0,21000.0,0.0,Salaried,Government,1.4,Post-Graduate,702,6.0,4,2,2,2,0,Home,440000.0,3,1,2,2,98.8,1,0,0,0,0,0,0.0,0.0,0.0,0.0,0,0,93000.0,3700.0,17.6,Debt Consolidation,130000.0,60,13.22,2973.0,14.2,31.8,0,0.0,1,19000.0,1290000.0,Family,1,Married,Tier-1,1,0
APP101129,21,498000.0,41500.0,0.0,Salaried,Construction,0.0,Post-Graduate,645,0.2,3,1,0,0,0,None,0.0,1,1,0,3,99.1,1,0,0,0,1,1,95000.0,34960.0,36.8,2100.0,0,2,241960.0,6600.0,20.1,Education,550000.0,84,11.12,9452.0,22.8,42.9,1,0.0,0,1195000.0,950000.0,Rent,1,Married,Tier-2,1,0
APP101130,28,443000.0,36917.0,0.0,Contract,IT,7.0,Graduate,690,8.0,5,1,3,1,1,Gold,1070000.0,4,3,1,28,100.0,0,0,0,2,0,0,0.0,0.0,0.0,0.0,0,0,712000.0,14000.0,37.9,Home,2020000.0,240,8.32,17301.0,46.9,84.8,1,16.4,0,298000.0,810000.0,Own,0,Married,Tier-2,0,-1
APP101131,35,405000.0,33750.0,0.0,Salaried,IT,4.5,Graduate,673,1.3,6,3,0,0,0,None,0.0,0,0,0,-1,95.9,1,0,0,0,0,0,0.0,0.0,0.0,0.0,0,0,39000.0,1000.0,3.0,Auto,620000.0,36,9.92,19982.0,59.2,62.2,1,27.8,0,17000.0,80000.0,Rent,2,Married,Tier-2,1,0
APP101132,30,359000.0,29917.0,0.0,Self-Employed,Manufacturing,7.4,High School,628,0.8,3,2,4,3,0,Home,810000.0,5,4,1,29,97.1,1,0,0,1,1,2,120000.0,50040.0,41.7,3600.0,0,2,118040.0,2700.0,17.4,Business,420000.0,36,14.14,14383.0,48.1,65.5,0,0.0,0,41000.0,300000.0,Family,1,Married,Tier-1,0,-1
APP101133,53,1146000.0,95500.0,0.0,Business Owner,IT,5.0,High School,796,10.1,6,1,1,1,0,Education,1520000.0,4,4,0,51,100.0,0,0,0,1,0,0,0.0,0.0,0.0,0.0,0,0,896000.0,16100.0,16.9,Auto,1240000.0,60,8.3,25321.0,26.5,43.4,1,12.2,0,154000.0,2590000.0,Rent,0,Single,Tier-1,1,0
APP101134,36,364000.0,30333.0,0.0,Business Owner,Manufacturing,15.0,High School,685,7.5,7,0,5,4,0,Business,390000.0,6,2,4,32,100.0,0,0,0,2,1,4,120000.0,54240.0,45.2,3100.0,0,0,467240.0,6300.0,29.7,Home,3000000.0,300,9.19,25567.0,84.3,114.0,1,21.5,0,75000.0,490000.0,Rent,2,Married,Tier-2,0,-1
APP101135,52,811000.0,67583.0,0.0,Salaried,Banking/Finance,3.0,Post-Graduate,761,7.0,4,2,1,1,0,Gold,2210000.0,2,2,0,13,100.0,0,0,0,0,1,3,135000.0,43605.0,32.3,1300.0,0,0,218605.0,9200.0,16.8,Business,2190000.0,84,11.7,38309.0,56.7,73.5,0,0.0,0,109000.0,360000.0,Own,1,Divorced,Tier-1,1,0
APP101136,39,389000.0,32417.0,32000.0,Salaried,Other,6.0,High School,605,3.1,6,2,3,0,0,Home,660000.0,3,3,0,21,85.8,1,0,1,0,0,0,0.0,0.0,0.0,0.0,0,0,65000.0,1800.0,5.6,Business,950000.0,36,14.07,32501.0,100.3,105.8,0,0.0,0,32000.0,290000.0,Rent,2,Single,Tier-1,0,-1
APP101137,38,264000.0,22000.0,32000.0,Salaried,Education,3.9,Graduate,712,1.1,4,0,3,2,0,Gold,250000.0,4,4,0,43,100.0,0,0,0,0,0,0,0.0,0.0,0.0,0.0,0,0,256000.0,10400.0,47.3,Debt Consolidation,80000.0,24,13.31,3815.0,17.3,64.6,0,0.0,0,45000.0,1250000.0,Rent,2,Single,Tier-3,1,0
APP101138,37,259000.0,21583.0,0.0,Salaried,IT,11.3,Graduate,718,0.2,3,1,4,3,0,Home,130000.0,6,5,1,54,100.0,0,0,0,2,0,0,0.0,0.0,0.0,0.0,0,0,102000.0,2800.0,13.0,Education,390000.0,60,10.06,8298.0,38.4,51.4,0,0.0,0,65000.0,390000.0,Rent,2,Married,Tier-2,1,0
APP101139,38,262000.0,21833.0,56000.0,Business Owner,Education,7.4,Graduate,658,7.0,1,0,2,2,0,Gold,260000.0,2,2,0,31,100.0,0,0,0,1,0,0,0.0,0.0,0.0,0.0,0,0,611000.0,11400.0,52.2,Auto,240000.0,48,10.22,6112.0,28.0,80.2,1,20.2,0,33000.0,610000.0,Family,3,Married,Tier-1,0,-1
APP101140,57,569000.0,47417.0,67000.0,Salaried,Government,5.9,Graduate,733,1.6,3,0,3,1,0,Home,1580000.0,3,2,1,20,99.1,0,0,0,0,0,0,0.0,0.0,0.0,0.0,0,0,612000.0,23800.0,50.2,Personal,270000.0,60,12.94,6135.0,12.9,63.1,0,0.0,0,386000.0,2090000.0,Own,0,Single,Tier-1,1,0
APP101141,21,290000.0,24167.0,0.0,Salaried,Healthcare,0.0,High School,633,1.0,3,1,2,2,0,Auto,790000.0,2,2,0,22,100.0,0,0,0,0,1,2,115000.0,33810.0,29.4,1900.0,0,1,61810.0,1500.0,13.2,Education,250000.0,120,11.33,3491.0,14.4,27.6,0,0.0,0,32000.0,540000.0,Own,1,Married,Tier-2,1,0
APP101142,21,254000.0,21167.0,24000.0,Salaried,Construction,0.0,Graduate,596,1.0,2,4,1,1,0,Gold,610000.0,3,3,0,12,100.0,0,0,0,0,1,2,100000.0,41800.0,41.8,2300.0,1,3,806800.0,12500.0,68.9,Personal,160000.0,60,15.37,3838.0,18.1,87.1,1,0.0,0,120000.0,460000.0,Own,0,Married,Tier-1,1,0
APP101143,32,169000.0,14083.0,0.0,Self-Employed,Other,5.1,Graduate,680,6.1,5,0,2,2,0,Gold,340000.0,5,4,1,10,99.6,1,0,0,1,0,0,0.0,0.0,0.0,0.0,0,0,214000.0,3500.0,24.9,Business,300000.0,60,13.46,6897.0,49.0,73.8,0,0.0,0,70000.0,130000.0,Rent,0,Married,Tier-2,1,0
APP101144,38,660000.0,55000.0,156000.0,Salaried,Other,2.6,Post-Graduate,683,2.1,3,0,2,2,0,Personal,1040000.0,4,4,0,36,99.0,0,0,0,0,1,3,255000.0,131835.0,51.7,6300.0,1,1,628835.0,13600.0,36.7,Auto,670000.0,84,10.47,11286.0,20.5,57.2,1,13.5,0,123000.0,2620000.0,Own,2,Single,Tier-1,1,0
APP101145,46,511000.0,42583.0,46000.0,Self-Employed,IT,1.4,Post-Graduate,742,9.5,7,1,1,0,0,Personal,1470000.0,2,2,0,45,95.2,1,0,0,0,0,0,0.0,0.0,0.0,0.0,0,0,520000.0,8000.0,18.8,Personal,310000.0,24,12.27,14632.0,34.4,53.1,1,0.0,0,87000.0,400000.0,Rent,0,Single,Tier-1,1,0
APP101146,43,347000.0,28917.0,0.0,Salaried,Retail,1.7,Post-Graduate,597,6.8,5,1,3,3,1,Business,550000.0,5,5,0,51,100.0,1,0,0,0,1,3,155000.0,78740.0,50.8,3700.0,1,1,194740.0,6300.0,35.4,Debt Consolidation,130000.0,60,14.99,3092.0,10.7,46.1,1,0.0,0,250000.0,960000.0,Rent,1,Married,Tier-3,0,-1
APP101147,34,94000.0,7833.0,0.0,Retired,None,0.0,Graduate,683,5.7,2,1,4,3,0,Education,240000.0,5,5,0,45,100.0,0,0,0,0,0,0,0.0,0.0,0.0,0.0,0,0,68000.0,1700.0,21.7,Home,700000.0,240,9.41,6484.0,82.8,104.5,1,13.5,0,13000.0,330000.0,Own,1,Single,Tier-1,0,-1
APP101148,49,463000.0,38583.0,0.0,Business Owner,Manufacturing,11.4,High School,658,2.4,3,2,2,2,0,Personal,680000.0,5,5,0,23,100.0,0,0,0,2,1,2,165000.0,54285.0,32.9,3000.0,0,1,1029285.0,24700.0,71.1,Auto,500000.0,60,10.53,10754.0,27.9,98.9,1,14.6,0,356000.0,1240000.0,Rent,3,Married,Tier-1,0,-1
APP101149,49,573000.0,47750.0,0.0,Salaried,Retail,7.0,Graduate,567,1.2,4,3,1,0,0,Auto,1640000.0,2,2,0,17,84.5,0,1,1,0,1,1,195000.0,18330.0,9.4,4800.0,1,0,389330.0,10400.0,23.7,Home,4720000.0,300,10.58,44835.0,93.9,117.6,1,13.6,0,172000.0,1050000.0,Own,2,Married,Tier-1,0,-1
APP101150,40,427000.0,35583.0,0.0,Salaried,Healthcare,1.5,Post-Graduate,547,7.0,6,2,2,1,0,Personal,650000.0,3,2,1,19,94.8,1,1,0,0,1,2,130000.0,85800.0,66.0,4300.0,0,3,489800.0,12400.0,46.9,Home,2080000.0,180,10.85,23446.0,65.9,112.8,1,27.8,0,394000.0,180000.0,Rent,1,Single,Tier-1,0,-1
APP101151,49,226000.0,18833.0,0.0,Salaried,Manufacturing,5.8,Graduate,617,3.1,4,1,3,2,0,Business,80000.0,4,3,1,35,95.5,0,1,0,1,0,0,0.0,0.0,0.0,0.0,0,0,65000.0,2000.0,10.6,Personal,210000.0,24,14.12,10095.0,53.6,64.2,0,0.0,0,17000.0,1350000.0,Rent,1,Single,Tier-1,1,1
APP101152,41,351000.0,29250.0,0.0,Salaried,Government,13.7,High School,711,5.4,4,1,1,0,0,Business,510000.0,2,1,1,30,100.0,0,0,0,1,0,0,0.0,0.0,0.0,0.0,0,0,118000.0,3800.0,13.0,Home,2660000.0,120,9.42,34303.0,117.3,130.3,1,28.8,0,91000.0,890000.0,Rent,4,Married,Tier-1,0,-1
APP101153,32,948000.0,79000.0,0.0,Salaried,IT,4.4,Post-Graduate,773,5.1,8,1,2,1,0,Gold,2170000.0,2,2,0,48,100.0,0,0,0,0,1,2,430000.0,66650.0,15.5,2400.0,0,1,1090650.0,18600.0,27.8,Business,1200000.0,60,11.7,26512.0,33.6,61.3,0,0.0,0,149000.0,400000.0,Own,2,Married,Tier-2,1,0
APP101154,46,77000.0,6417.0,13000.0,Unemployed,None,0.0,Post-Graduate,458,4.9,6,1,0,0,0,None,0.0,1,1,0,32,89.3,1,1,0,0,1,4,35000.0,23100.0,66.0,200.0,0,0,61100.0,600.0,27.3,Personal,50000.0,12,17.5,4572.0,71.2,98.6,0,0.0,0,99000.0,80000.0,Family,3,Single,Tier-2,0,-1
APP101155,39,367000.0,30583.0,0.0,Self-Employed,Government,4.6,High School,629,11.5,5,2,3,3,0,Personal,640000.0,4,3,1,9,96.3,1,0,0,2,1,2,200000.0,151600.0,75.8,900.0,1,0,311600.0,2300.0,32.3,Education,510000.0,84,11.34,8824.0,28.9,61.2,0,0.0,0,130000.0,500000.0,Own,1,Single,Tier-3,1,1
APP101156,38,470000.0,39167.0,0.0,Salaried,Banking/Finance,8.2,Post-Graduate,688,5.0,3,0,0,0,0,None,0.0,2,2,0,54,100.0,0,0,0,2,1,1,145000.0,120495.0,83.1,3800.0,0,2,486495.0,8300.0,36.6,Personal,210000.0,12,13.74,18830.0,48.1,84.6,0,0.0,0,87000.0,1470000.0,Family,0,Single,Tier-3,1,0
APP101157,54,282000.0,23500.0,0.0,Self-Employed,Government,3.0,Graduate,671,2.1,8,1,3,1,0,Education,240000.0,4,4,0,58,99.0,0,0,0,1,1,2,110000.0,33110.0,30.1,1700.0,0,0,306110.0,7000.0,36.8,Home,2190000.0,180,9.12,22369.0,95.2,132.0,1,15.8,0,31000.0,60000.0,Own,1,Married,Tier-2,0,-1
APP101158,21,241000.0,20083.0,0.0,Salaried,Retail,0.0,Graduate,699,1.0,3,0,0,0,0,None,0.0,2,2,0,40,100.0,0,0,0,0,0,0,0.0,0.0,0.0,0.0,0,0,165000.0,2500.0,12.4,Personal,120000.0,36,13.57,4076.0,20.3,32.7,0,0.0,0,31000.0,380000.0,Rent,1,Divorced,Tier-1,1,0
APP101159,22,163000.0,13583.0,0.0,Salaried,Healthcare,1.0,Graduate,655,2.0,3,1,0,0,0,None,0.0,1,1,0,49,94.4,1,0,0,0,0,0,0.0,0.0,0.0,0.0,0,0,204000.0,3500.0,25.8,Personal,80000.0,12,13.01,7146.0,52.6,78.4,0,0.0,0,72000.0,250000.0,Rent,1,Single,Tier-2,0,-1
APP101160,25,1016000.0,84667.0,0.0,Salaried,Retail,4.0,Post-Graduate,641,2.9,3,2,2,2,0,Gold,790000.0,3,1,2,43,85.6,0,1,1,0,0,0,0.0,0.0,0.0,0.0,0,0,1240000.0,30300.0,35.8,Business,2510000.0,36,14.1,85908.0,101.5,137.3,0,0.0,0,553000.0,560000.0,Own,3,Married,Tier-2,0,-1
APP101161,34,628000.0,52333.0,0.0,Business Owner,Retail,5.4,High School,685,2.4,5,1,2,2,0,Home,1210000.0,2,2,0,58,100.0,0,0,0,1,0,0,0.0,0.0,0.0,0.0,0,0,333000.0,9200.0,17.6,Personal,520000.0,12,13.69,46613.0,89.1,106.6,0,0.0,0,827000.0,1720000.0,Rent,3,Divorced,Tier-1,0,-1
APP101162,35,472000.0,39333.0,0.0,Contract,Banking/Finance,4.1,Post-Graduate,575,6.7,4,4,1,1,0,Gold,740000.0,2,1,1,44,86.9,0,1,1,0,1,2,165000.0,49005.0,29.7,1700.0,1,1,169005.0,5200.0,19.4,Home,2930000.0,180,10.49,32370.0,82.3,101.7,1,11.1,0,146000.0,650000.0,Own,0,Married,Tier-2,0,-1
APP101163,21,353000.0,29417.0,46000.0,Salaried,Education,0.0,High School,639,1.0,2,1,2,2,0,Education,140000.0,2,1,1,28,100.0,0,0,0,0,1,5,145000.0,61770.0,42.6,1500.0,1,3,128770.0,2300.0,18.3,Personal,230000.0,12,14.48,20703.0,70.4,88.7,0,0.0,0,17000.0,880000.0,Rent,1,Married,Tier-2,0,-1
APP101164,27,526000.0,43833.0,0.0,Salaried,Education,6.0,Graduate,697,6.8,7,2,3,1,0,Personal,350000.0,3,1,2,25,95.5,0,0,1,0,0,0,0.0,0.0,0.0,0.0,0,0,777000.0,11300.0,25.8,Debt Consolidation,200000.0,24,13.89,9592.0,21.9,47.7,0,0.0,0,227000.0,320000.0,Family,0,Married,Tier-2,1,1
APP101165,29,277000.0,23083.0,0.0,Salaried,Manufacturing,2.4,Graduate,652,9.0,8,5,1,1,0,Auto,320000.0,2,1,1,40,95.7,1,0,0,0,0,0,0.0,0.0,0.0,0.0,0,0,815000.0,13700.0,59.4,Auto,250000.0,60,10.66,5393.0,23.4,82.7,1,23.0,0,130000.0,590000.0,Rent,0,Married,Tier-2,0,-1
APP101166,65,63000.0,5250.0,0.0,Unemployed,None,0.0,Post-Graduate,605,8.2,5,1,4,3,0,Education,120000.0,4,3,1,2,100.0,0,0,0,0,0,0,0.0,0.0,0.0,0.0,0,0,48000.0,1200.0,22.9,Business,100000.0,36,14.79,3456.0,65.8,88.7,0,0.0,1,13000.0,160000.0,Rent,0,Single,Tier-3,0,-1
APP101167,58,434000.0,36167.0,0.0,Self-Employed,Education,1.5,Post-Graduate,790,14.3,12,2,2,2,0,Home,970000.0,2,1,1,33,97.1,0,0,0,0,0,0,0.0,0.0,0.0,0.0,0,0,94000.0,1800.0,5.0,Personal,200000.0,24,12.38,9450.0,26.1,31.1,0,0.0,0,226000.0,320000.0,Family,1,Divorced,Tier-2,1,0
APP101168,33,2500000.0,208333.0,0.0,Self-Employed,Retail,9.4,Post-Graduate,672,5.4,6,0,3,3,1,Business,3980000.0,4,2,2,10,100.0,0,0,0,0,1,1,580000.0,249980.0,43.1,7000.0,0,0,2087980.0,78500.0,43.7,Home,20370000.0,240,10.02,196845.0,94.5,138.2,1,14.5,0,873000.0,1970000.0,Rent,1,Single,Tier-2,0,-1
APP101169,34,823000.0,68583.0,147000.0,Contract,Manufacturing,6.9,Post-Graduate,659,5.4,3,2,3,2,0,Education,300000.0,3,3,0,32,100.0,1,0,0,0,1,3,195000.0,127530.0,65.4,6200.0,1,0,1914530.0,26400.0,47.8,Personal,600000.0,12,14.16,53917.0,78.6,126.4,0,0.0,0,415000.0,370000.0,Rent,1,Married,Tier-1,0,-1
APP101170,25,396000.0,33000.0,0.0,Contract,Other,4.0,Graduate,632,5.0,8,3,1,1,0,Business,830000.0,2,2,0,22,100.0,1,0,0,0,1,2,145000.0,36830.0,25.4,1100.0,0,0,684830.0,13900.0,47.7,Business,480000.0,60,14.14,11204.0,34.0,81.7,0,0.0,0,34000.0,210000.0,Own,2,Married,Tier-2,1,1
APP101171,21,1273000.0,106083.0,218000.0,Salaried,Construction,0.0,Doctorate,751,1.0,4,0,2,1,0,Gold,3650000.0,4,3,1,14,96.4,0,1,0,0,1,3,225000.0,60525.0,26.9,6100.0,0,0,925525.0,15000.0,17.0,Personal,1080000.0,60,12.42,24254.0,22.9,39.9,0,0.0,1,567000.0,970000.0,Rent,1,Married,Tier-1,1,0
APP101172,37,1080000.0,90000.0,147000.0,Self-Employed,Manufacturing,16.0,Graduate,629,7.0,5,2,2,1,0,Auto,1750000.0,2,2,0,54,96.2,0,1,0,0,1,1,325000.0,158925.0,48.9,7100.0,0,0,220925.0,1200.0,10.2,Auto,1360000.0,60,11.0,29570.0,32.9,43.0,1,29.5,0,90000.0,1470000.0,Family,1,Married,Tier-1,1,0
APP101173,27,292000.0,24333.0,0.0,Business Owner,Government,2.6,Graduate,619,2.5,5,1,0,0,0,None,0.0,2,0,2,45,96.3,0,1,0,1,1,4,105000.0,24150.0,23.0,600.0,1,0,265150.0,4900.0,25.1,Home,1830000.0,180,9.77,19409.0,79.8,104.9,1,27.1,0,35000.0,680000.0,Own,1,Married,Tier-3,0,-1
APP101174,37,378000.0,31500.0,0.0,Salaried,Construction,4.4,Graduate,651,5.1,3,1,5,3,1,Personal,450000.0,7,6,1,22,99.4,1,0,0,0,0,0,0.0,0.0,0.0,0.0,0,0,435000.0,9500.0,30.2,Personal,180000.0,60,14.28,4214.0,13.4,43.5,0,0.0,0,124000.0,740000.0,Own,0,Married,Tier-2,1,1
APP101175,21,337000.0,28083.0,0.0,Contract,IT,0.0,Graduate,602,1.0,1,1,0,0,0,None,0.0,0,0,0,-1,92.4,0,0,1,0,0,0,0.0,0.0,0.0,0.0,0,0,142000.0,5300.0,18.9,Personal,250000.0,36,15.26,8698.0,31.0,49.8,0,0.0,0,60000.0,1090000.0,Own,1,Married,Tier-3,0,-1
APP101176,30,636000.0,53000.0,0.0,Salaried,Education,9.0,Graduate,795,2.0,4,0,3,3,0,Personal,1540000.0,3,2,1,26,99.2,0,0,0,0,0,0,0.0,0.0,0.0,0.0,0,0,642000.0,14500.0,27.4,Auto,640000.0,48,7.75,15549.0,29.3,56.7,1,27.9,0,114000.0,510000.0,Own,0,Divorced,Tier-3,1,0
APP101177,40,395000.0,32917.0,0.0,Salaried,Construction,7.7,Graduate,673,5.9,4,1,2,0,0,Auto,580000.0,2,2,0,58,95.2,0,0,0,1,1,4,220000.0,91520.0,41.6,6600.0,1,0,531520.0,6400.0,33.3,Personal,210000.0,60,14.15,4903.0,14.9,48.2,0,0.0,0,126000.0,150000.0,Rent,2,Married,Tier-2,1,0
APP101178,42,360000.0,30000.0,0.0,Contract,IT,7.7,Graduate,721,7.2,4,1,1,1,0,Auto,810000.0,1,1,0,10,100.0,0,0,0,0,0,0,0.0,0.0,0.0,0.0,0,0,218000.0,10400.0,34.7,Education,480000.0,60,8.86,9931.0,33.1,67.8,1,0.0,1,106000.0,160000.0,Rent,1,Single,Tier-3,1,0
APP101179,43,405000.0,33750.0,0.0,Salaried,Manufacturing,2.8,Post-Graduate,642,7.2,6,3,2,1,0,Business,890000.0,3,3,0,9,96.6,1,0,0,0,1,1,60000.0,25980.0,43.3,1400.0,1,1,349980.0,9000.0,30.5,Business,630000.0,60,13.67,14551.0,43.1,73.6,0,0.0,0,32000.0,1640000.0,Own,0,Single,Tier-3,0,-1
APP101180,23,898000.0,74833.0,0.0,Salaried,Construction,0.5,Post-Graduate,765,1.2,2,0,0,0,0,None,0.0,0,0,0,-1,100.0,0,0,0,0,0,0,0.0,0.0,0.0,0.0,0,0,494000.0,8100.0,10.8,Education,1380000.0,60,9.7,29118.0,38.9,49.7,0,0.0,1,215000.0,160000.0,Own,3,Single,Tier-2,1,0
APP101181,47,192000.0,16000.0,39000.0,Salaried,Other,4.2,Graduate,495,2.0,4,1,2,2,0,Gold,520000.0,3,3,0,42,86.3,2,2,0,1,0,0,0.0,0.0,0.0,0.0,0,0,477000.0,9000.0,56.2,Auto,290000.0,60,12.76,6563.0,41.0,97.3,1,27.8,1,127000.0,730000.0,Own,0,Single,Tier-1,0,-1
APP101182,29,459000.0,38250.0,0.0,Self-Employed,Other,3.6,Post-Graduate,716,9.0,2,0,1,1,0,Business,140000.0,1,1,0,19,100.0,0,0,0,0,0,0,0.0,0.0,0.0,0.0,0,0,490000.0,18000.0,47.1,Personal,140000.0,24,13.75,6705.0,17.5,64.6,0,0.0,0,173000.0,180000.0,Rent,1,Married,Tier-1,1,0
APP101183,45,125000.0,10417.0,0.0,Contract,Education,1.0,Graduate,628,10.9,6,3,1,0,0,Gold,310000.0,3,2,1,3,97.7,0,0,0,1,1,6,45000.0,11340.0,25.2,1000.0,0,2,123340.0,4300.0,46.7,Home,970000.0,120,10.12,12883.0,123.7,170.4,1,21.6,1,238000.0,210000.0,Rent,0,Single,Tier-1,0,-1
APP101184,38,243000.0,20250.0,0.0,Salaried,IT,4.5,Graduate,678,5.2,7,2,2,2,0,Education,560000.0,2,2,0,45,95.0,1,0,0,0,0,0,0.0,0.0,0.0,0.0,0,0,184000.0,4300.0,21.2,Business,340000.0,36,13.93,11609.0,57.3,78.6,0,0.0,0,115000.0,1280000.0,Own,0,Married,Tier-1,1,0
APP101185,23,614000.0,51167.0,0.0,Salaried,IT,2.0,Post-Graduate,646,3.0,5,2,1,1,0,Gold,420000.0,2,1,1,55,100.0,1,0,0,0,1,1,280000.0,135800.0,48.5,3300.0,1,1,148800.0,400.0,14.1,Education,910000.0,84,11.33,15740.0,30.8,44.8,0,0.0,0,754000.0,960000.0,Rent,0,Single,Tier-1,1,0
APP101186,35,539000.0,44917.0,0.0,Salaried,Construction,8.0,Graduate,603,2.2,5,4,2,0,0,Auto,650000.0,2,2,0,29,100.0,0,0,0,0,1,7,275000.0,37675.0,13.7,6000.0,0,1,390675.0,13100.0,33.4,Education,890000.0,84,12.02,15720.0,35.0,68.4,0,0.0,0,49000.0,900000.0,Rent,2,Single,Tier-3,0,-1
APP101187,42,168000.0,14000.0,0.0,Retired,None,0.0,Post-Graduate,648,1.5,3,2,0,0,0,None,0.0,1,1,0,13,94.5,0,1,0,1,1,3,65000.0,3185.0,4.9,700.0,0,0,425185.0,6900.0,50.4,Personal,50000.0,12,14.17,4493.0,32.1,82.5,0,0.0,0,46000.0,100000.0,Own,1,Single,Tier-2,0,-1
APP101188,45,764000.0,63667.0,0.0,Salaried,Banking/Finance,1.9,Graduate,684,0.9,5,2,3,2,0,Business,2170000.0,4,2,2,16,98.4,1,0,0,0,1,2,235000.0,67445.0,28.7,6700.0,1,2,156445.0,1600.0,7.8,Personal,510000.0,60,13.81,11817.0,18.6,26.4,0,0.0,0,83000.0,1410000.0,Rent,0,Single,Tier-2,1,0
APP101189,36,337000.0,28083.0,77000.0,Retired,None,0.0,Graduate,621,1.5,1,1,1,0,1,Home,640000.0,1,1,0,8,100.0,0,0,0,0,1,4,100000.0,29200.0,29.2,3000.0,0,1,372200.0,8500.0,35.5,Auto,470000.0,48,10.98,12143.0,43.2,78.7,1,12.1,1,50000.0,850000.0,Rent,3,Divorced,Tier-2,0,-1
APP101190,55,60000.0,5000.0,0.0,Unemployed,None,0.0,High School,544,6.5,6,3,4,2,0,Home,20000.0,7,6,1,27,99.2,1,0,0,0,0,0,0.0,0.0,0.0,0.0,0,0,11000.0,400.0,8.0,Home,450000.0,240,11.41,4771.0,95.4,103.4,1,18.8,0,85000.0,620000.0,Rent,1,Single,Tier-1,0,-1
APP101191,49,674000.0,56167.0,0.0,Salaried,Construction,11.6,Post-Graduate,612,4.7,5,4,1,0,0,Business,1740000.0,1,1,0,28,99.8,1,0,0,0,1,2,165000.0,102630.0,62.2,5200.0,1,3,568630.0,25300.0,54.2,Auto,980000.0,84,11.64,17112.0,30.5,84.6,1,13.4,0,41000.0,810000.0,Rent,1,Married,Tier-3,0,-1
APP101192,35,295000.0,24583.0,0.0,Contract,Government,7.4,Graduate,718,5.6,4,0,2,2,0,Home,600000.0,2,2,0,53,100.0,0,0,0,0,0,0,0.0,0.0,0.0,0.0,0,0,191000.0,7500.0,30.5,Business,1000000.0,36,12.11,33267.0,135.3,165.8,0,0.0,0,208000.0,6200000.0,Family,0,Single,Tier-2,0,-1
APP101193,46,904000.0,75333.0,0.0,Business Owner,Other,4.4,Graduate,755,5.6,3,1,1,1,0,Personal,420000.0,1,1,0,5,100.0,0,0,0,1,1,2,470000.0,130660.0,27.8,4800.0,1,0,538660.0,11800.0,24.3,Home,6600000.0,240,8.2,56029.0,74.4,98.7,1,11.8,0,420000.0,400000.0,Rent,1,Married,Tier-1,0,-1
APP101194,59,203000.0,16917.0,0.0,Self-Employed,Banking/Finance,12.3,High School,627,1.9,3,3,0,0,0,None,0.0,1,1,0,39,100.0,0,0,0,1,1,2,80000.0,16880.0,21.1,1800.0,0,1,196880.0,5700.0,38.7,Personal,190000.0,36,14.65,6554.0,38.7,77.4,0,0.0,0,111000.0,410000.0,Own,3,Single,Tier-1,0,-1
APP101195,60,430000.0,35833.0,0.0,Retired,None,0.0,Graduate,675,6.8,7,2,5,3,1,Education,440000.0,6,6,0,15,100.0,0,0,0,1,0,0,0.0,0.0,0.0,0.0,0,0,290000.0,9000.0,25.1,Auto,400000.0,48,10.63,10266.0,28.6,53.8,1,11.3,0,97000.0,420000.0,Own,1,Single,Tier-2,1,0
APP101196,24,666000.0,55500.0,78000.0,Contract,Other,3.0,Graduate,647,4.0,5,0,2,2,0,Business,1350000.0,2,1,1,40,94.8,1,1,0,1,1,3,310000.0,153450.0,49.5,3500.0,0,2,311450.0,5400.0,23.6,Home,3160000.0,180,10.03,34016.0,61.3,84.8,1,17.1,0,709000.0,750000.0,Own,0,Married,Tier-1,0,-1
APP101197,28,243000.0,20250.0,23000.0,Contract,Retail,7.0,Post-Graduate,667,2.0,7,1,1,1,0,Auto,560000.0,3,2,1,33,100.0,0,0,0,0,0,0,0.0,0.0,0.0,0.0,0,0,55000.0,2500.0,12.3,Personal,130000.0,60,14.11,3032.0,15.0,27.3,0,0.0,1,86000.0,90000.0,Own,0,Married,Tier-1,1,0
APP101198,54,395000.0,32917.0,0.0,Business Owner,Government,1.1,Graduate,544,4.9,7,2,2,2,0,Business,860000.0,7,6,1,52,90.1,3,0,0,0,1,7,95000.0,60990.0,64.2,1300.0,0,0,399990.0,15300.0,55.7,Auto,570000.0,84,12.21,10126.0,30.8,86.5,1,27.2,0,201000.0,1280000.0,Rent,1,Single,Tier-1,0,-1
APP101199,26,151000.0,12583.0,0.0,Retired,None,0.0,High School,621,6.0,7,2,3,1,0,Home,450000.0,3,2,1,14,95.6,0,1,0,1,0,0,0.0,0.0,0.0,0.0,0,0,255000.0,3700.0,29.4,Personal,90000.0,24,14.89,4359.0,34.6,64.0,0,0.0,0,7000.0,740000.0,Own,1,Single,Tier-1,0,-1
APP101200,23,257000.0,21417.0,23000.0,Salaried,IT,2.0,High School,681,3.0,4,0,1,0,0,Home,530000.0,2,1,1,52,95.9,1,0,0,0,0,0,0.0,0.0,0.0,0.0,0,0,146000.0,5700.0,26.6,Personal,240000.0,36,13.64,8161.0,38.1,64.7,0,0.0,0,27000.0,500000.0,Own,0,Single,Tier-1,1,0
APP101201,33,529000.0,44083.0,0.0,Contract,Manufacturing,10.1,Graduate,695,7.4,3,0,2,1,0,Auto,230000.0,2,1,1,17,100.0,0,0,0,1,1,1,215000.0,61920.0,28.8,3400.0,1,1,207920.0,5800.0,20.2,Education,880000.0,60,10.33,18841.0,42.7,62.9,0,0.0,0,108000.0,1490000.0,Own,1,Married,Tier-1,1,1
APP101202,43,62000.0,5167.0,0.0,Unemployed,None,0.0,Post-Graduate,441,2.2,3,2,1,1,0,Education,60000.0,1,1,0,55,86.6,2,1,0,0,0,0,0.0,0.0,0.0,0.0,0,0,74000.0,3000.0,58.1,Home,360000.0,240,13.79,4422.0,85.6,143.6,1,18.1,0,31000.0,30000.0,Family,3,Single,Tier-1,0,-1
APP101203,37,1397000.0,116417.0,0.0,Salaried,IT,13.8,Post-Graduate,693,0.8,3,1,2,0,1,Business,770000.0,3,2,1,28,99.9,1,0,0,0,1,1,520000.0,91520.0,17.6,13400.0,1,0,531520.0,12200.0,14.4,Business,1820000.0,60,13.1,41504.0,35.7,50.1,0,0.0,1,131000.0,640000.0,Rent,1,Married,Tier-2,1,0
APP101204,31,459000.0,38250.0,0.0,Salaried,Education,9.5,Graduate,540,4.0,2,2,3,1,0,Auto,1100000.0,3,2,1,28,83.6,0,2,1,3,0,0,0.0,0.0,0.0,0.0,0,0,148000.0,2200.0,5.8,Home,2140000.0,180,11.66,25217.0,65.9,71.7,1,26.6,0,28000.0,1390000.0,Own,2,Single,Tier-1,0,-1
APP101205,31,1743000.0,145250.0,0.0,Salaried,Other,10.0,Graduate,748,4.5,5,2,1,1,0,Auto,3620000.0,2,1,1,46,100.0,0,0,0,0,1,3,465000.0,164610.0,35.4,7200.0,0,3,1271610.0,21700.0,20.6,Personal,1350000.0,60,13.37,30973.0,21.3,41.9,0,0.0,0,543000.0,3180000.0,Own,0,Married,Tier-1,1,0
APP101206,30,503000.0,41917.0,0.0,Contract,IT,4.1,Graduate,676,10.0,6,1,4,1,0,Business,660000.0,5,3,2,51,100.0,0,0,0,1,1,3,285000.0,162735.0,57.1,3500.0,0,1,1296735.0,16600.0,59.0,Business,520000.0,84,12.62,9353.0,22.3,81.3,1,0.0,0,60000.0,2680000.0,Rent,0,Single,Tier-2,1,0
APP101207,28,247000.0,20583.0,44000.0,Salaried,Healthcare,2.5,Post-Graduate,517,3.7,5,3,1,0,0,Home,100000.0,1,1,0,29,100.0,0,0,0,1,1,2,145000.0,104545.0,72.1,1500.0,1,0,401545.0,10800.0,77.9,Home,1430000.0,240,12.25,15995.0,77.7,155.6,1,15.0,0,89000.0,540000.0,Rent,1,Married,Tier-2,0,-1
APP101208,63,2443000.0,203583.0,0.0,Business Owner,Government,2.2,Post-Graduate,747,1.9,4,0,2,0,0,Business,4010000.0,2,1,1,27,100.0,1,0,0,0,1,2,1180000.0,564040.0,47.8,16900.0,0,1,2102040.0,27500.0,27.4,Debt Consolidation,1160000.0,24,13.57,55460.0,27.2,54.6,0,0.0,0,510000.0,480000.0,Rent,4,Single,Tier-1,1,0
APP101209,41,1027000.0,85583.0,0.0,Salaried,Healthcare,8.1,Post-Graduate,734,2.7,5,1,1,0,0,Home,2770000.0,1,1,0,54,99.8,0,0,0,0,0,0,0.0,0.0,0.0,0.0,0,0,31000.0,1400.0,1.6,Auto,900000.0,60,8.28,18370.0,21.5,23.1,1,15.2,0,495000.0,940000.0,Family,2,Married,Tier-1,1,0
APP101210,48,377000.0,31417.0,0.0,Salaried,Banking/Finance,1.2,High School,674,7.3,3,3,2,1,0,Education,570000.0,2,2,0,46,96.3,0,1,0,0,0,0,0.0,0.0,0.0,0.0,0,0,388000.0,8100.0,25.8,Debt Consolidation,420000.0,36,15.56,14675.0,46.7,72.5,0,0.0,0,28000.0,1600000.0,Own,0,Single,Tier-1,1,1
APP101211,33,641000.0,53417.0,131000.0,Self-Employed,Banking/Finance,1.3,Graduate,734,5.2,6,0,2,0,0,Home,1750000.0,3,3,0,34,100.0,0,0,0,2,1,2,110000.0,23320.0,21.2,2200.0,1,1,360320.0,5800.0,13.0,Auto,660000.0,48,8.71,16333.0,30.6,43.6,1,29.4,0,107000.0,430000.0,Rent,0,Single,Tier-1,1,0
APP101212,36,328000.0,27333.0,0.0,Salaried,IT,3.4,Doctorate,703,4.5,4,3,0,0,0,None,0.0,0,0,0,-1,100.0,0,0,0,0,0,0,0.0,0.0,0.0,0.0,0,0,89000.0,3700.0,13.5,Personal,250000.0,12,13.07,22338.0,81.7,95.3,0,0.0,0,69000.0,480000.0,Rent,2,Single,Tier-2,0,-1
APP101213,30,60000.0,5000.0,0.0,Unemployed,None,0.0,Graduate,647,10.0,11,0,2,2,0,Home,170000.0,4,2,2,44,100.0,0,0,0,0,0,0,0.0,0.0,0.0,0.0,0,0,24000.0,600.0,12.0,Education,110000.0,60,11.34,2410.0,48.2,60.2,0,0.0,1,39000.0,30000.0,Family,0,Single,Tier-3,0,-1
APP101214,21,391000.0,32583.0,0.0,Salaried,Retail,0.0,Graduate,672,0.4,3,3,2,0,0,Auto,400000.0,3,3,0,16,97.1,0,0,0,0,0,0,0.0,0.0,0.0,0.0,0,0,371000.0,13300.0,40.8,Education,200000.0,60,10.74,4323.0,13.3,54.1,0,0.0,0,70000.0,1520000.0,Own,0,Married,Tier-1,1,0
APP101215,23,160000.0,13333.0,38000.0,Unemployed,None,0.0,Post-Graduate,555,3.0,4,2,4,2,0,Personal,180000.0,5,3,2,46,100.0,0,0,0,0,1,4,75000.0,28200.0,37.6,800.0,0,2,269200.0,6100.0,56.3,Home,1160000.0,180,11.1,13257.0,99.4,155.8,1,14.1,0,46000.0,200000.0,Rent,1,Single,Tier-2,0,-1
APP101216,21,622000.0,51833.0,0.0,Salaried,Government,0.0,Post-Graduate,729,0.1,0,1,0,0,0,None,0.0,0,0,0,-1,100.0,1,0,0,0,0,0,0.0,0.0,0.0,0.0,0,0,0.0,0.0,0.0,Home,6190000.0,300,7.32,45021.0,86.9,86.9,1,18.6,0,68000.0,1000000.0,Own,0,Single,Tier-1,0,-1
APP101217,21,1025000.0,85417.0,0.0,Salaried,Manufacturing,0.0,Graduate,652,1.0,2,0,0,0,0,None,0.0,0,0,0,-1,100.0,1,0,0,0,1,1,505000.0,214120.0,42.4,4400.0,1,0,1430120.0,20800.0,36.9,Business,1060000.0,36,12.83,35629.0,41.7,78.6,1,0.0,1,468000.0,1700000.0,Own,1,Married,Tier-2,0,-1
APP101218,25,965000.0,80417.0,0.0,Self-Employed,Other,4.0,Graduate,704,5.0,7,2,3,2,0,Home,2060000.0,3,2,1,2,95.1,2,0,0,0,0,0,0.0,0.0,0.0,0.0,0,0,323000.0,15700.0,19.5,Personal,190000.0,60,13.09,4332.0,5.4,24.9,0,0.0,0,495000.0,1890000.0,Rent,1,Married,Tier-2,1,0
APP101219,53,533000.0,44417.0,0.0,Salaried,Healthcare,3.6,Post-Graduate,751,5.6,7,0,2,2,0,Auto,1160000.0,2,1,1,49,98.4,0,0,0,0,0,0,0.0,0.0,0.0,0.0,0,0,418000.0,15500.0,34.9,Auto,450000.0,60,8.85,9309.0,21.0,55.9,1,29.2,0,136000.0,300000.0,Rent,1,Married,Tier-3,1,0
APP101220,38,889000.0,74083.0,0.0,Salaried,Banking/Finance,10.5,Graduate,778,5.7,11,0,1,1,0,Home,1370000.0,1,1,0,57,100.0,0,0,0,0,0,0,0.0,0.0,0.0,0.0,0,0,598000.0,31800.0,42.9,Home,4370000.0,240,7.66,35633.0,48.1,91.0,1,20.7,1,144000.0,3540000.0,Own,3,Married,Tier-2,1,0
APP101221,52,1293000.0,107750.0,0.0,Salaried,Construction,7.9,Post-Graduate,766,9.3,8,3,2,1,0,Gold,2400000.0,2,2,0,34,100.0,0,0,0,0,1,2,480000.0,61920.0,12.9,3000.0,1,0,511920.0,7500.0,9.8,Auto,1640000.0,36,9.15,52266.0,48.5,58.3,1,10.4,1,215000.0,2910000.0,Rent,1,Married,Tier-2,1,0
APP101222,43,462000.0,38500.0,0.0,Self-Employed,Retail,6.4,Graduate,597,1.8,2,4,3,2,0,Home,610000.0,4,3,1,14,100.0,0,0,0,0,1,5,80000.0,20880.0,26.1,2100.0,0,1,287880.0,10000.0,28.7,Debt Consolidation,200000.0,24,15.33,9729.0,25.3,54.0,1,0.0,1,100000.0,940000.0,Rent,2,Single,Tier-1,1,0
APP101223,47,407000.0,33917.0,0.0,Contract,Manufacturing,5.1,Post-Graduate,699,7.9,5,1,3,2,1,Education,640000.0,3,2,1,39,98.3,0,0,0,1,0,0,0.0,0.0,0.0,0.0,0,0,359000.0,6300.0,18.6,Education,340000.0,120,11.03,4689.0,13.8,32.4,0,0.0,0,188000.0,1030000.0,Family,0,Married,Tier-1,1,0
APP101224,28,551000.0,45917.0,0.0,Salaried,Education,1.3,Post-Graduate,720,8.0,7,2,5,3,0,Personal,470000.0,6,5,1,36,99.2,1,0,0,0,0,0,0.0,0.0,0.0,0.0,0,0,831000.0,17700.0,38.5,Personal,300000.0,36,13.0,10108.0,22.0,60.6,0,0.0,0,116000.0,830000.0,Own,2,Divorced,Tier-2,1,1
APP101225,44,141000.0,11750.0,0.0,Salaried,Other,22.1,Graduate,593,4.7,6,0,1,1,0,Auto,110000.0,1,1,0,27,89.9,1,1,0,1,0,0,0.0,0.0,0.0,0.0,0,0,50000.0,2200.0,18.7,Personal,120000.0,12,13.9,10769.0,91.7,110.4,1,0.0,0,115000.0,330000.0,Own,2,Married,Tier-2,0,-1
APP101226,46,528000.0,44000.0,0.0,Self-Employed,Healthcare,1.9,Graduate,678,3.0,2,4,2,1,0,Auto,550000.0,2,1,1,7,96.8,1,0,0,0,0,0,0.0,0.0,0.0,0.0,0,0,80000.0,1500.0,3.4,Home,2510000.0,180,8.95,25383.0,57.7,61.1,1,15.0,0,132000.0,460000.0,Rent,2,Single,Tier-1,1,1
APP101227,32,572000.0,47667.0,0.0,Self-Employed,Other,11.0,High School,698,1.0,4,3,1,0,0,Gold,870000.0,1,1,0,45,100.0,0,0,0,1,1,2,240000.0,13440.0,5.6,3300.0,1,2,589440.0,8600.0,19.5,Education,420000.0,120,10.36,5634.0,11.8,31.3,0,0.0,1,60000.0,2990000.0,Rent,0,Married,Tier-2,1,0
APP101228,44,922000.0,76833.0,0.0,Business Owner,Other,9.0,Post-Graduate,808,24.0,14,3,2,1,0,Auto,830000.0,4,4,0,17,100.0,0,0,0,0,0,0,0.0,0.0,0.0,0.0,0,0,1148000.0,18900.0,24.6,Business,3200000.0,60,11.08,69703.0,90.7,115.3,0,0.0,1,1270000.0,110000.0,Rent,1,Married,Tier-3,0,-1
APP101229,44,511000.0,42583.0,30000.0,Salaried,Government,3.8,Graduate,671,5.6,6,0,0,0,0,None,0.0,0,0,0,-1,96.6,1,0,0,0,1,1,250000.0,83000.0,33.2,1600.0,0,2,233000.0,7200.0,26.7,Personal,450000.0,24,13.57,21514.0,50.5,77.2,1,0.0,1,79000.0,1070000.0,Rent,0,Divorced,Tier-1,0,-1
APP101230,32,615000.0,51250.0,114000.0,Business Owner,Banking/Finance,3.3,Graduate,658,0.8,4,0,1,0,0,Personal,520000.0,3,3,0,44,95.5,1,0,0,1,1,2,100000.0,67600.0,67.6,2600.0,1,1,238600.0,5500.0,17.3,Education,540000.0,120,10.4,7256.0,14.2,31.5,0,0.0,0,78000.0,580000.0,Family,1,Single,Tier-2,1,0
APP101231,26,67000.0,5583.0,0.0,Retired,None,0.0,Post-Graduate,593,2.1,2,3,2,1,0,Home,70000.0,3,3,0,53,99.9,0,0,0,0,0,0,0.0,0.0,0.0,0.0,0,0,163000.0,2500.0,44.8,Personal,40000.0,24,14.63,1932.0,34.6,79.4,0,0.0,0,14000.0,770000.0,Rent,0,Single,Tier-2,0,-1
APP101232,25,1324000.0,110333.0,0.0,Salaried,Banking/Finance,4.0,Post-Graduate,779,3.2,8,1,4,3,0,Gold,2540000.0,4,1,3,48,96.9,1,0,0,1,0,0,0.0,0.0,0.0,0.0,0,0,902000.0,27200.0,24.7,Personal,700000.0,60,12.48,15741.0,14.3,38.9,0,0.0,0,1096000.0,1970000.0,Own,2,Single,Tier-2,1,0
APP101233,39,416000.0,34667.0,70000.0,Salaried,Government,1.2,Post-Graduate,565,9.7,7,1,2,1,0,Home,370000.0,5,4,1,50,91.6,2,1,0,1,1,4,225000.0,112950.0,50.2,1500.0,0,2,559950.0,10000.0,45.1,Education,320000.0,84,12.61,5754.0,16.6,61.7,0,0.0,0,274000.0,1240000.0,Rent,0,Married,Tier-3,0,-1
APP101234,42,337000.0,28083.0,0.0,Salaried,Manufacturing,12.1,Graduate,675,2.1,1,1,0,0,0,None,0.0,0,0,0,-1,100.0,0,0,0,0,1,1,60000.0,18060.0,30.1,700.0,0,1,295060.0,4000.0,17.5,Home,2400000.0,120,9.02,30428.0,108.4,125.8,1,24.0,0,159000.0,90000.0,Family,2,Married,Tier-1,0,-1
APP101235,29,1536000.0,128000.0,0.0,Self-Employed,Other,6.8,Doctorate,706,3.1,4,3,4,3,0,Gold,4530000.0,6,6,0,59,100.0,0,0,0,1,1,3,615000.0,267525.0,43.5,12100.0,0,1,2253525.0,51600.0,50.8,Education,2050000.0,120,9.99,27080.0,21.2,71.9,0,0.0,0,646000.0,840000.0,Own,2,Single,Tier-2,1,0
APP101236,38,928000.0,77333.0,0.0,Salaried,IT,5.5,Post-Graduate,719,8.6,6,1,2,1,0,Auto,1790000.0,3,2,1,9,92.5,0,1,0,0,0,0,0.0,0.0,0.0,0.0,0,0,3263000.0,48300.0,62.5,Business,1470000.0,60,12.3,32923.0,42.6,105.0,0,0.0,0,362000.0,1320000.0,Own,2,Single,Tier-1,1,0
APP101237,44,140000.0,11667.0,19000.0,Retired,None,0.0,High School,689,3.8,6,1,0,0,0,None,0.0,2,2,0,2,100.0,0,0,0,0,1,7,35000.0,3395.0,9.7,800.0,0,0,84395.0,2600.0,23.7,Personal,40000.0,60,13.54,921.0,7.9,31.6,0,0.0,1,53000.0,460000.0,Family,1,Married,Tier-2,1,0
APP101238,45,1114000.0,92833.0,0.0,Self-Employed,Healthcare,7.0,Doctorate,645,5.5,5,1,3,2,1,Business,2720000.0,3,3,0,16,91.6,0,0,1,0,1,2,175000.0,47950.0,27.4,4800.0,1,0,719950.0,28700.0,33.5,Education,1680000.0,120,11.86,23967.0,25.8,59.3,0,0.0,0,477000.0,1200000.0,Family,0,Married,Tier-1,0,-1
APP101239,55,248000.0,20667.0,29000.0,Self-Employed,Construction,4.3,Graduate,711,1.4,3,2,1,1,0,Business,550000.0,2,2,0,42,100.0,0,0,0,1,0,0,0.0,0.0,0.0,0.0,0,0,17000.0,900.0,4.4,Home,1510000.0,240,8.99,13576.0,65.7,70.0,1,12.1,0,51000.0,1250000.0,Rent,2,Married,Tier-1,1,0
APP101240,52,436000.0,36333.0,0.0,Contract,Banking/Finance,4.8,Post-Graduate,643,1.7,3,3,1,0,0,Auto,200000.0,2,0,2,50,100.0,0,0,0,1,1,3,215000.0,85140.0,39.6,2200.0,0,0,129140.0,1000.0,14.5,Personal,120000.0,36,13.86,4093.0,11.3,25.7,0,0.0,1,59000.0,690000.0,Own,1,Married,Tier-1,1,0
APP101241,27,1112000.0,92667.0,205000.0,Salaried,Manufacturing,6.0,Post-Graduate,681,1.9,4,3,0,0,0,None,0.0,1,0,1,25,100.0,0,0,0,1,1,2,535000.0,157290.0,29.4,3800.0,1,0,1194290.0,48300.0,60.6,Education,1090000.0,60,10.27,23304.0,25.1,85.8,0,0.0,0,630000.0,15770000.0,Rent,1,Married,Tier-2,1,0
APP101242,57,274000.0,22833.0,0.0,Contract,Construction,11.3,Graduate,660,4.9,4,3,2,1,0,Education,400000.0,2,2,0,56,94.6,0,1,0,0,0,0,0.0,0.0,0.0,0.0,0,0,309000.0,5500.0,24.1,Auto,420000.0,48,10.57,10768.0,47.2,71.2,1,27.7,0,31000.0,240000.0,Family,1,Married,Tier-1,0,-1
APP101243,32,261000.0,21750.0,0.0,Salaried,Other,8.7,Graduate,763,5.4,4,0,2,1,0,Gold,140000.0,3,3,0,19,100.0,0,0,0,2,1,5,105000.0,13965.0,13.3,1800.0,0,0,176965.0,2600.0,15.2,Education,180000.0,60,9.51,3781.0,17.4,32.5,0,0.0,0,75000.0,1330000.0,Rent,0,Married,Tier-3,1,0
APP101244,49,365000.0,30417.0,0.0,Self-Employed,Other,3.8,High School,645,5.8,4,4,3,3,0,Personal,250000.0,4,2,2,55,100.0,1,0,0,0,0,0,0.0,0.0,0.0,0.0,0,0,177000.0,3400.0,11.2,Home,2930000.0,180,10.19,31827.0,104.6,115.8,1,10.1,0,57000.0,830000.0,Own,0,Divorced,Tier-1,0,-1
APP101245,39,169000.0,14083.0,0.0,Retired,None,0.0,Graduate,601,11.0,6,5,4,3,0,Education,450000.0,5,3,2,17,98.7,0,0,0,0,1,3,70000.0,13580.0,19.4,1600.0,0,1,148580.0,3900.0,32.5,Home,1630000.0,300,11.04,16023.0,113.8,146.3,1,27.3,1,24000.0,290000.0,Family,1,Married,Tier-3,0,-1
APP101246,33,544000.0,45333.0,0.0,Contract,Banking/Finance,8.0,Graduate,640,3.0,2,0,0,0,0,None,0.0,1,1,0,8,89.6,1,1,0,0,1,2,200000.0,65000.0,32.5,3500.0,0,2,252000.0,4900.0,18.0,Education,870000.0,60,10.78,18821.0,41.5,59.5,0,0.0,0,275000.0,450000.0,Rent,1,Single,Tier-3,1,0
APP101247,21,199000.0,16583.0,42000.0,Contract,IT,0.0,Post-Graduate,591,1.0,5,2,2,2,0,Home,460000.0,2,2,0,36,99.1,1,0,0,0,1,1,80000.0,40000.0,50.0,1200.0,1,0,490000.0,6900.0,53.7,Education,230000.0,84,12.16,4080.0,24.6,78.3,0,0.0,0,73000.0,400000.0,Own,2,Single,Tier-2,0,-1
APP101248,36,79000.0,6583.0,0.0,Salaried,Manufacturing,4.7,High School,591,8.7,9,2,5,4,0,Home,40000.0,7,6,1,47,96.3,0,1,0,0,0,0,0.0,0.0,0.0,0.0,0,0,53000.0,1300.0,19.7,Auto,70000.0,48,11.33,1820.0,27.6,47.4,1,22.9,1,68000.0,50000.0,Own,0,Married,Tier-3,1,0
APP101249,21,565000.0,47083.0,31000.0,Contract,Retail,0.0,Graduate,637,1.0,6,2,0,0,0,None,0.0,2,2,0,32,94.8,0,1,0,1,0,0,0.0,0.0,0.0,0.0,0,0,498000.0,17900.0,38.0,Education,690000.0,60,10.88,14961.0,31.8,69.8,1,0.0,0,116000.0,770000.0,Own,0,Single,Tier-1,1,0
APP101250,49,250000.0,20833.0,9000.0,Self-Employed,Retail,2.0,Graduate,619,8.3,7,1,3,1,1,Gold,580000.0,3,3,0,46,96.9,1,0,0,0,1,4,95000.0,18430.0,19.4,2200.0,0,0,221430.0,7300.0,39.5,Auto,230000.0,84,10.76,3909.0,18.8,58.2,1,13.7,1,114000.0,100000.0,Family,3,Married,Tier-2,1,1
APP101251,55,327000.0,27250.0,12000.0,Self-Employed,IT,2.6,Graduate,683,6.0,3,1,3,2,0,Home,900000.0,4,4,0,27,100.0,0,0,0,1,0,0,0.0,0.0,0.0,0.0,0,0,194000.0,6700.0,24.6,Personal,90000.0,12,13.06,8041.0,29.5,54.1,0,0.0,1,47000.0,1130000.0,Own,1,Married,Tier-1,1,0
APP101252,29,101000.0,8417.0,0.0,Salaried,Government,8.0,High School,659,3.3,7,1,0,0,0,None,0.0,0,0,0,-1,100.0,0,0,0,2,1,5,15000.0,1410.0,9.4,300.0,0,0,68410.0,2000.0,24.6,Personal,80000.0,36,13.31,2707.0,32.2,56.8,0,0.0,0,38000.0,100000.0,Rent,0,Single,Tier-1,1,0
APP101253,41,532000.0,44333.0,0.0,Salaried,Manufacturing,0.6,High School,667,3.3,3,0,1,1,0,Home,1060000.0,1,1,0,38,96.4,2,0,0,0,0,0,0.0,0.0,0.0,0.0,0,0,1251000.0,31000.0,69.9,Auto,390000.0,48,10.65,10014.0,22.6,92.5,1,13.4,0,54000.0,1920000.0,Own,2,Married,Tier-2,0,-1
APP101254,30,606000.0,50500.0,124000.0,Self-Employed,IT,9.0,Graduate,769,2.7,6,1,1,0,0,Education,440000.0,2,2,0,20,100.0,0,0,0,0,0,0,0.0,0.0,0.0,0.0,0,0,102000.0,1800.0,3.6,Education,320000.0,60,9.12,6661.0,13.2,16.8,0,0.0,0,86000.0,1960000.0,Rent,2,Married,Tier-2,1,0
APP101255,31,546000.0,45500.0,0.0,Salaried,Other,10.0,Graduate,753,11.0,5,1,2,0,0,Personal,1140000.0,3,2,1,50,100.0,0,0,0,0,0,0,0.0,0.0,0.0,0.0,0,0,742000.0,17200.0,37.8,Home,4260000.0,120,8.18,52092.0,114.5,152.3,1,19.7,0,226000.0,2160000.0,Own,1,Single,Tier-1,0,-1
APP101256,47,992000.0,82667.0,0.0,Business Owner,Manufacturing,7.9,Post-Graduate,650,19.8,11,5,4,3,0,Education,2770000.0,4,3,1,51,100.0,0,0,0,1,1,2,155000.0,39835.0,25.7,1500.0,0,1,1040835.0,39100.0,49.7,Personal,790000.0,12,14.27,71032.0,85.9,135.6,0,0.0,0,64000.0,750000.0,Family,2,Married,Tier-1,0,-1
APP101257,38,122000.0,10167.0,29000.0,Contract,Healthcare,7.7,Graduate,648,7.6,2,5,2,2,0,Business,130000.0,4,2,2,2,100.0,1,0,0,0,0,0,0.0,0.0,0.0,0.0,0,0,45000.0,1400.0,13.8,Education,120000.0,84,11.31,2074.0,20.4,34.2,0,0.0,1,101000.0,760000.0,Own,0,Divorced,Tier-1,1,0
APP101258,57,70000.0,5833.0,0.0,Retired,None,0.0,High School,624,4.2,3,1,0,0,0,None,0.0,0,0,0,-1,100.0,0,0,0,0,0,0,0.0,0.0,0.0,0.0,0,0,222000.0,3500.0,60.0,Personal,50000.0,24,14.19,2405.0,41.2,101.2,0,0.0,0,23000.0,190000.0,Family,1,Married,Tier-2,0,-1
APP101259,33,407000.0,33917.0,0.0,Salaried,Other,2.9,Post-Graduate,687,2.9,8,2,1,1,0,Business,200000.0,1,1,0,28,100.0,0,0,0,0,1,2,115000.0,49910.0,43.4,2500.0,0,0,178910.0,2700.0,15.3,Home,2680000.0,300,9.17,22803.0,67.2,82.6,1,26.3,0,78000.0,170000.0,Family,2,Single,Tier-2,1,0
APP101260,49,159000.0,13250.0,0.0,Retired,None,0.0,Doctorate,461,6.8,5,0,4,1,2,Education,300000.0,5,3,2,3,84.0,0,1,1,1,1,3,75000.0,22425.0,29.9,300.0,0,0,201425.0,4000.0,38.7,Personal,80000.0,60,16.76,1978.0,14.9,53.6,0,0.0,0,60000.0,190000.0,Rent,1,Single,Tier-2,0,-1
APP101261,39,353000.0,29417.0,74000.0,Salaried,IT,1.6,Graduate,665,1.4,5,2,1,0,0,Personal,870000.0,2,2,0,57,100.0,1,0,0,0,1,2,155000.0,51615.0,33.3,1600.0,0,2,226615.0,2800.0,18.3,Personal,120000.0,12,13.94,10771.0,36.6,54.9,0,0.0,1,182000.0,600000.0,Rent,2,Single,Tier-2,1,0
APP101262,47,596000.0,49667.0,82000.0,Salaried,Government,2.7,Post-Graduate,581,7.5,8,0,3,3,0,Auto,520000.0,4,4,0,8,80.3,1,3,0,0,1,6,135000.0,66825.0,49.5,1100.0,0,3,216825.0,2600.0,12.0,Auto,660000.0,36,12.34,22029.0,44.4,56.3,1,14.8,0,989000.0,1050000.0,Own,1,Married,Tier-2,0,-1
APP101263,33,806000.0,67167.0,0.0,Contract,Education,6.0,Post-Graduate,621,2.8,5,3,0,0,0,None,0.0,0,0,0,-1,100.0,1,0,0,1,1,3,165000.0,88770.0,53.8,1300.0,1,3,786770.0,12900.0,25.8,Home,4450000.0,300,9.98,40374.0,60.1,85.9,1,14.6,0,64000.0,9410000.0,Family,0,Married,Tier-1,0,-1
APP101264,37,234000.0,19500.0,0.0,Salaried,Construction,3.8,Post-Graduate,710,0.2,1,1,2,2,0,Personal,270000.0,4,3,1,59,100.0,0,0,0,0,0,0,0.0,0.0,0.0,0.0,0,0,46000.0,1500.0,7.7,Personal,230000.0,12,13.77,20626.0,105.8,113.5,0,0.0,1,39000.0,140000.0,Own,1,Married,Tier-3,0,-1
APP101265,37,437000.0,36417.0,0.0,Salaried,Other,6.4,Graduate,669,14.4,8,3,3,3,0,Home,320000.0,5,5,0,57,91.2,0,1,0,1,0,0,0.0,0.0,0.0,0.0,0,0,484000.0,15300.0,42.0,Personal,320000.0,12,14.01,28733.0,78.9,120.9,0,0.0,0,372000.0,570000.0,Family,3,Married,Tier-1,0,-1
APP101266,29,497000.0,41417.0,93000.0,Salaried,Government,8.0,High School,598,8.9,5,2,4,2,0,Gold,360000.0,5,5,0,57,100.0,0,0,0,1,1,1,140000.0,50680.0,36.2,2600.0,1,1,463680.0,18300.0,50.3,Debt Consolidation,330000.0,24,15.77,16122.0,38.9,89.2,0,0.0,1,121000.0,500000.0,Family,2,Single,Tier-2,0,-1
APP101267,45,217000.0,18083.0,0.0,Self-Employed,Education,6.3,High School,655,1.2,0,4,2,2,0,Education,270000.0,3,1,2,4,100.0,0,0,0,0,0,0,0.0,0.0,0.0,0.0,0,0,0.0,0.0,0.0,Auto,280000.0,36,9.92,9024.0,49.9,49.9,1,21.1,1,90000.0,230000.0,Rent,2,Married,Tier-3,1,0
APP101268,45,427000.0,35583.0,98000.0,Contract,Manufacturing,7.7,Post-Graduate,634,10.0,4,2,4,4,0,Personal,930000.0,5,3,2,25,90.6,1,1,0,0,0,0,0.0,0.0,0.0,0.0,0,0,217000.0,4100.0,11.5,Personal,350000.0,12,14.89,31572.0,88.7,100.3,0,0.0,0,21000.0,3880000.0,Rent,0,Married,Tier-2,0,-1
APP101269,45,658000.0,54833.0,0.0,Salaried,Other,1.2,Post-Graduate,445,2.7,3,0,1,1,0,Home,430000.0,2,2,0,44,76.7,2,0,2,0,1,2,395000.0,122845.0,31.1,2100.0,0,0,791845.0,25800.0,58.3,Business,1560000.0,36,16.81,55471.0,101.2,159.4,0,0.0,0,287000.0,1070000.0,Rent,2,Single,Tier-1,0,-1
APP101270,55,470000.0,39167.0,0.0,Salaried,Other,11.2,Graduate,776,9.8,4,2,0,0,0,None,0.0,0,0,0,-1,100.0,0,0,0,0,0,0,0.0,0.0,0.0,0.0,0,0,231000.0,5500.0,14.0,Personal,430000.0,12,12.19,38243.0,97.6,111.7,0,0.0,0,130000.0,1500000.0,Own,0,Divorced,Tier-2,1,0
APP101271,54,486000.0,40500.0,70000.0,Self-Employed,Other,1.1,High School,712,4.8,2,1,2,1,0,Education,1400000.0,3,3,0,7,100.0,0,0,0,1,0,0,0.0,0.0,0.0,0.0,0,0,223000.0,12300.0,30.4,Home,4330000.0,240,8.59,37824.0,93.4,123.8,1,22.9,1,150000.0,1380000.0,Rent,2,Single,Tier-3,0,-1
APP101272,34,333000.0,27750.0,0.0,Salaried,Other,3.6,High School,647,5.1,1,2,3,1,1,Education,370000.0,5,4,1,36,100.0,0,0,0,0,1,2,190000.0,95570.0,50.3,1200.0,0,1,225570.0,2000.0,24.4,Business,1090000.0,36,13.48,36979.0,133.3,157.7,0,0.0,0,116000.0,680000.0,Family,1,Single,Tier-2,0,-1
APP101273,42,522000.0,43500.0,0.0,Business Owner,Education,2.1,Graduate,671,5.4,2,1,0,0,0,None,0.0,0,0,0,-1,100.0,0,0,0,1,1,3,120000.0,52560.0,43.8,3400.0,0,0,342560.0,6500.0,21.0,Home,3440000.0,300,9.56,30199.0,69.4,90.4,1,26.3,0,57000.0,2060000.0,Family,0,Married,Tier-1,0,-1
APP101274,31,105000.0,8750.0,0.0,Retired,None,0.0,Post-Graduate,488,4.9,4,3,5,4,1,Business,100000.0,6,6,0,1,91.0,0,0,1,1,1,2,60000.0,22860.0,38.1,1900.0,1,1,47860.0,500.0,18.8,Personal,80000.0,36,16.49,2832.0,32.4,51.1,0,0.0,0,15000.0,290000.0,Own,1,Single,Tier-2,0,-1
APP101275,38,425000.0,35417.0,0.0,Contract,Construction,6.1,Graduate,559,2.1,3,4,1,1,0,Home,420000.0,1,1,0,2,96.2,1,0,0,0,1,1,130000.0,51480.0,39.6,2800.0,0,0,780480.0,12000.0,41.1,Business,1210000.0,60,14.97,28767.0,81.2,122.4,0,0.0,0,412000.0,740000.0,Rent,0,Married,Tier-3,0,-1
APP101276,31,63000.0,5250.0,0.0,Unemployed,None,0.0,Graduate,436,11.0,12,2,2,2,1,Home,180000.0,3,3,0,41,82.7,1,0,1,1,0,0,0.0,0.0,0.0,0.0,0,0,90000.0,2600.0,49.5,Debt Consolidation,60000.0,36,17.97,2168.0,41.3,90.8,0,0.0,1,14000.0,70000.0,Own,0,Married,Tier-3,0,-1
APP101277,56,311000.0,25917.0,14000.0,Self-Employed,IT,14.5,Graduate,600,7.6,2,3,2,2,1,Personal,390000.0,3,3,0,25,92.1,0,1,0,1,0,0,0.0,0.0,0.0,0.0,0,0,69000.0,2200.0,8.5,Education,370000.0,60,12.47,8319.0,32.1,40.6,0,0.0,1,532000.0,520000.0,Rent,3,Divorced,Tier-3,1,0
APP101278,42,646000.0,53833.0,0.0,Contract,Other,6.8,Post-Graduate,650,1.6,3,3,1,1,0,Personal,1120000.0,3,3,0,52,100.0,0,0,0,0,0,0,0.0,0.0,0.0,0.0,0,0,316000.0,15600.0,29.0,Auto,860000.0,60,11.59,18953.0,35.2,64.2,1,20.1,1,521000.0,1600000.0,Rent,2,Single,Tier-2,1,0
APP101279,36,1046000.0,87167.0,0.0,Salaried,Manufacturing,2.7,Post-Graduate,725,3.1,5,2,1,1,0,Personal,1750000.0,2,1,1,37,100.0,0,0,0,0,1,5,440000.0,293480.0,66.7,5600.0,1,1,416480.0,2200.0,19.4,Auto,940000.0,36,9.85,30265.0,34.7,54.1,1,19.7,0,337000.0,830000.0,Rent,0,Single,Tier-1,1,1
APP101280,51,220000.0,18333.0,0.0,Salaried,Construction,3.7,High School,635,14.5,5,0,3,1,1,Auto,560000.0,3,2,1,7,100.0,0,0,0,0,1,1,90000.0,39420.0,43.8,900.0,0,1,175420.0,3400.0,29.3,Education,280000.0,60,11.56,6166.0,33.6,62.9,0,0.0,1,66000.0,350000.0,Own,0,Single,Tier-1,1,0
APP101281,21,295000.0,24583.0,0.0,Self-Employed,Healthcare,0.0,Graduate,605,1.0,5,4,0,0,0,None,0.0,0,0,0,-1,96.9,1,0,0,0,0,0,0.0,0.0,0.0,0.0,0,0,109000.0,4200.0,17.1,Auto,340000.0,84,11.81,5967.0,24.3,41.4,1,26.0,0,77000.0,290000.0,Rent,3,Married,Tier-3,1,0
APP101282,21,329000.0,27417.0,11000.0,Salaried,Manufacturing,0.0,Post-Graduate,678,1.0,6,1,2,2,0,Home,380000.0,3,3,0,27,96.6,1,0,0,0,1,4,95000.0,23940.0,25.2,1000.0,0,2,210940.0,9200.0,37.9,Personal,170000.0,24,14.19,8177.0,29.8,67.7,0,0.0,0,72000.0,350000.0,Family,0,Married,Tier-1,0,-1
APP101283,47,60000.0,5000.0,10000.0,Unemployed,None,0.0,Post-Graduate,500,1.9,5,3,4,0,1,Auto,60000.0,4,3,1,25,94.5,1,0,0,0,0,0,0.0,0.0,0.0,0.0,0,0,7000.0,300.0,6.0,Debt Consolidation,30000.0,24,17.04,1484.0,29.7,35.7,0,0.0,1,14000.0,100000.0,Own,2,Married,Tier-2,0,-1
APP101284,39,2023000.0,168583.0,372000.0,Business Owner,Retail,7.9,Graduate,744,2.7,7,0,1,1,0,Personal,2990000.0,1,1,0,44,100.0,0,0,0,2,1,1,910000.0,608790.0,66.9,16400.0,1,2,738790.0,2500.0,19.5,Auto,3180000.0,36,9.04,101182.0,60.0,79.6,1,15.2,0,4733000.0,10620000.0,Own,4,Married,Tier-1,1,0
APP101285,41,94000.0,7833.0,0.0,Retired,None,0.0,High School,643,4.9,3,2,2,1,0,Home,30000.0,2,2,0,18,100.0,1,0,0,0,0,0,0.0,0.0,0.0,0.0,0,0,146000.0,2400.0,30.6,Personal,50000.0,60,14.1,1166.0,14.9,45.5,1,0.0,0,25000.0,170000.0,Own,1,Married,Tier-1,1,1
APP101286,23,257000.0,21417.0,0.0,Salaried,Healthcare,2.0,Graduate,691,3.0,2,2,2,2,0,Business,730000.0,2,2,0,34,100.0,0,0,0,0,1,3,95000.0,16150.0,17.0,2300.0,0,1,379150.0,7000.0,36.5,Personal,200000.0,12,13.18,17880.0,83.5,119.9,0,0.0,1,211000.0,910000.0,Family,1,Married,Tier-2,0,-1
APP101287,38,223000.0,18583.0,0.0,Salaried,Education,2.5,Graduate,627,5.6,8,1,3,2,0,Auto,190000.0,6,3,3,57,99.5,1,0,0,1,1,4,85000.0,51340.0,60.4,1700.0,1,3,112340.0,3200.0,31.0,Auto,270000.0,36,11.19,8864.0,47.7,78.7,1,28.9,0,46000.0,740000.0,Rent,1,Married,Tier-2,0,-1
APP101288,60,499000.0,41583.0,0.0,Business Owner,Retail,1.9,Graduate,663,1.7,6,1,0,0,0,None,0.0,1,1,0,15,100.0,0,0,0,0,1,2,250000.0,63000.0,25.2,2600.0,0,0,793000.0,17200.0,48.9,Personal,200000.0,36,13.47,6784.0,16.3,65.3,1,0.0,0,34000.0,2980000.0,Own,0,Single,Tier-1,1,1
APP101289,47,465000.0,38750.0,0.0,Salaried,Other,9.0,Doctorate,699,14.1,3,1,2,0,0,Gold,1120000.0,3,3,0,59,100.0,0,0,0,0,1,5,200000.0,73200.0,36.6,2400.0,0,0,586200.0,18200.0,56.4,Home,2150000.0,180,8.06,20621.0,53.2,109.6,1,12.4,0,73000.0,380000.0,Own,0,Single,Tier-2,0,-1
APP101290,40,983000.0,81917.0,0.0,Self-Employed,Retail,0.8,Graduate,751,8.2,2,0,2,2,0,Gold,2680000.0,3,2,1,20,96.2,1,0,0,1,1,3,575000.0,250125.0,43.5,5100.0,0,1,1483125.0,17700.0,36.9,Personal,560000.0,12,11.84,49713.0,60.7,97.6,0,0.0,0,266000.0,1070000.0,Own,1,Single,Tier-2,0,-1
APP101291,33,327000.0,27250.0,0.0,Self-Employed,IT,12.0,Post-Graduate,697,11.5,6,1,3,2,0,Auto,390000.0,3,3,0,39,93.6,2,0,0,0,0,0,0.0,0.0,0.0,0.0,0,0,120000.0,4900.0,18.0,Business,860000.0,84,13.05,15668.0,57.5,75.5,0,0.0,0,82000.0,920000.0,Rent,2,Single,Tier-1,1,0
APP101292,34,69000.0,5750.0,0.0,Retired,None,0.0,Graduate,655,4.7,7,1,3,3,0,Personal,180000.0,5,5,0,52,99.0,0,0,0,0,0,0,0.0,0.0,0.0,0.0,0,0,37000.0,900.0,15.7,Auto,80000.0,48,10.48,2047.0,35.6,51.3,1,23.1,0,26000.0,210000.0,Family,1,Single,Tier-1,1,1
APP101293,21,610000.0,50833.0,0.0,Business Owner,Other,0.0,High School,610,1.0,1,2,2,0,0,Education,1730000.0,2,1,1,2,88.6,2,1,0,2,0,0,0.0,0.0,0.0,0.0,0,0,265000.0,8400.0,16.5,Auto,850000.0,60,11.05,18502.0,36.4,52.9,1,21.1,0,138000.0,1910000.0,Own,0,Single,Tier-3,1,0
APP101294,41,397000.0,33083.0,0.0,Salaried,Construction,3.4,Graduate,668,11.6,8,4,7,3,2,Personal,440000.0,9,6,3,39,99.7,0,0,0,0,0,0,0.0,0.0,0.0,0.0,0,0,347000.0,12100.0,36.6,Auto,490000.0,60,10.62,10561.0,31.9,68.5,1,27.6,0,24000.0,580000.0,Family,1,Married,Tier-1,0,-1
APP101295,47,398000.0,33167.0,0.0,Salaried,IT,8.3,Graduate,703,6.5,3,3,2,2,0,Education,560000.0,3,2,1,34,94.1,0,1,0,0,0,0,0.0,0.0,0.0,0.0,0,0,316000.0,5300.0,16.0,Home,3730000.0,180,9.08,38010.0,114.6,130.6,1,27.4,0,205000.0,4900000.0,Own,0,Married,Tier-2,0,-1
APP101296,21,749000.0,62417.0,0.0,Self-Employed,Other,0.0,Post-Graduate,636,1.0,3,1,1,1,0,Personal,1070000.0,2,2,0,57,92.4,0,1,0,0,1,2,305000.0,90890.0,29.8,8500.0,0,0,164890.0,2300.0,11.0,Auto,660000.0,60,11.66,14568.0,23.3,34.3,1,13.9,0,184000.0,2540000.0,Rent,0,Married,Tier-1,1,0
APP101297,31,468000.0,39000.0,0.0,Salaried,Manufacturing,5.7,Graduate,707,7.3,5,1,2,1,0,Auto,1320000.0,2,2,0,25,89.1,0,0,1,1,0,0,0.0,0.0,0.0,0.0,0,0,788000.0,18000.0,46.2,Home,3400000.0,120,8.34,41865.0,107.3,153.5,1,23.0,1,104000.0,1520000.0,Family,0,Single,Tier-1,0,-1
APP101298,25,297000.0,24750.0,0.0,Salaried,Construction,1.0,High School,678,5.0,3,1,3,2,0,Business,380000.0,3,2,1,42,97.2,0,0,0,0,1,2,90000.0,64170.0,71.3,900.0,0,0,79170.0,800.0,16.2,Auto,250000.0,36,10.11,8080.0,32.6,48.8,1,12.7,0,104000.0,120000.0,Rent,0,Married,Tier-2,1,0
APP101299,27,252000.0,21000.0,0.0,Salaried,Education,6.0,Post-Graduate,663,6.6,2,1,2,1,0,Home,90000.0,2,2,0,21,100.0,0,0,0,0,0,0,0.0,0.0,0.0,0.0,0,0,118000.0,3700.0,17.6,Auto,330000.0,60,11.42,7244.0,34.5,52.1,1,20.5,1,151000.0,190000.0,Rent,4,Single,Tier-2,1,0
APP101300,39,164000.0,13667.0,26000.0,Salaried,Other,1.9,Graduate,721,9.4,3,1,1,1,0,Auto,110000.0,2,2,0,49,99.4,0,0,0,0,0,0,0.0,0.0,0.0,0.0,0,0,152000.0,6300.0,46.1,Personal,50000.0,24,12.9,2375.0,17.4,63.5,0,0.0,0,87000.0,50000.0,Rent,2,Married,Tier-2,1,0
APP101301,21,300000.0,25000.0,0.0,Self-Employed,Manufacturing,0.0,Graduate,738,1.0,3,0,1,1,0,Business,220000.0,2,2,0,2,100.0,0,0,0,0,0,0,0.0,0.0,0.0,0.0,0,0,191000.0,5100.0,20.4,Home,2590000.0,300,8.38,20646.0,82.6,103.0,1,25.8,0,97000.0,200000.0,Family,1,Married,Tier-1,1,0
APP101302,45,292000.0,24333.0,0.0,Salaried,Education,3.9,Post-Graduate,640,13.4,8,4,3,2,0,Education,500000.0,4,3,1,2,100.0,0,0,0,0,1,2,125000.0,60875.0,48.7,800.0,0,2,279875.0,5300.0,34.3,Business,510000.0,60,14.35,11960.0,49.2,83.4,0,0.0,0,222000.0,1150000.0,Rent,2,Married,Tier-3,0,-1
APP101303,46,409000.0,34083.0,50000.0,Self-Employed,Government,4.6,High School,696,0.6,1,2,0,0,0,None,0.0,0,0,0,-1,100.0,0,0,0,0,1,2,150000.0,46200.0,30.8,4000.0,0,1,174200.0,5000.0,21.4,Business,640000.0,60,12.53,14408.0,42.3,63.7,0,0.0,0,212000.0,240000.0,Family,3,Married,Tier-3,1,0
APP101304,35,125000.0,10417.0,0.0,Salaried,Banking/Finance,8.0,High School,677,8.5,13,1,2,1,0,Home,40000.0,3,2,1,33,100.0,0,0,0,0,0,0,0.0,0.0,0.0,0.0,0,0,66000.0,2400.0,23.0,Education,160000.0,84,10.86,2728.0,26.2,49.2,0,0.0,0,17000.0,240000.0,Family,1,Married,Tier-1,1,0
APP101305,21,470000.0,39167.0,93000.0,Business Owner,Government,0.0,Graduate,653,1.0,1,1,3,2,0,Gold,1170000.0,5,5,0,47,98.6,0,1,0,2,0,0,0.0,0.0,0.0,0.0,0,0,529000.0,9100.0,23.2,Personal,280000.0,36,13.85,9549.0,24.4,47.6,0,0.0,0,85000.0,350000.0,Rent,2,Married,Tier-1,1,0
APP101306,27,397000.0,33083.0,0.0,Salaried,Banking/Finance,6.0,Graduate,684,3.0,5,3,0,0,0,None,0.0,0,0,0,-1,97.0,1,0,0,0,0,0,0.0,0.0,0.0,0.0,0,0,180000.0,5400.0,16.3,Business,550000.0,84,13.56,10174.0,30.8,47.1,0,0.0,0,94000.0,790000.0,Rent,2,Married,Tier-1,1,0
APP101307,52,60000.0,5000.0,11000.0,Unemployed,None,0.0,Graduate,505,3.7,6,1,2,1,1,Education,180000.0,3,3,0,54,95.4,0,1,0,0,0,0,0.0,0.0,0.0,0.0,0,0,31000.0,1300.0,26.0,Debt Consolidation,50000.0,24,16.79,2467.0,49.3,75.3,1,0.0,0,91000.0,40000.0,Family,2,Married,Tier-3,0,-1
APP101308,21,623000.0,51917.0,120000.0,Salaried,Banking/Finance,0.0,Post-Graduate,578,1.0,7,1,0,0,0,None,0.0,0,0,0,-1,92.2,2,1,0,1,1,2,245000.0,138425.0,56.5,1300.0,1,2,312425.0,5800.0,24.5,Education,740000.0,120,12.12,10668.0,20.5,45.1,0,0.0,1,205000.0,1300000.0,Rent,0,Married,Tier-1,1,0
APP101309,34,410000.0,34167.0,0.0,Self-Employed,Banking/Finance,7.6,Graduate,589,8.5,10,2,1,1,0,Personal,480000.0,2,2,0,41,91.9,1,0,1,0,1,2,85000.0,19210.0,22.6,1600.0,0,1,284210.0,5500.0,18.9,Business,600000.0,84,14.34,11357.0,33.2,52.1,0,0.0,0,44000.0,220000.0,Family,2,Divorced,Tier-1,0,-1
APP101310,25,430000.0,35833.0,37000.0,Salaried,Retail,2.2,Doctorate,586,5.0,5,3,1,0,0,Auto,510000.0,1,1,0,30,93.7,0,1,0,1,1,3,170000.0,76840.0,45.2,4800.0,0,1,218840.0,3500.0,20.5,Personal,260000.0,36,14.33,8928.0,24.9,45.4,1,0.0,0,295000.0,370000.0,Own,0,Single,Tier-1,1,0
APP101311,47,692000.0,57667.0,0.0,Salaried,Banking/Finance,10.8,High School,680,4.4,6,3,4,2,0,Personal,2070000.0,4,3,1,11,100.0,1,0,0,0,1,7,140000.0,30100.0,21.5,3400.0,0,0,140100.0,4300.0,10.1,Home,3150000.0,240,8.2,26741.0,46.4,56.4,1,10.8,1,120000.0,260000.0,Own,2,Divorced,Tier-2,1,0
APP101312,31,289000.0,24083.0,0.0,Salaried,IT,9.9,High School,693,4.1,2,3,0,0,0,None,0.0,1,1,0,31,97.9,0,0,0,1,1,2,130000.0,25870.0,19.9,4100.0,0,0,60870.0,1500.0,11.6,Education,300000.0,84,10.66,5083.0,21.1,32.7,0,0.0,0,669000.0,130000.0,Rent,0,Married,Tier-3,1,0
APP101313,42,610000.0,50833.0,0.0,Contract,IT,6.3,High School,659,4.4,5,1,5,4,0,Home,560000.0,7,7,0,4,89.1,0,1,0,2,0,0,0.0,0.0,0.0,0.0,0,0,376000.0,10800.0,21.2,Home,2920000.0,180,9.57,30615.0,60.2,81.5,1,13.0,1,249000.0,790000.0,Family,1,Single,Tier-2,1,0
APP101314,44,60000.0,5000.0,6000.0,Unemployed,None,0.0,High School,550,4.0,1,1,2,2,1,Home,150000.0,2,2,0,34,100.0,0,0,0,0,0,0,0.0,0.0,0.0,0.0,0,0,6000.0,100.0,2.0,Education,90000.0,84,13.04,1639.0,32.8,34.8,0,0.0,1,3000.0,50000.0,Own,0,Divorced,Tier-3,0,-1
APP101315,58,428000.0,35667.0,81000.0,Salaried,Retail,5.3,Graduate,555,4.5,3,2,3,2,1,Auto,960000.0,3,2,1,45,100.0,1,0,0,0,1,2,100000.0,57400.0,57.4,700.0,0,0,839400.0,21700.0,68.9,Auto,670000.0,60,12.57,15097.0,42.3,111.2,1,16.4,1,104000.0,200000.0,Own,2,Single,Tier-3,0,-1
APP101316,36,568000.0,47333.0,106000.0,Salaried,IT,15.0,Post-Graduate,596,7.8,3,1,1,1,1,Gold,1100000.0,3,1,2,59,95.6,2,0,0,0,1,4,210000.0,101850.0,48.5,5000.0,0,2,336850.0,5000.0,21.3,Personal,530000.0,12,15.66,48002.0,101.4,122.7,0,0.0,0,141000.0,480000.0,Family,2,Married,Tier-3,0,-1
APP101317,42,928000.0,77333.0,0.0,Business Owner,Banking/Finance,5.9,Post-Graduate,760,3.9,4,1,3,1,0,Home,1420000.0,4,0,4,6,100.0,0,0,0,0,0,0,0.0,0.0,0.0,0.0,0,0,1506000.0,25700.0,33.2,Education,1340000.0,120,9.13,17069.0,22.1,55.3,0,0.0,0,210000.0,190000.0,Own,1,Single,Tier-1,1,0
APP101318,22,443000.0,36917.0,0.0,Self-Employed,Education,1.0,Post-Graduate,707,1.9,4,0,0,0,0,None,0.0,3,3,0,6,100.0,0,0,0,0,1,2,140000.0,34860.0,24.9,2000.0,0,0,438860.0,9200.0,29.6,Personal,150000.0,60,13.11,3421.0,9.3,38.9,0,0.0,0,284000.0,300000.0,Own,0,Single,Tier-1,1,0
APP101319,51,351000.0,29250.0,0.0,Salaried,Healthcare,7.3,High School,664,12.5,4,0,3,2,0,Gold,430000.0,5,4,1,22,86.3,3,0,0,1,0,0,0.0,0.0,0.0,0.0,0,0,325000.0,4800.0,16.4,Personal,100000.0,60,13.8,2316.0,7.9,24.3,0,0.0,1,164000.0,510000.0,Own,3,Divorced,Tier-2,1,0
APP101320,30,1120000.0,93333.0,216000.0,Contract,Government,9.0,Post-Graduate,738,3.0,4,1,1,1,0,Personal,680000.0,3,3,0,44,100.0,0,0,0,0,1,2,390000.0,54990.0,14.1,7000.0,0,0,1093990.0,30900.0,36.1,Home,7310000.0,120,8.51,90673.0,97.1,133.2,1,18.7,0,952000.0,890000.0,Family,0,Single,Tier-1,0,-1
APP101321,32,825000.0,68750.0,60000.0,Self-Employed,Construction,3.5,Graduate,686,3.7,5,3,2,1,0,Personal,2010000.0,2,2,0,19,99.9,0,0,0,1,1,2,445000.0,125935.0,28.3,2400.0,0,1,738935.0,31900.0,55.6,Personal,690000.0,60,13.39,15838.0,23.0,78.6,0,0.0,0,398000.0,540000.0,Family,0,Married,Tier-3,0,-1
APP101322,38,1087000.0,90583.0,242000.0,Self-Employed,IT,7.0,Post-Graduate,622,1.4,2,1,2,0,0,Personal,1740000.0,2,1,1,57,77.0,0,2,1,0,0,0,0.0,0.0,0.0,0.0,0,0,362000.0,11200.0,12.4,Education,740000.0,60,12.32,16581.0,18.3,30.7,0,0.0,0,470000.0,700000.0,Rent,2,Married,Tier-3,1,0
APP101323,21,239000.0,19917.0,21000.0,Salaried,Other,0.0,Post-Graduate,615,1.0,3,2,1,1,0,Education,360000.0,2,1,1,56,100.0,0,0,0,0,1,4,135000.0,23490.0,17.4,3900.0,1,0,285490.0,4900.0,30.5,Personal,240000.0,12,14.85,21645.0,108.7,139.2,0,0.0,0,24000.0,710000.0,Rent,1,Single,Tier-1,0,-1
APP101324,41,169000.0,14083.0,0.0,Salaried,Government,5.2,High School,700,2.9,2,2,2,1,0,Auto,100000.0,2,2,0,46,100.0,0,0,0,0,0,0,0.0,0.0,0.0,0.0,0,0,137000.0,3100.0,22.0,Personal,70000.0,24,14.03,3362.0,23.9,45.9,0,0.0,0,63000.0,60000.0,Rent,0,Single,Tier-2,1,0
APP101325,49,470000.0,39167.0,30000.0,Salaried,Construction,2.7,Graduate,595,1.9,5,3,2,1,0,Business,1130000.0,2,1,1,32,93.6,2,0,0,0,1,5,165000.0,124905.0,75.7,3400.0,1,0,197905.0,1300.0,19.3,Personal,140000.0,24,15.25,6805.0,17.4,36.6,0,0.0,0,237000.0,250000.0,Rent,0,Married,Tier-1,1,0
APP101326,41,1276000.0,106333.0,0.0,Business Owner,Retail,7.5,Post-Graduate,630,10.1,7,1,4,2,1,Personal,2450000.0,4,3,1,8,96.1,2,0,0,0,1,4,520000.0,282360.0,54.3,3300.0,0,2,685360.0,7000.0,19.9,Personal,1270000.0,12,14.67,114430.0,107.6,127.5,0,0.0,0,556000.0,770000.0,Rent,1,Married,Tier-2,0,-1
APP101327,21,301000.0,25083.0,46000.0,Salaried,IT,0.0,Graduate,495,1.0,4,1,2,2,1,Auto,830000.0,3,2,1,49,86.7,2,0,1,0,1,1,120000.0,61800.0,51.5,3200.0,0,0,222800.0,2800.0,23.5,Debt Consolidation,120000.0,36,16.96,4276.0,17.0,40.5,0,0.0,1,139000.0,1180000.0,Rent,3,Married,Tier-1,0,-1
APP101328,37,331000.0,27583.0,0.0,Contract,Construction,9.5,Post-Graduate,536,3.3,3,2,1,0,0,Gold,440000.0,1,1,0,2,96.9,0,1,0,0,1,1,195000.0,114855.0,58.9,1300.0,1,0,413855.0,11100.0,61.1,Personal,200000.0,60,15.74,4836.0,17.5,78.6,0,0.0,0,24000.0,2290000.0,Own,0,Single,Tier-3,0,-1
APP101329,46,1071000.0,89250.0,0.0,Contract,Education,11.3,Post-Graduate,698,8.5,12,4,2,1,0,Business,2850000.0,2,0,2,36,94.4,0,0,0,0,1,1,515000.0,153470.0,29.8,11600.0,0,0,1168470.0,36200.0,49.2,Personal,680000.0,12,13.04,60749.0,68.1,117.2,1,0.0,0,410000.0,3820000.0,Own,2,Married,Tier-3,0,-1
APP101330,21,876000.0,73000.0,36000.0,Business Owner,IT,0.0,Graduate,762,1.0,2,1,0,0,0,None,0.0,0,0,0,-1,98.9,0,0,0,1,0,0,0.0,0.0,0.0,0.0,0,0,1036000.0,17400.0,23.8,Business,1170000.0,60,11.67,25831.0,35.4,59.2,0,0.0,0,174000.0,780000.0,Family,1,Single,Tier-3,1,0
APP101331,26,757000.0,63083.0,0.0,Salaried,Banking/Finance,3.8,Graduate,733,5.9,3,1,0,0,0,None,0.0,0,0,0,-1,95.5,1,0,0,2,1,1,335000.0,150750.0,45.0,5100.0,0,1,672750.0,10900.0,29.2,Home,4600000.0,180,8.81,46138.0,73.1,102.4,1,24.3,0,375000.0,1850000.0,Family,0,Married,Tier-1,0,-1
APP101332,48,348000.0,29000.0,0.0,Salaried,Banking/Finance,7.3,Graduate,747,1.8,3,1,0,0,0,None,0.0,1,1,0,3,100.0,0,0,0,1,0,0,0.0,0.0,0.0,0.0,0,0,159000.0,2700.0,9.3,Personal,170000.0,60,13.18,3884.0,13.4,22.7,0,0.0,1,265000.0,530000.0,Own,3,Married,Tier-3,1,0
APP101333,41,449000.0,37417.0,0.0,Salaried,Manufacturing,13.0,Post-Graduate,580,6.3,2,0,1,0,0,Personal,990000.0,2,1,1,31,92.5,2,0,0,0,1,2,105000.0,83580.0,79.6,1900.0,0,3,1426580.0,22200.0,70.5,Business,1410000.0,84,14.4,26736.0,71.5,142.0,0,0.0,0,275000.0,450000.0,Rent,3,Married,Tier-2,0,-1
APP101334,43,772000.0,64333.0,0.0,Self-Employed,Manufacturing,2.7,Graduate,616,8.8,9,0,2,2,2,Education,990000.0,3,1,2,30,82.8,1,0,1,0,0,0,0.0,0.0,0.0,0.0,0,0,147000.0,8000.0,12.4,Auto,960000.0,84,11.49,16686.0,25.9,38.4,1,27.8,1,186000.0,2650000.0,Rent,1,Single,Tier-1,0,-1
APP101335,58,60000.0,5000.0,0.0,Unemployed,None,0.0,Graduate,546,19.3,16,1,5,2,0,Home,110000.0,5,4,1,32,98.1,0,1,0,3,0,0,0.0,0.0,0.0,0.0,0,0,20000.0,600.0,12.0,Personal,30000.0,24,16.07,1470.0,29.4,41.4,0,0.0,0,9000.0,20000.0,Own,1,Single,Tier-3,0,-1
APP101336,43,298000.0,24833.0,0.0,Salaried,Construction,2.8,Graduate,536,0.7,4,2,0,0,0,None,0.0,1,1,0,23,92.8,1,1,0,0,1,3,90000.0,69660.0,77.4,700.0,0,2,241660.0,2600.0,24.5,Business,1060000.0,84,15.79,20927.0,84.3,108.8,0,0.0,0,89000.0,880000.0,Own,2,Married,Tier-1,0,-1
APP101337,45,60000.0,5000.0,8000.0,Unemployed,None,0.0,Doctorate,615,8.5,6,0,2,1,0,Auto,100000.0,4,3,1,10,100.0,1,0,0,0,0,0,0.0,0.0,0.0,0.0,0,0,20000.0,300.0,6.0,Personal,50000.0,36,14.43,1719.0,34.4,40.4,0,0.0,0,16000.0,160000.0,Own,0,Single,Tier-2,0,-1
APP101338,68,151000.0,12583.0,0.0,Retired,None,0.0,Post-Graduate,588,5.9,6,3,4,3,0,Business,130000.0,4,3,1,53,87.9,0,0,1,1,0,0,0.0,0.0,0.0,0.0,0,0,217000.0,4200.0,33.4,Education,270000.0,120,12.01,3875.0,30.8,64.2,1,0.0,1,99000.0,90000.0,Own,1,Single,Tier-1,1,0
APP101339,36,727000.0,60583.0,0.0,Salaried,Education,8.2,Graduate,698,4.5,4,2,0,0,0,None,0.0,1,1,0,23,97.8,1,0,0,0,0,0,0.0,0.0,0.0,0.0,0,0,945000.0,23100.0,38.1,Personal,160000.0,36,13.08,5397.0,8.9,47.0,0,0.0,1,506000.0,500000.0,Own,1,Married,Tier-1,1,1
APP101340,29,244000.0,20333.0,0.0,Salaried,Construction,8.0,Post-Graduate,609,9.0,4,1,3,1,0,Education,520000.0,5,5,0,15,95.4,1,0,0,2,1,3,55000.0,32010.0,58.2,1600.0,0,3,206010.0,3800.0,26.6,Home,1250000.0,180,10.02,13448.0,66.1,92.7,1,15.9,0,136000.0,180000.0,Family,2,Married,Tier-1,0,-1
APP101341,43,888000.0,74000.0,0.0,Business Owner,Healthcare,3.1,Graduate,690,3.3,4,3,3,1,0,Education,950000.0,4,4,0,54,95.4,1,0,0,0,0,0,0.0,0.0,0.0,0.0,0,0,1358000.0,22500.0,30.4,Auto,740000.0,48,9.64,18641.0,25.2,55.6,1,27.2,1,185000.0,3180000.0,Own,1,Single,Tier-1,1,0
APP101342,43,410000.0,34167.0,102000.0,Salaried,Education,14.0,Post-Graduate,494,16.0,15,2,6,2,1,Education,1140000.0,8,6,2,47,79.0,3,0,1,0,1,1,115000.0,45540.0,39.6,2500.0,1,0,140540.0,3100.0,15.7,Home,3190000.0,300,12.71,35283.0,103.3,119.0,1,13.0,1,276000.0,710000.0,Own,0,Single,Tier-2,0,-1
APP101343,32,285000.0,23750.0,0.0,Salaried,Education,4.4,High School,680,0.6,7,1,1,1,0,Personal,620000.0,1,1,0,5,92.7,0,1,0,0,1,2,45000.0,8055.0,17.9,1100.0,0,0,140055.0,2000.0,10.1,Auto,300000.0,60,10.63,6468.0,27.2,37.4,1,21.0,1,123000.0,150000.0,Rent,3,Married,Tier-3,1,0
APP101344,27,330000.0,27500.0,0.0,Contract,Healthcare,3.3,Graduate,584,4.0,3,2,1,1,1,Business,290000.0,1,1,0,18,100.0,0,0,0,0,1,3,145000.0,23780.0,16.4,1900.0,0,0,141780.0,4800.0,21.8,Personal,300000.0,36,14.4,10312.0,37.5,59.3,0,0.0,0,25000.0,810000.0,Own,2,Single,Tier-1,0,-1
APP101345,63,177000.0,14750.0,37000.0,Retired,None,0.0,Post-Graduate,674,10.2,2,2,3,2,0,Gold,520000.0,3,2,1,15,100.0,0,0,0,0,0,0,0.0,0.0,0.0,0.0,0,0,63000.0,900.0,6.1,Home,1380000.0,300,9.46,12019.0,81.5,87.6,1,28.8,0,20000.0,140000.0,Family,0,Married,Tier-2,0,-1
APP101346,42,363000.0,30250.0,0.0,Salaried,Healthcare,4.1,Graduate,737,6.1,7,2,5,5,0,Auto,1060000.0,6,4,2,40,100.0,0,0,0,0,0,0,0.0,0.0,0.0,0.0,0,0,201000.0,4100.0,13.6,Home,1500000.0,300,8.24,11817.0,39.1,52.6,1,25.2,0,38000.0,170000.0,Rent,0,Married,Tier-1,1,0
APP101347,30,330000.0,27500.0,0.0,Salaried,IT,3.5,Graduate,624,2.9,3,1,3,2,0,Personal,470000.0,3,3,0,19,100.0,0,0,0,0,1,2,105000.0,54495.0,51.9,3500.0,1,3,322495.0,7600.0,37.5,Debt Consolidation,310000.0,60,14.88,7355.0,26.7,64.3,1,0.0,0,57000.0,1050000.0,Own,0,Single,Tier-2,0,-1
APP101348,48,462000.0,38500.0,0.0,Self-Employed,Healthcare,9.9,Post-Graduate,747,3.4,5,1,0,0,0,None,0.0,0,0,0,-1,100.0,0,0,0,0,1,4,165000.0,19140.0,11.6,1700.0,0,1,144140.0,6700.0,19.9,Debt Consolidation,150000.0,24,12.87,7122.0,18.5,38.4,0,0.0,0,280000.0,920000.0,Own,3,Single,Tier-1,1,0
APP101349,37,852000.0,71000.0,189000.0,Salaried,Construction,2.0,Graduate,743,7.5,4,0,2,2,0,Business,1770000.0,3,2,1,42,100.0,0,0,0,1,1,5,485000.0,198365.0,40.9,15900.0,0,0,441365.0,4800.0,20.7,Home,6690000.0,120,7.44,79202.0,111.6,132.3,1,10.3,0,805000.0,1110000.0,Own,0,Single,Tier-2,0,-1
APP101350,35,456000.0,38000.0,0.0,Salaried,Manufacturing,8.3,Graduate,640,2.6,2,2,1,1,0,Auto,880000.0,1,1,0,17,89.0,1,0,1,2,0,0,0.0,0.0,0.0,0.0,0,0,216000.0,3200.0,8.4,Personal,200000.0,36,13.99,6835.0,18.0,26.4,0,0.0,1,107000.0,3460000.0,Family,1,Single,Tier-2,1,0
APP101351,44,448000.0,37333.0,31000.0,Self-Employed,Banking/Finance,6.1,Graduate,691,13.8,8,2,4,2,0,Personal,1270000.0,5,5,0,55,99.4,1,0,0,0,0,0,0.0,0.0,0.0,0.0,0,0,433000.0,7400.0,19.8,Business,720000.0,60,13.28,16486.0,44.2,64.0,0,0.0,0,124000.0,480000.0,Own,0,Married,Tier-2,1,0
APP101352,24,293000.0,24417.0,0.0,Salaried,Construction,3.0,Graduate,625,4.0,7,3,1,1,1,Education,410000.0,1,1,0,3,100.0,1,0,0,0,1,2,110000.0,20570.0,18.7,800.0,0,1,57570.0,1200.0,9.1,Business,940000.0,60,14.32,22028.0,90.2,99.3,0,0.0,0,53000.0,130000.0,Family,2,Married,Tier-1,0,-1
APP101353,42,294000.0,24500.0,0.0,Self-Employed,Banking/Finance,7.7,High School,682,4.6,2,3,1,1,0,Home,670000.0,2,1,1,13,98.6,0,0,0,0,1,2,130000.0,13520.0,10.4,800.0,0,0,473520.0,8000.0,35.4,Auto,210000.0,48,9.52,5278.0,21.5,57.0,1,27.1,0,106000.0,650000.0,Own,3,Married,Tier-1,1,1
APP101354,59,382000.0,31833.0,0.0,Salaried,Banking/Finance,23.9,Graduate,704,6.9,4,0,4,3,0,Business,990000.0,6,5,1,51,94.0,0,1,0,0,1,2,225000.0,46350.0,20.6,1400.0,1,1,389350.0,6200.0,26.8,Home,2200000.0,120,8.92,27774.0,87.2,114.0,1,11.6,0,65000.0,1680000.0,Own,0,Divorced,Tier-1,0,-1
APP101355,43,669000.0,55750.0,0.0,Salaried,Other,6.5,Graduate,656,1.4,5,2,2,2,0,Gold,1450000.0,2,1,1,37,100.0,0,0,0,0,1,1,140000.0,86940.0,62.1,3800.0,1,1,469940.0,21100.0,45.6,Personal,540000.0,36,14.18,18503.0,33.2,78.8,0,0.0,0,259000.0,2090000.0,Rent,1,Single,Tier-2,0,-1
APP101356,34,351000.0,29250.0,16000.0,Salaried,Healthcare,4.1,Post-Graduate,637,6.1,3,3,3,3,0,Gold,500000.0,4,3,1,49,100.0,0,0,0,0,1,3,160000.0,96960.0,60.6,4900.0,1,1,259960.0,6100.0,37.4,Auto,400000.0,60,11.06,8709.0,29.8,67.2,1,12.9,0,313000.0,830000.0,Own,0,Married,Tier-2,1,0
APP101357,32,126000.0,10500.0,0.0,Salaried,IT,5.6,Graduate,712,12.0,10,0,3,1,0,Auto,290000.0,3,2,1,14,97.7,0,0,0,0,0,0,0.0,0.0,0.0,0.0,0,0,206000.0,3700.0,35.2,Home,1020000.0,120,8.16,12462.0,118.7,153.9,1,23.8,0,31000.0,70000.0,Rent,0,Married,Tier-1,0,-1
APP101358,33,460000.0,38333.0,0.0,Salaried,Manufacturing,7.6,Graduate,691,4.9,3,1,1,0,0,Personal,1360000.0,2,1,1,57,100.0,1,0,0,1,0,0,0.0,0.0,0.0,0.0,0,0,958000.0,15100.0,39.4,Home,4440000.0,300,9.09,37534.0,97.9,137.3,1,27.6,0,96000.0,160000.0,Own,1,Married,Tier-3,0,-1
APP101359,35,415000.0,34583.0,21000.0,Salaried,Government,14.0,Graduate,703,6.0,3,0,3,1,0,Education,440000.0,3,2,1,34,100.0,1,0,0,0,1,1,95000.0,41800.0,44.0,1500.0,0,1,226800.0,4400.0,18.8,Personal,170000.0,36,13.3,5753.0,16.6,35.4,0,0.0,0,118000.0,560000.0,Own,4,Divorced,Tier-2,1,0
APP101360,34,60000.0,5000.0,0.0,Unemployed,None,0.0,High School,595,9.2,2,0,5,4,1,Business,140000.0,5,4,1,34,100.0,0,0,0,0,0,0,0.0,0.0,0.0,0.0,0,0,47000.0,800.0,16.0,Auto,40000.0,48,11.55,1045.0,20.9,36.9,1,22.4,0,13000.0,30000.0,Rent,2,Single,Tier-1,0,-1
APP101361,48,586000.0,48833.0,0.0,Contract,IT,2.9,Graduate,648,13.6,3,6,4,2,0,Business,1290000.0,6,5,1,31,99.9,0,0,0,3,1,3,200000.0,32000.0,16.0,3300.0,1,1,915000.0,18000.0,40.1,Education,410000.0,60,11.27,8970.0,18.4,58.5,1,0.0,0,229000.0,480000.0,Own,1,Single,Tier-3,1,0
APP101362,21,89000.0,7417.0,15000.0,Salaried,Healthcare,0.0,Graduate,595,1.0,4,0,1,0,0,Education,120000.0,1,1,0,36,98.5,0,1,0,1,0,0,0.0,0.0,0.0,0.0,0,0,40000.0,1300.0,17.5,Business,160000.0,84,13.96,2995.0,40.4,57.9,0,0.0,0,60000.0,100000.0,Own,0,Single,Tier-3,0,-1
APP101363,47,1221000.0,101750.0,0.0,Self-Employed,Education,11.0,Graduate,706,4.4,7,3,2,2,0,Personal,910000.0,3,3,0,28,100.0,0,0,0,0,1,4,485000.0,222615.0,45.9,2800.0,1,1,1512615.0,40600.0,50.8,Debt Consolidation,1240000.0,60,14.04,28878.0,28.4,79.2,0,0.0,0,134000.0,4720000.0,Rent,1,Married,Tier-3,0,-1
APP101364,34,615000.0,51250.0,0.0,Self-Employed,Education,2.8,High School,779,9.9,7,1,4,3,0,Personal,970000.0,4,4,0,9,100.0,0,0,0,0,0,0,0.0,0.0,0.0,0.0,0,0,339000.0,10300.0,20.1,Education,930000.0,84,8.53,14742.0,28.8,48.9,0,0.0,0,56000.0,2150000.0,Rent,0,Single,Tier-3,1,0
APP101365,42,249000.0,20750.0,0.0,Contract,Education,2.2,Graduate,579,2.6,6,2,1,1,0,Gold,480000.0,3,3,0,8,93.3,0,2,0,2,1,1,45000.0,11835.0,26.3,300.0,0,1,173835.0,2600.0,15.4,Business,470000.0,60,14.93,11164.0,53.8,69.2,0,0.0,0,40000.0,70000.0,Rent,2,Married,Tier-3,0,-1
APP101366,26,321000.0,26750.0,0.0,Salaried,Manufacturing,1.8,Graduate,667,6.0,6,1,4,3,0,Education,370000.0,4,3,1,18,100.0,0,0,0,0,1,2,100000.0,37300.0,37.3,2000.0,0,2,90300.0,1600.0,13.0,Home,2870000.0,300,9.02,24124.0,90.2,103.1,1,11.8,0,143000.0,1160000.0,Own,1,Married,Tier-2,0,-1
APP101367,53,714000.0,59500.0,49000.0,Salaried,Construction,5.4,Post-Graduate,677,10.9,5,1,0,0,0,None,0.0,1,1,0,24,90.7,0,0,1,1,1,5,145000.0,75255.0,51.9,3800.0,0,3,1941255.0,30700.0,57.9,Debt Consolidation,660000.0,60,14.56,15549.0,26.1,84.1,0,0.0,0,356000.0,850000.0,Own,0,Married,Tier-1,0,-1
APP101368,52,725000.0,60417.0,25000.0,Salaried,IT,5.5,Post-Graduate,777,9.7,6,1,5,3,0,Auto,1280000.0,6,6,0,12,100.0,0,0,0,1,0,0,0.0,0.0,0.0,0.0,0,0,91000.0,2100.0,3.5,Home,2960000.0,300,7.4,21682.0,35.9,39.4,1,18.2,0,1013000.0,550000.0,Rent,3,Married,Tier-2,1,0
APP101369,49,371000.0,30917.0,41000.0,Salaried,Construction,3.3,Post-Graduate,696,7.1,6,0,3,1,0,Business,730000.0,4,3,1,55,100.0,0,0,0,0,1,2,170000.0,94690.0,55.7,3600.0,0,1,179690.0,1900.0,21.5,Auto,230000.0,60,9.42,4821.0,15.6,37.1,1,20.6,1,199000.0,560000.0,Rent,3,Single,Tier-1,1,0
APP101370,21,165000.0,13750.0,7000.0,Salaried,Other,0.0,Graduate,655,1.0,5,1,2,1,0,Personal,340000.0,2,2,0,50,100.0,0,0,0,0,1,3,60000.0,13800.0,23.0,1800.0,0,0,127800.0,2500.0,23.2,Auto,230000.0,60,10.8,4978.0,36.2,59.4,1,26.6,0,44000.0,150000.0,Own,1,Single,Tier-1,1,1
APP101371,47,192000.0,16000.0,0.0,Unemployed,None,0.0,Graduate,575,8.3,5,1,2,2,0,Business,500000.0,2,1,1,50,93.0,0,0,0,0,1,3,85000.0,19890.0,23.4,2200.0,0,2,263890.0,9900.0,68.1,Home,970000.0,240,11.19,10138.0,63.4,131.5,1,25.4,1,21000.0,130000.0,Rent,3,Married,Tier-1,0,-1
APP101372,42,102000.0,8500.0,0.0,Unemployed,None,0.0,Graduate,579,6.6,5,1,5,3,1,Personal,40000.0,6,6,0,23,100.0,0,0,0,0,1,3,30000.0,4410.0,14.7,800.0,0,0,28410.0,1300.0,17.9,Home,670000.0,120,10.86,9176.0,108.0,125.8,1,17.8,0,31000.0,200000.0,Rent,0,Married,Tier-1,0,-1
APP101373,21,327000.0,27250.0,0.0,Salaried,Manufacturing,0.0,High School,629,1.0,2,3,0,0,0,None,0.0,1,0,1,32,96.1,1,0,0,1,0,0,0.0,0.0,0.0,0.0,0,0,726000.0,12400.0,45.5,Home,3110000.0,180,9.78,33003.0,121.1,166.6,1,28.8,0,115000.0,790000.0,Rent,1,Single,Tier-3,0,-1
APP101374,38,457000.0,38083.0,0.0,Salaried,Manufacturing,2.5,Graduate,653,8.5,3,0,2,0,0,Gold,580000.0,4,4,0,21,100.0,0,0,0,1,1,2,80000.0,65600.0,82.0,1300.0,1,2,449600.0,6800.0,26.5,Auto,730000.0,60,9.83,15449.0,40.6,67.0,1,14.7,0,121000.0,1430000.0,Rent,0,Married,Tier-2,1,0
APP101375,42,461000.0,38417.0,0.0,Salaried,Banking/Finance,6.0,High School,567,1.7,2,0,4,3,1,Gold,150000.0,5,4,1,16,88.3,1,2,0,0,1,4,75000.0,39525.0,52.7,400.0,1,4,638525.0,8700.0,27.8,Debt Consolidation,370000.0,24,16.46,18198.0,47.4,75.2,0,0.0,0,110000.0,560000.0,Own,0,Married,Tier-3,0,-1
APP101376,44,664000.0,55333.0,0.0,Salaried,Banking/Finance,6.9,Graduate,681,2.1,4,0,1,1,0,Business,1100000.0,3,1,2,11,93.0,1,0,0,2,0,0,0.0,0.0,0.0,0.0,0,0,1107000.0,25800.0,46.6,Auto,950000.0,84,10.44,15988.0,28.9,75.5,1,29.0,0,274000.0,7730000.0,Rent,1,Divorced,Tier-2,0,-1
APP101377,40,194000.0,16167.0,0.0,Self-Employed,Education,7.4,Post-Graduate,490,13.9,8,3,3,3,0,Home,220000.0,4,4,0,52,90.8,1,0,1,0,1,3,115000.0,78200.0,68.0,2300.0,1,4,89200.0,400.0,26.7,Education,170000.0,84,13.92,3178.0,19.7,46.3,0,0.0,0,67000.0,450000.0,Own,0,Single,Tier-1,0,-1
APP101378,41,359000.0,29917.0,23000.0,Salaried,Retail,5.9,Graduate,589,2.0,4,1,0,0,0,None,0.0,0,0,0,-1,90.5,2,0,0,2,1,4,80000.0,26480.0,33.1,600.0,0,0,75480.0,1200.0,8.4,Education,390000.0,120,11.27,5432.0,18.2,26.6,0,0.0,0,435000.0,380000.0,Rent,0,Married,Tier-1,1,0
APP101379,54,286000.0,23833.0,63000.0,Contract,Retail,5.2,Graduate,741,11.8,6,1,5,4,0,Business,130000.0,5,2,3,57,99.8,0,0,0,0,1,4,165000.0,21450.0,13.0,1200.0,0,3,204450.0,9500.0,44.4,Auto,400000.0,36,8.94,12709.0,53.3,97.7,1,13.7,0,53000.0,1190000.0,Rent,0,Married,Tier-1,1,0
APP101380,51,147000.0,12250.0,0.0,Retired,None,0.0,Graduate,616,2.0,2,3,1,1,0,Business,80000.0,1,1,0,42,100.0,0,0,0,1,0,0,0.0,0.0,0.0,0.0,0,0,39000.0,1200.0,9.8,Business,570000.0,84,14.06,10701.0,87.4,97.2,0,0.0,0,65000.0,70000.0,Own,0,Single,Tier-1,0,-1
APP101381,21,673000.0,56083.0,0.0,Self-Employed,IT,0.0,Graduate,663,1.0,5,3,2,1,0,Personal,2010000.0,4,3,1,11,91.3,2,0,0,1,0,0,0.0,0.0,0.0,0.0,0,0,635000.0,23300.0,41.5,Home,4510000.0,300,8.71,36956.0,65.9,107.4,1,14.1,0,150000.0,300000.0,Rent,1,Divorced,Tier-1,0,-1
APP101382,35,176000.0,14667.0,0.0,Self-Employed,Construction,4.7,Graduate,650,5.1,6,2,0,0,0,None,0.0,0,0,0,-1,94.8,1,0,0,0,0,0,0.0,0.0,0.0,0.0,0,0,54000.0,2900.0,19.8,Debt Consolidation,110000.0,36,13.83,3750.0,25.6,45.3,0,0.0,1,39000.0,290000.0,Rent,0,Single,Tier-1,1,0
APP101383,36,212000.0,17667.0,28000.0,Self-Employed,Other,0.9,Graduate,691,1.3,6,1,2,2,0,Auto,110000.0,3,3,0,15,100.0,0,0,0,0,0,0,0.0,0.0,0.0,0.0,0,0,195000.0,3800.0,21.5,Business,590000.0,60,12.79,13361.0,75.6,97.1,0,0.0,0,67000.0,40000.0,Own,1,Divorced,Tier-2,0,-1
APP101384,21,275000.0,22917.0,0.0,Salaried,Healthcare,0.0,Graduate,669,1.0,3,1,2,1,0,Auto,150000.0,3,2,1,41,100.0,1,0,0,0,0,0,0.0,0.0,0.0,0.0,0,0,561000.0,9000.0,39.3,Education,450000.0,60,10.58,9690.0,42.3,81.6,0,0.0,0,275000.0,250000.0,Own,1,Married,Tier-2,0,-1
APP101385,39,478000.0,39833.0,90000.0,Salaried,Healthcare,6.4,Graduate,652,1.5,4,2,2,1,0,Business,450000.0,2,2,0,27,100.0,0,0,0,0,1,2,255000.0,72930.0,28.6,5000.0,0,0,233930.0,3300.0,17.4,Home,3370000.0,240,9.92,32343.0,81.2,98.6,1,17.8,0,321000.0,990000.0,Own,1,Divorced,Tier-1,0,-1
APP101386,52,1197000.0,99750.0,0.0,Self-Employed,Education,9.8,Doctorate,671,1.6,2,2,1,1,0,Gold,3580000.0,1,1,0,13,97.9,0,1,0,0,0,0,0.0,0.0,0.0,0.0,0,0,2927000.0,59000.0,59.1,Business,2130000.0,36,12.66,71420.0,71.6,130.7,0,0.0,0,130000.0,5660000.0,Rent,3,Married,Tier-3,0,-1
APP101387,26,995000.0,82917.0,0.0,Salaried,IT,0.9,Graduate,751,1.4,6,2,0,0,0,None,0.0,0,0,0,-1,100.0,0,0,0,0,0,0,0.0,0.0,0.0,0.0,0,0,1044000.0,19300.0,23.3,Personal,950000.0,24,12.49,44937.0,54.2,77.5,0,0.0,0,374000.0,1210000.0,Rent,1,Married,Tier-2,1,1
APP101388,42,318000.0,26500.0,0.0,Contract,IT,6.2,Graduate,666,0.6,3,3,0,0,0,None,0.0,1,1,0,46,94.0,1,0,0,1,0,0,0.0,0.0,0.0,0.0,0,0,317000.0,5000.0,18.9,Business,1130000.0,84,13.71,20996.0,79.2,98.1,0,0.0,1,20000.0,1550000.0,Own,0,Married,Tier-1,0,-1
APP101389,28,524000.0,43667.0,0.0,Salaried,Other,7.0,High School,736,8.0,6,1,2,2,0,Gold,400000.0,2,2,0,24,95.3,0,0,0,0,0,0,0.0,0.0,0.0,0.0,0,0,797000.0,14400.0,33.0,Personal,490000.0,24,12.68,23222.0,53.2,86.2,0,0.0,0,113000.0,190000.0,Own,1,Married,Tier-2,1,0
APP101390,31,496000.0,41333.0,0.0,Salaried,Banking/Finance,7.8,High School,717,3.4,2,1,0,0,0,None,0.0,1,0,1,43,99.4,0,1,0,0,0,0,0.0,0.0,0.0,0.0,0,0,130000.0,3500.0,8.5,Debt Consolidation,530000.0,60,13.83,12286.0,29.7,38.2,0,0.0,0,380000.0,840000.0,Rent,1,Single,Tier-2,1,1
APP101391,54,555000.0,46250.0,0.0,Salaried,Education,1.9,Graduate,642,4.2,6,3,1,1,0,Home,560000.0,2,2,0,14,95.0,1,0,0,0,1,3,160000.0,93760.0,58.6,2200.0,0,2,111760.0,300.0,10.8,Auto,510000.0,36,11.05,16709.0,36.1,46.9,1,10.8,0,107000.0,2030000.0,Own,2,Single,Tier-1,0,-1
APP101392,32,198000.0,16500.0,48000.0,Retired,None,0.0,Post-Graduate,654,4.6,8,2,4,4,1,Auto,320000.0,6,6,0,45,100.0,0,0,0,0,0,0,0.0,0.0,0.0,0.0,0,0,75000.0,1600.0,9.7,Home,1100000.0,180,9.58,11540.0,69.9,79.6,1,29.1,0,36000.0,1160000.0,Rent,1,Married,Tier-1,1,0
APP101393,43,270000.0,22500.0,20000.0,Salaried,Government,8.0,High School,638,3.5,5,1,1,1,0,Personal,90000.0,2,2,0,19,97.8,0,1,0,0,1,2,110000.0,15620.0,14.2,3000.0,0,0,340620.0,5100.0,26.1,Auto,390000.0,60,11.38,8554.0,38.0,64.2,1,25.7,0,444000.0,220000.0,Rent,0,Married,Tier-2,1,0
APP101394,21,223000.0,18583.0,0.0,Salaried,Healthcare,0.0,Graduate,684,1.0,2,0,2,0,0,Gold,290000.0,2,2,0,6,100.0,0,0,0,0,0,0,0.0,0.0,0.0,0.0,0,0,290000.0,5400.0,29.1,Personal,220000.0,60,13.81,5097.0,27.4,56.5,0,0.0,0,101000.0,820000.0,Own,1,Married,Tier-2,1,0
APP101395,58,355000.0,29583.0,0.0,Salaried,Banking/Finance,6.7,Doctorate,608,3.2,5,2,2,0,0,Personal,440000.0,3,2,1,51,93.3,1,1,0,0,1,4,115000.0,45425.0,39.5,3300.0,0,0,108425.0,1400.0,12.4,Business,800000.0,36,14.33,27471.0,92.9,105.3,0,0.0,0,282000.0,2590000.0,Family,1,Married,Tier-3,0,-1
APP101396,45,585000.0,48750.0,0.0,Self-Employed,Government,6.5,Graduate,652,4.6,3,6,0,0,0,None,0.0,0,0,0,-1,97.6,1,1,0,0,0,0,0.0,0.0,0.0,0.0,0,0,695000.0,13500.0,27.7,Education,580000.0,84,11.17,9983.0,20.5,48.2,0,0.0,1,545000.0,380000.0,Rent,2,Married,Tier-3,1,0
APP101397,36,155000.0,12917.0,15000.0,Retired,None,0.0,Graduate,691,1.8,3,0,1,1,0,Home,300000.0,2,2,0,43,100.0,0,0,0,0,0,0,0.0,0.0,0.0,0.0,0,0,270000.0,4900.0,37.9,Debt Consolidation,70000.0,36,14.39,2406.0,18.6,56.6,0,0.0,1,44000.0,450000.0,Family,1,Single,Tier-1,1,0
APP101398,44,327000.0,27250.0,74000.0,Salaried,Other,1.8,Graduate,661,3.3,4,3,2,1,0,Personal,380000.0,3,3,0,34,100.0,1,0,0,1,0,0,0.0,0.0,0.0,0.0,0,0,244000.0,9600.0,35.2,Home,2850000.0,300,10.27,26442.0,97.0,132.3,1,29.6,0,233000.0,240000.0,Own,1,Single,Tier-3,0,-1
APP101399,22,87000.0,7250.0,0.0,Unemployed,None,0.0,Graduate,580,2.0,2,1,1,1,0,Home,100000.0,2,2,0,35,98.1,0,0,0,1,1,3,40000.0,18880.0,47.2,1300.0,1,1,113880.0,1700.0,36.5,Auto,110000.0,84,11.69,1924.0,26.5,63.0,1,15.9,0,25000.0,110000.0,Own,1,Married,Tier-2,0,-1
APP101400,51,576000.0,48000.0,0.0,Salaried,IT,19.0,Post-Graduate,722,3.2,4,2,2,1,0,Gold,630000.0,4,3,1,14,99.6,1,0,0,1,0,0,0.0,0.0,0.0,0.0,0,0,207000.0,5300.0,11.0,Business,2120000.0,60,12.37,47556.0,99.1,110.1,0,0.0,0,156000.0,3330000.0,Family,1,Married,Tier-2,0,-1
APP101401,34,212000.0,17667.0,0.0,Self-Employed,Healthcare,4.1,High School,629,6.9,3,2,3,2,0,Home,190000.0,4,3,1,4,100.0,1,0,0,0,0,0,0.0,0.0,0.0,0.0,0,0,417000.0,7200.0,40.8,Debt Consolidation,160000.0,36,15.24,5565.0,31.5,72.3,0,0.0,0,92000.0,100000.0,Rent,1,Single,Tier-1,0,-1
APP101402,36,461000.0,38417.0,95000.0,Salaried,Government,4.4,Post-Graduate,661,7.7,9,1,1,0,0,Home,420000.0,1,1,0,35,95.8,0,1,0,1,0,0,0.0,0.0,0.0,0.0,0,0,331000.0,5900.0,15.4,Home,3850000.0,180,9.23,39578.0,103.0,118.4,1,22.6,1,329000.0,860000.0,Rent,0,Married,Tier-1,0,-1
APP101403,33,670000.0,55833.0,87000.0,Salaried,Government,4.4,Graduate,714,0.9,3,2,1,1,0,Personal,580000.0,1,1,0,18,100.0,0,0,0,0,0,0,0.0,0.0,0.0,0.0,0,0,166000.0,8900.0,15.9,Auto,850000.0,36,10.25,27527.0,49.3,65.2,1,15.1,0,179000.0,380000.0,Own,0,Married,Tier-1,1,0
APP101404,32,359000.0,29917.0,0.0,Self-Employed,Government,9.6,Post-Graduate,727,7.8,3,1,1,1,0,Home,320000.0,1,1,0,13,100.0,0,0,0,0,0,0,0.0,0.0,0.0,0.0,0,0,224000.0,4800.0,16.0,Auto,250000.0,84,9.38,4071.0,13.6,29.7,1,25.8,0,201000.0,5500000.0,Rent,0,Single,Tier-2,1,0
APP101405,46,660000.0,55000.0,0.0,Self-Employed,Healthcare,4.6,Post-Graduate,675,9.7,3,3,1,0,0,Education,1430000.0,2,2,0,55,100.0,0,0,0,0,1,2,205000.0,110290.0,53.8,1100.0,0,3,180290.0,1900.0,13.5,Auto,560000.0,60,10.34,11992.0,21.8,35.3,1,11.2,0,89000.0,660000.0,Rent,1,Single,Tier-3,1,0
APP101406,41,525000.0,43750.0,0.0,Salaried,Healthcare,5.4,Post-Graduate,690,7.1,4,3,2,2,0,Auto,480000.0,2,2,0,21,99.9,0,0,0,0,1,2,280000.0,58520.0,20.9,2000.0,0,0,425520.0,18500.0,49.0,Auto,730000.0,48,9.82,18452.0,42.2,91.1,1,12.8,0,228000.0,810000.0,Family,2,Married,Tier-1,1,0
APP101407,45,306000.0,25500.0,0.0,Contract,Banking/Finance,6.2,Post-Graduate,618,3.8,0,1,3,1,0,Personal,880000.0,5,3,2,55,88.5,3,0,0,0,0,0,0.0,0.0,0.0,0.0,0,0,0.0,0.0,0.0,Auto,480000.0,60,10.96,10427.0,40.9,40.9,1,18.8,0,18000.0,1000000.0,Rent,1,Single,Tier-1,1,1
APP101408,38,170000.0,14167.0,0.0,Retired,None,0.0,Post-Graduate,502,1.4,5,3,1,1,0,Education,340000.0,3,2,1,57,79.4,1,1,1,1,0,0,0.0,0.0,0.0,0.0,0,0,342000.0,5000.0,35.3,Business,430000.0,36,15.84,15084.0,106.5,141.8,0,0.0,0,61000.0,150000.0,Own,0,Single,Tier-3,0,-1
APP101409,44,137000.0,11417.0,14000.0,Salaried,IT,5.4,High School,639,7.4,5,1,3,0,0,Auto,390000.0,3,2,1,22,100.0,0,0,0,0,1,4,25000.0,7375.0,29.5,700.0,0,0,216375.0,4500.0,42.6,Personal,120000.0,60,13.42,2756.0,24.1,66.8,1,0.0,0,11000.0,110000.0,Rent,2,Married,Tier-1,0,-1
APP101410,33,382000.0,31833.0,0.0,Self-Employed,Construction,5.9,High School,665,3.4,5,1,2,1,0,Auto,410000.0,3,1,2,48,94.7,1,0,0,0,0,0,0.0,0.0,0.0,0.0,0,0,448000.0,8600.0,27.0,Personal,290000.0,36,13.98,9909.0,31.1,58.1,0,0.0,0,288000.0,900000.0,Rent,1,Married,Tier-3,1,0
APP101411,63,76000.0,6333.0,0.0,Retired,None,0.0,Graduate,599,4.3,8,1,2,1,0,Personal,130000.0,2,2,0,5,100.0,1,0,0,1,0,0,0.0,0.0,0.0,0.0,0,0,50000.0,2400.0,37.9,Education,40000.0,60,12.19,894.0,14.1,52.0,0,0.0,0,20000.0,280000.0,Rent,2,Single,Tier-2,0,-1
APP101412,21,722000.0,60167.0,143000.0,Salaried,Retail,0.0,Graduate,707,1.0,3,1,2,2,0,Education,2120000.0,2,2,0,40,97.6,1,0,0,0,0,0,0.0,0.0,0.0,0.0,0,0,1031000.0,16300.0,27.1,Auto,860000.0,48,9.37,21553.0,35.8,62.9,1,22.9,0,193000.0,530000.0,Rent,2,Married,Tier-1,1,0
APP101413,52,60000.0,5000.0,0.0,Unemployed,None,0.0,Graduate,485,4.6,2,2,3,2,1,Personal,160000.0,3,3,0,40,100.0,0,0,0,0,1,3,20000.0,13580.0,67.9,600.0,0,1,32580.0,700.0,27.6,Personal,40000.0,24,16.17,1962.0,39.2,66.8,0,0.0,0,22000.0,70000.0,Rent,4,Single,Tier-1,0,-1
APP101414,53,413000.0,34417.0,14000.0,Salaried,Manufacturing,8.7,Post-Graduate,685,4.4,6,3,0,0,0,None,0.0,2,2,0,37,98.6,0,0,0,0,1,1,185000.0,48285.0,26.1,4000.0,1,1,317285.0,9200.0,33.7,Home,2290000.0,180,9.67,24148.0,70.2,103.9,1,29.4,0,87000.0,730000.0,Own,0,Single,Tier-2,0,-1
APP101415,29,902000.0,75167.0,0.0,Contract,Government,8.0,Post-Graduate,640,2.0,4,1,0,0,0,None,0.0,0,0,0,-1,100.0,1,0,0,1,1,1,255000.0,142545.0,55.9,3600.0,0,1,940545.0,23800.0,41.1,Business,1610000.0,60,12.86,36517.0,48.6,89.7,0,0.0,0,186000.0,2820000.0,Own,2,Married,Tier-2,0,-1
APP101416,63,136000.0,11333.0,0.0,Retired,None,0.0,Doctorate,637,6.7,4,0,1,1,0,Gold,120000.0,3,2,1,41,100.0,0,0,0,0,1,2,65000.0,21385.0,32.9,1500.0,0,2,102385.0,1400.0,21.8,Home,1350000.0,240,9.76,12814.0,113.1,134.9,1,14.6,0,36000.0,160000.0,Family,3,Single,Tier-3,0,-1
APP101417,49,288000.0,24000.0,0.0,Salaried,Education,5.6,Graduate,713,13.8,6,1,7,5,0,Business,710000.0,7,6,1,17,96.7,1,0,0,0,0,0,0.0,0.0,0.0,0.0,0,0,318000.0,6900.0,28.7,Personal,70000.0,24,13.03,3329.0,13.9,42.6,0,0.0,0,35000.0,170000.0,Rent,0,Single,Tier-3,1,0
APP101418,49,215000.0,17917.0,0.0,Self-Employed,IT,4.6,Post-Graduate,617,10.2,3,1,2,2,0,Education,320000.0,2,2,0,22,84.0,3,1,0,0,0,0,0.0,0.0,0.0,0.0,0,0,124000.0,4600.0,25.7,Auto,200000.0,84,11.5,3477.0,19.4,45.1,1,21.0,0,14000.0,80000.0,Rent,1,Married,Tier-1,1,1
APP101419,38,1389000.0,115750.0,0.0,Self-Employed,Banking/Finance,15.2,Post-Graduate,650,14.6,6,0,5,4,1,Education,3670000.0,6,5,1,48,91.9,1,1,0,0,1,2,415000.0,136950.0,33.0,12100.0,1,0,2006950.0,30700.0,32.4,Auto,1880000.0,48,11.03,48617.0,42.0,74.4,1,25.9,0,263000.0,900000.0,Rent,2,Single,Tier-3,0,-1
APP101420,36,1621000.0,135083.0,0.0,Contract,Government,8.9,Doctorate,718,3.2,3,0,4,4,1,Education,3690000.0,4,4,0,27,100.0,0,0,0,1,1,2,785000.0,152290.0,19.4,6600.0,0,2,3686290.0,73100.0,59.8,Personal,560000.0,36,13.38,18971.0,14.0,73.8,0,0.0,0,300000.0,3860000.0,Own,0,Single,Tier-1,1,0
APP101421,36,80000.0,6667.0,0.0,Retired,None,0.0,Post-Graduate,577,2.2,4,1,3,1,0,Education,110000.0,3,3,0,42,92.0,0,1,0,0,0,0,0.0,0.0,0.0,0.0,0,0,6000.0,300.0,4.5,Personal,40000.0,36,15.39,1394.0,20.9,25.4,0,0.0,0,5000.0,120000.0,Family,2,Married,Tier-1,1,1
APP101422,42,268000.0,22333.0,18000.0,Salaried,Education,3.3,Graduate,683,0.8,5,1,0,0,0,None,0.0,0,0,0,-1,100.0,0,0,0,0,0,0,0.0,0.0,0.0,0.0,0,0,138000.0,5200.0,23.3,Home,2360000.0,300,8.85,19563.0,87.6,110.9,1,17.7,0,112000.0,330000.0,Rent,1,Divorced,Tier-1,0,-1
APP101423,53,332000.0,27667.0,0.0,Salaried,Healthcare,4.2,High School,702,3.9,3,1,6,4,0,Gold,950000.0,6,5,1,52,98.7,0,0,0,0,1,1,195000.0,66105.0,33.9,5400.0,0,1,468105.0,6400.0,35.1,Personal,310000.0,12,12.74,27651.0,99.9,135.0,0,0.0,0,78000.0,420000.0,Own,2,Married,Tier-1,0,-1
APP101424,40,385000.0,32083.0,17000.0,Salaried,Banking/Finance,1.5,Post-Graduate,657,4.4,4,5,4,4,0,Auto,770000.0,4,4,0,17,100.0,0,0,0,2,0,0,0.0,0.0,0.0,0.0,0,0,675000.0,10400.0,32.4,Personal,250000.0,36,14.41,8594.0,26.8,59.2,0,0.0,0,215000.0,690000.0,Own,3,Divorced,Tier-1,0,-1
APP101425,28,535000.0,44583.0,0.0,Salaried,Manufacturing,5.9,Post-Graduate,808,5.2,1,0,1,0,0,Gold,1080000.0,1,1,0,40,98.0,0,0,0,2,1,3,290000.0,8990.0,3.1,4200.0,0,0,453990.0,9200.0,21.6,Home,5080000.0,120,6.5,57682.0,129.4,151.0,1,22.8,0,161000.0,1360000.0,Family,3,Married,Tier-3,0,-1
APP101426,47,495000.0,41250.0,0.0,Salaried,Banking/Finance,3.7,Post-Graduate,664,1.9,8,3,2,0,0,Business,500000.0,3,2,1,36,99.0,1,0,0,0,1,1,85000.0,28305.0,33.3,500.0,0,1,907305.0,13400.0,35.9,Debt Consolidation,250000.0,36,14.34,8586.0,20.8,56.7,0,0.0,0,113000.0,250000.0,Rent,0,Single,Tier-2,1,0
APP101427,48,674000.0,56167.0,0.0,Contract,Construction,17.7,Post-Graduate,766,5.9,6,2,2,2,0,Auto,1310000.0,3,2,1,1,98.9,0,0,0,0,1,2,295000.0,102660.0,34.8,8100.0,0,2,132660.0,1000.0,10.9,Business,1850000.0,60,11.65,40826.0,72.7,83.6,0,0.0,0,209000.0,110000.0,Family,2,Married,Tier-3,1,0
APP101428,45,276000.0,23000.0,0.0,Contract,Healthcare,6.8,Post-Graduate,503,4.9,3,0,1,0,0,Education,500000.0,2,2,0,38,82.8,2,0,1,1,1,2,85000.0,44710.0,52.6,600.0,1,0,227710.0,3500.0,24.9,Debt Consolidation,110000.0,60,16.83,2724.0,11.8,36.8,0,0.0,0,20000.0,250000.0,Own,0,Married,Tier-2,0,-1
APP101429,46,591000.0,49250.0,0.0,Salaried,Government,4.1,Post-Graduate,682,6.0,6,2,1,0,0,Home,410000.0,3,3,0,51,99.9,1,0,0,0,1,2,270000.0,85320.0,31.6,4600.0,0,1,823320.0,11200.0,31.4,Auto,810000.0,36,10.94,26495.0,53.8,85.2,1,11.9,0,118000.0,320000.0,Family,0,Married,Tier-2,0,-1
APP101430,35,281000.0,23417.0,0.0,Salaried,Banking/Finance,2.5,Post-Graduate,578,6.9,8,4,3,3,0,Gold,190000.0,3,2,1,52,98.5,2,0,0,0,1,2,125000.0,30750.0,24.6,4100.0,0,0,619750.0,9000.0,45.0,Business,890000.0,84,14.99,17169.0,73.3,118.3,0,0.0,0,171000.0,100000.0,Rent,0,Married,Tier-3,0,-1
APP101431,28,473000.0,39417.0,0.0,Self-Employed,Education,5.2,Post-Graduate,614,5.3,2,2,3,2,0,Business,860000.0,3,2,1,57,97.0,3,0,0,2,0,0,0.0,0.0,0.0,0.0,0,0,1254000.0,22000.0,55.8,Personal,440000.0,24,14.4,21209.0,53.8,109.6,0,0.0,0,1016000.0,550000.0,Rent,1,Single,Tier-3,0,-1
APP101432,28,170000.0,14167.0,0.0,Salaried,Banking/Finance,7.0,Graduate,675,8.0,9,0,4,4,0,Auto,430000.0,5,4,1,46,100.0,0,0,0,0,0,0,0.0,0.0,0.0,0.0,0,0,69000.0,1600.0,11.3,Personal,150000.0,12,12.77,13381.0,94.5,105.7,1,0.0,0,25000.0,70000.0,Family,0,Married,Tier-1,0,-1
APP101433,21,240000.0,20000.0,0.0,Salaried,Healthcare,0.0,High School,613,1.0,4,3,2,1,0,Gold,290000.0,3,3,0,6,98.5,1,0,0,2,1,4,115000.0,36340.0,31.6,500.0,0,2,370340.0,6700.0,42.6,Debt Consolidation,270000.0,60,14.8,6395.0,32.0,74.6,0,0.0,0,123000.0,2110000.0,Rent,2,Married,Tier-2,0,-1
APP101434,41,237000.0,19750.0,0.0,Salaried,Manufacturing,5.3,High School,655,5.0,6,3,2,1,0,Education,410000.0,2,2,0,41,95.6,1,0,0,0,1,1,35000.0,7280.0,20.8,900.0,0,1,111280.0,4500.0,24.6,Personal,220000.0,36,13.61,7477.0,37.9,62.5,0,0.0,0,50000.0,210000.0,Rent,1,Married,Tier-1,1,0
APP101435,37,787000.0,65583.0,54000.0,Salaried,Banking/Finance,11.3,Graduate,727,2.8,2,1,0,0,0,None,0.0,0,0,0,-1,96.6,0,0,0,0,1,3,250000.0,96000.0,38.4,4000.0,0,0,861000.0,21000.0,39.3,Business,2350000.0,36,11.82,77852.0,118.7,158.0,1,0.0,0,405000.0,690000.0,Rent,0,Single,Tier-1,0,-1
APP101436,33,533000.0,44417.0,0.0,Salaried,Banking/Finance,6.7,Post-Graduate,665,4.0,6,0,1,0,0,Personal,910000.0,2,1,1,27,97.9,0,1,0,1,1,3,125000.0,27625.0,22.1,1600.0,0,1,787625.0,17600.0,42.7,Education,990000.0,60,10.74,21397.0,48.2,90.9,0,0.0,0,200000.0,5790000.0,Own,1,Single,Tier-1,0,-1
APP101437,21,803000.0,66917.0,58000.0,Business Owner,Government,0.0,Post-Graduate,703,1.0,6,1,0,0,0,None,0.0,1,1,0,18,97.7,1,0,0,0,0,0,0.0,0.0,0.0,0.0,0,0,982000.0,33100.0,49.5,Personal,440000.0,60,14.14,10270.0,15.3,64.8,0,0.0,1,68000.0,2880000.0,Family,0,Married,Tier-1,1,0
APP101438,24,413000.0,34417.0,0.0,Salaried,Manufacturing,3.0,Graduate,674,4.0,2,0,2,1,0,Home,1050000.0,2,2,0,35,100.0,0,0,0,0,0,0,0.0,0.0,0.0,0.0,0,0,578000.0,18200.0,52.9,Debt Consolidation,320000.0,36,14.51,11016.0,32.0,84.9,0,0.0,0,131000.0,580000.0,Own,2,Married,Tier-2,1,1
APP101439,50,151000.0,12583.0,0.0,Self-Employed,Education,6.9,Graduate,543,2.8,4,2,2,0,0,Personal,410000.0,2,2,0,35,94.8,0,1,0,1,0,0,0.0,0.0,0.0,0.0,0,0,286000.0,6400.0,50.9,Personal,150000.0,36,15.84,5262.0,41.8,92.7,0,0.0,1,54000.0,110000.0,Family,1,Single,Tier-1,0,-1
APP101440,31,149000.0,12417.0,0.0,Self-Employed,Education,1.2,Graduate,659,2.2,2,1,1,1,0,Auto,140000.0,2,1,1,52,96.3,1,0,0,0,0,0,0.0,0.0,0.0,0.0,0,0,75000.0,1400.0,11.3,Debt Consolidation,70000.0,36,14.04,2394.0,19.3,30.6,0,0.0,0,41000.0,160000.0,Family,1,Married,Tier-3,1,0
APP101441,42,63000.0,5250.0,0.0,Unemployed,None,0.0,Post-Graduate,556,1.5,2,1,2,2,0,Education,110000.0,2,1,1,12,100.0,0,0,0,1,1,1,20000.0,6540.0,32.7,300.0,1,2,84540.0,1400.0,32.9,Auto,60000.0,36,12.22,1999.0,38.1,71.0,1,20.3,1,5000.0,300000.0,Rent,1,Single,Tier-1,0,-1
APP101442,23,481000.0,40083.0,0.0,Salaried,Education,2.0,Graduate,699,2.6,4,2,2,1,0,Education,220000.0,2,2,0,15,100.0,1,0,0,0,0,0,0.0,0.0,0.0,0.0,0,0,1325000.0,23400.0,58.4,Home,3470000.0,300,8.47,27871.0,69.5,127.9,1,17.1,0,141000.0,480000.0,Own,0,Married,Tier-2,0,-1
APP101443,54,275000.0,22917.0,50000.0,Salaried,Other,2.7,High School,631,3.3,2,1,1,1,0,Education,120000.0,2,2,0,24,88.9,1,1,0,1,0,0,0.0,0.0,0.0,0.0,0,0,288000.0,6500.0,28.4,Home,1400000.0,240,10.0,13510.0,59.0,87.3,1,22.4,0,67000.0,580000.0,Rent,2,Married,Tier-1,0,-1
APP101444,36,268000.0,22333.0,0.0,Salaried,Education,5.2,Graduate,662,11.4,8,2,4,4,1,Auto,240000.0,6,3,3,40,92.9,1,0,0,0,0,0,0.0,0.0,0.0,0.0,0,0,264000.0,6900.0,30.9,Auto,240000.0,84,10.47,4043.0,18.1,49.0,1,24.5,0,77000.0,560000.0,Family,4,Single,Tier-2,0,-1
APP101445,41,361000.0,30083.0,0.0,Salaried,Manufacturing,2.0,Graduate,644,2.8,1,1,1,1,0,Gold,150000.0,4,3,1,58,100.0,0,0,0,0,1,2,175000.0,93800.0,53.6,2100.0,0,4,150800.0,1100.0,19.2,Personal,70000.0,24,13.95,3359.0,11.2,30.4,1,0.0,0,187000.0,1190000.0,Rent,1,Single,Tier-1,1,0
APP101446,64,392000.0,32667.0,0.0,Salaried,Healthcare,11.4,Graduate,730,13.2,3,3,5,4,0,Home,410000.0,7,6,1,8,99.8,0,0,0,1,1,3,110000.0,31460.0,28.6,2200.0,0,0,802460.0,12600.0,43.4,Debt Consolidation,450000.0,60,13.03,10246.0,31.4,74.8,0,0.0,0,66000.0,350000.0,Rent,2,Single,Tier-1,1,0
APP101447,55,681000.0,56750.0,0.0,Contract,Construction,2.9,Post-Graduate,645,11.5,9,3,3,1,0,Gold,1290000.0,3,2,1,9,95.6,0,0,1,1,1,3,285000.0,56430.0,19.8,7300.0,0,1,841430.0,16300.0,33.7,Personal,180000.0,12,14.71,16222.0,28.6,62.3,0,0.0,0,237000.0,4480000.0,Rent,1,Married,Tier-3,0,-1
APP101448,35,772000.0,64333.0,0.0,Salaried,Manufacturing,2.4,Post-Graduate,617,11.2,7,0,2,1,0,Home,1900000.0,4,2,2,56,88.0,1,2,0,0,1,4,415000.0,198785.0,47.9,11400.0,0,1,863785.0,15700.0,39.9,Business,3020000.0,60,14.53,71103.0,110.5,150.4,0,0.0,0,256000.0,610000.0,Own,1,Married,Tier-1,0,-1
APP101449,31,227000.0,18917.0,0.0,Salaried,Education,1.6,High School,713,7.5,7,2,2,2,0,Auto,70000.0,3,2,1,59,100.0,0,0,0,0,0,0,0.0,0.0,0.0,0.0,0,0,90000.0,3000.0,15.9,Home,2120000.0,300,9.02,17820.0,94.2,110.1,1,29.9,0,25000.0,1230000.0,Rent,0,Married,Tier-1,1,1
APP101450,34,440000.0,36667.0,0.0,Salaried,Construction,8.6,Graduate,720,1.0,4,1,1,0,0,Auto,230000.0,3,1,2,54,100.0,1,0,0,0,0,0,0.0,0.0,0.0,0.0,0,0,363000.0,7300.0,19.9,Auto,460000.0,60,9.95,9762.0,26.6,46.5,1,27.2,0,26000.0,790000.0,Rent,0,Divorced,Tier-1,1,0
APP101451,44,427000.0,35583.0,0.0,Contract,Healthcare,5.2,Graduate,716,10.3,7,1,4,3,0,Personal,300000.0,6,5,1,8,98.8,1,0,0,0,0,0,0.0,0.0,0.0,0.0,0,0,198000.0,5900.0,16.6,Home,2430000.0,300,8.66,19830.0,55.7,72.3,1,22.8,0,117000.0,640000.0,Family,1,Married,Tier-2,1,0
APP101452,37,501000.0,41750.0,96000.0,Contract,Healthcare,11.1,Graduate,641,1.2,3,1,3,2,0,Education,1370000.0,5,5,0,28,95.4,2,0,0,4,1,1,275000.0,52525.0,19.1,4100.0,0,1,386525.0,10600.0,31.7,Education,910000.0,84,11.2,15677.0,37.5,69.2,0,0.0,0,123000.0,870000.0,Family,0,Single,Tier-2,0,-1
APP101453,34,1571000.0,130917.0,377000.0,Business Owner,IT,3.6,Graduate,658,2.0,1,2,4,4,1,Home,1260000.0,5,3,2,48,89.7,1,0,1,1,1,2,685000.0,240435.0,35.1,10000.0,0,1,1887435.0,27000.0,29.8,Debt Consolidation,950000.0,60,15.28,22740.0,17.4,47.2,0,0.0,0,283000.0,3680000.0,Own,3,Married,Tier-1,0,-1
APP101454,54,335000.0,27917.0,0.0,Self-Employed,IT,2.1,High School,666,3.3,3,1,4,2,0,Gold,910000.0,4,2,2,8,99.3,0,0,0,0,0,0,0.0,0.0,0.0,0.0,0,0,48000.0,700.0,2.5,Education,180000.0,84,10.24,3011.0,10.8,13.3,1,0.0,0,131000.0,1100000.0,Rent,0,Single,Tier-1,1,0
APP101455,37,922000.0,76833.0,0.0,Business Owner,Education,5.1,High School,695,2.8,6,2,1,0,0,Business,2310000.0,1,1,0,33,100.0,0,0,0,0,1,3,310000.0,98890.0,31.9,9000.0,0,0,610890.0,14700.0,25.6,Debt Consolidation,690000.0,60,13.77,15973.0,20.8,46.4,0,0.0,1,372000.0,10580000.0,Rent,2,Married,Tier-3,1,0
APP101456,63,472000.0,39333.0,0.0,Business Owner,Retail,12.6,Post-Graduate,718,9.0,4,0,3,2,0,Home,520000.0,3,3,0,16,100.0,0,0,0,0,1,3,230000.0,105340.0,45.8,4100.0,0,0,373340.0,4700.0,25.3,Business,1700000.0,60,12.28,38057.0,96.8,122.1,0,0.0,1,82000.0,180000.0,Family,1,Married,Tier-2,0,-1
APP101457,39,215000.0,17917.0,0.0,Salaried,Healthcare,1.2,High School,620,8.2,4,1,5,3,0,Home,470000.0,6,3,3,20,87.1,2,1,0,3,1,2,50000.0,11100.0,22.2,1000.0,0,1,62100.0,2100.0,14.8,Home,1850000.0,240,10.62,18619.0,103.9,118.7,1,23.3,0,197000.0,260000.0,Own,3,Married,Tier-1,0,-1
APP101458,58,187000.0,15583.0,0.0,Self-Employed,Banking/Finance,6.6,Post-Graduate,599,4.5,2,2,1,1,0,Gold,410000.0,3,0,3,8,100.0,0,0,0,0,1,2,90000.0,19890.0,22.1,1200.0,0,2,164890.0,5700.0,43.0,Personal,150000.0,60,15.29,3591.0,23.0,66.0,0,0.0,0,30000.0,280000.0,Own,0,Single,Tier-1,0,-1
APP101459,42,409000.0,34083.0,0.0,Contract,Government,7.1,Graduate,646,7.4,1,1,2,1,0,Personal,1020000.0,5,5,0,43,90.5,1,0,1,0,1,1,165000.0,46200.0,28.0,1500.0,0,0,192200.0,2600.0,14.4,Home,2290000.0,180,9.63,24093.0,70.7,85.1,1,21.0,0,614000.0,2080000.0,Family,1,Single,Tier-2,1,1
APP101460,49,692000.0,57667.0,0.0,Salaried,IT,14.0,Graduate,548,5.5,10,4,2,0,0,Gold,540000.0,2,1,1,57,97.0,1,1,0,1,1,2,130000.0,95550.0,73.5,3900.0,1,3,519550.0,16200.0,36.4,Business,970000.0,60,15.3,23229.0,40.3,76.7,0,0.0,0,399000.0,540000.0,Rent,1,Married,Tier-2,0,-1
APP101461,30,84000.0,7000.0,0.0,Self-Employed,Government,2.7,High School,642,4.8,8,0,1,1,0,Home,70000.0,1,0,1,32,99.8,0,0,0,0,0,0,0.0,0.0,0.0,0.0,0,0,152000.0,2200.0,31.4,Business,200000.0,36,13.98,6834.0,97.6,129.1,0,0.0,1,26000.0,110000.0,Own,0,Single,Tier-1,0,-1
APP101462,29,338000.0,28167.0,0.0,Salaried,Other,1.1,High School,744,3.6,2,1,1,1,0,Home,440000.0,2,2,0,15,100.0,0,0,0,0,0,0,0.0,0.0,0.0,0.0,0,0,218000.0,6200.0,22.0,Home,2190000.0,300,7.8,16614.0,59.0,81.0,1,26.5,0,28000.0,2610000.0,Family,0,Married,Tier-1,0,-1
APP101463,43,649000.0,54083.0,0.0,Self-Employed,Retail,3.8,Graduate,693,2.5,0,2,0,0,0,None,0.0,0,0,0,-1,95.9,0,1,0,0,1,2,275000.0,24475.0,8.9,9000.0,0,1,24475.0,0.0,2.3,Home,3560000.0,180,8.64,35349.0,65.4,67.6,1,25.8,0,63000.0,670000.0,Own,1,Married,Tier-1,1,0
APP101464,49,771000.0,64250.0,0.0,Salaried,Retail,9.4,Post-Graduate,613,0.3,2,1,0,0,0,None,0.0,2,1,1,37,91.7,1,1,0,0,1,4,315000.0,170100.0,54.0,6000.0,1,0,683100.0,9400.0,27.9,Auto,990000.0,60,11.63,21837.0,34.0,61.9,1,23.2,1,289000.0,370000.0,Own,3,Married,Tier-3,1,0
APP101465,38,309000.0,25750.0,22000.0,Self-Employed,Retail,5.5,Post-Graduate,736,8.8,4,2,3,1,0,Business,300000.0,6,5,1,38,96.4,0,0,0,2,0,0,0.0,0.0,0.0,0.0,0,0,109000.0,2900.0,11.3,Auto,380000.0,60,9.46,7973.0,31.0,42.2,1,13.0,0,75000.0,3250000.0,Own,5,Single,Tier-2,1,0
APP101466,24,69000.0,5750.0,10000.0,Unemployed,None,0.0,High School,578,2.7,4,3,1,0,0,Personal,90000.0,1,0,1,48,99.8,0,0,0,0,0,0,0.0,0.0,0.0,0.0,0,0,102000.0,1700.0,29.6,Business,150000.0,36,15.17,5212.0,90.6,120.2,0,0.0,0,11000.0,10000.0,Rent,1,Married,Tier-2,0,-1
APP101467,23,311000.0,25917.0,0.0,Salaried,Education,2.0,High School,584,2.9,3,2,0,0,0,None,0.0,0,0,0,-1,84.8,1,0,1,1,0,0,0.0,0.0,0.0,0.0,0,0,50000.0,1600.0,6.2,Auto,370000.0,60,12.37,8300.0,32.0,38.2,1,21.5,0,148000.0,250000.0,Own,3,Married,Tier-2,1,0
APP101468,22,422000.0,35167.0,0.0,Salaried,Manufacturing,1.0,High School,649,2.0,2,1,4,2,0,Education,640000.0,4,4,0,12,95.6,0,1,0,0,1,3,165000.0,23430.0,14.2,4700.0,1,1,976430.0,16200.0,49.4,Home,3220000.0,300,9.36,27820.0,79.1,128.5,1,20.7,0,123000.0,1310000.0,Own,1,Married,Tier-2,0,-1
APP101469,21,467000.0,38917.0,0.0,Salaried,Retail,0.0,Post-Graduate,604,1.0,1,3,3,2,0,Auto,900000.0,3,1,2,7,93.6,2,0,0,1,0,0,0.0,0.0,0.0,0.0,0,0,546000.0,16100.0,41.4,Home,3990000.0,180,10.58,44304.0,113.8,155.2,1,26.7,0,54000.0,920000.0,Own,0,Single,Tier-2,0,-1
APP101470,39,504000.0,42000.0,0.0,Salaried,IT,1.4,Graduate,725,7.0,5,2,2,1,1,Auto,1260000.0,2,1,1,58,98.4,0,0,0,0,0,0,0.0,0.0,0.0,0.0,0,0,319000.0,15400.0,36.7,Home,3390000.0,300,8.34,26933.0,64.1,100.8,1,12.5,0,108000.0,570000.0,Family,1,Married,Tier-2,0,-1
APP101471,50,295000.0,24583.0,0.0,Retired,None,0.0,Graduate,666,3.0,3,1,0,0,0,None,0.0,1,1,0,4,100.0,0,0,0,2,1,2,175000.0,55125.0,31.5,4700.0,1,0,338125.0,6300.0,36.8,Home,2400000.0,180,9.38,24888.0,101.2,138.1,1,13.7,0,72000.0,100000.0,Rent,2,Married,Tier-2,0,-1
APP101472,38,475000.0,39583.0,0.0,Salaried,Manufacturing,4.2,Post-Graduate,707,5.0,5,0,4,4,0,Home,380000.0,7,4,3,7,98.1,1,1,0,0,0,0,0.0,0.0,0.0,0.0,0,0,1025000.0,17000.0,42.9,Business,1060000.0,60,12.89,24059.0,60.8,103.7,0,0.0,0,241000.0,740000.0,Rent,5,Single,Tier-2,0,-1
APP101473,21,585000.0,48750.0,100000.0,Salaried,IT,0.0,Post-Graduate,716,1.0,2,0,0,0,0,None,0.0,1,1,0,37,93.0,2,0,0,0,0,0,0.0,0.0,0.0,0.0,0,0,193000.0,8900.0,18.3,Personal,540000.0,60,13.56,12442.0,25.5,43.8,0,0.0,1,175000.0,300000.0,Rent,1,Married,Tier-2,1,0
APP101474,36,859000.0,71583.0,65000.0,Salaried,Construction,5.3,Graduate,732,8.8,6,2,3,2,0,Gold,430000.0,3,3,0,45,93.8,2,0,0,0,1,3,480000.0,81600.0,17.0,6200.0,1,0,1511600.0,23300.0,38.2,Auto,920000.0,60,8.76,18991.0,26.5,64.8,1,17.8,0,266000.0,1030000.0,Own,1,Married,Tier-1,1,0
APP101475,36,112000.0,9333.0,0.0,Retired,None,0.0,High School,655,6.4,6,3,2,2,0,Auto,190000.0,2,2,0,40,100.0,0,0,0,2,0,0,0.0,0.0,0.0,0.0,0,0,109000.0,3900.0,41.8,Debt Consolidation,130000.0,60,14.98,3091.0,33.1,74.9,0,0.0,0,91000.0,80000.0,Rent,1,Married,Tier-1,0,-1
APP101476,61,86000.0,7167.0,0.0,Retired,None,0.0,Graduate,575,0.6,3,0,6,5,0,Education,180000.0,8,5,3,51,89.8,0,0,1,1,0,0,0.0,0.0,0.0,0.0,0,0,88000.0,1400.0,19.5,Debt Consolidation,90000.0,60,15.11,2146.0,29.9,49.5,0,0.0,0,6000.0,80000.0,Family,2,Married,Tier-1,0,-1
APP101477,22,884000.0,73667.0,65000.0,Business Owner,IT,1.0,Graduate,701,2.0,5,1,3,3,0,Personal,1580000.0,5,3,2,1,97.3,0,0,0,0,0,0,0.0,0.0,0.0,0.0,0,0,1166000.0,20200.0,27.4,Home,6680000.0,180,8.57,66055.0,89.7,117.1,1,26.9,0,1282000.0,780000.0,Rent,0,Married,Tier-1,0,-1
APP101478,34,1053000.0,87750.0,87000.0,Salaried,Other,13.0,Graduate,637,5.2,5,1,0,0,0,None,0.0,0,0,0,-1,93.9,1,0,1,1,1,1,395000.0,167875.0,42.5,5200.0,1,0,861875.0,18300.0,30.4,Home,8280000.0,120,9.37,106553.0,121.4,151.8,1,27.2,0,83000.0,5940000.0,Rent,0,Single,Tier-2,0,-1
APP101479,57,1047000.0,87250.0,0.0,Salaried,Banking/Finance,2.0,Post-Graduate,648,2.3,5,2,1,1,0,Auto,1060000.0,3,2,1,20,87.0,1,1,0,0,1,3,495000.0,328185.0,66.3,9700.0,0,1,1087185.0,18000.0,39.4,Auto,1190000.0,48,9.95,30153.0,34.6,74.0,1,13.5,0,90000.0,16910000.0,Rent,1,Single,Tier-1,1,0
APP101480,43,705000.0,58750.0,0.0,Business Owner,Healthcare,3.8,High School,676,2.1,4,2,1,1,0,Business,780000.0,1,1,0,45,93.4,1,0,0,1,0,0,0.0,0.0,0.0,0.0,0,0,330000.0,7100.0,12.1,Auto,720000.0,84,10.4,12102.0,20.6,32.7,1,17.6,0,164000.0,600000.0,Rent,0,Married,Tier-2,1,0
APP101481,44,158000.0,13167.0,0.0,Salaried,Government,9.8,Post-Graduate,507,8.1,7,1,3,3,2,Home,80000.0,3,2,1,12,100.0,1,0,0,0,1,2,75000.0,39900.0,53.2,800.0,1,1,337900.0,7400.0,71.4,Personal,130000.0,60,17.11,3239.0,24.6,96.0,0,0.0,0,25000.0,930000.0,Family,3,Married,Tier-1,0,-1
APP101482,39,313000.0,26083.0,0.0,Self-Employed,Healthcare,0.6,Graduate,642,8.5,5,3,2,1,0,Education,150000.0,4,4,0,22,92.4,1,0,0,0,0,0,0.0,0.0,0.0,0.0,0,0,71000.0,1300.0,5.0,Home,1410000.0,240,9.59,13226.0,50.7,55.7,1,17.2,1,502000.0,130000.0,Family,2,Single,Tier-1,1,0
APP101483,42,391000.0,32583.0,16000.0,Salaried,IT,5.2,Post-Graduate,757,5.5,2,0,2,2,0,Education,680000.0,3,3,0,9,100.0,0,0,0,0,0,0,0.0,0.0,0.0,0.0,0,0,619000.0,9400.0,28.8,Personal,260000.0,60,12.05,5790.0,17.8,46.6,0,0.0,0,50000.0,1530000.0,Own,1,Married,Tier-2,1,0
APP101484,47,498000.0,41500.0,0.0,Business Owner,Government,5.2,High School,681,3.1,1,2,1,1,0,Auto,270000.0,1,1,0,46,100.0,1,0,0,1,0,0,0.0,0.0,0.0,0.0,0,0,215000.0,3400.0,8.2,Home,3720000.0,300,9.39,32218.0,77.6,85.8,1,25.4,0,76000.0,1000000.0,Rent,0,Married,Tier-2,1,1
APP101485,29,944000.0,78667.0,115000.0,Contract,Healthcare,6.4,Graduate,621,2.4,2,4,2,2,0,Home,1420000.0,4,2,2,2,96.1,1,0,0,0,1,3,415000.0,176375.0,42.5,10900.0,0,0,1029375.0,25300.0,43.4,Auto,1270000.0,48,10.16,32308.0,41.1,84.4,1,25.1,0,260000.0,260000.0,Own,3,Married,Tier-1,0,-1
APP101486,48,265000.0,22083.0,23000.0,Business Owner,Construction,4.5,High School,646,2.5,9,1,1,1,0,Personal,240000.0,1,0,1,16,100.0,0,0,0,1,1,3,155000.0,64325.0,41.5,4300.0,1,1,179325.0,2100.0,24.1,Business,320000.0,60,13.74,7403.0,33.5,57.6,0,0.0,0,326000.0,170000.0,Rent,1,Married,Tier-3,1,0
APP101487,23,1769000.0,147417.0,0.0,Salaried,Banking/Finance,2.0,Post-Graduate,811,3.0,4,3,1,0,0,Auto,3780000.0,5,4,1,21,100.0,0,0,0,0,0,0,0.0,0.0,0.0,0.0,0,0,1415000.0,29700.0,20.1,Business,4710000.0,36,10.05,152089.0,103.2,123.3,0,0.0,0,1448000.0,1530000.0,Own,1,Single,Tier-2,0,-1
APP101488,42,381000.0,31750.0,0.0,Business Owner,Other,2.9,High School,653,9.9,8,0,3,3,1,Business,600000.0,5,4,1,41,99.6,0,0,0,3,1,1,65000.0,23010.0,35.4,1500.0,0,2,145010.0,1800.0,9.3,Auto,260000.0,84,10.25,4350.0,13.7,23.0,1,29.6,0,138000.0,690000.0,Own,2,Single,Tier-1,1,0
APP101489,40,105000.0,8750.0,0.0,Retired,None,0.0,Graduate,553,0.9,4,0,2,2,0,Business,170000.0,3,3,0,34,90.7,1,1,0,0,0,0,0.0,0.0,0.0,0.0,0,0,274000.0,4100.0,46.9,Debt Consolidation,70000.0,24,16.07,3430.0,39.2,86.1,0,0.0,0,10000.0,180000.0,Rent,3,Married,Tier-3,0,-1
APP101490,31,823000.0,68583.0,0.0,Salaried,Healthcare,2.2,Post-Graduate,652,4.9,6,0,1,0,0,Education,2280000.0,2,1,1,54,91.0,3,0,0,1,1,1,225000.0,66825.0,29.7,6400.0,0,2,1247825.0,27300.0,44.7,Auto,810000.0,60,10.03,17222.0,25.1,69.8,1,20.8,0,51000.0,680000.0,Own,1,Single,Tier-1,0,-1
APP101491,38,917000.0,76417.0,0.0,Salaried,Education,6.8,Post-Graduate,787,3.7,8,1,2,1,0,Personal,1840000.0,3,2,1,24,100.0,0,0,0,1,0,0,0.0,0.0,0.0,0.0,0,0,298000.0,14600.0,19.1,Debt Consolidation,620000.0,60,12.2,13854.0,18.1,37.2,0,0.0,0,114000.0,390000.0,Own,2,Married,Tier-3,1,0
APP101492,31,559000.0,46583.0,73000.0,Contract,Other,10.0,Graduate,652,6.4,2,2,1,1,1,Gold,710000.0,2,1,1,49,93.7,0,0,1,1,0,0,0.0,0.0,0.0,0.0,0,0,305000.0,8000.0,17.2,Debt Consolidation,350000.0,60,14.53,8240.0,17.7,34.9,0,0.0,1,28000.0,110000.0,Own,0,Married,Tier-3,1,0
APP101493,26,273000.0,22750.0,0.0,Salaried,IT,2.7,Graduate,671,2.0,4,2,0,0,0,None,0.0,1,1,0,5,98.0,1,0,0,1,0,0,0.0,0.0,0.0,0.0,0,0,33000.0,1800.0,7.9,Debt Consolidation,200000.0,36,14.53,6887.0,30.3,38.2,0,0.0,0,27000.0,230000.0,Rent,1,Married,Tier-1,1,0
APP101494,34,608000.0,50667.0,0.0,Self-Employed,Construction,3.2,Graduate,649,4.1,4,1,1,1,0,Personal,1300000.0,1,1,0,39,99.9,1,0,0,0,0,0,0.0,0.0,0.0,0.0,0,0,1688000.0,27000.0,53.3,Home,2490000.0,120,9.15,31745.0,62.7,115.9,1,16.8,0,32000.0,700000.0,Family,0,Single,Tier-2,0,-1
APP101495,26,366000.0,30500.0,64000.0,Business Owner,Retail,5.0,Graduate,645,6.0,3,5,0,0,0,None,0.0,1,0,1,30,97.3,1,0,0,2,0,0,0.0,0.0,0.0,0.0,0,0,308000.0,7700.0,25.2,Home,3650000.0,180,10.29,39873.0,130.7,156.0,1,20.3,0,152000.0,2540000.0,Rent,1,Single,Tier-2,0,-1
APP101496,42,282000.0,23500.0,0.0,Salaried,Other,6.1,Graduate,698,5.5,7,2,1,1,0,Business,640000.0,1,1,0,46,100.0,0,0,0,0,0,0,0.0,0.0,0.0,0.0,0,0,204000.0,4900.0,20.9,Personal,90000.0,12,12.86,8033.0,34.2,55.0,0,0.0,0,27000.0,420000.0,Own,0,Divorced,Tier-2,1,0
APP101497,25,319000.0,26583.0,42000.0,Self-Employed,Banking/Finance,1.1,High School,606,3.3,5,3,3,1,1,Education,300000.0,5,4,1,40,100.0,0,0,0,2,0,0,0.0,0.0,0.0,0.0,0,0,431000.0,16900.0,63.6,Personal,90000.0,12,15.76,8156.0,30.7,94.3,0,0.0,0,232000.0,230000.0,Own,1,Single,Tier-1,0,-1
APP101498,46,307000.0,25583.0,15000.0,Self-Employed,Government,6.3,Graduate,696,2.3,2,1,1,1,0,Business,860000.0,3,3,0,54,96.1,0,0,0,1,0,0,0.0,0.0,0.0,0.0,0,0,76000.0,1300.0,5.1,Business,1110000.0,60,12.96,25233.0,98.6,103.7,0,0.0,0,103000.0,1720000.0,Rent,1,Married,Tier-1,0,-1
APP101499,25,568000.0,47333.0,0.0,Salaried,Other,4.0,High School,714,5.0,3,0,2,2,1,Personal,620000.0,2,2,0,26,100.0,0,0,0,0,0,0,0.0,0.0,0.0,0.0,0,0,712000.0,14300.0,30.2,Personal,300000.0,12,12.19,26681.0,56.4,86.6,1,0.0,0,164000.0,1280000.0,Rent,1,Single,Tier-2,1,0
APP101500,32,60000.0,5000.0,9000.0,Unemployed,None,0.0,Graduate,561,1.4,9,0,4,3,1,Gold,150000.0,6,6,0,31,99.9,0,0,0,0,0,0,0.0,0.0,0.0,0.0,0,0,34000.0,800.0,16.0,Personal,60000.0,36,15.4,2092.0,41.8,57.8,0,0.0,0,33000.0,70000.0,Rent,1,Married,Tier-1,0,-1
APP101501,31,390000.0,32500.0,0.0,Salaried,IT,6.7,Graduate,704,11.0,3,0,4,4,0,Auto,1160000.0,5,3,2,1,93.7,2,0,0,0,0,0,0.0,0.0,0.0,0.0,0,0,291000.0,4500.0,13.8,Home,2210000.0,120,8.29,27153.0,83.5,97.4,1,20.5,0,80000.0,90000.0,Rent,0,Married,Tier-1,0,-1
APP101502,53,206000.0,17167.0,0.0,Salaried,Manufacturing,7.7,High School,549,5.4,4,3,2,2,0,Education,350000.0,3,2,1,12,95.9,2,0,0,0,1,2,80000.0,35680.0,44.6,2500.0,1,0,131680.0,4600.0,37.2,Home,1600000.0,120,11.17,22194.0,129.3,166.5,1,10.2,0,66000.0,120000.0,Rent,2,Married,Tier-2,0,-1
APP101503,42,926000.0,77167.0,0.0,Contract,Education,15.4,Post-Graduate,666,4.4,6,1,1,1,0,Auto,2040000.0,5,5,0,36,95.4,2,0,0,0,0,0,0.0,0.0,0.0,0.0,0,0,1562000.0,39400.0,51.1,Debt Consolidation,500000.0,36,14.41,17189.0,22.3,73.3,0,0.0,0,121000.0,1290000.0,Own,3,Single,Tier-2,0,-1
APP101504,36,399000.0,33250.0,0.0,Salaried,Education,10.0,Post-Graduate,724,9.7,3,0,3,2,0,Auto,1140000.0,5,3,2,18,100.0,0,0,0,0,1,1,120000.0,26640.0,22.2,1400.0,0,0,368640.0,5100.0,19.3,Education,700000.0,84,10.1,11657.0,35.1,54.4,1,0.0,1,292000.0,360000.0,Rent,0,Single,Tier-3,1,0
APP101505,43,680000.0,56667.0,0.0,Contract,Retail,4.4,Graduate,681,10.0,5,1,6,5,0,Auto,1410000.0,7,5,2,47,100.0,0,0,0,1,1,4,225000.0,173925.0,77.3,2900.0,0,1,1132925.0,13800.0,39.7,Education,1270000.0,120,10.7,17279.0,30.5,70.2,0,0.0,0,678000.0,1560000.0,Family,3,Married,Tier-2,1,0
APP101506,21,901000.0,75083.0,0.0,Salaried,Other,0.0,Post-Graduate,733,1.0,4,0,2,2,0,Home,1220000.0,2,2,0,4,100.0,0,0,0,0,1,1,455000.0,203840.0,44.8,12500.0,0,0,1471840.0,21900.0,42.7,Home,8580000.0,300,7.73,64695.0,86.2,128.9,1,13.4,0,178000.0,1600000.0,Rent,0,Single,Tier-1,0,-1
APP101507,38,369000.0,30750.0,0.0,Salaried,Education,11.8,Graduate,713,6.6,2,0,2,1,1,Education,310000.0,2,2,0,23,99.7,0,0,0,1,0,0,0.0,0.0,0.0,0.0,0,0,44000.0,2200.0,7.2,Home,1830000.0,300,8.9,15232.0,49.5,56.7,1,12.0,1,352000.0,50000.0,Rent,2,Divorced,Tier-1,1,0
APP101508,60,163000.0,13583.0,0.0,Retired,None,0.0,Graduate,627,1.7,6,3,1,0,0,Home,200000.0,3,2,1,13,100.0,0,0,0,1,0,0,0.0,0.0,0.0,0.0,0,0,80000.0,3900.0,28.7,Education,190000.0,120,12.29,2758.0,20.3,49.0,0,0.0,0,46000.0,180000.0,Family,2,Married,Tier-1,1,0
APP101509,39,277000.0,23083.0,0.0,Self-Employed,Other,5.9,High School,644,4.1,2,2,0,0,0,None,0.0,1,0,1,28,100.0,0,0,0,1,0,0,0.0,0.0,0.0,0.0,0,0,377000.0,7700.0,33.4,Home,1830000.0,240,10.01,17672.0,76.6,109.9,1,24.0,0,157000.0,530000.0,Family,0,Single,Tier-1,0,-1
APP101510,39,489000.0,40750.0,0.0,Contract,Other,4.3,Graduate,707,2.8,3,1,4,3,0,Education,440000.0,4,3,1,56,100.0,0,0,0,0,0,0,0.0,0.0,0.0,0.0,0,0,87000.0,3400.0,8.3,Debt Consolidation,540000.0,24,13.4,25774.0,63.2,71.6,0,0.0,1,137000.0,2800000.0,Own,0,Single,Tier-1,1,0
APP101511,44,358000.0,29833.0,81000.0,Contract,Manufacturing,11.5,Graduate,709,11.6,7,3,1,1,0,Personal,730000.0,2,2,0,57,94.3,0,1,0,1,0,0,0.0,0.0,0.0,0.0,0,0,272000.0,4000.0,13.4,Auto,530000.0,60,9.99,11258.0,37.7,51.1,1,17.9,0,88000.0,100000.0,Rent,0,Single,Tier-3,1,0
APP101512,48,159000.0,13250.0,0.0,Retired,None,0.0,Post-Graduate,628,10.9,9,2,0,0,0,None,0.0,0,0,0,-1,96.2,1,0,0,1,1,3,30000.0,10560.0,35.2,200.0,1,1,142560.0,3100.0,27.4,Business,580000.0,36,14.31,19910.0,150.3,177.6,0,0.0,0,30000.0,90000.0,Family,2,Married,Tier-2,0,-1
APP101513,21,452000.0,37667.0,0.0,Self-Employed,Government,0.0,Graduate,733,1.0,5,1,1,1,0,Personal,600000.0,1,1,0,56,100.0,0,0,0,0,0,0,0.0,0.0,0.0,0.0,0,0,95000.0,1800.0,4.8,Auto,340000.0,36,8.57,10744.0,28.5,33.3,1,22.1,0,223000.0,840000.0,Rent,3,Married,Tier-1,1,0
APP101514,21,143000.0,11917.0,0.0,Contract,Retail,0.0,Graduate,645,1.0,1,0,1,1,0,Business,320000.0,1,1,0,3,100.0,0,0,0,1,0,0,0.0,0.0,0.0,0.0,0,0,141000.0,2200.0,18.5,Personal,90000.0,60,14.88,2135.0,17.9,36.4,0,0.0,0,14000.0,70000.0,Rent,0,Single,Tier-1,1,0
APP101515,40,495000.0,41250.0,0.0,Self-Employed,Retail,11.4,Graduate,631,4.2,2,3,1,1,0,Business,920000.0,1,1,0,12,92.9,1,1,0,1,0,0,0.0,0.0,0.0,0.0,0,0,385000.0,7000.0,17.0,Education,430000.0,60,10.91,9330.0,22.6,39.6,0,0.0,0,180000.0,1140000.0,Rent,1,Married,Tier-2,1,0
APP101516,30,86000.0,7167.0,0.0,Unemployed,None,0.0,Graduate,556,10.0,7,0,1,0,0,Gold,130000.0,3,2,1,4,100.0,0,0,0,0,1,2,45000.0,26550.0,59.0,1100.0,0,1,116550.0,1700.0,42.2,Auto,70000.0,48,12.32,1854.0,25.9,68.1,1,16.4,0,64000.0,140000.0,Rent,0,Married,Tier-2,0,-1
APP101517,52,640000.0,53333.0,156000.0,Self-Employed,Education,5.2,Post-Graduate,611,3.4,4,0,1,0,1,Personal,600000.0,1,1,0,28,83.7,0,0,1,0,1,2,130000.0,25870.0,19.9,3900.0,0,0,726870.0,22800.0,45.2,Education,700000.0,60,12.33,15688.0,29.4,74.6,0,0.0,0,76000.0,1740000.0,Own,0,Single,Tier-2,0,-1
APP101518,35,101000.0,8417.0,0.0,Unemployed,None,0.0,Graduate,547,15.0,6,1,4,3,0,Auto,220000.0,5,5,0,27,85.8,1,0,1,0,1,4,60000.0,27840.0,46.4,800.0,1,0,51840.0,800.0,26.0,Business,240000.0,84,15.53,4703.0,55.9,81.9,0,0.0,0,61000.0,1500000.0,Rent,0,Single,Tier-1,0,-1
APP101519,21,407000.0,33917.0,0.0,Salaried,Manufacturing,0.0,Post-Graduate,678,1.0,5,1,5,3,0,Business,780000.0,5,2,3,43,100.0,1,0,0,0,1,3,65000.0,18135.0,27.9,500.0,0,1,134135.0,3500.0,13.0,Education,240000.0,60,10.38,5144.0,15.2,28.2,0,0.0,0,339000.0,400000.0,Own,1,Divorced,Tier-3,1,0
APP101520,24,317000.0,26417.0,20000.0,Salaried,Government,1.3,Graduate,686,2.7,4,2,1,1,0,Business,890000.0,1,1,0,26,87.6,0,1,0,0,0,0,0.0,0.0,0.0,0.0,0,0,261000.0,8100.0,30.7,Business,440000.0,84,13.16,8043.0,30.4,61.1,0,0.0,0,44000.0,280000.0,Rent,2,Single,Tier-1,1,0
APP101521,21,325000.0,27083.0,0.0,Business Owner,Healthcare,0.0,Graduate,586,1.0,4,2,2,2,1,Home,500000.0,2,2,0,17,94.0,1,0,0,0,0,0,0.0,0.0,0.0,0.0,0,0,215000.0,11900.0,43.9,Home,2830000.0,300,10.82,27370.0,101.1,145.0,1,15.9,1,75000.0,1220000.0,Own,2,Single,Tier-1,0,-1
APP101522,35,352000.0,29333.0,0.0,Salaried,Other,6.7,Graduate,705,5.2,3,0,3,2,0,Home,310000.0,3,3,0,1,97.2,1,0,0,0,0,0,0.0,0.0,0.0,0.0,0,0,169000.0,3200.0,10.9,Personal,140000.0,24,12.73,6638.0,22.6,33.5,0,0.0,0,54000.0,3190000.0,Rent,2,Married,Tier-3,1,0
APP101523,36,1566000.0,130500.0,0.0,Salaried,IT,4.1,Post-Graduate,724,3.3,4,2,0,0,0,None,0.0,1,0,1,29,95.5,1,0,0,1,0,0,0.0,0.0,0.0,0.0,0,0,233000.0,4200.0,3.2,Home,14100000.0,240,8.77,124783.0,95.6,98.8,1,20.1,0,530000.0,4660000.0,Rent,1,Single,Tier-2,1,0
APP101524,33,186000.0,15500.0,23000.0,Retired,None,0.0,Graduate,696,12.1,5,2,2,2,0,Auto,420000.0,3,3,0,4,99.7,0,0,0,0,0,0,0.0,0.0,0.0,0.0,0,0,96000.0,2300.0,14.8,Home,910000.0,180,9.26,9371.0,60.5,75.3,1,18.2,0,20000.0,810000.0,Rent,2,Married,Tier-1,1,0
APP101525,50,315000.0,26250.0,0.0,Salaried,IT,5.8,Graduate,737,3.1,1,1,1,0,0,Auto,210000.0,3,2,1,22,98.5,0,0,0,1,0,0,0.0,0.0,0.0,0.0,0,0,233000.0,8900.0,33.9,Debt Consolidation,300000.0,36,13.27,10147.0,38.7,72.6,0,0.0,0,203000.0,370000.0,Own,0,Married,Tier-1,1,0
APP101526,51,190000.0,15833.0,0.0,Salaried,Construction,6.8,High School,605,8.6,7,2,0,0,0,None,0.0,0,0,0,-1,100.0,0,0,0,0,1,7,110000.0,57640.0,52.4,1500.0,0,2,88640.0,800.0,23.3,Auto,190000.0,48,11.37,4945.0,31.2,54.5,1,25.9,0,32000.0,410000.0,Own,1,Single,Tier-3,0,-1
APP101527,36,178000.0,14833.0,42000.0,Salaried,Other,4.9,Graduate,632,1.8,5,0,2,2,0,Education,480000.0,2,1,1,14,90.1,2,1,0,0,0,0,0.0,0.0,0.0,0.0,0,0,158000.0,4800.0,32.4,Home,1090000.0,180,9.96,11687.0,78.8,111.2,1,18.3,0,20000.0,180000.0,Rent,3,Single,Tier-2,0,-1
APP101528,21,190000.0,15833.0,0.0,Salaried,Construction,0.0,High School,657,1.0,3,3,2,1,0,Education,380000.0,2,2,0,38,100.0,0,0,0,0,0,0,0.0,0.0,0.0,0.0,0,0,146000.0,3500.0,22.1,Personal,190000.0,60,14.11,4432.0,28.0,50.1,0,0.0,0,85000.0,60000.0,Rent,4,Married,Tier-2,1,0
APP101529,45,1063000.0,88583.0,0.0,Self-Employed,Construction,4.0,Doctorate,672,0.7,8,1,3,2,0,Home,1840000.0,3,1,2,32,96.0,1,0,0,1,0,0,0.0,0.0,0.0,0.0,0,0,1670000.0,36300.0,41.0,Personal,510000.0,12,14.06,45806.0,51.7,92.7,0,0.0,0,124000.0,1380000.0,Rent,2,Married,Tier-1,0,-1
APP101530,44,95000.0,7917.0,15000.0,Retired,None,0.0,High School,651,13.0,8,3,3,3,0,Gold,210000.0,4,3,1,2,100.0,0,0,0,0,0,0,0.0,0.0,0.0,0.0,0,0,252000.0,4000.0,50.5,Personal,50000.0,60,14.26,1170.0,14.8,65.3,0,0.0,0,27000.0,150000.0,Family,0,Married,Tier-1,1,0
APP101531,41,95000.0,7917.0,0.0,Retired,None,0.0,Graduate,626,4.2,4,3,1,1,0,Education,170000.0,2,2,0,10,100.0,0,0,0,0,0,0,0.0,0.0,0.0,0.0,0,0,121000.0,2200.0,27.8,Auto,140000.0,84,10.75,2379.0,30.0,57.8,1,15.8,0,77000.0,100000.0,Rent,0,Single,Tier-3,1,0
APP101532,49,287000.0,23917.0,0.0,Self-Employed,Other,2.5,Graduate,737,8.6,3,1,1,0,0,Home,160000.0,2,2,0,12,100.0,0,0,0,0,0,0,0.0,0.0,0.0,0.0,0,0,241000.0,10900.0,45.6,Personal,130000.0,36,12.65,4358.0,18.2,63.8,0,0.0,1,186000.0,1180000.0,Own,1,Married,Tier-2,1,0
APP101533,25,908000.0,75667.0,0.0,Business Owner,Retail,3.9,Graduate,712,1.1,1,1,1,0,0,Business,1480000.0,2,2,0,51,100.0,0,0,0,0,0,0,0.0,0.0,0.0,0.0,0,0,571000.0,18000.0,23.8,Business,3520000.0,60,13.06,80199.0,106.0,129.8,0,0.0,1,681000.0,2440000.0,Rent,0,Married,Tier-1,0,-1
APP101534,60,420000.0,35000.0,0.0,Salaried,Construction,6.4,Graduate,549,1.3,6,1,2,2,1,Education,800000.0,3,2,1,19,95.2,0,1,0,1,1,3,95000.0,34390.0,36.2,800.0,0,1,86390.0,1800.0,10.1,Home,2730000.0,300,11.46,27670.0,79.1,89.1,1,26.1,0,97000.0,930000.0,Rent,4,Married,Tier-3,0,-1
APP101535,27,328000.0,27333.0,63000.0,Contract,Government,6.0,Post-Graduate,579,1.9,6,2,2,2,0,Home,440000.0,2,2,0,43,91.8,1,1,0,0,0,0,0.0,0.0,0.0,0.0,0,0,69000.0,1700.0,6.2,Personal,140000.0,60,15.29,3352.0,12.3,18.5,0,0.0,0,93000.0,230000.0,Rent,1,Single,Tier-1,1,1
APP101536,46,320000.0,26667.0,0.0,Salaried,Government,17.4,High School,573,2.9,3,0,1,1,0,Gold,280000.0,4,3,1,3,93.6,1,1,0,2,1,3,155000.0,78585.0,50.7,1400.0,1,2,427585.0,8100.0,45.1,Personal,100000.0,24,14.61,4830.0,18.1,63.2,0,0.0,0,145000.0,450000.0,Own,2,Divorced,Tier-3,0,-1
APP101537,21,1347000.0,112250.0,0.0,Salaried,Manufacturing,0.0,Graduate,683,1.0,3,2,3,2,0,Gold,2670000.0,3,3,0,13,100.0,1,0,0,0,1,2,385000.0,166320.0,43.2,7300.0,1,0,357320.0,4500.0,11.4,Personal,770000.0,12,13.41,68923.0,61.4,72.8,0,0.0,0,307000.0,1120000.0,Rent,3,Married,Tier-1,1,0
APP101538,28,235000.0,19583.0,58000.0,Retired,None,0.0,High School,610,3.2,3,2,0,0,0,None,0.0,0,0,0,-1,100.0,0,0,0,1,1,3,75000.0,32625.0,43.5,500.0,0,0,234625.0,7400.0,46.1,Business,460000.0,36,14.05,15733.0,80.3,126.5,0,0.0,0,117000.0,240000.0,Rent,2,Married,Tier-1,0,-1
APP101539,55,135000.0,11250.0,0.0,Unemployed,None,0.0,Graduate,544,6.9,5,4,4,3,1,Personal,350000.0,5,4,1,18,100.0,0,0,0,0,0,0,0.0,0.0,0.0,0.0,0,0,75000.0,2200.0,19.6,Education,160000.0,120,12.14,2309.0,20.5,40.1,0,0.0,1,12000.0,140000.0,Own,4,Divorced,Tier-3,0,-1
APP101540,35,199000.0,16583.0,0.0,Salaried,Education,2.9,Post-Graduate,632,15.0,6,3,5,2,1,Education,180000.0,6,3,3,7,100.0,1,0,0,0,0,0,0.0,0.0,0.0,0.0,0,0,37000.0,1700.0,10.3,Home,1830000.0,120,9.6,23780.0,143.4,153.7,1,13.9,0,56000.0,360000.0,Rent,0,Single,Tier-1,0,-1
APP101541,47,451000.0,37583.0,0.0,Self-Employed,Government,7.5,Graduate,678,3.7,4,4,2,1,0,Personal,1000000.0,3,1,2,55,93.2,1,0,0,0,0,0,0.0,0.0,0.0,0.0,0,0,238000.0,7900.0,21.0,Home,4500000.0,300,8.69,36813.0,98.0,119.0,1,23.7,1,386000.0,670000.0,Rent,1,Married,Tier-1,0,-1
APP101542,41,395000.0,32917.0,91000.0,Salaried,Banking/Finance,8.3,Post-Graduate,737,1.2,2,1,3,3,0,Gold,1030000.0,3,2,1,44,97.7,0,0,0,0,1,3,75000.0,8475.0,11.3,1200.0,0,1,106475.0,1500.0,5.8,Personal,210000.0,60,12.28,4701.0,14.3,20.1,0,0.0,0,87000.0,220000.0,Family,0,Married,Tier-3,1,0
APP101543,37,591000.0,49250.0,0.0,Salaried,Healthcare,6.3,Graduate,702,1.9,5,2,0,0,0,None,0.0,0,0,0,-1,99.2,1,0,0,0,0,0,0.0,0.0,0.0,0.0,0,0,218000.0,7400.0,15.0,Home,3560000.0,240,9.0,32030.0,65.0,80.1,1,23.3,1,181000.0,830000.0,Family,1,Single,Tier-1,1,0
APP101544,53,1012000.0,84333.0,0.0,Salaried,IT,27.4,Graduate,742,7.4,4,3,2,1,0,Home,2040000.0,5,5,0,1,99.1,0,0,0,0,1,2,365000.0,185055.0,50.7,6300.0,1,1,606055.0,9400.0,22.1,Auto,1560000.0,60,8.95,32345.0,38.4,60.5,1,24.2,1,2214000.0,2490000.0,Rent,1,Single,Tier-1,1,0
APP101545,35,630000.0,52500.0,0.0,Salaried,Retail,3.5,Post-Graduate,690,2.8,0,2,2,0,0,Home,370000.0,3,3,0,39,100.0,0,0,0,0,1,4,365000.0,122275.0,33.5,10200.0,0,0,122275.0,0.0,11.6,Personal,130000.0,36,13.03,4382.0,8.3,20.0,0,0.0,0,107000.0,1660000.0,Own,1,Married,Tier-1,1,0
APP101546,21,204000.0,17000.0,0.0,Self-Employed,Government,0.0,High School,567,1.0,5,2,0,0,0,None,0.0,2,1,1,48,95.0,2,0,0,1,0,0,0.0,0.0,0.0,0.0,0,0,211000.0,4900.0,28.8,Personal,110000.0,24,15.8,5375.0,31.6,60.4,0,0.0,0,55000.0,90000.0,Rent,0,Divorced,Tier-2,0,-1
APP101547,29,363000.0,30250.0,0.0,Salaried,Banking/Finance,2.9,Post-Graduate,689,9.0,6,0,2,2,0,Business,890000.0,3,3,0,44,100.0,0,0,0,0,1,2,95000.0,31160.0,32.8,400.0,1,1,231160.0,11000.0,41.5,Home,2380000.0,120,9.71,31071.0,102.7,144.2,1,25.7,0,21000.0,480000.0,Own,1,Single,Tier-2,0,-1
APP101548,44,700000.0,58333.0,0.0,Self-Employed,Government,8.7,Graduate,660,10.5,9,1,7,3,0,Personal,840000.0,8,6,2,35,92.0,1,1,0,0,0,0,0.0,0.0,0.0,0.0,0,0,1492000.0,26300.0,45.1,Home,5480000.0,120,9.67,71421.0,122.4,167.5,1,26.4,0,300000.0,200000.0,Family,0,Married,Tier-2,0,-1
APP101549,42,646000.0,53833.0,91000.0,Salaried,IT,5.7,Graduate,727,2.2,4,1,0,0,0,None,0.0,1,1,0,42,95.7,0,0,0,0,1,2,360000.0,98280.0,27.3,8000.0,0,2,241280.0,3500.0,15.6,Personal,580000.0,24,13.21,27632.0,51.3,67.0,0,0.0,1,347000.0,480000.0,Rent,1,Married,Tier-1,1,0
APP101550,21,541000.0,45083.0,0.0,Salaried,Construction,0.0,Post-Graduate,714,1.0,3,2,2,1,0,Home,190000.0,2,2,0,15,100.0,0,0,0,0,0,0,0.0,0.0,0.0,0.0,0,0,353000.0,7500.0,16.6,Auto,650000.0,48,9.21,16240.0,36.0,52.7,1,10.6,0,275000.0,710000.0,Family,1,Single,Tier-3,1,1
APP101551,30,526000.0,43833.0,0.0,Self-Employed,Government,7.5,Graduate,593,10.0,5,4,3,3,0,Education,1120000.0,3,2,1,5,98.1,2,0,0,0,1,1,220000.0,78760.0,35.8,7100.0,0,0,353760.0,8900.0,29.3,Personal,400000.0,12,15.0,36103.0,82.4,111.7,1,0.0,0,730000.0,1390000.0,Rent,0,Married,Tier-1,0,-1
APP101552,32,93000.0,7750.0,0.0,Unemployed,None,0.0,Doctorate,570,12.0,7,1,4,3,0,Personal,260000.0,5,5,0,10,97.6,0,1,0,0,1,3,35000.0,4515.0,12.9,500.0,1,0,21515.0,500.0,9.4,Auto,140000.0,84,12.14,2482.0,32.0,41.4,1,23.3,0,46000.0,300000.0,Rent,1,Single,Tier-2,0,-1
APP101553,34,624000.0,52000.0,37000.0,Salaried,Government,5.0,Post-Graduate,550,3.8,5,1,3,1,0,Home,1500000.0,4,4,0,6,86.4,2,0,1,0,1,3,105000.0,63420.0,60.4,2300.0,0,1,151420.0,4200.0,14.2,Personal,170000.0,36,15.98,5975.0,11.5,25.7,0,0.0,0,177000.0,380000.0,Own,2,Married,Tier-2,0,-1
APP101554,23,663000.0,55250.0,0.0,Self-Employed,Manufacturing,1.0,Graduate,646,3.0,2,2,1,1,0,Home,1760000.0,3,1,2,52,96.3,1,0,0,0,1,2,270000.0,147150.0,54.5,4500.0,1,2,273150.0,3000.0,18.7,Business,2460000.0,36,13.93,83993.0,152.0,170.8,0,0.0,0,389000.0,1310000.0,Own,2,Married,Tier-1,0,-1
APP101555,31,553000.0,46083.0,0.0,Contract,Other,10.0,Graduate,703,7.1,5,1,2,2,0,Education,230000.0,2,2,0,23,100.0,0,0,0,1,1,2,115000.0,42550.0,37.0,2300.0,1,1,1310550.0,18400.0,44.5,Auto,880000.0,84,9.85,14541.0,31.6,76.1,1,21.8,1,109000.0,510000.0,Own,2,Married,Tier-1,1,0
APP101556,30,521000.0,43417.0,0.0,Salaried,Government,1.9,Post-Graduate,718,2.5,4,1,1,0,0,Home,1040000.0,1,1,0,37,93.5,0,1,0,1,0,0,0.0,0.0,0.0,0.0,0,0,455000.0,12200.0,28.1,Business,1270000.0,84,12.14,22514.0,51.9,80.0,0,0.0,1,272000.0,880000.0,Family,0,Married,Tier-2,1,0
APP101557,46,310000.0,25833.0,69000.0,Salaried,Banking/Finance,4.1,High School,562,9.9,4,2,2,2,0,Auto,340000.0,3,3,0,47,90.3,1,1,0,0,1,3,170000.0,120020.0,70.6,3200.0,1,2,478020.0,6100.0,46.8,Education,240000.0,84,13.0,4366.0,16.9,63.7,0,0.0,1,1225000.0,260000.0,Own,0,Single,Tier-1,0,-1
APP101558,47,526000.0,43833.0,0.0,Salaried,Other,6.9,Post-Graduate,775,6.1,0,0,3,1,0,Business,690000.0,3,2,1,15,95.4,0,1,0,0,0,0,0.0,0.0,0.0,0.0,0,0,0.0,0.0,0.0,Home,4600000.0,240,6.93,35471.0,80.9,80.9,1,11.7,0,992000.0,290000.0,Own,2,Married,Tier-3,1,0
APP101559,36,202000.0,16833.0,32000.0,Salaried,Government,2.2,High School,699,9.7,7,1,3,0,0,Education,70000.0,3,2,1,12,95.3,1,1,0,0,0,0,0.0,0.0,0.0,0.0,0,0,45000.0,1800.0,10.7,Education,250000.0,60,10.84,5416.0,32.2,42.9,0,0.0,0,261000.0,840000.0,Family,0,Married,Tier-2,1,0
APP101560,34,278000.0,23167.0,60000.0,Salaried,Healthcare,5.0,Graduate,571,3.3,1,1,2,2,0,Auto,680000.0,2,2,0,32,97.6,2,1,0,1,1,4,95000.0,35530.0,37.4,1600.0,1,1,420530.0,6400.0,35.3,Home,1200000.0,180,11.42,13957.0,60.2,95.5,1,19.9,1,119000.0,660000.0,Rent,1,Single,Tier-1,0,-1
APP101561,40,617000.0,51417.0,0.0,Salaried,Other,9.5,Graduate,766,5.8,8,0,3,2,0,Personal,410000.0,5,5,0,37,100.0,0,0,0,0,0,0,0.0,0.0,0.0,0.0,0,0,219000.0,3400.0,6.6,Auto,500000.0,84,8.07,7811.0,15.2,21.8,1,29.3,1,85000.0,1820000.0,Own,0,Married,Tier-1,1,0
APP101562,29,358000.0,29833.0,0.0,Salaried,Healthcare,4.0,Post-Graduate,629,1.5,6,2,2,0,0,Home,460000.0,2,1,1,26,100.0,1,0,0,2,1,3,125000.0,53750.0,43.0,4200.0,0,0,1275750.0,18100.0,69.7,Personal,350000.0,60,14.0,8144.0,27.3,97.0,0,0.0,0,78000.0,1150000.0,Rent,1,Married,Tier-3,0,-1
APP101563,25,913000.0,76083.0,0.0,Self-Employed,Education,4.0,Post-Graduate,742,3.0,2,1,2,1,0,Education,470000.0,4,3,1,32,94.8,0,0,0,0,0,0,0.0,0.0,0.0,0.0,0,0,277000.0,9300.0,12.2,Debt Consolidation,510000.0,36,13.16,17223.0,22.6,34.9,0,0.0,0,2159000.0,830000.0,Rent,0,Married,Tier-2,1,0
APP101564,28,404000.0,33667.0,58000.0,Salaried,Government,2.6,Graduate,680,3.5,3,2,7,5,0,Business,130000.0,8,7,1,40,97.2,1,0,0,2,0,0,0.0,0.0,0.0,0.0,0,0,425000.0,17300.0,51.4,Home,3540000.0,180,8.71,35297.0,104.8,156.2,1,10.8,0,101000.0,580000.0,Rent,2,Single,Tier-3,0,-1
APP101565,31,670000.0,55833.0,26000.0,Salaried,Other,4.4,Graduate,654,7.3,10,2,4,3,0,Business,1530000.0,4,2,2,59,97.1,1,1,0,3,0,0,0.0,0.0,0.0,0.0,0,0,320000.0,12600.0,22.6,Home,4000000.0,300,9.86,35954.0,64.4,87.0,1,27.8,0,604000.0,480000.0,Rent,3,Married,Tier-2,0,-1
APP101566,25,877000.0,73083.0,0.0,Business Owner,Education,1.9,Graduate,592,5.0,3,3,7,6,0,Education,790000.0,8,7,1,49,98.8,1,0,0,0,1,1,190000.0,104310.0,54.9,4600.0,0,0,2928310.0,46900.0,71.3,Education,620000.0,120,13.16,9316.0,12.7,84.1,0,0.0,0,121000.0,2530000.0,Rent,2,Divorced,Tier-1,0,-1
APP101567,40,698000.0,58167.0,140000.0,Salaried,Other,6.4,Graduate,704,1.8,6,0,1,1,0,Home,320000.0,3,3,0,38,92.2,1,1,0,0,0,0,0.0,0.0,0.0,0.0,0,0,395000.0,9100.0,15.6,Personal,370000.0,60,12.7,8362.0,14.4,30.0,0,0.0,0,310000.0,4780000.0,Own,1,Single,Tier-1,1,0
APP101568,46,315000.0,26250.0,0.0,Salaried,Healthcare,1.5,Graduate,698,11.5,8,3,1,1,0,Personal,390000.0,4,4,0,15,100.0,1,0,0,1,0,0,0.0,0.0,0.0,0.0,0,0,171000.0,3600.0,13.7,Auto,320000.0,60,9.18,6671.0,25.4,39.1,1,21.6,0,167000.0,1150000.0,Own,2,Single,Tier-1,1,0
APP101569,21,501000.0,41750.0,27000.0,Salaried,Construction,0.0,Graduate,739,1.0,5,1,1,1,0,Business,640000.0,1,0,1,17,100.0,0,0,0,1,0,0,0.0,0.0,0.0,0.0,0,0,19000.0,800.0,1.9,Debt Consolidation,400000.0,24,13.47,19105.0,45.8,47.7,0,0.0,0,85000.0,930000.0,Rent,2,Divorced,Tier-2,1,1
APP101570,38,652000.0,54333.0,83000.0,Salaried,Healthcare,5.7,Graduate,747,7.8,3,0,0,0,0,None,0.0,2,2,0,3,100.0,1,0,0,0,0,0,0.0,0.0,0.0,0.0,0,0,724000.0,16500.0,30.4,Auto,580000.0,84,8.9,9302.0,17.1,47.5,1,24.4,0,64000.0,320000.0,Own,2,Single,Tier-1,1,0
APP101571,36,183000.0,15250.0,0.0,Salaried,Other,4.8,Graduate,588,9.2,2,2,2,2,0,Home,520000.0,2,2,0,32,95.8,0,1,0,2,1,4,45000.0,19620.0,43.6,1400.0,1,0,109620.0,3200.0,27.4,Debt Consolidation,160000.0,60,15.48,3847.0,25.2,52.6,0,0.0,1,31000.0,160000.0,Rent,1,Married,Tier-1,1,0
APP101572,42,848000.0,70667.0,190000.0,Salaried,Government,7.2,High School,602,2.2,5,3,0,0,0,None,0.0,1,1,0,17,92.8,0,0,1,1,1,3,490000.0,180810.0,36.9,15600.0,1,1,1237810.0,24900.0,48.0,Personal,660000.0,24,14.54,31857.0,45.1,93.1,0,0.0,0,591000.0,1590000.0,Family,1,Divorced,Tier-1,0,-1
APP101573,38,1499000.0,124917.0,0.0,Salaried,Education,5.1,Graduate,765,11.3,9,2,1,1,0,Business,800000.0,1,1,0,50,100.0,0,0,0,0,1,1,450000.0,267750.0,59.5,3900.0,0,0,2062750.0,35200.0,38.9,Home,9170000.0,180,7.77,86420.0,69.2,108.1,1,19.0,0,1629000.0,7630000.0,Own,2,Single,Tier-1,1,0
APP101574,22,513000.0,42750.0,0.0,Salaried,IT,1.0,High School,726,2.0,1,1,3,3,0,Auto,760000.0,3,2,1,50,100.0,0,0,0,0,0,0,0.0,0.0,0.0,0.0,0,0,1189000.0,17800.0,41.6,Business,1380000.0,36,11.88,45757.0,107.0,148.7,0,0.0,0,88000.0,960000.0,Own,1,Married,Tier-1,0,-1
APP101575,24,140000.0,11667.0,31000.0,Unemployed,None,0.0,Doctorate,539,4.0,7,0,2,2,0,Education,340000.0,2,2,0,15,96.9,1,0,0,0,1,2,65000.0,38935.0,59.9,2100.0,1,1,82935.0,700.0,22.7,Personal,140000.0,24,15.96,6852.0,58.7,81.4,1,0.0,0,21000.0,190000.0,Own,2,Married,Tier-1,0,-1
APP101576,38,599000.0,49917.0,0.0,Salaried,Banking/Finance,5.5,Graduate,678,3.9,7,2,1,0,0,Auto,340000.0,4,2,2,40,97.1,0,0,0,1,1,4,120000.0,30120.0,25.1,800.0,0,0,260120.0,4600.0,12.2,Personal,260000.0,60,13.25,5949.0,11.9,24.2,0,0.0,0,73000.0,370000.0,Rent,1,Single,Tier-1,1,0
APP101577,49,294000.0,24500.0,0.0,Salaried,Other,11.2,High School,724,18.0,6,2,2,1,0,Auto,860000.0,2,1,1,22,98.6,1,0,0,1,0,0,0.0,0.0,0.0,0.0,0,0,300000.0,10900.0,44.5,Education,570000.0,120,9.74,7451.0,30.4,74.9,0,0.0,0,261000.0,400000.0,Own,1,Married,Tier-2,1,0
APP101578,21,471000.0,39250.0,0.0,Salaried,Manufacturing,0.0,Post-Graduate,720,1.0,4,0,3,2,0,Business,1030000.0,4,3,1,47,100.0,1,0,0,0,0,0,0.0,0.0,0.0,0.0,0,0,270000.0,11700.0,29.8,Home,2630000.0,300,8.36,20930.0,53.3,83.1,1,10.7,0,86000.0,1100000.0,Own,1,Married,Tier-1,1,0
APP101579,42,761000.0,63417.0,44000.0,Contract,Construction,21.0,Graduate,687,15.7,7,1,5,3,0,Home,2040000.0,5,5,0,46,100.0,0,1,0,0,1,4,335000.0,32830.0,9.8,4700.0,0,0,1302830.0,34400.0,56.8,Personal,460000.0,24,14.12,22112.0,34.9,91.7,0,0.0,0,60000.0,2070000.0,Own,3,Married,Tier-2,0,-1
APP101580,51,263000.0,21917.0,0.0,Contract,Other,3.7,Post-Graduate,679,13.1,9,2,4,2,0,Business,640000.0,5,5,0,8,98.2,1,0,0,0,0,0,0.0,0.0,0.0,0.0,0,0,404000.0,9200.0,42.0,Personal,230000.0,24,13.85,11027.0,50.3,92.3,0,0.0,0,64000.0,390000.0,Own,3,Single,Tier-1,0,-1
APP101581,36,255000.0,21250.0,0.0,Salaried,IT,9.3,Graduate,619,1.4,2,2,3,1,0,Home,550000.0,4,4,0,33,97.5,1,0,0,0,1,2,110000.0,56430.0,51.3,1600.0,0,0,166430.0,2500.0,25.0,Education,200000.0,84,11.53,3480.0,16.4,41.4,0,0.0,0,40000.0,130000.0,Own,2,Married,Tier-3,0,-1
APP101582,44,364000.0,30333.0,90000.0,Salaried,Government,8.8,Graduate,628,2.8,7,0,2,1,0,Education,240000.0,2,2,0,5,100.0,1,0,0,0,1,1,160000.0,76960.0,48.1,1500.0,0,1,275960.0,3800.0,25.2,Auto,320000.0,84,11.27,5525.0,18.2,43.4,1,20.8,0,380000.0,1840000.0,Own,2,Married,Tier-1,1,0
APP101583,30,652000.0,54333.0,46000.0,Salaried,Healthcare,9.0,Graduate,560,2.8,5,1,1,1,0,Personal,1680000.0,2,2,0,15,83.7,1,2,0,0,1,2,170000.0,46240.0,27.2,800.0,1,1,999240.0,16400.0,34.4,Business,1640000.0,36,14.95,56811.0,104.6,139.0,0,0.0,0,407000.0,1830000.0,Own,4,Married,Tier-3,0,-1
APP101584,37,60000.0,5000.0,0.0,Unemployed,None,0.0,Graduate,506,7.9,6,0,2,1,0,Home,150000.0,2,2,0,21,91.8,1,1,0,2,1,3,35000.0,11095.0,31.7,700.0,0,0,53095.0,800.0,27.1,Debt Consolidation,30000.0,24,17.24,1487.0,29.7,56.8,0,0.0,1,23000.0,50000.0,Rent,3,Married,Tier-3,1,0
APP101585,21,60000.0,5000.0,6000.0,Unemployed,None,0.0,Graduate,554,1.0,2,0,0,0,0,None,0.0,2,2,0,34,98.5,1,0,0,1,0,0,0.0,0.0,0.0,0.0,0,0,71000.0,1100.0,22.0,Debt Consolidation,60000.0,24,16.17,2943.0,58.9,80.9,0,0.0,0,65000.0,340000.0,Rent,2,Single,Tier-2,0,-1
APP101586,21,378000.0,31500.0,15000.0,Salaried,Retail,0.0,Graduate,652,1.0,2,2,2,0,0,Personal,980000.0,3,3,0,10,95.8,0,1,0,0,0,0,0.0,0.0,0.0,0.0,0,0,66000.0,3000.0,9.5,Home,1990000.0,180,9.49,20768.0,65.9,75.5,1,22.6,1,137000.0,1800000.0,Rent,1,Married,Tier-3,1,1
APP101587,48,280000.0,23333.0,0.0,Self-Employed,Construction,7.2,Graduate,668,1.1,3,1,1,0,0,Home,130000.0,1,1,0,16,100.0,0,0,0,2,0,0,0.0,0.0,0.0,0.0,0,0,319000.0,4700.0,20.1,Business,680000.0,84,13.54,12571.0,53.9,74.0,0,0.0,0,65000.0,510000.0,Rent,0,Married,Tier-1,0,-1
APP101588,27,85000.0,7083.0,0.0,Salaried,Government,5.4,High School,623,7.0,5,3,2,1,0,Auto,60000.0,2,2,0,15,100.0,1,0,0,0,0,0,0.0,0.0,0.0,0.0,0,0,47000.0,1300.0,18.4,Personal,40000.0,12,14.69,3604.0,50.9,69.2,0,0.0,0,12000.0,80000.0,Own,3,Married,Tier-3,0,-1
APP101589,33,477000.0,39750.0,0.0,Business Owner,Healthcare,7.9,Post-Graduate,662,5.3,5,0,1,1,0,Home,410000.0,3,1,2,1,90.4,0,0,1,2,0,0,0.0,0.0,0.0,0.0,0,0,336000.0,6500.0,16.4,Business,1410000.0,84,13.57,26090.0,65.6,82.0,0,0.0,0,105000.0,430000.0,Rent,0,Married,Tier-2,0,-1
APP101590,23,69000.0,5750.0,0.0,Unemployed,None,0.0,Graduate,473,1.4,1,1,3,1,0,Personal,120000.0,3,3,0,9,84.8,3,1,0,0,0,0,0.0,0.0,0.0,0.0,0,0,23000.0,600.0,10.4,Personal,50000.0,12,16.6,4551.0,79.1,89.6,1,0.0,0,5000.0,90000.0,Rent,3,Single,Tier-3,0,-1
APP101591,22,796000.0,66333.0,100000.0,Salaried,Healthcare,1.0,Doctorate,643,2.0,3,2,3,3,0,Personal,1740000.0,3,3,0,14,100.0,1,1,0,0,0,0,0.0,0.0,0.0,0.0,0,0,375000.0,6300.0,9.5,Personal,350000.0,12,14.42,31495.0,47.5,57.0,0,0.0,0,800000.0,140000.0,Own,2,Married,Tier-1,1,0
APP101592,36,644000.0,53667.0,0.0,Salaried,Government,15.0,Graduate,607,5.0,5,2,1,1,0,Education,190000.0,1,0,1,48,88.2,1,1,0,0,1,3,195000.0,73710.0,37.8,1700.0,1,3,773710.0,25400.0,54.2,Personal,260000.0,36,14.58,8960.0,16.7,70.9,0,0.0,1,108000.0,1380000.0,Rent,1,Single,Tier-3,0,-1
APP101593,30,679000.0,56583.0,0.0,Self-Employed,Retail,6.8,Graduate,665,1.8,1,2,1,0,0,Gold,640000.0,2,2,0,23,92.9,1,0,0,0,0,0,0.0,0.0,0.0,0.0,0,0,853000.0,19400.0,34.3,Personal,170000.0,60,13.84,3942.0,7.0,41.3,0,0.0,0,52000.0,980000.0,Own,1,Married,Tier-2,1,0
APP101594,42,309000.0,25750.0,0.0,Salaried,IT,5.9,Graduate,679,3.2,5,0,4,4,0,Personal,460000.0,5,4,1,23,98.3,0,0,0,0,1,3,75000.0,32625.0,43.5,1900.0,1,1,147625.0,2500.0,16.0,Education,390000.0,60,10.94,8468.0,32.9,48.9,0,0.0,0,238000.0,310000.0,Rent,2,Divorced,Tier-3,1,0
APP101595,43,230000.0,19167.0,10000.0,Contract,IT,4.9,Graduate,725,15.0,11,2,4,3,0,Gold,230000.0,5,3,2,36,100.0,0,0,0,0,0,0,0.0,0.0,0.0,0.0,0,0,33000.0,1300.0,6.8,Personal,130000.0,24,13.09,6186.0,32.3,39.1,0,0.0,0,63000.0,170000.0,Rent,0,Married,Tier-2,1,0
APP101596,42,657000.0,54750.0,120000.0,Salaried,IT,4.6,Post-Graduate,698,0.2,3,2,1,0,0,Business,770000.0,2,2,0,17,100.0,0,0,0,0,1,1,320000.0,102080.0,31.9,2300.0,1,0,611080.0,8800.0,25.4,Auto,1010000.0,84,9.56,16538.0,30.2,55.6,1,27.1,0,37000.0,1990000.0,Own,1,Married,Tier-1,1,0
APP101597,41,60000.0,5000.0,0.0,Unemployed,None,0.0,Graduate,483,2.0,1,2,3,2,0,Education,90000.0,4,4,0,7,92.2,1,1,0,0,0,0,0.0,0.0,0.0,0.0,0,0,38000.0,1100.0,22.0,Auto,70000.0,48,13.09,1881.0,37.6,59.6,1,23.4,0,5000.0,30000.0,Own,4,Married,Tier-2,0,-1
APP101598,55,713000.0,59417.0,0.0,Salaried,Retail,5.4,Graduate,722,1.3,6,2,0,0,0,None,0.0,4,4,0,30,100.0,0,0,0,1,0,0,0.0,0.0,0.0,0.0,0,0,1884000.0,27800.0,46.8,Education,720000.0,60,9.71,15195.0,25.6,72.4,0,0.0,0,70000.0,1920000.0,Rent,2,Married,Tier-2,1,0
APP101599,26,663000.0,55250.0,99000.0,Salaried,Retail,5.0,Post-Graduate,698,3.9,6,1,0,0,0,None,0.0,1,1,0,26,99.8,0,0,0,0,1,3,150000.0,75900.0,50.6,3600.0,1,3,802900.0,28700.0,58.8,Business,1150000.0,60,12.77,26031.0,47.1,105.9,0,0.0,1,47000.0,720000.0,Rent,3,Married,Tier-1,0,-1
APP101600,37,641000.0,53417.0,0.0,Salaried,Government,3.6,High School,637,5.6,6,4,1,0,0,Gold,230000.0,1,1,0,37,90.8,0,1,0,1,1,5,140000.0,46480.0,33.2,3500.0,1,0,926480.0,18100.0,38.2,Auto,630000.0,84,10.39,10586.0,19.8,58.1,1,22.5,0,137000.0,1900000.0,Own,3,Single,Tier-1,1,0
APP101601,50,402000.0,33500.0,16000.0,Salaried,Banking/Finance,19.8,Graduate,617,4.5,8,3,3,2,0,Gold,280000.0,3,2,1,30,100.0,0,0,0,1,1,1,190000.0,89870.0,47.3,5000.0,1,0,451870.0,19600.0,71.9,Education,470000.0,60,11.55,10348.0,30.9,102.8,0,0.0,0,259000.0,230000.0,Rent,0,Single,Tier-2,0,-1
APP101602,52,908000.0,75667.0,0.0,Salaried,IT,0.6,Post-Graduate,720,4.9,2,2,3,3,0,Home,2230000.0,3,2,1,47,97.9,1,0,0,0,0,0,0.0,0.0,0.0,0.0,0,0,1036000.0,19400.0,25.6,Auto,790000.0,36,9.7,25380.0,33.5,59.2,1,18.1,0,316000.0,4090000.0,Rent,0,Married,Tier-2,1,0
APP101603,22,1369000.0,114083.0,0.0,Self-Employed,Healthcare,1.0,Graduate,707,2.0,2,3,1,1,0,Auto,520000.0,2,2,0,52,100.0,0,0,0,0,1,2,365000.0,118260.0,32.4,12100.0,1,1,662260.0,27200.0,29.0,Education,1120000.0,120,11.13,15511.0,13.6,42.6,0,0.0,0,78000.0,1560000.0,Rent,0,Single,Tier-3,1,0
APP101604,35,452000.0,37667.0,0.0,Salaried,Banking/Finance,6.4,Graduate,645,3.2,7,3,1,0,0,Home,520000.0,1,1,0,29,100.0,0,0,0,1,1,1,150000.0,18750.0,12.5,1000.0,1,0,506750.0,7300.0,21.9,Home,4160000.0,180,9.38,43139.0,114.5,136.4,1,13.1,0,76000.0,790000.0,Own,2,Married,Tier-1,0,-1
APP101605,53,809000.0,67417.0,0.0,Salaried,Construction,15.2,Post-Graduate,652,21.7,8,1,4,2,0,Gold,600000.0,5,3,2,23,86.7,1,1,1,0,0,0,0.0,0.0,0.0,0.0,0,0,631000.0,26200.0,38.9,Personal,310000.0,36,14.04,10601.0,15.7,54.6,0,0.0,0,347000.0,310000.0,Family,0,Married,Tier-1,0,-1
APP101606,44,189000.0,15750.0,0.0,Salaried,Construction,3.3,High School,614,5.2,5,3,2,2,0,Auto,520000.0,2,2,0,10,91.8,1,1,0,1,0,0,0.0,0.0,0.0,0.0,0,0,226000.0,4600.0,29.2,Debt Consolidation,160000.0,60,15.26,3828.0,24.3,53.5,0,0.0,0,47000.0,610000.0,Own,0,Single,Tier-1,1,0
APP101607,40,673000.0,56083.0,0.0,Salaried,Education,1.9,Graduate,668,1.5,3,0,1,1,0,Business,1290000.0,2,1,1,5,99.3,0,0,0,0,1,2,340000.0,130220.0,38.3,6100.0,0,0,1164220.0,35800.0,75.4,Home,6670000.0,240,9.57,62478.0,111.4,186.8,1,23.9,0,295000.0,780000.0,Own,0,Married,Tier-1,0,-1
APP101608,36,112000.0,9333.0,0.0,Unemployed,None,0.0,Graduate,554,4.6,3,1,1,1,0,Home,310000.0,4,4,0,56,98.4,1,0,0,0,0,0,0.0,0.0,0.0,0.0,0,0,175000.0,3700.0,39.6,Business,360000.0,84,14.9,6927.0,74.2,113.9,0,0.0,0,37000.0,70000.0,Rent,1,Married,Tier-1,0,-1
APP101609,34,152000.0,12667.0,0.0,Retired,None,0.0,Post-Graduate,644,8.0,7,1,3,3,0,Personal,260000.0,5,5,0,54,98.1,1,0,0,0,1,4,55000.0,23320.0,42.4,1100.0,0,0,103320.0,3600.0,37.6,Auto,190000.0,60,10.42,4076.0,32.2,69.8,1,20.8,0,17000.0,2960000.0,Rent,0,Single,Tier-1,1,0
APP101610,41,563000.0,46917.0,0.0,Salaried,Healthcare,1.3,Graduate,601,8.8,7,1,2,2,0,Auto,1290000.0,3,3,0,24,90.8,1,1,0,0,1,1,265000.0,125080.0,47.2,6500.0,0,1,510080.0,6600.0,27.4,Auto,350000.0,36,12.0,11625.0,24.8,52.2,1,10.7,1,55000.0,4440000.0,Own,5,Married,Tier-1,1,0
APP101611,35,432000.0,36000.0,0.0,Contract,Healthcare,5.9,Graduate,705,7.1,7,1,1,0,0,Education,740000.0,1,1,0,27,92.2,0,1,0,0,0,0,0.0,0.0,0.0,0.0,0,0,27000.0,500.0,1.4,Auto,670000.0,48,7.78,16288.0,45.2,46.6,1,16.8,0,111000.0,100000.0,Rent,1,Married,Tier-2,1,0
APP101612,38,788000.0,65667.0,0.0,Business Owner,Banking/Finance,3.9,Graduate,635,5.5,7,1,2,1,0,Auto,1280000.0,2,2,0,58,96.2,2,0,0,0,1,4,145000.0,94540.0,65.2,4600.0,1,2,1113540.0,21700.0,40.2,Auto,490000.0,60,10.57,10549.0,16.1,56.3,1,16.7,1,128000.0,870000.0,Rent,2,Married,Tier-2,1,0
APP101613,39,188000.0,15667.0,0.0,Retired,None,0.0,High School,654,2.1,4,0,1,1,0,Gold,210000.0,1,1,0,14,100.0,1,0,0,1,0,0,0.0,0.0,0.0,0.0,0,0,445000.0,8500.0,54.3,Home,1330000.0,120,9.82,17444.0,111.3,165.6,1,12.2,0,67000.0,40000.0,Own,1,Single,Tier-1,0,-1
APP101614,31,435000.0,36250.0,0.0,Salaried,Education,6.0,High School,708,6.3,2,3,2,2,0,Home,610000.0,2,2,0,47,100.0,1,0,0,1,0,0,0.0,0.0,0.0,0.0,0,0,212000.0,6000.0,16.6,Business,1690000.0,36,13.4,57269.0,158.0,174.5,0,0.0,0,339000.0,270000.0,Own,0,Married,Tier-3,0,-1
APP101615,44,388000.0,32333.0,0.0,Salaried,Government,3.0,Graduate,717,4.5,5,1,1,0,0,Home,270000.0,1,1,0,6,96.2,1,0,0,0,0,0,0.0,0.0,0.0,0.0,0,0,111000.0,1800.0,5.6,Education,730000.0,120,9.47,9434.0,29.2,34.7,0,0.0,0,307000.0,120000.0,Family,1,Married,Tier-3,1,0
APP101616,70,513000.0,42750.0,0.0,Salaried,Healthcare,5.4,High School,650,2.7,3,1,0,0,0,None,0.0,0,0,0,-1,91.8,1,2,0,0,0,0,0.0,0.0,0.0,0.0,0,0,261000.0,6400.0,15.0,Debt Consolidation,310000.0,36,14.64,10692.0,25.0,40.0,0,0.0,0,49000.0,670000.0,Own,3,Married,Tier-1,1,0
APP101617,21,470000.0,39167.0,0.0,Contract,Government,0.0,High School,727,1.0,1,0,2,2,0,Auto,820000.0,3,1,2,9,98.7,0,0,0,0,0,0,0.0,0.0,0.0,0.0,0,0,243000.0,3700.0,9.4,Home,3910000.0,180,8.61,38756.0,99.0,108.4,1,22.9,1,89000.0,120000.0,Family,2,Married,Tier-1,1,0
APP101618,42,497000.0,41417.0,0.0,Business Owner,Healthcare,8.2,Graduate,596,9.2,11,3,2,2,0,Personal,900000.0,3,2,1,50,98.9,1,0,0,0,1,1,110000.0,78870.0,71.7,500.0,1,2,673870.0,10300.0,34.4,Business,1560000.0,60,14.84,36981.0,89.3,123.7,0,0.0,0,56000.0,2040000.0,Family,2,Married,Tier-3,0,-1
APP101619,30,434000.0,36167.0,0.0,Salaried,Retail,5.6,Graduate,668,1.1,4,2,3,0,1,Auto,650000.0,3,2,1,55,100.0,0,0,0,3,1,3,210000.0,85050.0,40.5,6800.0,1,1,211050.0,3000.0,20.1,Home,2180000.0,120,9.23,27887.0,77.1,97.2,1,18.8,1,228000.0,280000.0,Own,0,Married,Tier-1,0,-1
APP101620,44,146000.0,12167.0,8000.0,Salaried,Education,19.2,High School,632,2.1,3,0,0,0,0,None,0.0,0,0,0,-1,100.0,1,0,0,1,0,0,0.0,0.0,0.0,0.0,0,0,225000.0,4800.0,39.5,Debt Consolidation,170000.0,24,14.52,8204.0,67.4,106.9,0,0.0,0,59000.0,520000.0,Family,1,Married,Tier-2,0,-1
APP101621,39,853000.0,71083.0,0.0,Business Owner,Other,2.0,Graduate,632,8.3,7,2,4,2,0,Personal,900000.0,5,2,3,50,100.0,0,0,0,2,1,1,365000.0,296015.0,81.1,3300.0,1,1,492015.0,8100.0,32.2,Debt Consolidation,500000.0,36,15.0,17333.0,24.4,56.6,0,0.0,0,867000.0,3140000.0,Rent,0,Married,Tier-2,1,0
APP101622,46,529000.0,44083.0,0.0,Contract,Education,3.8,High School,650,1.7,1,0,1,1,0,Home,480000.0,1,1,0,19,95.4,1,0,0,0,1,2,275000.0,90475.0,32.9,2800.0,0,1,368475.0,5500.0,22.7,Debt Consolidation,290000.0,60,14.53,6828.0,15.5,38.2,0,0.0,0,98000.0,8490000.0,Family,1,Married,Tier-2,1,0
APP101623,51,363000.0,30250.0,0.0,Salaried,Government,3.0,Graduate,693,10.9,4,1,3,2,0,Business,810000.0,4,3,1,23,95.5,0,1,0,0,1,2,70000.0,6650.0,9.5,1900.0,0,0,607650.0,12800.0,43.4,Auto,260000.0,84,9.38,4233.0,14.0,57.4,1,23.2,0,76000.0,740000.0,Rent,2,Married,Tier-1,1,0
APP101624,40,757000.0,63083.0,0.0,Self-Employed,Education,4.3,Doctorate,706,4.1,4,2,2,1,0,Auto,2190000.0,2,2,0,32,100.0,0,0,0,0,1,1,295000.0,40710.0,13.8,4400.0,0,0,1370710.0,27600.0,47.0,Education,1310000.0,120,11.22,18209.0,28.9,75.8,0,0.0,1,154000.0,1220000.0,Own,1,Married,Tier-3,1,0
APP101625,50,391000.0,32583.0,61000.0,Salaried,Manufacturing,6.9,Graduate,691,7.1,10,2,4,2,0,Business,1090000.0,6,3,3,50,100.0,0,0,0,1,1,4,115000.0,24150.0,21.0,2000.0,0,0,108150.0,3400.0,14.1,Personal,220000.0,36,13.31,7446.0,22.9,37.0,0,0.0,0,181000.0,160000.0,Rent,0,Single,Tier-1,1,0
APP101626,21,243000.0,20250.0,0.0,Salaried,Other,0.0,High School,708,1.0,6,2,1,1,0,Gold,490000.0,1,0,1,34,100.0,0,0,0,0,0,0,0.0,0.0,0.0,0.0,0,0,105000.0,2800.0,13.8,Auto,390000.0,60,9.64,8217.0,40.6,54.4,1,27.4,0,105000.0,360000.0,Rent,2,Single,Tier-3,1,0
APP101627,55,561000.0,46750.0,127000.0,Self-Employed,Other,8.1,Graduate,604,4.7,4,0,2,2,1,Auto,790000.0,2,2,0,41,89.2,1,0,1,0,0,0,0.0,0.0,0.0,0.0,0,0,324000.0,10400.0,22.2,Personal,490000.0,36,14.72,16919.0,36.2,58.4,0,0.0,0,59000.0,420000.0,Family,2,Divorced,Tier-1,0,-1
APP101628,42,241000.0,20083.0,28000.0,Contract,Healthcare,5.9,Graduate,619,11.6,8,1,1,1,1,Business,550000.0,3,2,1,7,97.7,1,0,0,0,0,0,0.0,0.0,0.0,0.0,0,0,439000.0,13200.0,65.7,Auto,240000.0,60,11.54,5283.0,26.3,92.0,1,22.1,1,15000.0,430000.0,Own,1,Married,Tier-1,0,-1
APP101629,50,141000.0,11750.0,0.0,Retired,None,0.0,Graduate,602,5.4,3,1,3,3,0,Education,330000.0,4,3,1,6,93.6,1,1,0,0,0,0,0.0,0.0,0.0,0.0,0,0,88000.0,2100.0,17.9,Personal,110000.0,12,15.18,9938.0,84.6,102.5,0,0.0,0,35000.0,190000.0,Rent,0,Married,Tier-1,0,-1
APP101630,25,323000.0,26917.0,0.0,Salaried,Retail,4.0,Post-Graduate,656,5.0,3,3,1,0,0,Education,910000.0,1,0,1,4,92.7,2,0,0,1,0,0,0.0,0.0,0.0,0.0,0,0,343000.0,15400.0,57.2,Personal,90000.0,24,14.05,4323.0,16.1,73.3,0,0.0,0,34000.0,380000.0,Own,1,Married,Tier-3,0,-1
APP101631,29,587000.0,48917.0,74000.0,Salaried,Government,4.0,Graduate,693,1.4,3,4,1,0,0,Business,280000.0,2,0,2,11,95.1,1,0,0,0,0,0,0.0,0.0,0.0,0.0,0,0,125000.0,4300.0,8.8,Debt Consolidation,600000.0,24,14.15,28850.0,59.0,67.8,0,0.0,0,123000.0,170000.0,Rent,0,Single,Tier-1,0,-1
APP101632,40,362000.0,30167.0,0.0,Salaried,Retail,3.8,High School,701,15.4,9,3,4,2,0,Education,630000.0,6,5,1,52,94.5,0,1,0,1,0,0,0.0,0.0,0.0,0.0,0,0,342000.0,9000.0,29.8,Personal,300000.0,36,12.79,10078.0,33.4,63.2,0,0.0,1,153000.0,1610000.0,Rent,1,Married,Tier-1,1,0
APP101633,38,330000.0,27500.0,17000.0,Salaried,Government,2.9,Graduate,588,9.2,11,0,2,2,1,Home,260000.0,3,2,1,38,89.7,1,1,0,0,1,3,185000.0,78625.0,42.5,1100.0,0,0,596625.0,9800.0,49.9,Home,1980000.0,240,10.82,20195.0,73.4,123.4,1,23.1,1,32000.0,1050000.0,Rent,1,Single,Tier-3,0,-1
APP101634,41,460000.0,38333.0,0.0,Salaried,Construction,8.4,Graduate,694,1.9,3,3,3,2,0,Gold,160000.0,5,4,1,36,100.0,0,0,0,1,1,2,215000.0,2365.0,1.1,6300.0,0,0,600365.0,12800.0,33.7,Home,2900000.0,120,9.44,37430.0,97.6,131.3,1,14.0,1,53000.0,920000.0,Rent,1,Married,Tier-1,0,-1
APP101635,50,358000.0,29833.0,56000.0,Salaried,Manufacturing,0.7,Graduate,624,1.4,3,1,1,1,0,Education,930000.0,1,1,0,28,98.3,0,1,0,1,1,2,195000.0,47190.0,24.2,2000.0,0,0,480190.0,8000.0,34.7,Personal,110000.0,12,14.82,9919.0,33.2,68.0,0,0.0,0,93000.0,490000.0,Rent,4,Divorced,Tier-2,0,-1
APP101636,21,939000.0,78250.0,61000.0,Salaried,Government,0.0,Post-Graduate,662,1.0,4,2,0,0,0,None,0.0,1,1,0,12,91.0,2,0,0,0,0,0,0.0,0.0,0.0,0.0,0,0,1758000.0,30400.0,38.8,Home,6380000.0,180,9.42,66314.0,84.7,123.6,1,15.7,1,2578000.0,2850000.0,Own,1,Married,Tier-1,0,-1
APP101637,49,448000.0,37333.0,0.0,Salaried,Retail,9.4,Post-Graduate,703,4.0,2,0,2,0,0,Business,1290000.0,2,1,1,46,100.0,0,0,0,0,1,6,155000.0,46810.0,30.2,2500.0,0,0,1008810.0,16800.0,51.3,Education,300000.0,60,10.24,6410.0,17.2,68.4,0,0.0,0,78000.0,580000.0,Own,0,Married,Tier-2,1,0
APP101638,38,497000.0,41417.0,0.0,Salaried,Construction,11.1,High School,727,5.0,5,1,1,1,0,Home,1380000.0,1,1,0,24,100.0,0,0,0,0,1,1,175000.0,67900.0,38.8,4900.0,0,0,274900.0,9000.0,29.9,Home,3080000.0,240,7.99,25743.0,62.2,92.1,1,19.0,0,249000.0,3750000.0,Rent,2,Married,Tier-1,1,0
APP101639,36,174000.0,14500.0,0.0,Contract,Banking/Finance,0.5,High School,569,11.1,7,3,2,1,0,Gold,240000.0,3,3,0,56,87.1,1,1,0,0,0,0,0.0,0.0,0.0,0.0,0,0,114000.0,5200.0,35.9,Business,480000.0,60,14.58,11314.0,78.0,113.9,0,0.0,0,15000.0,260000.0,Own,3,Single,Tier-1,0,-1
APP101640,22,636000.0,53000.0,0.0,Salaried,Government,1.0,Graduate,720,2.0,1,3,3,2,0,Auto,840000.0,4,4,0,50,98.6,0,0,0,0,0,0,0.0,0.0,0.0,0.0,0,0,661000.0,18300.0,34.5,Personal,480000.0,24,12.13,22624.0,42.7,77.2,0,0.0,0,690000.0,2030000.0,Family,1,Single,Tier-1,1,0
APP101641,44,815000.0,67917.0,0.0,Self-Employed,Education,3.1,Graduate,630,9.0,4,1,0,0,0,None,0.0,3,2,1,30,89.4,1,0,1,0,0,0,0.0,0.0,0.0,0.0,0,0,434000.0,8600.0,12.7,Personal,530000.0,60,14.68,12520.0,18.4,31.1,0,0.0,0,203000.0,1070000.0,Rent,0,Single,Tier-1,1,0
APP101642,21,109000.0,9083.0,0.0,Unemployed,None,0.0,Graduate,483,0.7,3,1,5,4,0,Gold,320000.0,6,4,2,18,85.2,0,2,0,1,0,0,0.0,0.0,0.0,0.0,0,0,155000.0,6400.0,70.5,Debt Consolidation,50000.0,36,17.32,1791.0,19.7,90.2,0,0.0,1,34000.0,120000.0,Rent,3,Divorced,Tier-1,0,-1
APP101643,45,1176000.0,98000.0,0.0,Self-Employed,Manufacturing,12.6,Graduate,713,14.0,9,1,4,4,0,Education,590000.0,4,4,0,7,98.1,1,0,0,0,1,2,480000.0,350880.0,73.1,4400.0,1,1,616880.0,11400.0,29.5,Home,11530000.0,240,8.72,101671.0,103.7,133.3,1,28.0,0,188000.0,1710000.0,Own,0,Married,Tier-3,0,-1
APP101644,22,597000.0,49750.0,0.0,Salaried,Government,1.0,Post-Graduate,639,2.0,2,2,2,1,1,Home,260000.0,3,3,0,59,100.0,0,0,0,0,1,1,165000.0,18645.0,11.3,4800.0,0,1,1414645.0,21800.0,45.7,Debt Consolidation,420000.0,36,14.79,14516.0,29.2,74.9,0,0.0,0,126000.0,920000.0,Own,0,Married,Tier-1,0,-1
APP101645,39,902000.0,75167.0,0.0,Salaried,Manufacturing,9.4,Graduate,679,7.5,5,1,1,0,0,Personal,1830000.0,3,3,0,44,90.6,1,1,0,0,1,3,225000.0,68850.0,30.6,6700.0,1,1,518850.0,6900.0,13.8,Home,8920000.0,240,9.16,81176.0,108.0,121.8,1,27.5,0,1197000.0,260000.0,Family,2,Single,Tier-1,1,0
APP101646,37,1470000.0,122500.0,0.0,Self-Employed,IT,6.2,Post-Graduate,668,4.1,1,0,2,1,0,Personal,1920000.0,4,4,0,33,89.8,1,1,0,1,1,3,730000.0,429970.0,58.9,13200.0,0,0,1595970.0,19400.0,33.4,Home,13330000.0,180,9.98,143082.0,116.8,150.2,1,20.5,0,225000.0,6010000.0,Own,0,Single,Tier-2,0,-1
APP101647,51,313000.0,26083.0,21000.0,Self-Employed,Other,3.7,Post-Graduate,666,7.1,4,0,3,2,0,Gold,550000.0,7,6,1,43,97.1,0,0,0,1,1,5,120000.0,29280.0,24.4,3500.0,0,0,55280.0,700.0,8.3,Auto,440000.0,60,9.92,9331.0,35.8,44.1,1,20.8,0,67000.0,190000.0,Own,1,Married,Tier-3,1,0
APP101648,36,226000.0,18833.0,0.0,Salaried,Retail,3.4,High School,716,1.2,4,2,3,3,0,Auto,390000.0,4,2,2,3,99.4,0,0,0,1,0,0,0.0,0.0,0.0,0.0,0,0,76000.0,1700.0,9.0,Business,790000.0,36,12.17,26303.0,139.7,148.7,0,0.0,0,76000.0,130000.0,Own,1,Married,Tier-1,0,-1
APP101649,30,193000.0,16083.0,0.0,Salaried,Banking/Finance,6.6,Graduate,666,6.9,4,1,4,3,0,Gold,100000.0,6,5,1,39,100.0,0,0,0,2,1,4,100000.0,23300.0,23.3,3000.0,0,1,114300.0,2600.0,23.4,Home,1110000.0,120,9.89,14601.0,90.8,114.2,1,16.4,0,59000.0,160000.0,Rent,2,Single,Tier-2,0,-1
APP101650,32,851000.0,70917.0,0.0,Self-Employed,Healthcare,5.2,Graduate,772,9.6,3,2,1,0,0,Auto,1040000.0,1,1,0,25,100.0,0,0,0,1,0,0,0.0,0.0,0.0,0.0,0,0,354000.0,14300.0,20.2,Personal,240000.0,36,12.5,8029.0,11.3,31.5,0,0.0,1,211000.0,1340000.0,Rent,0,Married,Tier-1,1,0
APP101651,52,222000.0,18500.0,0.0,Salaried,Construction,1.2,Post-Graduate,653,6.2,5,1,4,1,0,Personal,280000.0,6,5,1,9,95.4,0,1,0,0,0,0,0.0,0.0,0.0,0.0,0,0,283000.0,6500.0,35.1,Business,530000.0,36,13.4,17960.0,97.1,132.2,0,0.0,0,60000.0,270000.0,Own,0,Single,Tier-2,0,-1
APP101652,44,172000.0,14333.0,0.0,Self-Employed,Healthcare,2.5,Graduate,579,4.1,7,3,2,2,0,Gold,290000.0,2,2,0,33,98.1,1,0,0,0,1,1,35000.0,16170.0,46.2,900.0,0,2,100170.0,1400.0,15.4,Personal,60000.0,24,15.19,2915.0,20.3,35.7,0,0.0,0,141000.0,330000.0,Rent,4,Single,Tier-2,1,0
APP101653,34,301000.0,25083.0,0.0,Salaried,Healthcare,6.7,Post-Graduate,675,11.8,8,1,3,3,0,Auto,890000.0,3,3,0,53,98.4,1,0,0,0,1,2,70000.0,24080.0,34.4,1900.0,0,0,139080.0,2900.0,16.4,Education,440000.0,60,10.71,9503.0,37.9,54.2,0,0.0,0,167000.0,260000.0,Rent,2,Married,Tier-1,1,1
APP101654,35,158000.0,13167.0,0.0,Salaried,Retail,1.9,Graduate,570,15.0,9,0,4,2,2,Business,100000.0,5,5,0,31,99.4,0,0,0,2,1,2,25000.0,16975.0,67.9,800.0,0,1,213975.0,4600.0,41.4,Auto,200000.0,84,11.71,3500.0,26.6,68.0,1,10.2,1,31000.0,1020000.0,Own,0,Married,Tier-2,0,-1
APP101655,21,395000.0,32917.0,21000.0,Contract,IT,0.0,Graduate,615,1.0,0,2,3,3,1,Home,1070000.0,3,3,0,54,94.9,0,0,0,0,1,1,185000.0,81030.0,43.8,4700.0,0,0,81030.0,0.0,12.3,Education,280000.0,120,12.09,4032.0,12.2,24.6,0,0.0,0,137000.0,400000.0,Rent,0,Married,Tier-1,1,0
APP101656,42,282000.0,23500.0,0.0,Salaried,Education,1.5,Post-Graduate,724,9.4,5,1,0,0,0,None,0.0,0,0,0,-1,100.0,0,0,0,0,0,0,0.0,0.0,0.0,0.0,0,0,173000.0,3800.0,16.2,Debt Consolidation,270000.0,36,13.11,9112.0,38.8,54.9,0,0.0,0,169000.0,610000.0,Own,1,Single,Tier-1,1,0
APP101657,21,174000.0,14500.0,33000.0,Self-Employed,IT,0.0,Graduate,636,1.0,6,4,0,0,0,None,0.0,1,0,1,6,100.0,0,0,0,0,0,0,0.0,0.0,0.0,0.0,0,0,79000.0,1600.0,11.0,Auto,130000.0,84,11.0,2226.0,15.4,26.4,1,12.1,1,54000.0,30000.0,Own,2,Married,Tier-1,1,0
APP101658,46,551000.0,45917.0,134000.0,Salaried,Construction,8.5,Post-Graduate,647,3.5,4,0,2,1,0,Business,450000.0,2,2,0,27,95.8,1,1,0,2,0,0,0.0,0.0,0.0,0.0,0,0,102000.0,3300.0,7.2,Auto,560000.0,36,10.55,18215.0,39.7,46.9,1,13.3,1,43000.0,160000.0,Own,1,Divorced,Tier-2,1,0
APP101659,39,419000.0,34917.0,0.0,Salaried,Manufacturing,2.4,Graduate,691,10.0,5,1,0,0,0,None,0.0,0,0,0,-1,100.0,0,0,0,1,1,3,120000.0,80160.0,66.8,3600.0,1,4,90160.0,200.0,12.1,Personal,100000.0,60,13.26,2289.0,6.6,18.6,0,0.0,0,425000.0,230000.0,Own,3,Single,Tier-3,1,0
APP101660,64,60000.0,5000.0,3000.0,Retired,None,0.0,High School,650,16.9,8,0,5,4,0,Home,130000.0,5,5,0,27,100.0,0,0,0,1,1,1,25000.0,6350.0,25.4,300.0,0,0,11350.0,200.0,10.4,Auto,40000.0,84,11.03,686.0,13.7,24.1,1,16.9,0,4000.0,40000.0,Own,1,Single,Tier-1,1,0
APP101661,26,218000.0,18167.0,0.0,Salaried,Retail,5.0,High School,720,2.8,2,0,0,0,0,None,0.0,0,0,0,-1,97.4,0,0,0,0,0,0,0.0,0.0,0.0,0.0,0,0,214000.0,8200.0,45.1,Personal,70000.0,24,13.21,3335.0,18.4,63.5,0,0.0,0,409000.0,260000.0,Family,2,Married,Tier-1,0,-1
APP101662,37,440000.0,36667.0,0.0,Salaried,Banking/Finance,9.6,Graduate,534,2.0,6,1,6,2,0,Gold,780000.0,7,6,1,54,96.2,0,1,0,0,1,4,175000.0,129850.0,74.2,800.0,1,2,691850.0,16200.0,61.9,Personal,180000.0,36,16.37,6361.0,17.3,79.2,0,0.0,1,116000.0,1680000.0,Rent,0,Married,Tier-1,0,-1
APP101663,58,62000.0,5167.0,0.0,Unemployed,None,0.0,Post-Graduate,520,3.3,8,3,3,1,0,Education,60000.0,3,1,2,55,100.0,1,0,0,0,0,0,0.0,0.0,0.0,0.0,0,0,81000.0,1400.0,27.1,Business,250000.0,36,14.84,8647.0,167.4,194.4,0,0.0,0,77000.0,10000.0,Own,3,Married,Tier-2,0,-1
APP101664,51,531000.0,44250.0,34000.0,Business Owner,Banking/Finance,4.0,Graduate,661,2.7,3,2,2,2,0,Personal,510000.0,3,3,0,49,100.0,0,0,0,0,1,1,85000.0,42670.0,50.2,600.0,1,3,130670.0,3600.0,13.0,Personal,380000.0,24,14.46,18328.0,41.4,54.4,0,0.0,0,99000.0,1200000.0,Rent,0,Married,Tier-1,1,0
APP101665,30,1173000.0,97750.0,0.0,Business Owner,Government,1.4,Graduate,746,10.0,4,1,3,2,0,Gold,690000.0,3,3,0,16,100.0,0,0,0,0,1,2,555000.0,133200.0,24.0,12300.0,0,0,202200.0,2300.0,9.2,Auto,1510000.0,84,9.4,24602.0,25.2,34.3,1,26.4,1,660000.0,810000.0,Own,0,Single,Tier-1,1,0
APP101666,40,1063000.0,88583.0,0.0,Salaried,Other,5.8,High School,682,11.4,9,2,2,1,0,Business,2680000.0,3,3,0,8,100.0,0,0,0,0,1,4,500000.0,253000.0,50.6,8300.0,0,2,2693000.0,38600.0,57.9,Home,5840000.0,300,9.75,52042.0,58.7,116.6,1,10.2,0,98000.0,810000.0,Own,1,Married,Tier-3,0,-1
APP101667,38,342000.0,28500.0,0.0,Salaried,Retail,1.0,Graduate,579,3.1,3,3,3,2,1,Gold,380000.0,3,3,0,51,95.7,2,0,0,0,0,0,0.0,0.0,0.0,0.0,0,0,102000.0,4000.0,14.0,Home,1740000.0,240,10.83,17759.0,62.3,76.3,1,10.5,0,123000.0,3800000.0,Rent,0,Single,Tier-1,0,-1
APP101668,41,317000.0,26417.0,0.0,Self-Employed,IT,12.7,Post-Graduate,634,5.9,4,0,3,2,0,Education,870000.0,3,2,1,59,87.6,0,0,1,0,0,0,0.0,0.0,0.0,0.0,0,0,645000.0,9400.0,35.6,Personal,270000.0,12,13.27,24150.0,91.4,127.0,1,0.0,1,39000.0,450000.0,Own,1,Married,Tier-1,0,-1
APP101669,30,378000.0,31500.0,0.0,Salaried,IT,4.9,Graduate,654,2.0,5,1,2,2,0,Auto,160000.0,4,3,1,26,96.7,1,0,0,0,0,0,0.0,0.0,0.0,0.0,0,0,121000.0,1800.0,5.7,Home,2290000.0,240,10.61,23032.0,73.1,78.8,1,12.3,0,155000.0,320000.0,Rent,2,Married,Tier-3,0,-1
APP101670,37,694000.0,57833.0,0.0,Salaried,Construction,2.6,Doctorate,662,4.7,8,2,0,0,0,None,0.0,3,2,1,1,100.0,0,0,0,0,1,4,170000.0,90440.0,53.2,5500.0,1,1,1279440.0,17000.0,37.2,Education,1370000.0,120,10.21,18264.0,31.6,68.8,1,0.0,1,1206000.0,310000.0,Own,3,Single,Tier-1,1,1
APP101671,21,248000.0,20667.0,0.0,Contract,Manufacturing,0.0,High School,721,1.0,5,1,3,2,0,Education,540000.0,4,3,1,12,100.0,0,0,0,0,1,1,100000.0,27200.0,27.2,2900.0,0,2,108200.0,1600.0,14.3,Education,260000.0,60,9.2,5422.0,26.2,40.6,0,0.0,0,158000.0,620000.0,Rent,2,Married,Tier-1,1,0
APP101672,39,459000.0,38250.0,0.0,Salaried,Healthcare,6.1,High School,640,4.1,5,2,2,1,0,Home,1080000.0,3,3,0,15,96.5,2,0,0,0,1,4,125000.0,33875.0,27.1,1500.0,1,1,188875.0,6300.0,20.9,Home,2120000.0,120,9.52,27456.0,71.8,92.7,1,28.7,0,242000.0,220000.0,Rent,2,Single,Tier-1,0,-1
APP101673,43,1430000.0,119167.0,0.0,Salaried,IT,3.9,Graduate,611,2.0,5,2,2,1,1,Personal,2440000.0,3,1,2,16,100.0,0,0,0,0,1,3,750000.0,540000.0,72.0,23700.0,1,1,3883000.0,63000.0,75.5,Personal,1410000.0,24,14.95,68333.0,57.3,132.9,0,0.0,0,425000.0,430000.0,Rent,2,Married,Tier-1,0,-1
APP101674,35,169000.0,14083.0,0.0,Salaried,Education,5.4,Graduate,702,11.7,3,0,2,2,0,Business,110000.0,2,2,0,27,100.0,1,0,0,0,0,0,0.0,0.0,0.0,0.0,0,0,81000.0,3100.0,22.0,Business,630000.0,84,12.7,11358.0,80.7,102.7,0,0.0,0,22000.0,60000.0,Own,0,Married,Tier-1,0,-1
APP101675,21,303000.0,25250.0,0.0,Salaried,IT,0.0,Graduate,676,1.0,8,2,1,1,0,Personal,210000.0,5,4,1,45,100.0,0,0,0,0,1,2,160000.0,48800.0,30.5,900.0,1,3,415800.0,8600.0,43.7,Auto,270000.0,84,9.74,4446.0,17.6,61.3,1,24.2,0,660000.0,210000.0,Own,1,Married,Tier-3,1,0
APP101676,49,1501000.0,125083.0,0.0,Self-Employed,Other,11.2,Post-Graduate,693,6.8,4,2,3,1,1,Business,3160000.0,3,1,2,43,100.0,0,0,0,0,1,3,670000.0,237180.0,35.4,5000.0,0,3,690180.0,19500.0,25.1,Business,1790000.0,36,13.19,60476.0,48.3,73.4,0,0.0,0,99000.0,7220000.0,Family,2,Single,Tier-2,0,-1
APP101677,42,60000.0,5000.0,0.0,Unemployed,None,0.0,High School,506,2.8,5,1,1,1,1,Personal,150000.0,3,1,2,40,98.3,0,0,0,0,0,0,0.0,0.0,0.0,0.0,0,0,94000.0,2900.0,58.0,Auto,70000.0,60,13.57,1613.0,32.3,90.3,1,29.4,0,63000.0,170000.0,Rent,1,Single,Tier-3,0,-1
APP101678,30,781000.0,65083.0,0.0,Salaried,IT,0.7,Post-Graduate,546,3.7,4,4,2,2,1,Personal,2300000.0,2,1,1,42,95.1,0,1,0,0,1,3,420000.0,200340.0,47.7,12500.0,0,0,2656340.0,35400.0,69.8,Business,2780000.0,36,15.16,96588.0,148.4,218.2,0,0.0,0,380000.0,460000.0,Own,2,Single,Tier-2,0,-1
APP101679,35,451000.0,37583.0,0.0,Salaried,Government,4.1,High School,711,5.7,4,2,0,0,0,None,0.0,1,0,1,37,99.2,0,0,0,1,1,3,235000.0,99170.0,42.2,7200.0,1,2,402170.0,6000.0,29.2,Debt Consolidation,470000.0,24,13.99,22564.0,60.0,89.2,0,0.0,0,97000.0,1100000.0,Rent,0,Married,Tier-1,0,-1
APP101680,21,869000.0,72417.0,0.0,Self-Employed,Manufacturing,0.0,Graduate,662,1.0,6,0,1,1,1,Business,2010000.0,2,2,0,10,95.1,1,0,0,0,1,1,380000.0,138700.0,36.5,9200.0,0,0,408700.0,7500.0,19.9,Auto,760000.0,60,10.9,16486.0,22.8,42.7,1,27.4,1,505000.0,310000.0,Rent,2,Divorced,Tier-1,1,0
APP101681,27,1250000.0,104167.0,0.0,Salaried,Government,6.0,Graduate,592,5.2,7,3,2,2,0,Gold,1110000.0,3,3,0,42,89.2,1,1,0,0,1,3,470000.0,201160.0,42.8,10100.0,0,4,865160.0,10700.0,19.9,Home,7960000.0,120,10.15,105854.0,101.6,121.5,1,27.7,1,484000.0,280000.0,Own,3,Married,Tier-2,0,-1
APP101682,32,500000.0,41667.0,0.0,Salaried,IT,2.6,Graduate,708,12.0,5,2,2,1,0,Auto,730000.0,2,2,0,23,96.5,1,0,0,0,1,3,215000.0,44505.0,20.7,4700.0,0,0,464505.0,7500.0,23.3,Debt Consolidation,220000.0,24,14.33,10597.0,25.4,48.8,0,0.0,0,169000.0,3160000.0,Own,0,Married,Tier-1,1,0
APP101683,52,60000.0,5000.0,14000.0,Retired,None,0.0,High School,520,3.9,5,3,1,0,0,Education,120000.0,1,1,0,49,89.1,1,0,1,0,0,0,0.0,0.0,0.0,0.0,0,0,31000.0,1200.0,24.0,Debt Consolidation,70000.0,36,16.98,2495.0,49.9,73.9,0,0.0,0,12000.0,490000.0,Family,0,Married,Tier-1,0,-1
APP101684,31,409000.0,34083.0,0.0,Self-Employed,Healthcare,6.2,Post-Graduate,552,5.4,6,6,2,0,1,Education,1090000.0,3,2,1,8,90.9,0,0,1,0,0,0,0.0,0.0,0.0,0.0,0,0,213000.0,4900.0,14.4,Business,490000.0,84,15.24,9522.0,27.9,42.3,0,0.0,0,35000.0,260000.0,Family,0,Single,Tier-1,0,-1
APP101685,45,1868000.0,155667.0,154000.0,Salaried,Government,8.1,Post-Graduate,810,11.2,7,2,3,2,0,Auto,900000.0,4,3,1,12,100.0,0,0,0,0,1,1,615000.0,339480.0,55.2,15600.0,0,3,2570480.0,53700.0,45.4,Auto,2560000.0,60,7.68,51516.0,33.1,78.5,1,12.8,0,222000.0,740000.0,Rent,0,Married,Tier-2,1,0
APP101686,32,74000.0,6167.0,0.0,Retired,None,0.0,Graduate,614,8.7,7,3,3,2,0,Home,100000.0,4,4,0,30,99.2,1,0,0,0,0,0,0.0,0.0,0.0,0.0,0,0,108000.0,2200.0,35.7,Debt Consolidation,50000.0,36,15.24,1739.0,28.2,63.9,0,0.0,0,38000.0,140000.0,Family,0,Married,Tier-2,0,-1
APP101687,41,548000.0,45667.0,0.0,Salaried,Retail,2.8,Graduate,697,2.7,3,2,0,0,0,None,0.0,2,2,0,18,89.0,0,1,0,0,0,0,0.0,0.0,0.0,0.0,0,0,474000.0,15300.0,33.5,Debt Consolidation,270000.0,60,14.15,6303.0,13.8,47.3,0,0.0,0,114000.0,1040000.0,Own,2,Married,Tier-1,1,1
APP101688,36,60000.0,5000.0,0.0,Retired,None,0.0,Graduate,524,6.9,3,0,3,2,0,Personal,130000.0,3,3,0,48,100.0,0,0,0,0,1,1,10000.0,4920.0,49.2,100.0,0,1,142920.0,3500.0,74.9,Debt Consolidation,30000.0,24,16.16,1471.0,29.4,104.3,1,0.0,0,25000.0,50000.0,Rent,2,Married,Tier-1,0,-1
APP101689,48,242000.0,20167.0,0.0,Self-Employed,Healthcare,10.5,Graduate,600,7.2,4,3,7,5,0,Gold,240000.0,8,6,2,28,93.7,0,1,0,0,0,0,0.0,0.0,0.0,0.0,0,0,238000.0,3700.0,18.3,Home,2270000.0,180,10.53,25135.0,124.6,143.0,1,27.9,0,26000.0,140000.0,Family,0,Single,Tier-2,0,-1
APP101690,32,749000.0,62417.0,57000.0,Self-Employed,Government,3.0,Graduate,658,8.1,8,2,1,0,0,Auto,1310000.0,1,1,0,3,91.1,0,1,0,0,1,2,135000.0,31320.0,23.2,3100.0,0,0,378320.0,7800.0,15.0,Auto,520000.0,60,10.54,11187.0,17.9,32.9,1,29.6,0,91000.0,2680000.0,Rent,0,Married,Tier-2,1,0
APP101691,21,408000.0,34000.0,72000.0,Salaried,IT,0.0,Graduate,659,1.0,4,1,1,0,0,Education,210000.0,1,1,0,32,99.2,1,0,0,0,0,0,0.0,0.0,0.0,0.0,0,0,468000.0,10100.0,29.7,Education,520000.0,120,11.09,7190.0,21.1,50.9,0,0.0,1,73000.0,780000.0,Family,0,Married,Tier-1,1,0
APP101692,23,461000.0,38417.0,0.0,Self-Employed,Banking/Finance,2.0,Post-Graduate,626,1.7,9,2,5,4,0,Gold,1330000.0,5,4,1,49,95.2,2,0,0,1,1,2,140000.0,30240.0,21.6,2500.0,0,1,50240.0,700.0,5.8,Auto,470000.0,84,10.77,7991.0,20.8,26.6,1,23.4,0,756000.0,410000.0,Rent,1,Married,Tier-1,1,1
APP101693,32,276000.0,23000.0,35000.0,Salaried,Education,5.3,Graduate,558,12.0,4,1,6,2,3,Business,670000.0,8,5,3,45,100.0,0,0,0,0,1,3,75000.0,32025.0,42.7,1200.0,0,0,134025.0,5100.0,29.1,Personal,60000.0,12,15.79,5438.0,23.6,52.8,0,0.0,0,53000.0,140000.0,Rent,1,Married,Tier-1,0,-1
APP101694,24,105000.0,8750.0,0.0,Salaried,IT,3.0,High School,548,4.0,2,0,2,2,0,Education,110000.0,2,1,1,55,92.1,0,2,0,0,0,0,0.0,0.0,0.0,0.0,0,0,49000.0,700.0,8.0,Home,530000.0,240,11.4,5616.0,64.2,72.2,1,17.8,0,13000.0,170000.0,Rent,1,Married,Tier-1,0,-1
APP101695,43,857000.0,71417.0,0.0,Self-Employed,Healthcare,4.2,Post-Graduate,695,7.9,11,1,1,1,0,Home,1640000.0,2,0,2,47,96.5,1,0,0,0,1,4,160000.0,57440.0,35.9,2600.0,0,0,1823440.0,39100.0,58.8,Home,5460000.0,180,8.77,54634.0,76.5,135.3,1,13.2,0,893000.0,370000.0,Rent,2,Single,Tier-1,0,-1
APP101696,33,409000.0,34083.0,0.0,Self-Employed,Education,5.7,Graduate,705,3.8,6,2,2,1,0,Personal,450000.0,3,1,2,44,99.0,0,0,0,1,0,0,0.0,0.0,0.0,0.0,0,0,117000.0,5500.0,16.1,Debt Consolidation,270000.0,36,13.58,9173.0,26.9,43.1,0,0.0,1,658000.0,1140000.0,Rent,3,Married,Tier-3,1,0
APP101697,64,140000.0,11667.0,0.0,Salaried,Healthcare,4.9,High School,718,12.3,6,1,4,3,0,Personal,330000.0,6,6,0,22,100.0,0,0,0,0,0,0,0.0,0.0,0.0,0.0,0,0,26000.0,800.0,6.9,Personal,100000.0,36,12.16,3329.0,28.5,35.4,1,0.0,0,11000.0,580000.0,Own,1,Married,Tier-3,1,0
APP101698,21,916000.0,76333.0,0.0,Business Owner,Other,0.0,Doctorate,692,1.0,1,3,1,1,0,Auto,2150000.0,1,1,0,20,100.0,0,0,0,0,0,0,0.0,0.0,0.0,0.0,0,0,1189000.0,27400.0,35.9,Home,8410000.0,120,9.38,108272.0,141.8,177.7,1,12.3,0,128000.0,6290000.0,Family,0,Married,Tier-3,0,-1
APP101699,40,630000.0,52500.0,0.0,Self-Employed,Other,2.6,Graduate,749,2.6,1,0,1,1,0,Gold,940000.0,2,1,1,37,100.0,0,0,0,0,0,0,0.0,0.0,0.0,0.0,0,0,349000.0,6300.0,12.0,Home,5710000.0,180,8.4,55894.0,106.5,118.5,1,14.0,0,1279000.0,360000.0,Own,2,Single,Tier-1,0,-1
APP101700,26,289000.0,24083.0,0.0,Salaried,IT,5.0,High School,620,6.0,3,4,2,2,0,Business,250000.0,2,2,0,54,92.0,1,1,0,1,0,0,0.0,0.0,0.0,0.0,0,0,72000.0,2800.0,11.6,Education,310000.0,60,11.41,6804.0,28.3,39.9,0,0.0,0,76000.0,200000.0,Family,2,Married,Tier-3,1,0
APP101701,33,503000.0,41917.0,101000.0,Salaried,Banking/Finance,12.0,Graduate,638,13.0,7,2,8,4,1,Auto,620000.0,8,8,0,22,91.4,3,0,0,0,0,0,0.0,0.0,0.0,0.0,0,0,616000.0,18500.0,44.1,Personal,460000.0,12,13.66,41229.0,98.4,142.5,1,0.0,1,257000.0,860000.0,Own,1,Married,Tier-1,0,-1
APP101702,40,608000.0,50667.0,0.0,Salaried,Other,12.6,Post-Graduate,662,3.4,4,1,4,3,0,Business,1530000.0,5,4,1,38,89.3,0,0,1,0,0,0,0.0,0.0,0.0,0.0,0,0,588000.0,9100.0,18.0,Home,5960000.0,240,9.27,54663.0,107.9,125.8,1,20.4,0,157000.0,3170000.0,Family,1,Married,Tier-1,0,-1
APP101703,21,204000.0,17000.0,0.0,Salaried,IT,0.0,High School,675,1.0,4,1,1,0,0,Personal,390000.0,1,1,0,22,98.7,0,0,0,0,0,0,0.0,0.0,0.0,0.0,0,0,162000.0,4200.0,24.7,Business,810000.0,84,12.51,14521.0,85.4,110.1,1,0.0,0,95000.0,240000.0,Rent,1,Single,Tier-2,0,-1
APP101704,41,429000.0,35750.0,0.0,Salaried,Retail,2.6,Graduate,560,5.3,6,1,2,2,0,Auto,1240000.0,2,2,0,37,83.3,1,0,1,1,1,2,130000.0,27560.0,21.2,1700.0,0,2,1589560.0,25000.0,73.8,Auto,520000.0,36,11.82,17227.0,48.2,122.0,1,25.4,0,117000.0,410000.0,Family,2,Married,Tier-1,0,-1
APP101705,59,566000.0,47167.0,0.0,Salaried,Other,17.2,High School,644,2.2,6,2,0,0,0,None,0.0,1,1,0,9,94.8,0,1,0,1,1,3,210000.0,23940.0,11.4,2000.0,0,0,257940.0,8100.0,19.7,Personal,460000.0,60,14.62,10852.0,23.0,42.7,0,0.0,1,121000.0,90000.0,Rent,1,Single,Tier-2,1,0
APP101706,33,783000.0,65250.0,0.0,Salaried,Education,7.1,Graduate,784,1.4,2,2,2,2,0,Auto,2220000.0,3,0,3,32,100.0,0,0,0,0,0,0,0.0,0.0,0.0,0.0,0,0,129000.0,6200.0,9.5,Auto,580000.0,36,8.43,18290.0,28.0,37.5,1,12.5,0,111000.0,2080000.0,Rent,2,Married,Tier-1,1,0
APP101707,41,768000.0,64000.0,0.0,Salaried,Healthcare,16.1,Graduate,647,1.5,2,1,0,0,0,None,0.0,0,0,0,-1,100.0,0,0,0,1,1,4,375000.0,111375.0,29.7,6100.0,1,0,510375.0,7100.0,19.8,Personal,480000.0,24,14.68,23201.0,36.3,56.0,0,0.0,1,240000.0,290000.0,Own,0,Single,Tier-1,1,0
APP101708,49,253000.0,21083.0,0.0,Self-Employed,IT,7.3,High School,654,6.7,5,1,2,2,0,Business,380000.0,2,0,2,6,100.0,0,0,0,0,1,2,110000.0,17270.0,15.7,800.0,0,1,222270.0,4800.0,26.9,Personal,70000.0,12,13.79,6278.0,29.8,56.6,0,0.0,0,76000.0,350000.0,Rent,1,Single,Tier-1,1,1
APP101709,36,714000.0,59500.0,0.0,Salaried,Manufacturing,0.4,Post-Graduate,747,5.0,10,2,3,1,0,Personal,1170000.0,3,1,2,5,100.0,0,0,0,1,0,0,0.0,0.0,0.0,0.0,0,0,766000.0,16400.0,27.6,Home,3540000.0,240,8.67,31103.0,52.3,79.8,1,21.3,1,467000.0,530000.0,Rent,0,Married,Tier-2,1,0
APP101710,32,207000.0,17250.0,0.0,Retired,None,0.0,Graduate,576,11.1,9,3,2,0,1,Home,530000.0,2,1,1,35,100.0,0,0,0,0,1,4,80000.0,31920.0,39.9,1100.0,0,0,189920.0,4500.0,35.3,Auto,260000.0,48,11.99,6846.0,39.7,75.0,1,20.1,0,52000.0,880000.0,Rent,0,Married,Tier-1,0,-1
APP101711,21,60000.0,5000.0,0.0,Unemployed,None,0.0,Post-Graduate,550,1.0,2,1,1,1,0,Home,20000.0,1,0,1,21,97.9,1,0,0,0,0,0,0.0,0.0,0.0,0.0,0,0,59000.0,900.0,18.0,Auto,60000.0,60,12.3,1344.0,26.9,44.9,1,15.9,1,8000.0,50000.0,Rent,0,Divorced,Tier-3,0,-1
APP101712,45,462000.0,38500.0,0.0,Self-Employed,Retail,5.5,Post-Graduate,684,7.7,7,2,1,1,0,Auto,1010000.0,2,2,0,52,100.0,0,0,0,0,0,0,0.0,0.0,0.0,0.0,0,0,170000.0,6500.0,16.9,Education,380000.0,84,11.19,6545.0,17.0,33.9,0,0.0,0,64000.0,670000.0,Own,1,Married,Tier-1,1,0
APP101713,37,291000.0,24250.0,0.0,Retired,None,0.0,Post-Graduate,566,2.2,1,0,0,0,0,None,0.0,0,0,0,-1,100.0,1,0,0,0,1,2,70000.0,36400.0,52.0,600.0,0,0,86400.0,2300.0,17.0,Auto,310000.0,84,11.97,5467.0,22.5,39.5,1,22.8,0,69000.0,380000.0,Rent,3,Single,Tier-2,0,-1
APP101714,27,160000.0,13333.0,23000.0,Unemployed,None,0.0,Post-Graduate,584,0.7,3,3,1,1,0,Home,460000.0,2,2,0,20,100.0,0,0,0,0,0,0,0.0,0.0,0.0,0.0,0,0,69000.0,1000.0,7.5,Home,1410000.0,120,10.57,19081.0,143.1,150.6,1,20.1,0,12000.0,130000.0,Rent,0,Married,Tier-3,0,-1
APP101715,39,164000.0,13667.0,0.0,Salaried,Other,7.2,Graduate,627,4.0,8,2,0,0,0,None,0.0,1,0,1,47,95.3,1,0,0,0,1,4,85000.0,28305.0,33.3,1500.0,1,0,317305.0,4400.0,42.5,Personal,150000.0,36,13.78,5111.0,37.4,79.9,0,0.0,0,93000.0,1090000.0,Own,0,Married,Tier-1,0,-1
APP101716,32,2155000.0,179583.0,0.0,Business Owner,Other,11.0,Post-Graduate,741,3.6,7,1,2,2,0,Personal,1090000.0,2,1,1,7,97.8,1,0,0,0,1,3,610000.0,129930.0,21.3,15100.0,0,1,807930.0,17800.0,13.5,Personal,2050000.0,24,12.28,96769.0,53.9,67.4,0,0.0,0,1047000.0,313460000.0,Family,2,Married,Tier-1,1,0
APP101717,32,885000.0,73750.0,0.0,Salaried,Government,11.0,Graduate,740,2.3,4,4,4,4,0,Auto,2620000.0,5,5,0,19,100.0,0,0,0,0,0,0,0.0,0.0,0.0,0.0,0,0,453000.0,22700.0,30.8,Auto,890000.0,36,9.5,28509.0,38.7,69.4,1,25.1,1,1570000.0,450000.0,Rent,1,Married,Tier-3,1,0
APP101718,45,829000.0,69083.0,0.0,Business Owner,Education,15.8,Graduate,768,7.5,5,3,5,2,0,Home,530000.0,5,5,0,35,97.6,0,0,0,1,0,0,0.0,0.0,0.0,0.0,0,0,465000.0,12400.0,17.9,Auto,510000.0,84,8.59,8100.0,11.7,29.7,1,25.4,1,68000.0,810000.0,Family,2,Married,Tier-1,1,0
APP101719,23,361000.0,30083.0,0.0,Salaried,Retail,2.0,Graduate,571,3.0,7,2,2,1,0,Auto,330000.0,4,3,1,16,83.8,2,0,1,1,1,2,120000.0,25200.0,21.0,3000.0,1,0,207200.0,9500.0,35.8,Personal,160000.0,60,15.34,3835.0,12.7,48.5,0,0.0,0,76000.0,240000.0,Rent,1,Divorced,Tier-2,0,-1
APP101720,50,542000.0,45167.0,0.0,Salaried,IT,6.2,Graduate,642,6.6,1,1,1,0,0,Business,750000.0,2,1,1,28,91.2,0,1,0,1,1,5,265000.0,104675.0,39.5,3900.0,0,0,186675.0,1800.0,15.6,Personal,440000.0,60,14.7,10398.0,23.0,38.6,0,0.0,0,80000.0,970000.0,Family,2,Married,Tier-2,1,1
APP101721,23,290000.0,24167.0,0.0,Salaried,Healthcare,2.0,Graduate,659,3.0,7,2,1,1,0,Gold,800000.0,2,1,1,50,99.4,1,0,0,1,0,0,0.0,0.0,0.0,0.0,0,0,343000.0,5600.0,23.2,Auto,300000.0,48,10.66,7704.0,31.9,55.1,1,23.6,0,226000.0,490000.0,Rent,1,Single,Tier-3,1,0
APP101722,31,182000.0,15167.0,0.0,Retired,None,0.0,Post-Graduate,619,1.6,2,1,0,0,0,None,0.0,0,0,0,-1,98.4,0,0,0,0,1,3,80000.0,7600.0,9.5,2500.0,0,0,215600.0,6000.0,42.1,Business,560000.0,36,13.63,19039.0,125.5,167.6,0,0.0,0,117000.0,600000.0,Own,1,Married,Tier-1,0,-1
APP101723,59,193000.0,16083.0,0.0,Salaried,Manufacturing,5.7,Graduate,570,4.2,7,7,2,1,0,Home,290000.0,2,2,0,30,94.7,0,1,0,1,0,0,0.0,0.0,0.0,0.0,0,0,194000.0,3700.0,23.0,Auto,250000.0,84,12.2,4440.0,27.6,50.6,1,18.3,1,69000.0,70000.0,Family,0,Single,Tier-3,1,1
APP101724,50,165000.0,13750.0,0.0,Salaried,Retail,4.9,Graduate,638,5.2,9,3,2,2,0,Gold,180000.0,2,2,0,39,100.0,0,0,0,1,0,0,0.0,0.0,0.0,0.0,0,0,224000.0,6000.0,43.6,Personal,50000.0,36,14.68,1725.0,12.5,56.2,0,0.0,0,65000.0,580000.0,Own,1,Married,Tier-1,1,0
APP101725,39,1279000.0,106583.0,0.0,Salaried,Education,12.1,High School,773,3.8,3,1,0,0,0,None,0.0,2,2,0,12,97.8,0,0,0,0,1,1,720000.0,83520.0,11.6,9500.0,0,0,1523520.0,28800.0,30.9,Business,3110000.0,60,11.72,68741.0,64.5,95.4,0,0.0,0,1140000.0,240000.0,Rent,1,Married,Tier-1,1,1
APP101726,28,572000.0,47667.0,0.0,Salaried,Manufacturing,7.0,Post-Graduate,616,3.4,5,1,1,1,0,Gold,1090000.0,3,3,0,22,92.3,1,1,0,0,1,2,125000.0,29375.0,23.5,3800.0,1,1,117375.0,2100.0,7.5,Home,3660000.0,120,10.65,49694.0,104.3,111.7,1,16.9,0,134000.0,1450000.0,Family,4,Married,Tier-3,0,-1
APP101727,32,430000.0,35833.0,0.0,Contract,Healthcare,8.7,Graduate,561,8.9,8,0,2,2,0,Business,1240000.0,2,1,1,36,82.0,3,1,0,1,1,4,115000.0,46460.0,40.4,3500.0,0,1,516460.0,9000.0,31.6,Home,2720000.0,300,10.85,26365.0,73.6,105.2,1,25.1,0,225000.0,280000.0,Rent,2,Single,Tier-2,0,-1
APP101728,39,616000.0,51333.0,0.0,Business Owner,Government,2.9,Graduate,713,2.9,4,1,0,0,0,None,0.0,0,0,0,-1,100.0,0,0,0,0,1,1,130000.0,15860.0,12.2,600.0,0,0,1519860.0,30000.0,60.0,Auto,900000.0,36,9.76,28939.0,56.4,116.4,1,13.9,0,302000.0,220000.0,Own,1,Married,Tier-1,0,-1
APP101729,38,398000.0,33167.0,38000.0,Salaried,Banking/Finance,17.0,Post-Graduate,707,2.4,3,2,3,1,0,Business,1140000.0,3,1,2,14,100.0,1,0,0,0,0,0,0.0,0.0,0.0,0.0,0,0,102000.0,4500.0,13.6,Education,590000.0,120,10.05,7813.0,23.6,37.1,0,0.0,0,58000.0,710000.0,Own,3,Single,Tier-2,1,0
APP101730,37,487000.0,40583.0,0.0,Salaried,Banking/Finance,10.2,Post-Graduate,711,7.9,7,4,4,3,0,Gold,680000.0,5,5,0,38,100.0,0,0,0,1,1,1,205000.0,35670.0,17.4,900.0,0,3,445670.0,9000.0,26.6,Home,4020000.0,240,8.28,34329.0,84.6,111.2,1,14.0,1,68000.0,350000.0,Own,2,Single,Tier-2,0,-1
APP101731,38,465000.0,38750.0,0.0,Salaried,Government,7.0,Graduate,658,7.8,4,0,4,2,0,Auto,1090000.0,6,6,0,18,98.7,1,0,0,0,1,4,265000.0,57505.0,21.7,4700.0,0,2,396505.0,18300.0,54.6,Personal,220000.0,36,13.82,7500.0,19.4,74.0,0,0.0,1,73000.0,2700000.0,Own,2,Single,Tier-2,1,0
APP101732,36,403000.0,33583.0,0.0,Salaried,Education,8.2,Graduate,719,1.3,3,2,0,0,0,None,0.0,2,2,0,30,100.0,0,0,0,0,1,2,235000.0,57810.0,24.6,2100.0,0,2,1555810.0,21400.0,72.3,Auto,360000.0,60,9.23,7513.0,22.4,94.7,1,27.1,0,392000.0,990000.0,Rent,2,Married,Tier-3,0,-1
APP101733,22,228000.0,19000.0,0.0,Contract,Construction,1.0,Graduate,657,2.0,2,2,0,0,0,None,0.0,0,0,0,-1,100.0,0,0,0,0,0,0,0.0,0.0,0.0,0.0,0,0,53000.0,1600.0,8.4,Business,340000.0,84,13.19,6220.0,32.7,41.2,1,0.0,1,128000.0,220000.0,Rent,0,Single,Tier-1,1,0
APP101734,32,1049000.0,87417.0,0.0,Business Owner,Government,4.9,Post-Graduate,747,12.0,8,2,2,1,0,Home,1620000.0,2,2,0,56,100.0,0,0,0,0,1,2,285000.0,90060.0,31.6,5100.0,0,0,1351060.0,24800.0,33.5,Education,550000.0,120,9.65,7162.0,8.2,41.7,0,0.0,0,1035000.0,890000.0,Rent,0,Married,Tier-1,1,0
APP101735,48,529000.0,44083.0,0.0,Salaried,Other,12.8,Graduate,638,0.9,4,2,0,0,0,None,0.0,0,0,0,-1,100.0,0,0,0,0,1,2,200000.0,124400.0,62.2,3100.0,0,1,252400.0,3500.0,22.0,Personal,470000.0,24,14.37,22648.0,51.4,73.4,0,0.0,0,86000.0,650000.0,Rent,1,Divorced,Tier-2,1,0
APP101736,23,700000.0,58333.0,0.0,Self-Employed,Education,1.6,Post-Graduate,731,3.0,1,0,0,0,0,None,0.0,0,0,0,-1,98.8,0,0,0,0,0,0,0.0,0.0,0.0,0.0,0,0,1376000.0,24600.0,42.2,Debt Consolidation,330000.0,24,13.16,15714.0,26.9,69.1,1,0.0,1,911000.0,6760000.0,Rent,1,Married,Tier-2,1,1
APP101737,36,453000.0,37750.0,0.0,Salaried,Construction,1.6,High School,391,6.3,5,1,4,4,2,Gold,470000.0,6,5,1,57,84.1,2,2,0,0,1,1,155000.0,87730.0,56.6,2800.0,1,1,163730.0,4000.0,22.2,Debt Consolidation,280000.0,24,19.12,14131.0,37.4,59.6,0,0.0,0,64000.0,110000.0,Family,1,Married,Tier-1,0,-1
APP101738,29,449000.0,37417.0,0.0,Self-Employed,Banking/Finance,8.0,Graduate,654,5.8,7,3,1,1,0,Home,1220000.0,3,2,1,27,96.6,0,0,0,1,1,4,155000.0,82770.0,53.4,1400.0,1,2,414770.0,5600.0,26.0,Personal,210000.0,12,13.46,18802.0,50.2,76.3,1,0.0,0,31000.0,160000.0,Own,1,Married,Tier-2,0,-1
APP101739,39,448000.0,37333.0,0.0,Self-Employed,Retail,7.8,Graduate,662,11.7,9,1,2,0,0,Personal,450000.0,3,3,0,40,93.5,2,0,0,1,0,0,0.0,0.0,0.0,0.0,0,0,527000.0,12900.0,34.6,Auto,370000.0,48,10.54,9480.0,25.4,59.9,1,11.2,0,15000.0,2590000.0,Rent,1,Married,Tier-2,1,1
APP101740,34,1390000.0,115833.0,179000.0,Business Owner,Other,1.6,Graduate,685,6.2,3,2,4,3,0,Home,3990000.0,6,4,2,17,94.5,2,0,0,1,1,2,645000.0,307020.0,47.6,11800.0,0,1,2063020.0,26000.0,35.7,Personal,1060000.0,36,13.46,35951.0,31.0,66.7,0,0.0,0,310000.0,580000.0,Own,1,Married,Tier-1,1,0
APP101741,54,280000.0,23333.0,0.0,Self-Employed,Construction,4.6,Graduate,664,6.0,4,3,3,3,0,Gold,560000.0,4,2,2,14,99.2,1,0,0,0,0,0,0.0,0.0,0.0,0.0,0,0,318000.0,6000.0,25.7,Debt Consolidation,290000.0,24,13.9,13910.0,59.6,85.3,0,0.0,1,72000.0,510000.0,Own,1,Single,Tier-1,0,-1
APP101742,44,71000.0,5917.0,0.0,Retired,None,0.0,Post-Graduate,576,3.6,4,3,0,0,0,None,0.0,1,1,0,44,100.0,1,0,0,0,1,2,35000.0,9310.0,26.6,400.0,1,0,95310.0,2400.0,48.4,Debt Consolidation,40000.0,36,15.32,1393.0,23.5,72.0,1,0.0,0,11000.0,200000.0,Rent,1,Married,Tier-2,0,-1
APP101743,24,568000.0,47333.0,0.0,Salaried,Other,3.0,Graduate,665,4.0,8,2,3,2,0,Auto,1060000.0,4,3,1,58,100.0,1,0,0,0,1,4,225000.0,49050.0,21.8,6100.0,0,4,502050.0,7900.0,21.9,Education,620000.0,60,11.28,13567.0,28.7,50.5,0,0.0,0,25000.0,530000.0,Own,2,Single,Tier-3,1,0
APP101744,45,393000.0,32750.0,12000.0,Salaried,Healthcare,7.3,Post-Graduate,645,1.3,3,1,0,0,0,None,0.0,0,0,0,-1,97.5,0,0,0,0,1,3,120000.0,53880.0,44.9,3800.0,0,1,223880.0,3200.0,18.0,Personal,110000.0,36,13.31,3723.0,11.4,29.4,1,0.0,0,258000.0,1130000.0,Rent,2,Single,Tier-2,1,0
APP101745,29,236000.0,19667.0,23000.0,Salaried,IT,4.3,Graduate,663,9.0,8,2,3,0,0,Education,450000.0,4,4,0,13,100.0,0,0,0,2,1,2,125000.0,59500.0,47.6,2400.0,1,1,354500.0,7800.0,54.8,Home,1430000.0,300,9.58,12573.0,63.9,118.7,1,11.1,1,78000.0,40000.0,Rent,2,Married,Tier-1,0,-1
APP101746,32,787000.0,65583.0,0.0,Self-Employed,Construction,6.6,Graduate,635,2.8,3,1,1,1,1,Home,1910000.0,2,2,0,58,100.0,0,0,0,0,1,4,240000.0,76560.0,31.9,5800.0,0,1,2303560.0,45900.0,75.8,Home,6510000.0,240,10.2,63688.0,97.1,172.9,1,18.5,0,391000.0,1570000.0,Family,3,Married,Tier-1,0,-1
APP101747,41,345000.0,28750.0,63000.0,Self-Employed,Manufacturing,8.7,High School,538,5.1,5,1,2,2,1,Personal,230000.0,3,2,1,17,91.1,1,1,0,2,1,2,135000.0,74790.0,55.4,1100.0,0,1,306790.0,10400.0,49.2,Personal,210000.0,36,16.22,7406.0,25.8,74.9,0,0.0,0,357000.0,2880000.0,Rent,2,Single,Tier-2,0,-1
APP101748,33,247000.0,20583.0,0.0,Self-Employed,IT,8.2,Graduate,605,2.2,2,0,3,3,0,Personal,320000.0,4,2,2,41,93.2,2,0,0,0,1,3,55000.0,12485.0,22.7,1000.0,0,0,479485.0,7100.0,37.5,Debt Consolidation,280000.0,36,16.0,9844.0,47.8,85.4,0,0.0,0,15000.0,390000.0,Family,0,Single,Tier-1,0,-1
APP101749,48,2319000.0,193250.0,0.0,Business Owner,Banking/Finance,4.4,Post-Graduate,670,3.9,6,2,3,3,0,Business,5520000.0,3,2,1,35,98.9,1,0,0,0,1,4,965000.0,465130.0,48.2,16900.0,1,1,1426130.0,38900.0,32.2,Education,4220000.0,120,10.58,57132.0,29.6,61.7,0,0.0,0,1645000.0,6570000.0,Own,2,Single,Tier-1,0,-1
APP101750,29,139000.0,11583.0,11000.0,Salaried,IT,8.0,High School,548,2.6,7,4,0,0,0,None,0.0,0,0,0,-1,91.5,0,0,1,1,0,0,0.0,0.0,0.0,0.0,0,0,122000.0,2200.0,19.0,Debt Consolidation,60000.0,60,17.5,1507.0,13.0,32.0,0,0.0,0,57000.0,2320000.0,Own,1,Single,Tier-2,1,0
APP101751,31,545000.0,45417.0,51000.0,Self-Employed,Other,2.6,Post-Graduate,634,4.2,4,2,4,3,0,Gold,330000.0,5,1,4,56,94.3,2,0,0,0,1,1,295000.0,128325.0,43.5,1500.0,1,2,516325.0,6000.0,27.3,Home,3830000.0,180,10.69,42789.0,94.2,121.6,1,22.7,0,413000.0,640000.0,Own,2,Single,Tier-3,0,-1
APP101752,31,223000.0,18583.0,0.0,Business Owner,Construction,3.4,Graduate,740,10.6,5,0,6,4,0,Business,380000.0,6,5,1,31,100.0,0,0,0,0,0,0,0.0,0.0,0.0,0.0,0,0,288000.0,5900.0,31.7,Personal,120000.0,36,12.7,4026.0,21.7,53.4,0,0.0,0,205000.0,80000.0,Family,3,Single,Tier-1,1,0
APP101753,32,536000.0,44667.0,0.0,Salaried,Other,10.2,Graduate,656,3.5,3,1,2,1,0,Home,880000.0,6,4,2,55,99.1,0,0,1,0,1,1,155000.0,21080.0,13.6,2300.0,0,2,1005080.0,19600.0,46.2,Debt Consolidation,450000.0,60,14.46,10578.0,23.7,69.9,0,0.0,1,140000.0,80000.0,Own,2,Single,Tier-2,1,0
APP101754,50,240000.0,20000.0,0.0,Salaried,Banking/Finance,9.1,High School,710,7.5,7,1,2,2,0,Auto,150000.0,3,2,1,34,100.0,0,0,0,0,0,0,0.0,0.0,0.0,0.0,0,0,139000.0,3800.0,19.0,Home,2070000.0,240,9.07,18718.0,93.6,112.6,1,11.5,0,1206000.0,370000.0,Rent,2,Single,Tier-2,0,-1
APP101755,45,672000.0,56000.0,64000.0,Salaried,Construction,4.7,Graduate,698,3.2,7,0,0,0,0,None,0.0,2,2,0,8,100.0,1,0,0,0,0,0,0.0,0.0,0.0,0.0,0,0,1030000.0,19900.0,35.5,Personal,480000.0,12,13.26,42931.0,76.7,112.2,0,0.0,0,657000.0,270000.0,Own,4,Married,Tier-1,0,-1
APP101756,57,520000.0,43333.0,0.0,Salaried,Education,3.3,Post-Graduate,661,2.5,6,2,0,0,0,None,0.0,1,0,1,42,94.9,0,1,0,1,0,0,0.0,0.0,0.0,0.0,0,0,658000.0,14800.0,34.2,Home,3500000.0,180,8.77,35022.0,80.8,115.0,1,19.2,0,115000.0,1620000.0,Own,2,Married,Tier-1,0,-1
APP101757,63,755000.0,62917.0,0.0,Contract,Healthcare,3.7,Graduate,698,5.4,4,3,4,4,0,Auto,620000.0,6,5,1,52,100.0,0,0,0,2,0,0,0.0,0.0,0.0,0.0,0,0,571000.0,24300.0,38.6,Home,3470000.0,240,8.4,29894.0,47.5,86.1,1,26.1,0,117000.0,3000000.0,Rent,1,Married,Tier-1,1,0
APP101758,27,60000.0,5000.0,0.0,Unemployed,None,0.0,Graduate,462,0.4,2,4,2,0,0,Personal,70000.0,2,1,1,58,83.4,1,2,0,0,0,0,0.0,0.0,0.0,0.0,0,0,8000.0,200.0,4.0,Auto,90000.0,60,14.24,2105.0,42.1,46.1,1,26.4,1,6000.0,50000.0,Rent,2,Married,Tier-1,0,-1
APP101759,39,253000.0,21083.0,43000.0,Self-Employed,Other,7.4,Post-Graduate,636,3.4,3,2,2,1,0,Gold,250000.0,2,2,0,4,93.3,0,1,0,0,1,1,70000.0,17920.0,25.6,1800.0,0,1,66920.0,1600.0,11.8,Debt Consolidation,230000.0,36,14.9,7962.0,37.8,49.6,0,0.0,0,47000.0,70000.0,Family,3,Married,Tier-1,0,-1
APP101760,25,598000.0,49833.0,0.0,Salaried,Retail,3.2,Post-Graduate,628,5.0,5,2,1,0,0,Gold,1260000.0,1,1,0,31,97.5,1,0,0,0,1,3,175000.0,110425.0,63.1,2500.0,0,1,203425.0,4700.0,20.5,Auto,920000.0,36,10.96,30102.0,60.4,80.9,1,15.1,0,242000.0,1850000.0,Rent,1,Married,Tier-3,0,-1
APP101761,29,439000.0,36583.0,0.0,Business Owner,IT,8.0,High School,717,7.2,1,2,1,1,0,Gold,860000.0,1,1,0,44,97.5,2,0,0,1,0,0,0.0,0.0,0.0,0.0,0,0,188000.0,3600.0,9.8,Debt Consolidation,330000.0,60,13.85,7653.0,20.9,30.8,0,0.0,0,95000.0,420000.0,Own,1,Married,Tier-1,1,0
APP101762,31,236000.0,19667.0,25000.0,Business Owner,Construction,4.6,Graduate,678,5.1,8,1,0,0,0,None,0.0,0,0,0,-1,99.1,1,0,0,0,0,0,0.0,0.0,0.0,0.0,0,0,113000.0,4300.0,21.9,Debt Consolidation,170000.0,36,14.02,5812.0,29.6,51.4,0,0.0,0,193000.0,710000.0,Family,3,Married,Tier-2,1,0
APP101763,26,233000.0,19417.0,0.0,Salaried,Banking/Finance,2.7,Graduate,637,4.8,6,0,1,1,0,Home,260000.0,1,1,0,8,90.1,2,0,0,2,0,0,0.0,0.0,0.0,0.0,0,0,432000.0,11200.0,57.7,Personal,60000.0,36,13.22,2028.0,10.4,68.1,0,0.0,0,223000.0,330000.0,Own,1,Single,Tier-1,0,-1
APP101764,26,301000.0,25083.0,0.0,Contract,Banking/Finance,4.0,Post-Graduate,690,6.0,5,2,1,1,0,Education,850000.0,2,2,0,22,98.0,0,0,0,0,0,0,0.0,0.0,0.0,0.0,0,0,46000.0,2500.0,10.0,Home,2290000.0,120,8.93,28922.0,115.3,125.3,1,22.2,1,159000.0,580000.0,Own,1,Married,Tier-2,0,-1
APP101765,36,1026000.0,85500.0,93000.0,Salaried,Education,6.0,Graduate,701,3.2,5,4,2,2,0,Business,1590000.0,2,2,0,37,93.3,1,0,0,1,1,3,245000.0,61740.0,25.2,3400.0,0,2,1214740.0,20200.0,27.2,Home,8620000.0,120,8.64,107522.0,125.8,153.0,1,27.9,0,258000.0,2300000.0,Own,3,Married,Tier-1,0,-1
APP101766,25,626000.0,52167.0,0.0,Salaried,Construction,4.0,Graduate,649,4.1,6,1,2,0,0,Business,710000.0,3,3,0,15,100.0,0,0,0,1,1,1,215000.0,135450.0,63.0,2000.0,0,0,609450.0,19400.0,50.2,Home,3170000.0,300,9.43,27542.0,52.8,103.0,1,23.0,0,622000.0,710000.0,Rent,1,Divorced,Tier-2,0,-1
APP101767,47,466000.0,38833.0,0.0,Salaried,Construction,8.5,Post-Graduate,723,0.4,3,1,1,1,0,Personal,750000.0,1,1,0,55,98.9,1,0,0,0,0,0,0.0,0.0,0.0,0.0,0,0,449000.0,8900.0,22.9,Personal,340000.0,36,13.15,11481.0,29.6,52.5,0,0.0,0,157000.0,1190000.0,Own,3,Married,Tier-3,1,1
APP101768,28,559000.0,46583.0,84000.0,Salaried,Construction,5.2,Graduate,603,4.8,5,1,0,0,0,None,0.0,0,0,0,-1,84.4,0,3,0,0,0,0,0.0,0.0,0.0,0.0,0,0,228000.0,5100.0,10.9,Personal,150000.0,24,14.49,7237.0,15.5,26.5,0,0.0,0,1056000.0,3820000.0,Own,2,Married,Tier-2,1,0
APP101769,69,60000.0,5000.0,13000.0,Unemployed,None,0.0,Graduate,601,7.5,4,2,0,0,0,None,0.0,2,2,0,54,100.0,0,0,0,0,0,0,0.0,0.0,0.0,0.0,0,0,124000.0,1800.0,36.0,Education,90000.0,60,11.87,1996.0,39.9,75.9,0,0.0,0,4000.0,20000.0,Own,1,Married,Tier-3,0,-1
APP101770,33,472000.0,39333.0,0.0,Salaried,Banking/Finance,4.9,Doctorate,653,3.5,5,0,1,1,0,Education,160000.0,2,1,1,19,89.2,3,0,0,0,1,3,135000.0,40635.0,30.1,800.0,0,1,237635.0,5800.0,19.9,Personal,220000.0,12,14.05,19758.0,50.2,70.1,0,0.0,0,174000.0,200000.0,Rent,1,Married,Tier-2,1,1
APP101771,39,523000.0,43583.0,0.0,Salaried,Healthcare,3.2,Graduate,618,6.7,5,0,2,2,0,Auto,390000.0,2,1,1,39,92.5,0,0,1,0,1,3,275000.0,144650.0,52.6,9000.0,1,1,215650.0,1900.0,21.0,Personal,350000.0,12,14.38,31488.0,72.2,93.2,0,0.0,0,260000.0,600000.0,Own,4,Married,Tier-2,0,-1
APP101772,24,458000.0,38167.0,0.0,Salaried,Government,3.0,Graduate,541,4.0,3,3,0,0,0,None,0.0,0,0,0,-1,89.3,2,0,1,0,1,1,205000.0,68880.0,33.6,4600.0,0,2,415880.0,16400.0,52.0,Personal,120000.0,12,16.03,10889.0,28.5,80.5,0,0.0,1,735000.0,210000.0,Rent,0,Single,Tier-2,0,-1
APP101773,57,378000.0,31500.0,0.0,Salaried,Manufacturing,1.1,Post-Graduate,730,7.0,7,4,2,0,0,Gold,330000.0,3,2,1,12,100.0,0,0,0,0,1,1,60000.0,2760.0,4.6,300.0,1,0,276760.0,7200.0,23.3,Auto,270000.0,84,8.9,4330.0,13.7,37.0,1,22.1,0,93000.0,90000.0,Own,2,Single,Tier-1,1,0
APP101774,50,592000.0,49333.0,0.0,Salaried,Government,13.9,Post-Graduate,710,5.7,2,1,0,0,0,None,0.0,1,0,1,10,98.5,0,0,0,0,1,2,350000.0,52500.0,15.0,4200.0,0,3,753500.0,13400.0,32.5,Auto,690000.0,60,9.03,14333.0,29.1,61.5,1,22.3,0,370000.0,2120000.0,Family,0,Married,Tier-2,1,1
APP101775,41,661000.0,55083.0,110000.0,Salaried,Retail,6.4,Post-Graduate,716,2.8,6,1,2,2,0,Personal,290000.0,4,2,2,18,100.0,0,0,0,0,1,2,175000.0,36225.0,20.7,4100.0,0,0,1059225.0,21700.0,42.7,Auto,430000.0,36,9.31,13736.0,24.9,67.6,1,18.4,0,29000.0,1500000.0,Own,0,Married,Tier-2,1,1
APP101776,23,451000.0,37583.0,0.0,Self-Employed,Retail,2.0,Graduate,543,3.0,5,2,1,1,0,Education,240000.0,2,2,0,45,84.6,1,2,0,2,1,3,85000.0,50235.0,59.1,2500.0,0,1,694235.0,16000.0,49.3,Auto,320000.0,84,12.95,5813.0,15.5,64.7,1,27.7,1,123000.0,280000.0,Rent,2,Married,Tier-1,0,-1
APP101777,40,675000.0,56250.0,0.0,Salaried,IT,3.3,Graduate,737,4.8,5,0,0,0,0,None,0.0,1,1,0,40,100.0,1,0,0,0,0,0,0.0,0.0,0.0,0.0,0,0,1583000.0,26600.0,47.3,Personal,490000.0,36,13.03,16517.0,29.4,76.7,0,0.0,1,415000.0,3760000.0,Own,2,Divorced,Tier-2,1,1
APP101778,26,436000.0,36333.0,0.0,Contract,Education,5.0,Graduate,633,4.7,5,1,0,0,0,None,0.0,0,0,0,-1,98.8,0,0,0,0,1,2,170000.0,91970.0,54.1,3900.0,1,2,470970.0,18800.0,64.4,Home,2680000.0,240,9.37,24754.0,68.1,132.5,1,21.7,0,203000.0,6260000.0,Rent,2,Married,Tier-2,0,-1
APP101779,54,440000.0,36667.0,0.0,Salaried,Construction,7.1,High School,772,14.5,6,0,3,3,0,Business,390000.0,4,2,2,52,100.0,0,0,0,0,1,2,160000.0,25280.0,15.8,900.0,0,0,1272280.0,18700.0,54.4,Auto,470000.0,36,8.97,14939.0,40.7,95.2,1,15.6,0,106000.0,1150000.0,Own,1,Single,Tier-1,0,-1
APP101780,47,2062000.0,171833.0,0.0,Business Owner,Construction,4.7,Post-Graduate,807,4.6,3,1,1,1,0,Education,3700000.0,2,2,0,6,100.0,0,0,0,0,1,2,1020000.0,255000.0,25.0,7000.0,1,4,2014000.0,25400.0,22.2,Personal,1950000.0,12,11.17,172499.0,100.4,122.6,0,0.0,0,255000.0,11280000.0,Own,0,Married,Tier-2,0,-1
APP101781,39,432000.0,36000.0,57000.0,Contract,Manufacturing,4.9,High School,682,12.4,9,3,2,0,0,Personal,370000.0,2,2,0,2,96.2,1,0,0,2,0,0,0.0,0.0,0.0,0.0,0,0,1113000.0,25100.0,69.7,Auto,530000.0,48,10.16,13483.0,37.5,107.2,1,24.7,0,126000.0,640000.0,Family,2,Married,Tier-2,1,0
APP101782,21,1043000.0,86917.0,160000.0,Salaried,Government,0.0,Graduate,768,1.0,3,0,2,2,0,Education,2880000.0,2,2,0,38,100.0,0,0,0,0,1,2,540000.0,233280.0,43.2,7400.0,0,1,390280.0,5600.0,19.9,Personal,570000.0,12,11.75,50577.0,58.2,78.1,0,0.0,0,349000.0,1730000.0,Rent,0,Single,Tier-1,1,0
APP101783,27,302000.0,25167.0,0.0,Salaried,Banking/Finance,6.0,Graduate,604,6.8,4,2,3,1,1,Business,190000.0,3,3,0,8,91.8,1,1,0,1,0,0,0.0,0.0,0.0,0.0,0,0,327000.0,5700.0,22.6,Business,980000.0,60,14.68,23150.0,92.0,114.6,0,0.0,0,95000.0,150000.0,Own,3,Married,Tier-1,0,-1
APP101784,46,60000.0,5000.0,0.0,Retired,None,0.0,High School,589,8.9,3,4,5,4,0,Business,150000.0,6,4,2,2,98.2,0,1,0,0,0,0,0.0,0.0,0.0,0.0,0,0,79000.0,2100.0,42.0,Home,590000.0,300,10.47,5558.0,111.2,153.2,1,28.9,0,117000.0,70000.0,Own,2,Married,Tier-1,0,-1
APP101785,51,391000.0,32583.0,68000.0,Salaried,Manufacturing,3.6,Graduate,627,1.3,2,3,2,2,0,Business,610000.0,3,3,0,4,100.0,0,0,0,0,1,4,230000.0,106720.0,46.4,3400.0,0,0,157720.0,1100.0,19.8,Business,1120000.0,84,14.16,21088.0,64.7,84.5,0,0.0,1,57000.0,1000000.0,Rent,1,Married,Tier-1,1,0
APP101786,50,473000.0,39417.0,0.0,Self-Employed,Other,14.4,Graduate,724,7.6,5,0,0,0,0,None,0.0,2,2,0,11,91.4,2,0,0,1,0,0,0.0,0.0,0.0,0.0,0,0,1141000.0,19300.0,49.0,Home,4250000.0,120,8.92,53653.0,136.1,185.1,1,17.4,0,404000.0,630000.0,Rent,2,Married,Tier-1,0,-1
APP101787,21,670000.0,55833.0,0.0,Salaried,Government,0.0,High School,583,0.6,4,3,1,0,0,Education,350000.0,2,2,0,13,88.4,2,1,0,0,1,1,195000.0,64545.0,33.1,3500.0,0,0,535545.0,11200.0,25.8,Auto,1030000.0,48,11.69,26967.0,48.3,74.1,1,27.5,0,318000.0,1330000.0,Rent,2,Married,Tier-2,0,-1
APP101788,41,305000.0,25417.0,0.0,Salaried,IT,8.9,Post-Graduate,691,3.1,5,1,1,1,0,Auto,190000.0,2,2,0,23,99.3,1,0,0,1,0,0,0.0,0.0,0.0,0.0,0,0,67000.0,2300.0,9.0,Home,1300000.0,240,9.39,12024.0,47.3,56.4,1,16.2,0,67000.0,1560000.0,Own,1,Single,Tier-2,1,0
APP101789,49,541000.0,45083.0,0.0,Self-Employed,Construction,1.8,Post-Graduate,759,5.3,5,2,2,2,0,Auto,1320000.0,2,2,0,9,100.0,0,0,0,0,0,0,0.0,0.0,0.0,0.0,0,0,60000.0,900.0,2.0,Home,4160000.0,120,7.55,49489.0,109.8,111.8,1,26.6,0,334000.0,1700000.0,Own,3,Divorced,Tier-1,1,0
APP101790,21,60000.0,5000.0,0.0,Unemployed,None,0.0,High School,458,1.0,2,0,3,1,0,Auto,140000.0,3,3,0,8,97.9,1,0,0,0,1,4,25000.0,17925.0,71.7,400.0,0,4,67925.0,2300.0,63.9,Personal,30000.0,24,17.36,1488.0,29.8,93.7,0,0.0,1,77000.0,240000.0,Own,1,Married,Tier-3,0,-1
APP101791,38,543000.0,45250.0,0.0,Salaried,Banking/Finance,1.8,Post-Graduate,651,7.6,6,1,10,5,1,Auto,1450000.0,10,7,3,17,100.0,0,0,0,0,1,3,140000.0,82180.0,58.7,4200.0,0,0,270180.0,4600.0,19.2,Debt Consolidation,560000.0,60,14.51,13179.0,29.1,48.4,0,0.0,0,45000.0,1180000.0,Own,0,Divorced,Tier-1,0,-1
APP101792,41,323000.0,26917.0,0.0,Contract,Healthcare,2.9,Graduate,702,3.0,4,0,1,1,0,Education,690000.0,2,2,0,28,98.0,0,0,0,0,0,0,0.0,0.0,0.0,0.0,0,0,320000.0,8000.0,29.7,Personal,300000.0,60,13.47,6898.0,25.6,55.3,0,0.0,1,785000.0,220000.0,Own,2,Married,Tier-1,1,0
APP101793,35,487000.0,40583.0,0.0,Self-Employed,Banking/Finance,14.0,High School,762,10.5,5,1,3,3,0,Education,1110000.0,4,3,1,51,100.0,0,0,0,1,0,0,0.0,0.0,0.0,0.0,0,0,337000.0,7700.0,19.0,Personal,170000.0,12,11.72,15082.0,37.2,56.1,0,0.0,1,846000.0,140000.0,Own,1,Married,Tier-2,1,0
APP101794,21,725000.0,60417.0,0.0,Salaried,Healthcare,0.0,Graduate,705,1.0,2,2,3,1,0,Home,1170000.0,6,4,2,51,100.0,0,0,0,1,1,2,255000.0,56100.0,22.0,5700.0,0,0,550100.0,11900.0,24.3,Auto,940000.0,36,9.28,30014.0,49.7,74.0,1,22.5,0,586000.0,470000.0,Rent,0,Single,Tier-3,1,0
APP101795,34,1315000.0,109583.0,249000.0,Salaried,Other,8.6,Post-Graduate,728,0.8,6,2,1,1,0,Personal,440000.0,3,2,1,22,100.0,0,0,0,0,1,4,235000.0,55225.0,23.5,6500.0,0,0,208225.0,5700.0,7.7,Debt Consolidation,1200000.0,24,12.62,56836.0,51.9,59.6,0,0.0,0,310000.0,1170000.0,Rent,3,Single,Tier-1,1,0
APP101796,34,424000.0,35333.0,0.0,Salaried,Other,2.7,Graduate,771,6.7,10,1,2,2,0,Home,340000.0,4,4,0,6,100.0,0,0,0,1,0,0,0.0,0.0,0.0,0.0,0,0,282000.0,9200.0,26.0,Auto,560000.0,84,8.5,8868.0,25.1,51.1,1,18.6,0,75000.0,370000.0,Family,1,Divorced,Tier-1,1,0
APP101797,36,267000.0,22250.0,0.0,Salaried,Retail,2.9,Graduate,720,3.4,4,2,2,0,0,Home,120000.0,2,2,0,56,100.0,0,0,0,0,0,0,0.0,0.0,0.0,0.0,0,0,284000.0,6200.0,27.9,Auto,200000.0,84,9.49,3268.0,14.7,42.6,1,19.4,0,774000.0,530000.0,Family,1,Single,Tier-3,1,1
APP101798,32,1491000.0,124250.0,280000.0,Self-Employed,Manufacturing,11.0,Post-Graduate,708,5.5,8,0,5,3,0,Education,2240000.0,6,4,2,13,100.0,1,0,0,0,1,2,335000.0,97485.0,29.1,8500.0,1,1,389485.0,15100.0,16.1,Home,9150000.0,120,8.14,111693.0,89.9,106.0,1,24.6,0,1094000.0,20220000.0,Rent,3,Single,Tier-3,0,-1
APP101799,33,298000.0,24833.0,0.0,Salaried,Manufacturing,5.2,Post-Graduate,667,1.6,2,0,3,1,0,Auto,200000.0,4,4,0,24,96.2,1,0,0,0,0,0,0.0,0.0,0.0,0.0,0,0,151000.0,4500.0,18.1,Personal,240000.0,36,12.98,8084.0,32.6,50.7,1,0.0,1,296000.0,1210000.0,Rent,3,Single,Tier-1,1,0
APP101800,38,1374000.0,114500.0,0.0,Salaried,Other,1.7,Post-Graduate,661,11.2,3,2,4,3,0,Gold,2220000.0,5,4,1,48,96.5,1,0,0,0,1,1,655000.0,364835.0,55.7,3500.0,0,1,765835.0,22100.0,35.2,Debt Consolidation,1440000.0,60,15.18,34394.0,30.0,65.3,0,0.0,1,3128000.0,1940000.0,Own,2,Married,Tier-2,1,0
APP101801,43,1426000.0,118833.0,0.0,Business Owner,Banking/Finance,8.9,Graduate,723,10.5,6,1,4,2,1,Business,2180000.0,5,4,1,54,100.0,0,0,0,0,0,0,0.0,0.0,0.0,0.0,0,0,725000.0,21300.0,17.9,Personal,1250000.0,12,12.49,111348.0,93.7,111.6,1,0.0,0,1965000.0,850000.0,Rent,1,Married,Tier-1,0,-1
APP101802,35,1477000.0,123083.0,0.0,Self-Employed,Government,12.2,Post-Graduate,752,1.3,2,3,1,1,0,Gold,4100000.0,2,1,1,14,100.0,0,0,0,1,1,2,725000.0,227650.0,31.4,18500.0,1,2,1289650.0,31100.0,34.5,Personal,600000.0,36,12.24,19997.0,16.2,50.8,0,0.0,1,383000.0,2640000.0,Rent,2,Single,Tier-1,1,0
APP101803,33,732000.0,61000.0,27000.0,Self-Employed,Other,9.4,Graduate,659,2.1,6,3,3,2,0,Personal,870000.0,5,4,1,10,94.2,1,0,0,0,1,3,430000.0,65360.0,15.2,10800.0,0,1,725360.0,15900.0,31.4,Personal,570000.0,24,13.5,27233.0,44.6,76.1,1,0.0,0,114000.0,3720000.0,Rent,0,Married,Tier-1,1,1
APP101804,39,111000.0,9250.0,12000.0,Self-Employed,Construction,4.9,High School,632,12.5,7,0,6,4,0,Education,230000.0,7,6,1,38,95.6,0,2,0,1,0,0,0.0,0.0,0.0,0.0,0,0,82000.0,1500.0,16.2,Auto,70000.0,36,11.21,2299.0,24.9,41.1,1,28.0,0,17000.0,1200000.0,Own,1,Married,Tier-2,1,0
APP101805,21,283000.0,23583.0,0.0,Salaried,Government,0.0,Post-Graduate,716,1.0,0,0,3,3,0,Gold,630000.0,3,3,0,21,100.0,0,0,0,0,0,0,0.0,0.0,0.0,0.0,0,0,0.0,0.0,0.0,Home,2310000.0,120,9.1,29387.0,124.6,124.6,1,21.3,0,77000.0,140000.0,Rent,1,Married,Tier-1,0,-1
APP101806,43,751000.0,62583.0,44000.0,Business Owner,Other,3.8,Graduate,603,1.7,3,2,2,0,1,Business,2030000.0,2,2,0,38,92.6,0,0,1,0,1,2,425000.0,122400.0,28.8,12800.0,0,1,252400.0,2000.0,13.0,Auto,650000.0,48,11.42,16932.0,27.1,40.0,1,15.5,0,82000.0,4600000.0,Rent,2,Married,Tier-2,1,0
APP101807,38,356000.0,29667.0,0.0,Salaried,Banking/Finance,2.2,Post-Graduate,647,6.0,4,5,2,1,0,Gold,120000.0,2,1,1,3,99.9,0,0,0,0,1,3,190000.0,87400.0,46.0,5000.0,0,2,234400.0,8000.0,41.7,Debt Consolidation,360000.0,36,14.63,12414.0,41.8,83.5,0,0.0,0,134000.0,380000.0,Rent,3,Single,Tier-1,0,-1
APP101808,38,372000.0,31000.0,0.0,Salaried,Other,7.0,Graduate,690,3.5,5,0,1,1,0,Auto,810000.0,1,1,0,31,100.0,0,0,0,0,0,0,0.0,0.0,0.0,0.0,0,0,426000.0,9900.0,31.9,Auto,540000.0,84,9.71,8884.0,28.7,60.6,1,27.8,0,32000.0,390000.0,Family,3,Single,Tier-3,1,0
APP101809,49,600000.0,50000.0,0.0,Salaried,IT,4.7,Graduate,689,1.6,3,3,2,1,0,Auto,1690000.0,5,5,0,33,100.0,0,0,0,0,1,3,350000.0,82250.0,23.5,7000.0,1,0,410250.0,9000.0,26.2,Home,3500000.0,240,8.93,31333.0,62.7,88.9,1,19.2,0,670000.0,720000.0,Own,1,Single,Tier-1,1,0
APP101810,21,301000.0,25083.0,0.0,Self-Employed,IT,0.0,High School,645,1.0,5,2,1,1,0,Auto,660000.0,2,2,0,23,100.0,0,0,0,0,1,2,175000.0,34475.0,19.7,5400.0,0,1,698475.0,10000.0,46.7,Personal,260000.0,60,15.11,6200.0,24.7,71.5,0,0.0,0,447000.0,910000.0,Own,2,Single,Tier-2,1,0
APP101811,21,225000.0,18750.0,0.0,Self-Employed,Banking/Finance,0.0,Graduate,639,0.8,1,3,3,1,0,Education,370000.0,4,4,0,49,100.0,1,0,0,0,0,0,0.0,0.0,0.0,0.0,0,0,57000.0,1500.0,8.0,Education,230000.0,84,11.87,4044.0,21.6,29.6,0,0.0,0,123000.0,260000.0,Own,2,Single,Tier-2,1,0
APP101812,41,855000.0,71250.0,33000.0,Salaried,Education,3.3,Post-Graduate,670,4.5,5,2,3,2,0,Gold,1260000.0,5,3,2,26,97.6,1,0,0,0,1,3,360000.0,144360.0,40.1,4300.0,0,1,639360.0,8000.0,21.4,Business,2020000.0,36,13.48,68530.0,96.2,117.5,0,0.0,0,464000.0,2870000.0,Rent,1,Single,Tier-2,0,-1
APP101813,38,621000.0,51750.0,0.0,Contract,Healthcare,6.7,Post-Graduate,678,9.1,8,3,2,2,0,Education,1690000.0,2,2,0,2,100.0,0,0,0,0,1,1,370000.0,116920.0,31.6,8500.0,0,1,1458920.0,25700.0,61.0,Home,5970000.0,180,9.92,63862.0,123.4,184.4,1,11.8,0,461000.0,1400000.0,Own,1,Married,Tier-1,0,-1
APP101814,40,325000.0,27083.0,0.0,Contract,Education,6.3,Graduate,611,11.8,6,1,2,1,1,Personal,260000.0,3,3,0,27,92.0,1,1,0,0,0,0,0.0,0.0,0.0,0.0,0,0,548000.0,8700.0,32.1,Personal,290000.0,24,14.58,14003.0,51.7,83.8,0,0.0,1,44000.0,650000.0,Rent,0,Divorced,Tier-2,0,-1
APP101815,33,630000.0,52500.0,95000.0,Salaried,IT,4.3,Graduate,719,7.7,6,3,2,1,0,Auto,560000.0,3,2,1,46,100.0,0,0,0,0,0,0,0.0,0.0,0.0,0.0,0,0,264000.0,8600.0,16.4,Home,5760000.0,240,8.34,49405.0,94.1,110.5,1,21.2,0,96000.0,1110000.0,Own,2,Divorced,Tier-2,0,-1
APP101816,45,685000.0,57083.0,126000.0,Business Owner,Government,5.5,Graduate,648,9.5,3,2,1,1,0,Home,490000.0,2,2,0,58,89.4,0,0,1,1,1,2,380000.0,83220.0,21.9,10000.0,0,0,300220.0,6800.0,19.2,Personal,460000.0,12,14.16,41337.0,72.4,91.6,0,0.0,1,331000.0,900000.0,Rent,1,Married,Tier-1,0,-1
APP101817,48,1131000.0,94250.0,0.0,Salaried,Healthcare,5.8,Post-Graduate,625,8.4,6,3,5,4,0,Home,2470000.0,6,5,1,41,84.9,2,1,0,0,1,2,425000.0,76925.0,18.1,1800.0,0,0,689925.0,14800.0,19.8,Personal,440000.0,36,14.87,15225.0,16.2,35.9,0,0.0,1,57000.0,930000.0,Rent,1,Married,Tier-1,1,1
APP101818,43,174000.0,14500.0,13000.0,Retired,None,0.0,Graduate,708,5.3,2,1,0,0,0,None,0.0,2,2,0,22,100.0,0,0,0,0,0,0,0.0,0.0,0.0,0.0,0,0,134000.0,3300.0,22.8,Auto,210000.0,84,9.4,3421.0,23.6,46.4,1,20.7,0,70000.0,1320000.0,Family,0,Single,Tier-3,1,0
APP101819,35,1120000.0,93333.0,236000.0,Salaried,Banking/Finance,5.4,Post-Graduate,673,2.5,2,3,1,0,0,Home,430000.0,2,1,1,6,93.4,1,1,0,0,0,0,0.0,0.0,0.0,0.0,0,0,437000.0,9200.0,9.9,Personal,590000.0,60,13.54,13588.0,14.6,24.4,0,0.0,1,1003000.0,1000000.0,Own,1,Married,Tier-1,1,0
APP101820,21,143000.0,11917.0,0.0,Salaried,Other,0.0,Graduate,587,1.0,3,4,0,0,0,None,0.0,1,1,0,46,100.0,1,0,0,0,0,0,0.0,0.0,0.0,0.0,0,0,90000.0,2600.0,21.8,Home,1040000.0,300,10.88,10103.0,84.8,106.6,1,29.2,0,22000.0,510000.0,Own,2,Single,Tier-1,0,-1
APP101821,46,413000.0,34417.0,0.0,Salaried,Manufacturing,4.6,High School,685,1.9,4,4,0,0,0,None,0.0,1,1,0,35,98.8,0,0,0,0,0,0,0.0,0.0,0.0,0.0,0,0,582000.0,11000.0,32.0,Business,850000.0,36,13.12,28689.0,83.4,115.3,0,0.0,0,300000.0,2950000.0,Rent,2,Single,Tier-1,0,-1
APP101822,51,399000.0,33250.0,0.0,Salaried,Education,16.0,Graduate,680,5.6,4,1,2,2,0,Personal,470000.0,3,2,1,41,98.4,2,0,0,0,0,0,0.0,0.0,0.0,0.0,0,0,344000.0,10800.0,32.5,Personal,360000.0,24,12.89,17096.0,51.4,83.9,0,0.0,1,190000.0,670000.0,Rent,5,Married,Tier-1,0,-1
APP101823,45,390000.0,32500.0,37000.0,Business Owner,Retail,2.8,Graduate,649,2.5,3,0,2,1,0,Education,580000.0,3,2,1,49,95.7,0,1,0,1,0,0,0.0,0.0,0.0,0.0,0,0,515000.0,10000.0,30.8,Home,1940000.0,180,9.72,20516.0,63.1,93.9,1,19.2,0,108000.0,770000.0,Rent,0,Married,Tier-1,0,-1
APP101824,28,812000.0,67667.0,0.0,Salaried,Education,4.8,Graduate,705,4.6,8,2,4,4,1,Home,2240000.0,4,3,1,4,97.8,1,0,0,0,0,0,0.0,0.0,0.0,0.0,0,0,345000.0,9900.0,14.6,Home,7530000.0,300,7.67,56481.0,83.5,98.1,1,19.4,0,121000.0,360000.0,Rent,0,Single,Tier-2,0,-1
APP101825,45,699000.0,58250.0,0.0,Salaried,Retail,4.7,Graduate,746,4.2,6,0,3,3,0,Business,1850000.0,3,3,0,41,97.3,0,0,0,0,0,0,0.0,0.0,0.0,0.0,0,0,1637000.0,29800.0,51.2,Auto,910000.0,84,8.45,14388.0,24.7,75.9,1,12.6,1,211000.0,240000.0,Own,0,Single,Tier-1,1,0
APP101826,47,196000.0,16333.0,0.0,Self-Employed,IT,4.9,Post-Graduate,693,6.4,7,2,0,0,0,None,0.0,2,2,0,38,100.0,0,0,0,0,0,0,0.0,0.0,0.0,0.0,0,0,87000.0,2700.0,16.5,Education,210000.0,84,10.14,3501.0,21.4,38.0,0,0.0,0,53000.0,60000.0,Rent,1,Single,Tier-1,1,0
APP101827,55,89000.0,7417.0,0.0,Unemployed,None,0.0,Graduate,460,4.5,3,1,4,3,0,Home,130000.0,4,2,2,27,89.8,2,1,0,1,1,3,35000.0,12950.0,37.0,600.0,0,1,35950.0,900.0,20.9,Business,330000.0,84,16.85,6715.0,90.5,111.4,0,0.0,0,32000.0,150000.0,Rent,0,Married,Tier-1,0,-1
APP101828,28,609000.0,50750.0,0.0,Contract,Education,2.2,Post-Graduate,641,4.9,11,5,0,0,0,None,0.0,0,0,0,-1,100.0,1,0,0,2,0,0,0.0,0.0,0.0,0.0,0,0,257000.0,5900.0,11.6,Home,2950000.0,300,9.84,26475.0,52.2,63.8,1,18.0,0,136000.0,360000.0,Own,2,Married,Tier-2,0,-1
APP101829,36,288000.0,24000.0,68000.0,Salaried,Healthcare,4.6,Graduate,655,1.4,5,3,0,0,0,None,0.0,3,3,0,23,100.0,0,0,0,0,0,0,0.0,0.0,0.0,0.0,0,0,15000.0,500.0,2.1,Business,520000.0,36,13.73,17704.0,73.8,75.8,0,0.0,0,54000.0,220000.0,Own,1,Married,Tier-2,0,-1
APP101830,46,267000.0,22250.0,0.0,Salaried,IT,3.7,Graduate,681,3.0,3,2,1,1,0,Personal,160000.0,2,2,0,51,100.0,1,0,0,0,0,0,0.0,0.0,0.0,0.0,0,0,336000.0,8500.0,38.2,Home,1620000.0,120,9.6,21051.0,94.6,132.8,1,19.3,0,74000.0,460000.0,Own,3,Married,Tier-3,0,-1
APP101831,39,184000.0,15333.0,0.0,Salaried,Construction,6.7,Graduate,675,0.1,1,1,0,0,0,None,0.0,1,1,0,30,97.6,1,0,0,0,0,0,0.0,0.0,0.0,0.0,0,0,24000.0,1100.0,7.2,Personal,170000.0,12,14.48,15302.0,99.8,107.0,0,0.0,0,79000.0,380000.0,Own,2,Married,Tier-1,0,-1
APP101832,26,60000.0,5000.0,0.0,Unemployed,None,0.0,Graduate,594,6.0,6,0,0,0,0,None,0.0,2,2,0,41,100.0,0,0,0,0,0,0,0.0,0.0,0.0,0.0,0,0,42000.0,700.0,14.0,Business,230000.0,60,13.85,5334.0,106.7,120.7,1,0.0,0,67000.0,50000.0,Own,0,Single,Tier-2,0,-1
APP101833,43,603000.0,50250.0,0.0,Business Owner,Other,7.1,Graduate,584,4.0,3,1,4,4,0,Personal,1510000.0,4,4,0,9,86.5,3,0,0,0,1,4,335000.0,112225.0,33.5,4300.0,0,0,917225.0,16000.0,43.0,Home,2460000.0,300,10.76,23685.0,47.1,90.1,1,29.9,0,383000.0,1230000.0,Family,0,Married,Tier-2,0,-1
APP101834,44,744000.0,62000.0,0.0,Self-Employed,Government,6.0,Graduate,644,3.5,2,0,2,0,0,Gold,2170000.0,2,2,0,5,95.9,1,1,0,0,0,0,0.0,0.0,0.0,0.0,0,0,212000.0,7000.0,11.3,Personal,580000.0,12,14.07,52096.0,84.0,95.3,1,0.0,0,87000.0,340000.0,Rent,3,Single,Tier-1,0,-1
APP101835,39,60000.0,5000.0,0.0,Unemployed,None,0.0,High School,561,5.8,4,0,1,1,0,Home,60000.0,1,1,0,10,92.4,0,0,1,0,0,0,0.0,0.0,0.0,0.0,0,0,8000.0,200.0,4.0,Personal,50000.0,36,15.56,1747.0,34.9,38.9,0,0.0,1,28000.0,20000.0,Family,1,Single,Tier-3,0,-1
APP101836,40,306000.0,25500.0,0.0,Salaried,Education,6.4,Post-Graduate,746,5.2,6,0,3,3,0,Gold,320000.0,3,3,0,37,100.0,0,0,0,0,0,0,0.0,0.0,0.0,0.0,0,0,66000.0,1000.0,3.9,Home,1580000.0,120,7.62,18854.0,73.9,77.9,1,12.1,0,217000.0,320000.0,Rent,0,Married,Tier-1,1,1
APP101837,35,741000.0,61750.0,0.0,Business Owner,Banking/Finance,5.5,Graduate,650,5.7,4,2,0,0,0,None,0.0,1,0,1,27,97.6,1,0,0,0,1,4,370000.0,113590.0,30.7,10300.0,0,0,412590.0,9000.0,23.8,Home,6270000.0,300,9.77,55962.0,90.6,114.4,1,23.2,0,707000.0,5130000.0,Family,1,Married,Tier-2,0,-1
APP101838,54,400000.0,33333.0,0.0,Salaried,IT,9.9,Graduate,789,6.4,11,1,2,0,0,Gold,780000.0,5,5,0,3,100.0,0,0,0,0,0,0,0.0,0.0,0.0,0.0,0,0,148000.0,4800.0,14.4,Home,2280000.0,240,7.8,18788.0,56.4,70.8,1,12.1,0,112000.0,220000.0,Rent,3,Married,Tier-2,1,0
APP101839,28,319000.0,26583.0,0.0,Salaried,Healthcare,4.5,Post-Graduate,626,4.5,0,1,3,1,0,Auto,470000.0,4,4,0,47,96.4,1,0,0,1,1,2,105000.0,76335.0,72.7,1500.0,1,3,76335.0,0.0,14.4,Business,870000.0,60,13.76,20135.0,75.7,90.1,1,0.0,0,1308000.0,1290000.0,Rent,0,Married,Tier-1,0,-1
APP101840,32,172000.0,14333.0,28000.0,Salaried,Manufacturing,2.1,Graduate,532,1.9,0,0,1,0,0,Auto,280000.0,1,1,0,34,87.8,1,2,0,1,1,1,25000.0,8225.0,32.9,800.0,1,1,8225.0,0.0,2.9,Home,980000.0,120,11.23,13627.0,95.1,97.9,1,24.5,0,79000.0,170000.0,Own,0,Single,Tier-2,0,-1
APP101841,38,892000.0,74333.0,0.0,Salaried,Education,3.6,Doctorate,600,1.6,5,4,4,4,0,Auto,1550000.0,4,3,1,29,85.6,1,0,1,0,1,7,470000.0,127840.0,27.2,5500.0,0,0,1218840.0,26000.0,43.6,Home,6990000.0,120,10.68,95025.0,127.8,171.4,1,27.0,0,198000.0,2450000.0,Family,0,Married,Tier-2,0,-1
APP101842,48,205000.0,17083.0,0.0,Retired,None,0.0,Graduate,620,2.8,5,2,2,2,0,Gold,320000.0,2,2,0,36,100.0,0,0,0,0,1,3,35000.0,6720.0,19.2,400.0,0,2,378720.0,9300.0,56.4,Auto,250000.0,84,11.15,4300.0,25.2,81.6,1,29.9,0,17000.0,1600000.0,Family,1,Married,Tier-2,0,-1
APP101843,22,552000.0,46000.0,0.0,Salaried,Banking/Finance,1.0,Graduate,704,2.0,3,1,2,2,0,Personal,880000.0,3,3,0,59,100.0,0,0,0,0,0,0,0.0,0.0,0.0,0.0,0,0,219000.0,5400.0,11.7,Personal,120000.0,24,12.77,5692.0,12.4,24.1,0,0.0,0,390000.0,180000.0,Own,0,Single,Tier-3,1,1
APP101844,24,179000.0,14917.0,0.0,Contract,Education,3.0,High School,658,4.0,3,1,3,1,0,Gold,450000.0,3,2,1,6,100.0,0,0,0,0,0,0,0.0,0.0,0.0,0.0,0,0,125000.0,3000.0,20.1,Education,330000.0,60,10.46,7086.0,47.5,67.6,1,0.0,1,37000.0,160000.0,Own,3,Married,Tier-3,1,0
APP101845,21,495000.0,41250.0,0.0,Business Owner,IT,0.0,High School,683,1.0,2,0,2,0,0,Personal,210000.0,2,0,2,49,96.6,0,1,0,0,0,0,0.0,0.0,0.0,0.0,0,0,255000.0,7100.0,17.2,Business,830000.0,60,12.73,18771.0,45.5,62.7,0,0.0,0,45000.0,980000.0,Rent,3,Married,Tier-1,1,0
APP101846,38,163000.0,13583.0,29000.0,Self-Employed,Retail,3.3,High School,636,3.6,4,2,2,2,0,Education,290000.0,2,2,0,39,100.0,1,0,0,0,0,0,0.0,0.0,0.0,0.0,0,0,75000.0,2900.0,21.4,Debt Consolidation,60000.0,60,15.12,1431.0,10.5,31.9,0,0.0,0,44000.0,590000.0,Family,0,Married,Tier-1,1,0
APP101847,26,70000.0,5833.0,0.0,Retired,None,0.0,High School,488,4.2,2,1,2,1,0,Home,60000.0,2,1,1,20,82.5,1,1,1,1,0,0,0.0,0.0,0.0,0.0,0,0,40000.0,1000.0,17.1,Business,130000.0,36,16.84,4625.0,79.3,96.4,0,0.0,0,122000.0,100000.0,Own,2,Married,Tier-1,0,-1
APP101848,34,444000.0,37000.0,0.0,Salaried,Manufacturing,5.9,Graduate,765,2.5,4,0,1,1,0,Business,770000.0,1,1,0,7,99.2,0,0,0,1,0,0,0.0,0.0,0.0,0.0,0,0,63000.0,1500.0,4.1,Auto,370000.0,48,8.63,9143.0,24.7,28.8,1,17.4,1,117000.0,1160000.0,Own,0,Married,Tier-2,1,0
APP101849,45,494000.0,41167.0,0.0,Salaried,Education,4.5,Graduate,579,7.2,7,3,2,2,0,Auto,1160000.0,6,4,2,13,92.7,1,2,0,2,0,0,0.0,0.0,0.0,0.0,0,0,436000.0,8400.0,20.4,Debt Consolidation,300000.0,60,15.8,7264.0,17.6,38.0,0,0.0,1,94000.0,770000.0,Own,1,Married,Tier-3,0,-1
APP101850,31,178000.0,14833.0,0.0,Salaried,Government,5.9,Graduate,613,3.9,4,4,0,0,0,None,0.0,0,0,0,-1,100.0,0,0,0,1,1,4,90000.0,7920.0,8.8,2400.0,1,0,586920.0,9300.0,65.4,Home,1710000.0,120,10.18,22769.0,153.5,218.9,1,24.1,0,26000.0,560000.0,Rent,4,Divorced,Tier-3,0,-1
APP101851,41,239000.0,19917.0,0.0,Salaried,Construction,4.6,Graduate,646,7.8,6,0,1,1,0,Gold,400000.0,2,1,1,13,100.0,1,0,0,0,1,1,105000.0,34650.0,33.0,1000.0,1,1,545650.0,7500.0,46.4,Home,1340000.0,240,9.65,12622.0,63.4,109.7,1,17.2,0,511000.0,420000.0,Own,2,Single,Tier-2,0,-1
APP101852,35,60000.0,5000.0,0.0,Unemployed,None,0.0,High School,606,0.5,2,1,1,0,0,Home,60000.0,1,1,0,6,100.0,0,0,0,0,0,0,0.0,0.0,0.0,0.0,0,0,6000.0,200.0,4.0,Personal,30000.0,24,14.34,1445.0,28.9,32.9,0,0.0,0,13000.0,20000.0,Own,0,Married,Tier-1,0,-1
APP101853,45,524000.0,43667.0,92000.0,Salaried,Healthcare,2.0,High School,677,8.0,8,1,2,2,1,Auto,1140000.0,2,2,0,58,100.0,1,0,0,1,0,0,0.0,0.0,0.0,0.0,0,0,352000.0,5100.0,11.7,Personal,500000.0,24,13.06,23785.0,54.5,66.1,1,0.0,1,168000.0,1410000.0,Family,2,Single,Tier-2,0,-1
APP101854,43,214000.0,17833.0,0.0,Salaried,Other,7.5,High School,593,2.2,3,1,0,0,0,None,0.0,2,1,1,5,87.0,0,1,1,0,0,0,0.0,0.0,0.0,0.0,0,0,165000.0,6500.0,36.4,Business,500000.0,36,15.02,17338.0,97.2,133.7,0,0.0,0,122000.0,1310000.0,Family,0,Married,Tier-2,0,-1
APP101855,30,462000.0,38500.0,0.0,Salaried,Other,4.6,Graduate,720,2.5,4,5,1,1,0,Personal,420000.0,6,5,1,39,100.0,0,0,0,0,0,0,0.0,0.0,0.0,0.0,0,0,583000.0,9200.0,23.9,Personal,440000.0,24,13.47,21016.0,54.6,78.5,0,0.0,0,34000.0,670000.0,Family,0,Married,Tier-2,1,1
APP101856,36,395000.0,32917.0,0.0,Salaried,Other,10.0,High School,691,9.4,11,3,1,1,0,Education,160000.0,4,1,3,41,100.0,0,0,0,0,1,3,65000.0,24115.0,37.1,600.0,0,4,225115.0,6500.0,23.4,Personal,140000.0,36,13.35,4741.0,14.4,37.8,0,0.0,0,57000.0,980000.0,Own,1,Single,Tier-1,1,0
APP101857,49,615000.0,51250.0,67000.0,Business Owner,Construction,11.7,Graduate,647,10.3,5,3,2,1,0,Gold,1830000.0,2,2,0,59,93.8,1,1,0,0,1,3,225000.0,74700.0,33.2,1400.0,0,1,338700.0,4600.0,16.3,Business,1270000.0,84,13.17,23221.0,45.3,61.6,0,0.0,0,159000.0,7220000.0,Own,1,Married,Tier-2,1,0
APP101858,42,696000.0,58000.0,0.0,Salaried,Construction,13.4,Post-Graduate,702,5.3,6,0,3,3,0,Personal,1080000.0,5,4,1,59,91.4,1,1,0,1,0,0,0.0,0.0,0.0,0.0,0,0,1508000.0,28900.0,49.8,Debt Consolidation,320000.0,36,14.61,11032.0,19.0,68.8,0,0.0,0,125000.0,840000.0,Own,0,Married,Tier-1,1,0
APP101859,23,295000.0,24583.0,71000.0,Business Owner,IT,2.0,Graduate,687,3.0,1,3,3,3,0,Education,550000.0,3,2,1,36,100.0,0,0,0,0,1,1,130000.0,10270.0,7.9,1700.0,0,1,157270.0,5400.0,24.1,Auto,270000.0,36,9.72,8677.0,35.3,59.4,1,25.3,1,68000.0,530000.0,Rent,4,Married,Tier-1,1,0
APP101860,45,276000.0,23000.0,0.0,Self-Employed,Education,13.1,High School,647,3.0,6,1,2,2,0,Education,760000.0,2,2,0,47,96.6,0,0,0,1,1,3,105000.0,17955.0,17.1,3200.0,0,0,155955.0,7200.0,35.2,Personal,60000.0,24,14.41,2892.0,12.6,47.8,0,0.0,0,698000.0,630000.0,Rent,0,Single,Tier-1,1,0
APP101861,26,805000.0,67083.0,0.0,Contract,Manufacturing,5.0,Graduate,586,3.5,3,2,0,0,0,None,0.0,1,1,0,56,87.6,0,0,1,0,1,4,190000.0,110200.0,58.0,5600.0,0,3,1525200.0,26400.0,47.6,Home,3430000.0,180,10.55,38022.0,56.7,104.2,1,22.0,1,1039000.0,240000.0,Family,3,Divorced,Tier-1,0,-1
APP101862,54,946000.0,78833.0,0.0,Salaried,Healthcare,2.2,Graduate,762,12.0,9,2,0,0,0,None,0.0,0,0,0,-1,100.0,0,0,0,0,0,0,0.0,0.0,0.0,0.0,0,0,819000.0,21300.0,27.0,Business,1250000.0,84,12.24,22227.0,28.2,55.2,0,0.0,0,70000.0,750000.0,Rent,2,Married,Tier-1,1,0
APP101863,49,530000.0,44167.0,45000.0,Self-Employed,IT,0.6,High School,734,0.7,1,1,0,0,0,None,0.0,1,1,0,22,100.0,0,0,0,0,0,0,0.0,0.0,0.0,0.0,0,0,759000.0,16900.0,38.3,Education,610000.0,84,9.96,10114.0,22.9,61.2,0,0.0,0,128000.0,1500000.0,Rent,1,Married,Tier-2,1,0
APP101864,41,1064000.0,88667.0,0.0,Salaried,Banking/Finance,10.7,Post-Graduate,660,7.1,7,1,1,0,0,Personal,2630000.0,2,1,1,19,100.0,0,0,0,1,1,4,400000.0,151600.0,37.9,7800.0,1,1,1591600.0,61100.0,77.5,Home,4680000.0,120,9.94,61691.0,69.6,147.0,1,11.0,0,1014000.0,300000.0,Own,1,Single,Tier-2,0,-1
APP101865,40,191000.0,15917.0,0.0,Salaried,Other,2.9,Post-Graduate,665,4.4,2,2,2,2,0,Home,240000.0,5,3,2,2,100.0,0,0,0,1,1,3,75000.0,20325.0,27.1,1200.0,0,1,297325.0,4700.0,35.9,Personal,180000.0,12,14.29,16186.0,101.7,137.6,0,0.0,0,48000.0,240000.0,Rent,4,Single,Tier-2,0,-1
APP101866,36,655000.0,54583.0,0.0,Business Owner,Other,15.0,Doctorate,646,5.9,4,1,2,0,0,Business,1430000.0,2,1,1,10,93.2,0,2,0,1,1,4,385000.0,20790.0,5.4,6500.0,1,0,334790.0,7200.0,15.1,Home,4840000.0,240,9.96,46579.0,85.3,100.4,1,19.2,1,83000.0,2760000.0,Rent,0,Married,Tier-1,0,-1
APP101867,45,474000.0,39500.0,0.0,Self-Employed,Government,1.5,Post-Graduate,640,5.2,4,3,2,1,0,Home,1370000.0,2,2,0,28,91.8,2,0,0,0,0,0,0.0,0.0,0.0,0.0,0,0,220000.0,4300.0,10.9,Business,640000.0,36,14.15,21920.0,55.5,66.4,0,0.0,0,415000.0,420000.0,Rent,1,Married,Tier-3,0,-1
APP101868,34,1729000.0,144083.0,0.0,Salaried,IT,9.6,Graduate,621,5.8,13,4,1,1,0,Personal,880000.0,3,1,2,38,98.2,1,0,0,0,1,2,570000.0,238830.0,41.9,12500.0,0,1,1962830.0,75300.0,60.5,Home,8890000.0,240,10.05,86085.0,59.7,120.3,1,21.6,0,650000.0,630000.0,Own,0,Single,Tier-1,0,-1
APP101869,41,314000.0,26167.0,37000.0,Contract,Government,6.4,Graduate,680,4.3,4,3,1,0,0,Personal,160000.0,4,4,0,43,100.0,0,0,0,1,0,0,0.0,0.0,0.0,0.0,0,0,187000.0,7900.0,30.2,Home,2860000.0,180,9.65,30124.0,115.1,145.3,1,24.8,1,37000.0,230000.0,Own,1,Married,Tier-2,0,-1
APP101870,48,618000.0,51500.0,133000.0,Salaried,Banking/Finance,1.7,Graduate,637,5.7,4,2,4,3,0,Gold,1230000.0,6,4,2,12,99.4,1,0,0,1,1,2,205000.0,85895.0,41.9,3800.0,0,0,137895.0,1700.0,11.6,Business,670000.0,84,14.22,12637.0,24.5,36.2,0,0.0,0,106000.0,890000.0,Rent,0,Married,Tier-3,1,0
APP101871,32,742000.0,61833.0,0.0,Self-Employed,Government,6.3,Post-Graduate,703,7.1,1,1,3,3,0,Gold,470000.0,4,3,1,59,100.0,0,0,0,2,1,3,145000.0,57565.0,39.7,4500.0,0,1,367565.0,12100.0,24.2,Personal,310000.0,36,13.28,10487.0,17.0,41.2,0,0.0,0,176000.0,3640000.0,Rent,2,Single,Tier-1,1,0
APP101872,31,195000.0,16250.0,20000.0,Retired,None,0.0,Graduate,643,3.7,5,3,1,0,0,Gold,480000.0,2,2,0,57,96.1,0,0,0,0,0,0,0.0,0.0,0.0,0.0,0,0,260000.0,8100.0,49.8,Auto,140000.0,60,11.22,3059.0,18.8,68.7,1,20.9,1,32000.0,280000.0,Family,1,Single,Tier-2,0,-1
APP101873,25,461000.0,38417.0,0.0,Self-Employed,Healthcare,4.0,Graduate,685,4.4,2,1,4,3,0,Home,1310000.0,5,5,0,58,100.0,0,0,0,0,1,2,150000.0,53700.0,35.8,2300.0,1,3,283700.0,5800.0,22.1,Auto,300000.0,48,10.16,7632.0,19.9,42.0,1,20.6,0,58000.0,160000.0,Rent,0,Single,Tier-2,1,0
APP101874,26,142000.0,11833.0,0.0,Contract,Banking/Finance,5.0,High School,605,5.5,9,0,1,0,0,Business,290000.0,1,1,0,13,86.8,1,1,0,1,0,0,0.0,0.0,0.0,0.0,0,0,22000.0,800.0,6.8,Home,1150000.0,300,11.15,11396.0,96.3,103.1,1,10.2,0,82000.0,90000.0,Own,0,Divorced,Tier-3,0,-1
APP101875,21,100000.0,8333.0,0.0,Self-Employed,Other,0.0,Graduate,576,1.0,2,4,1,1,0,Home,120000.0,2,2,0,43,100.0,0,0,0,1,0,0,0.0,0.0,0.0,0.0,0,0,107000.0,1900.0,22.8,Auto,80000.0,84,11.97,1411.0,16.9,39.7,1,24.2,0,17000.0,90000.0,Own,1,Married,Tier-1,1,1
APP101876,46,733000.0,61083.0,0.0,Contract,Education,4.3,Graduate,641,1.1,2,2,0,0,0,None,0.0,0,0,0,-1,98.8,0,0,0,0,1,5,275000.0,183150.0,66.6,5600.0,0,1,505150.0,6200.0,25.1,Education,720000.0,120,11.33,10053.0,16.5,41.6,0,0.0,1,46000.0,2430000.0,Rent,1,Divorced,Tier-2,1,0
APP101877,58,410000.0,34167.0,0.0,Self-Employed,Other,3.0,Post-Graduate,746,2.1,5,0,3,2,0,Gold,440000.0,3,3,0,11,100.0,0,0,0,0,1,2,205000.0,27880.0,13.6,6200.0,0,1,423880.0,9000.0,30.4,Auto,380000.0,60,8.96,7881.0,23.1,53.5,1,11.8,0,272000.0,430000.0,Family,0,Divorced,Tier-1,1,0
APP101878,54,164000.0,13667.0,0.0,Business Owner,IT,1.1,High School,620,15.3,7,3,5,2,0,Gold,430000.0,5,3,2,20,97.0,2,0,0,0,0,0,0.0,0.0,0.0,0.0,0,0,123000.0,2100.0,15.4,Debt Consolidation,160000.0,36,15.02,5548.0,40.6,56.0,0,0.0,0,58000.0,100000.0,Own,1,Married,Tier-2,0,-1
APP101879,21,637000.0,53083.0,0.0,Salaried,Government,0.0,Post-Graduate,570,1.0,1,2,1,0,1,Auto,1040000.0,2,1,1,45,86.2,0,1,1,0,0,0,0.0,0.0,0.0,0.0,0,0,665000.0,16100.0,30.3,Auto,670000.0,36,11.86,22209.0,41.8,72.2,1,23.4,1,118000.0,950000.0,Family,1,Single,Tier-2,0,-1
APP101880,46,678000.0,56500.0,0.0,Business Owner,Retail,13.0,High School,580,6.4,2,2,5,4,1,Education,1660000.0,5,4,1,38,80.0,0,0,2,0,0,0,0.0,0.0,0.0,0.0,0,0,530000.0,12700.0,22.5,Home,6570000.0,300,10.71,63021.0,111.5,134.0,1,22.3,0,438000.0,1570000.0,Rent,1,Married,Tier-3,0,-1
APP101881,54,639000.0,53250.0,70000.0,Salaried,Retail,3.1,Graduate,702,20.7,11,0,7,5,1,Home,1400000.0,7,5,2,14,91.1,2,0,0,0,1,3,210000.0,31500.0,15.0,2700.0,0,0,405500.0,14100.0,29.4,Home,5030000.0,240,8.3,43017.0,80.8,110.2,1,17.4,1,201000.0,440000.0,Family,0,Single,Tier-2,0,-1
APP101882,33,296000.0,24667.0,0.0,Retired,None,0.0,Graduate,699,6.3,7,0,1,1,0,Auto,560000.0,2,0,2,12,100.0,0,0,0,0,0,0,0.0,0.0,0.0,0.0,0,0,544000.0,12400.0,50.3,Home,2290000.0,240,8.4,19728.0,80.0,130.2,1,27.2,0,121000.0,820000.0,Rent,1,Married,Tier-2,0,-1
APP101883,39,307000.0,25583.0,0.0,Salaried,IT,18.0,Graduate,650,3.3,2,1,2,1,0,Education,530000.0,3,1,2,44,100.0,0,0,0,0,0,0,0.0,0.0,0.0,0.0,0,0,289000.0,12700.0,49.6,Personal,150000.0,36,14.09,5133.0,20.1,69.7,0,0.0,0,93000.0,1650000.0,Rent,3,Married,Tier-1,0,-1
APP101884,21,247000.0,20583.0,0.0,Salaried,Other,0.0,Graduate,614,0.4,4,1,0,0,0,None,0.0,1,1,0,28,100.0,0,0,0,1,1,3,60000.0,25980.0,43.3,400.0,0,2,477980.0,8400.0,47.1,Business,910000.0,36,14.22,31199.0,151.6,198.7,0,0.0,1,90000.0,180000.0,Rent,0,Single,Tier-1,0,-1
APP101885,41,306000.0,25500.0,70000.0,Contract,IT,4.7,Graduate,706,4.2,4,1,0,0,0,None,0.0,1,1,0,3,100.0,0,0,0,0,0,0,0.0,0.0,0.0,0.0,0,0,153000.0,2200.0,8.6,Education,270000.0,60,9.44,5663.0,22.2,30.8,0,0.0,0,106000.0,1020000.0,Rent,3,Married,Tier-3,1,0
APP101886,26,501000.0,41750.0,32000.0,Salaried,Manufacturing,4.1,High School,715,5.1,6,1,4,3,0,Home,1500000.0,5,5,0,33,100.0,1,0,0,1,0,0,0.0,0.0,0.0,0.0,0,0,482000.0,7900.0,18.9,Personal,330000.0,12,12.63,29417.0,70.5,89.4,1,0.0,1,284000.0,620000.0,Rent,1,Married,Tier-2,1,0
APP101887,40,163000.0,13583.0,41000.0,Salaried,Banking/Finance,2.2,Post-Graduate,698,8.8,10,3,8,5,0,Education,360000.0,9,7,2,41,100.0,0,0,0,0,0,0,0.0,0.0,0.0,0.0,0,0,91000.0,1700.0,12.5,Auto,260000.0,84,9.3,4223.0,31.1,43.6,1,12.0,0,23000.0,180000.0,Rent,1,Married,Tier-2,1,0
APP101888,21,644000.0,53667.0,0.0,Business Owner,Retail,0.0,Graduate,596,1.0,5,2,1,0,0,Auto,1760000.0,1,0,1,9,100.0,1,0,0,1,1,1,150000.0,54900.0,36.6,4700.0,1,0,783900.0,12300.0,28.0,Education,560000.0,120,11.24,7790.0,14.5,42.5,1,0.0,0,178000.0,940000.0,Own,0,Married,Tier-1,0,-1
APP101889,44,891000.0,74250.0,206000.0,Salaried,Education,4.4,Post-Graduate,563,7.3,5,2,2,1,0,Business,1940000.0,2,2,0,21,91.0,1,1,0,0,1,1,410000.0,319800.0,78.0,6500.0,0,4,975800.0,11100.0,36.5,Personal,480000.0,60,15.63,11579.0,15.6,52.1,0,0.0,0,417000.0,2910000.0,Family,0,Married,Tier-2,0,-1
APP101890,49,889000.0,74083.0,0.0,Salaried,Education,5.9,Post-Graduate,740,10.1,9,3,2,2,0,Auto,1430000.0,2,2,0,6,100.0,0,0,0,0,1,1,245000.0,39935.0,16.3,1500.0,1,3,1622935.0,32400.0,46.4,Personal,350000.0,12,12.4,31163.0,42.1,88.5,0,0.0,0,83000.0,470000.0,Rent,3,Single,Tier-1,1,0
APP101891,29,484000.0,40333.0,0.0,Salaried,Construction,6.1,High School,680,5.7,4,1,2,1,0,Business,1180000.0,2,2,0,20,100.0,0,0,0,0,1,3,265000.0,70755.0,26.7,8000.0,0,2,584755.0,7700.0,27.9,Personal,400000.0,12,13.31,35785.0,88.7,116.6,0,0.0,0,188000.0,420000.0,Own,0,Married,Tier-1,0,-1
APP101892,25,926000.0,77167.0,206000.0,Salaried,Government,2.1,Post-Graduate,556,1.1,3,2,2,1,0,Business,1250000.0,2,0,2,1,90.5,1,1,0,0,1,4,175000.0,141925.0,81.1,3800.0,0,0,1022925.0,13300.0,26.4,Personal,570000.0,12,15.93,51698.0,67.0,93.4,0,0.0,1,236000.0,1740000.0,Rent,0,Single,Tier-1,0,-1
APP101893,21,110000.0,9167.0,0.0,Salaried,Other,0.0,Post-Graduate,536,1.0,8,1,2,2,0,Personal,80000.0,4,3,1,48,88.0,1,1,0,1,1,1,65000.0,23920.0,36.8,1900.0,0,0,92920.0,1600.0,30.5,Home,940000.0,180,12.4,11525.0,125.7,156.2,1,15.0,0,63000.0,210000.0,Family,1,Married,Tier-1,0,-1
APP101894,35,1301000.0,108417.0,0.0,Salaried,Retail,4.7,Post-Graduate,685,4.0,4,3,1,0,0,Gold,1220000.0,1,1,0,50,100.0,1,0,0,1,1,4,200000.0,83200.0,41.6,1400.0,1,0,849200.0,14000.0,16.8,Personal,740000.0,24,13.86,35481.0,32.7,49.5,0,0.0,0,439000.0,11490000.0,Rent,0,Divorced,Tier-3,1,0
APP101895,32,623000.0,51917.0,0.0,Salaried,Banking/Finance,2.5,Post-Graduate,716,5.3,4,2,5,3,0,Home,350000.0,5,3,2,32,100.0,0,0,0,0,1,2,350000.0,111650.0,31.9,9800.0,1,0,504650.0,6900.0,24.0,Home,4500000.0,300,8.96,37641.0,72.5,96.5,1,23.0,0,369000.0,2380000.0,Family,0,Married,Tier-1,1,1
APP101896,21,834000.0,69500.0,138000.0,Salaried,Banking/Finance,0.0,Graduate,706,1.0,2,1,2,2,0,Home,1970000.0,2,2,0,51,94.1,0,1,0,0,1,3,175000.0,109550.0,62.6,800.0,0,2,476550.0,14900.0,29.3,Personal,340000.0,24,13.26,16206.0,23.3,52.6,0,0.0,0,678000.0,2270000.0,Rent,2,Married,Tier-2,1,0
APP101897,43,344000.0,28667.0,0.0,Salaried,Healthcare,6.3,Doctorate,704,4.7,4,0,1,1,0,Business,530000.0,2,2,0,55,100.0,0,0,0,0,1,2,55000.0,22550.0,41.0,1600.0,0,1,453550.0,7100.0,28.7,Business,730000.0,84,12.56,13106.0,45.7,74.4,0,0.0,0,31000.0,6880000.0,Own,2,Married,Tier-2,1,0
APP101898,33,149000.0,12417.0,0.0,Self-Employed,Education,12.0,High School,638,4.8,7,4,2,1,0,Auto,150000.0,2,2,0,46,99.2,0,0,0,0,0,0,0.0,0.0,0.0,0.0,0,0,150000.0,3300.0,26.6,Auto,220000.0,84,10.09,3662.0,29.5,56.1,1,11.3,0,75000.0,30000.0,Rent,1,Single,Tier-3,1,0
APP101899,26,948000.0,79000.0,137000.0,Self-Employed,IT,5.0,High School,604,6.0,7,3,2,0,0,Business,1460000.0,3,3,0,40,97.9,0,1,0,0,1,3,285000.0,205485.0,72.1,6600.0,1,1,668485.0,13300.0,29.8,Business,2410000.0,84,13.88,45004.0,57.0,86.8,1,0.0,0,1150000.0,1470000.0,Family,2,Single,Tier-2,0,-1
APP101900,32,318000.0,26500.0,0.0,Salaried,Other,3.8,Post-Graduate,648,2.2,6,3,2,1,0,Auto,850000.0,3,2,1,33,92.0,0,0,1,1,0,0,0.0,0.0,0.0,0.0,0,0,210000.0,4900.0,18.5,Auto,260000.0,60,11.12,5669.0,21.4,39.9,1,17.6,0,107000.0,310000.0,Own,3,Married,Tier-3,1,0
APP101901,50,362000.0,30167.0,0.0,Salaried,Other,4.9,Graduate,606,6.1,8,2,1,0,0,Gold,1010000.0,2,2,0,3,95.2,2,0,0,1,0,0,0.0,0.0,0.0,0.0,0,0,997000.0,15400.0,51.0,Business,410000.0,60,13.81,9500.0,31.5,82.5,0,0.0,0,161000.0,80000.0,Rent,1,Single,Tier-2,0,-1
APP101902,45,80000.0,6667.0,0.0,Unemployed,None,0.0,Graduate,581,3.1,5,1,3,2,0,Gold,90000.0,3,3,0,11,100.0,0,0,0,0,0,0,0.0,0.0,0.0,0.0,0,0,85000.0,2100.0,31.5,Debt Consolidation,60000.0,36,15.7,2101.0,31.5,63.0,0,0.0,0,22000.0,220000.0,Rent,3,Single,Tier-1,0,-1
APP101903,37,744000.0,62000.0,154000.0,Self-Employed,Construction,7.0,Graduate,677,6.6,5,2,5,2,1,Auto,1180000.0,5,4,1,30,100.0,0,0,0,0,1,3,195000.0,21060.0,10.8,5400.0,0,0,564060.0,9000.0,16.2,Personal,560000.0,12,13.99,50278.0,81.1,97.3,0,0.0,0,447000.0,360000.0,Rent,1,Married,Tier-3,0,-1
APP101904,45,767000.0,63917.0,0.0,Salaried,Education,3.9,Graduate,669,11.3,8,2,5,3,1,Auto,870000.0,6,5,1,34,100.0,1,0,0,1,1,1,210000.0,74130.0,35.3,2500.0,1,0,416130.0,8800.0,19.6,Debt Consolidation,520000.0,24,14.34,25050.0,39.2,58.8,0,0.0,0,289000.0,290000.0,Rent,0,Married,Tier-1,0,-1
APP101905,25,600000.0,50000.0,0.0,Salaried,Retail,4.0,Post-Graduate,738,5.0,4,2,3,1,0,Gold,1070000.0,3,0,3,30,100.0,0,0,0,0,0,0,0.0,0.0,0.0,0.0,0,0,167000.0,5100.0,10.2,Auto,390000.0,60,9.33,8158.0,16.3,26.5,1,17.1,0,741000.0,1510000.0,Rent,2,Married,Tier-2,1,0
APP101906,38,196000.0,16333.0,0.0,Salaried,Government,10.9,High School,687,6.0,7,2,3,2,0,Personal,90000.0,3,2,1,4,97.5,0,0,0,1,0,0,0.0,0.0,0.0,0.0,0,0,17000.0,900.0,5.5,Business,510000.0,36,13.65,17344.0,106.2,111.7,0,0.0,0,91000.0,140000.0,Rent,1,Married,Tier-3,0,-1
APP101907,40,388000.0,32333.0,0.0,Contract,Education,2.1,High School,707,4.9,2,2,2,2,0,Personal,650000.0,2,1,1,52,99.3,0,0,0,0,0,0,0.0,0.0,0.0,0.0,0,0,151000.0,7200.0,22.3,Auto,540000.0,60,9.59,11365.0,35.1,57.4,1,26.6,0,28000.0,1690000.0,Own,1,Single,Tier-1,1,1
APP101908,33,89000.0,7417.0,0.0,Unemployed,None,0.0,Graduate,596,10.1,5,4,2,1,0,Education,160000.0,3,2,1,32,99.8,0,0,0,0,0,0,0.0,0.0,0.0,0.0,0,0,113000.0,3600.0,48.5,Debt Consolidation,50000.0,36,15.61,1748.0,23.6,72.1,0,0.0,0,41000.0,80000.0,Rent,1,Married,Tier-2,0,-1
APP101909,43,60000.0,5000.0,0.0,Unemployed,None,0.0,Post-Graduate,558,8.5,8,2,2,1,0,Business,150000.0,4,4,0,13,100.0,0,0,0,0,0,0,0.0,0.0,0.0,0.0,0,0,50000.0,1500.0,30.0,Personal,60000.0,24,16.24,2945.0,58.9,88.9,0,0.0,0,13000.0,110000.0,Own,2,Single,Tier-3,0,-1
APP101910,29,1223000.0,101917.0,0.0,Salaried,Banking/Finance,8.0,Post-Graduate,688,4.9,6,2,1,0,0,Personal,2030000.0,3,2,1,23,99.6,2,0,0,0,1,2,325000.0,65325.0,20.1,10800.0,1,0,1991325.0,62000.0,64.0,Debt Consolidation,950000.0,60,14.24,22223.0,21.8,85.8,0,0.0,1,364000.0,8860000.0,Rent,1,Married,Tier-1,1,1
APP101911,44,116000.0,9667.0,0.0,Salaried,Healthcare,9.2,Graduate,611,20.9,14,3,5,4,1,Auto,140000.0,6,5,1,3,100.0,0,0,0,0,0,0,0.0,0.0,0.0,0.0,0,0,44000.0,1400.0,14.5,Auto,110000.0,48,11.02,2844.0,29.4,43.9,1,14.4,1,10000.0,710000.0,Own,1,Married,Tier-2,0,-1
APP101912,44,1020000.0,85000.0,0.0,Salaried,Other,10.3,Post-Graduate,685,2.7,7,1,3,3,0,Education,2920000.0,4,4,0,11,97.8,1,0,0,0,1,4,270000.0,62640.0,23.2,5100.0,1,0,491640.0,10700.0,16.3,Personal,570000.0,12,13.65,51085.0,60.1,76.4,0,0.0,0,83000.0,1120000.0,Rent,1,Married,Tier-1,0,-1
APP101913,21,282000.0,23500.0,0.0,Salaried,Banking/Finance,0.0,Graduate,645,1.0,1,2,0,0,0,None,0.0,1,1,0,39,95.1,0,1,0,0,0,0,0.0,0.0,0.0,0.0,0,0,124000.0,2600.0,11.1,Home,2360000.0,120,10.34,31634.0,134.6,145.7,1,13.1,0,90000.0,190000.0,Rent,1,Single,Tier-2,0,-1
APP101914,51,764000.0,63667.0,0.0,Salaried,Education,2.4,Post-Graduate,644,10.4,9,1,2,2,0,Auto,1690000.0,3,2,1,30,94.1,1,1,0,0,1,4,355000.0,178920.0,50.4,6100.0,0,2,419920.0,4600.0,21.3,Auto,530000.0,36,10.95,17339.0,27.2,48.5,1,29.3,0,1281000.0,1220000.0,Rent,0,Married,Tier-1,1,0
APP101915,21,437000.0,36417.0,73000.0,Self-Employed,Healthcare,0.0,High School,687,1.0,3,1,2,1,0,Education,410000.0,3,1,2,40,100.0,0,0,0,1,1,3,125000.0,28125.0,22.5,500.0,0,1,305125.0,12400.0,37.9,Home,2970000.0,120,8.73,37190.0,102.1,140.0,1,17.4,0,27000.0,750000.0,Rent,1,Single,Tier-3,0,-1
APP101916,31,410000.0,34167.0,15000.0,Salaried,Retail,3.0,Graduate,667,3.0,3,1,2,2,0,Personal,130000.0,4,4,0,34,100.0,1,0,0,0,1,1,75000.0,25200.0,33.6,600.0,0,1,1091200.0,19000.0,59.3,Personal,300000.0,60,13.54,6909.0,20.2,79.5,0,0.0,1,49000.0,340000.0,Own,1,Single,Tier-3,1,0
APP101917,49,77000.0,6417.0,0.0,Unemployed,None,0.0,Graduate,559,6.1,3,2,3,2,0,Gold,30000.0,4,2,2,40,99.9,0,0,0,0,0,0,0.0,0.0,0.0,0.0,0,0,24000.0,1100.0,17.1,Personal,50000.0,60,15.69,1208.0,18.8,36.0,0,0.0,0,24000.0,420000.0,Rent,2,Married,Tier-2,0,-1
APP101918,35,444000.0,37000.0,0.0,Salaried,Education,10.9,Graduate,683,1.3,4,1,1,0,0,Education,1030000.0,1,0,1,1,100.0,0,0,0,3,1,2,170000.0,46750.0,27.5,4900.0,1,0,155750.0,3000.0,14.4,Business,1110000.0,36,12.49,37128.0,100.3,114.8,1,0.0,0,524000.0,210000.0,Rent,1,Married,Tier-2,0,-1
APP101919,22,451000.0,37583.0,62000.0,Salaried,Education,1.0,High School,607,2.0,5,0,2,1,0,Gold,1040000.0,3,3,0,11,97.5,1,0,0,1,1,2,235000.0,96350.0,41.0,4300.0,1,0,246350.0,3700.0,22.7,Home,2200000.0,240,10.92,22588.0,60.1,82.8,1,19.7,0,159000.0,520000.0,Rent,1,Married,Tier-1,0,-1
APP101920,26,1179000.0,98250.0,284000.0,Contract,Education,2.8,Graduate,731,4.8,13,2,2,1,0,Home,3320000.0,3,2,1,5,100.0,0,0,0,0,1,1,380000.0,77140.0,20.3,11900.0,0,1,467140.0,17100.0,21.3,Auto,1860000.0,48,9.58,46800.0,47.6,69.0,1,14.3,0,88000.0,1320000.0,Rent,2,Married,Tier-1,1,0
APP101921,49,369000.0,30750.0,0.0,Business Owner,Healthcare,19.1,Graduate,719,8.9,1,1,1,1,0,Gold,470000.0,1,1,0,49,100.0,0,0,0,0,1,2,120000.0,18480.0,15.4,1000.0,0,0,222480.0,9500.0,33.9,Home,1790000.0,120,9.06,22733.0,73.9,107.8,1,14.0,0,42000.0,230000.0,Rent,0,Married,Tier-3,0,-1
APP101922,21,69000.0,5750.0,0.0,Salaried,Education,0.0,Graduate,589,1.0,3,2,1,0,0,Auto,200000.0,1,0,1,45,100.0,0,0,0,0,0,0,0.0,0.0,0.0,0.0,0,0,117000.0,3100.0,53.9,Auto,60000.0,48,11.54,1567.0,27.3,81.2,1,12.9,0,9000.0,50000.0,Rent,0,Married,Tier-1,0,-1
APP101923,50,360000.0,30000.0,0.0,Self-Employed,Government,1.9,Graduate,616,4.2,2,3,1,1,0,Auto,110000.0,2,1,1,1,94.1,0,1,0,1,0,0,0.0,0.0,0.0,0.0,0,0,780000.0,21000.0,70.0,Personal,140000.0,36,14.7,4833.0,16.1,86.1,0,0.0,1,102000.0,230000.0,Own,1,Single,Tier-1,0,-1
APP101924,37,328000.0,27333.0,0.0,Salaried,Government,4.7,Graduate,681,3.0,4,0,1,1,0,Home,350000.0,2,0,2,55,97.0,2,0,0,1,0,0,0.0,0.0,0.0,0.0,0,0,18000.0,300.0,1.1,Personal,250000.0,24,13.91,11993.0,43.9,45.0,0,0.0,0,235000.0,790000.0,Rent,1,Single,Tier-2,1,0
APP101925,25,431000.0,35917.0,0.0,Salaried,Education,4.0,Post-Graduate,647,0.6,5,2,1,1,0,Personal,1150000.0,1,1,0,9,100.0,0,0,0,0,1,1,100000.0,37200.0,37.2,1200.0,1,0,650200.0,11200.0,36.4,Home,3210000.0,240,9.78,30511.0,84.9,121.3,1,15.4,0,393000.0,870000.0,Rent,1,Married,Tier-3,0,-1
APP101926,32,250000.0,20833.0,27000.0,Salaried,Healthcare,2.7,Graduate,574,12.0,11,1,5,3,0,Education,290000.0,5,5,0,18,90.3,2,1,0,1,1,4,135000.0,88290.0,65.4,2400.0,0,2,175290.0,2800.0,34.6,Auto,340000.0,60,12.36,7625.0,36.6,71.2,1,26.6,0,42000.0,120000.0,Own,2,Married,Tier-1,0,-1
APP101927,27,705000.0,58750.0,0.0,Salaried,Retail,6.0,Graduate,752,7.0,1,0,5,1,0,Personal,1640000.0,6,6,0,53,100.0,0,0,0,0,0,0,0.0,0.0,0.0,0.0,0,0,84000.0,2000.0,3.4,Home,4410000.0,240,7.76,36231.0,61.7,65.1,1,22.1,0,293000.0,140000.0,Rent,1,Single,Tier-1,0,-1
APP101928,48,261000.0,21750.0,0.0,Self-Employed,Retail,0.9,Post-Graduate,690,1.8,4,0,3,2,0,Gold,290000.0,3,2,1,40,100.0,0,0,0,0,0,0,0.0,0.0,0.0,0.0,0,0,269000.0,4300.0,19.8,Personal,70000.0,12,14.12,6289.0,28.9,48.7,0,0.0,1,130000.0,420000.0,Own,2,Single,Tier-1,1,0
APP101929,46,636000.0,53000.0,0.0,Salaried,Other,16.0,Graduate,714,4.7,6,1,1,1,0,Business,460000.0,2,1,1,20,100.0,0,0,0,1,1,3,260000.0,114400.0,44.0,1400.0,1,0,465400.0,7600.0,25.1,Business,1310000.0,84,12.43,23427.0,44.2,69.3,0,0.0,0,987000.0,1720000.0,Rent,0,Single,Tier-2,1,0
APP101930,21,626000.0,52167.0,0.0,Self-Employed,Manufacturing,0.0,Graduate,609,1.0,2,2,1,1,0,Personal,640000.0,1,1,0,35,99.2,0,1,0,1,1,2,155000.0,84010.0,54.2,2800.0,0,0,801010.0,13400.0,33.7,Education,340000.0,120,11.35,4751.0,9.1,42.8,0,0.0,1,460000.0,1290000.0,Own,3,Married,Tier-2,1,0
APP101931,34,484000.0,40333.0,61000.0,Contract,Healthcare,13.0,Graduate,625,5.3,7,2,2,1,0,Home,1160000.0,2,1,1,48,100.0,1,0,0,0,1,2,125000.0,58375.0,46.7,3900.0,0,2,536375.0,15100.0,44.7,Home,2560000.0,180,9.78,27166.0,67.4,112.0,1,14.7,0,36000.0,180000.0,Own,1,Single,Tier-2,0,-1
APP101932,29,708000.0,59000.0,0.0,Salaried,Government,5.5,Post-Graduate,636,1.4,3,1,2,2,0,Education,1250000.0,2,1,1,23,91.2,2,0,0,1,1,4,150000.0,70200.0,46.8,3800.0,1,1,860200.0,19000.0,38.2,Home,6190000.0,180,10.03,66632.0,112.9,151.1,1,26.7,0,1626000.0,4280000.0,Rent,0,Married,Tier-2,0,-1
APP101933,52,540000.0,45000.0,0.0,Salaried,Education,4.5,High School,696,8.5,8,2,1,1,0,Home,590000.0,3,2,1,8,100.0,0,0,0,1,1,3,105000.0,15855.0,15.1,2300.0,1,0,533855.0,26900.0,61.5,Debt Consolidation,410000.0,60,14.0,9540.0,21.2,82.7,0,0.0,0,304000.0,620000.0,Family,3,Married,Tier-1,1,0
APP101934,23,425000.0,35417.0,0.0,Salaried,Manufacturing,2.0,Graduate,629,1.4,7,2,2,0,0,Home,1070000.0,2,1,1,13,97.2,1,0,0,0,1,2,180000.0,88740.0,49.3,1200.0,0,2,138740.0,1100.0,15.6,Auto,360000.0,60,11.17,7858.0,22.2,37.8,1,27.4,0,315000.0,710000.0,Rent,0,Married,Tier-1,1,0
APP101935,56,268000.0,22333.0,37000.0,Contract,IT,18.0,High School,619,9.3,10,2,2,2,0,Auto,240000.0,5,3,2,2,91.8,0,0,1,0,0,0,0.0,0.0,0.0,0.0,0,0,218000.0,4600.0,20.6,Auto,200000.0,48,11.64,5231.0,23.4,44.0,1,13.5,0,113000.0,270000.0,Own,2,Married,Tier-1,1,0
APP101936,38,894000.0,74500.0,0.0,Self-Employed,Government,16.2,Post-Graduate,776,6.7,3,0,2,0,0,Business,1920000.0,2,2,0,2,100.0,0,0,0,0,1,2,410000.0,37720.0,9.2,9200.0,0,1,367720.0,6400.0,11.1,Auto,920000.0,84,9.15,14872.0,20.0,31.1,1,18.5,0,206000.0,1320000.0,Own,0,Single,Tier-1,1,0
APP101937,25,852000.0,71000.0,0.0,Business Owner,Government,1.3,Graduate,734,4.9,4,2,0,0,0,None,0.0,3,3,0,13,93.4,1,0,0,0,0,0,0.0,0.0,0.0,0.0,0,0,599000.0,12700.0,17.9,Auto,1000000.0,48,9.26,25009.0,35.2,53.1,1,21.6,0,401000.0,520000.0,Rent,0,Single,Tier-3,1,0
APP101938,31,939000.0,78250.0,202000.0,Salaried,Other,10.0,Post-Graduate,606,4.7,11,3,3,2,0,Business,1090000.0,4,3,1,40,94.1,2,0,0,0,1,3,525000.0,283500.0,54.0,13000.0,0,0,1456500.0,21400.0,45.5,Auto,1400000.0,36,11.41,46107.0,58.9,104.4,1,22.3,0,387000.0,390000.0,Rent,0,Married,Tier-3,0,-1
APP101939,29,166000.0,13833.0,0.0,Salaried,Retail,4.3,Graduate,688,4.0,5,1,1,1,0,Business,180000.0,3,1,2,36,100.0,0,0,0,0,0,0,0.0,0.0,0.0,0.0,0,0,181000.0,4500.0,32.5,Education,220000.0,120,9.97,2904.0,21.0,53.5,0,0.0,0,11000.0,1330000.0,Rent,0,Married,Tier-2,1,1
APP101940,24,312000.0,26000.0,31000.0,Self-Employed,Retail,3.0,High School,685,4.0,4,1,3,2,0,Business,450000.0,7,3,4,4,100.0,0,0,0,1,0,0,0.0,0.0,0.0,0.0,0,0,458000.0,7200.0,27.7,Personal,250000.0,12,13.7,22412.0,86.2,113.9,0,0.0,0,176000.0,180000.0,Family,1,Married,Tier-3,0,-1
APP101941,39,237000.0,19750.0,0.0,Salaried,Banking/Finance,4.3,Graduate,688,1.8,4,1,1,0,0,Auto,360000.0,1,0,1,50,99.6,0,0,0,0,1,1,85000.0,22525.0,26.5,700.0,0,1,386525.0,5400.0,33.0,Business,300000.0,60,13.18,6854.0,34.7,67.7,0,0.0,0,55000.0,1150000.0,Rent,1,Married,Tier-3,0,-1
APP101942,24,1068000.0,89000.0,0.0,Business Owner,Retail,3.0,Post-Graduate,757,3.2,2,2,1,0,0,Personal,2600000.0,2,1,1,28,99.6,0,0,0,0,0,0,0.0,0.0,0.0,0.0,0,0,1721000.0,42000.0,47.2,Home,6630000.0,120,7.0,76980.0,86.5,133.7,1,14.7,0,476000.0,970000.0,Rent,1,Married,Tier-3,0,-1
APP101943,21,597000.0,49750.0,142000.0,Salaried,IT,0.0,Graduate,729,1.0,5,3,1,1,0,Home,930000.0,1,1,0,8,99.4,0,0,0,0,0,0,0.0,0.0,0.0,0.0,0,0,238000.0,5100.0,10.3,Personal,180000.0,12,12.99,16076.0,32.3,42.6,0,0.0,1,818000.0,10150000.0,Own,0,Married,Tier-2,1,0
APP101944,34,268000.0,22333.0,53000.0,Salaried,Retail,2.6,High School,731,14.0,6,2,7,4,1,Education,700000.0,8,6,2,23,100.0,0,0,0,0,0,0,0.0,0.0,0.0,0.0,0,0,98000.0,1600.0,7.2,Debt Consolidation,100000.0,24,13.93,4798.0,21.5,28.6,0,0.0,0,23000.0,1080000.0,Rent,0,Married,Tier-1,1,0
APP101945,21,369000.0,30750.0,46000.0,Self-Employed,Government,0.0,Post-Graduate,653,1.0,1,2,1,1,0,Personal,1020000.0,1,0,1,52,88.6,0,0,1,1,0,0,0.0,0.0,0.0,0.0,0,0,445000.0,8900.0,28.9,Auto,590000.0,84,10.96,10090.0,32.8,61.8,1,29.6,0,12000.0,580000.0,Own,2,Single,Tier-1,1,0
APP101946,30,631000.0,52583.0,0.0,Salaried,Construction,9.0,Graduate,725,5.6,5,1,3,2,0,Business,1200000.0,3,2,1,49,100.0,0,0,0,1,1,2,140000.0,66920.0,47.8,2900.0,0,1,327920.0,10800.0,26.9,Education,750000.0,120,9.78,9820.0,18.7,45.6,0,0.0,0,128000.0,480000.0,Own,1,Married,Tier-1,1,0
APP101947,28,338000.0,28167.0,0.0,Self-Employed,Education,6.7,High School,629,2.1,7,3,1,0,0,Education,510000.0,5,3,2,30,94.3,0,0,1,0,1,2,65000.0,17420.0,26.8,2100.0,0,2,298420.0,6500.0,26.2,Auto,250000.0,60,11.85,5542.0,19.7,45.8,1,11.1,1,54000.0,300000.0,Own,1,Married,Tier-2,1,1
APP101948,28,934000.0,77833.0,174000.0,Salaried,Construction,4.3,Graduate,636,2.7,3,4,0,0,0,None,0.0,0,0,0,-1,100.0,1,0,0,0,1,2,245000.0,160720.0,65.6,2200.0,1,1,582720.0,16500.0,31.5,Business,2190000.0,60,13.75,50674.0,65.1,96.6,0,0.0,0,228000.0,3810000.0,Family,3,Married,Tier-3,0,-1
APP101949,60,425000.0,35417.0,32000.0,Retired,None,0.0,Graduate,622,0.6,3,0,1,0,1,Business,900000.0,1,1,0,5,96.9,1,0,0,0,0,0,0.0,0.0,0.0,0.0,0,0,197000.0,5000.0,14.1,Business,520000.0,60,14.07,12118.0,34.2,48.3,0,0.0,1,463000.0,260000.0,Rent,1,Married,Tier-2,0,-1
APP101950,39,658000.0,54833.0,0.0,Contract,Construction,7.7,Graduate,668,1.1,3,3,1,1,0,Education,720000.0,1,0,1,24,100.0,0,0,0,0,1,3,380000.0,122740.0,32.3,2800.0,0,0,1002740.0,13300.0,35.4,Personal,300000.0,36,13.68,10207.0,18.6,54.1,0,0.0,0,111000.0,6920000.0,Rent,0,Married,Tier-2,0,-1
APP101951,41,68000.0,5667.0,16000.0,Unemployed,None,0.0,Graduate,595,3.6,4,2,3,0,0,Personal,110000.0,6,2,4,31,98.4,0,0,0,0,0,0,0.0,0.0,0.0,0.0,0,0,21000.0,700.0,12.4,Debt Consolidation,50000.0,24,15.28,2431.0,42.9,55.2,1,0.0,0,27000.0,60000.0,Rent,1,Married,Tier-1,0,-1
APP101952,21,1202000.0,100167.0,0.0,Self-Employed,Education,0.0,Graduate,678,1.0,3,0,0,0,0,None,0.0,3,2,1,46,100.0,1,0,0,0,1,1,635000.0,130175.0,20.5,12200.0,0,1,572175.0,14900.0,21.4,Home,5100000.0,240,8.52,44324.0,44.3,65.6,1,17.3,0,302000.0,11640000.0,Family,0,Married,Tier-2,0,-1
APP101953,31,664000.0,55333.0,0.0,Self-Employed,Education,3.8,Post-Graduate,745,4.9,6,0,1,1,0,Education,540000.0,2,2,0,54,100.0,0,0,0,0,1,5,275000.0,129525.0,47.1,2400.0,0,0,478525.0,14000.0,37.0,Auto,750000.0,60,8.97,15558.0,28.1,65.1,1,28.2,1,448000.0,840000.0,Family,1,Married,Tier-1,1,0
APP101954,40,356000.0,29667.0,19000.0,Self-Employed,Education,3.5,Graduate,697,12.5,8,3,3,0,0,Personal,170000.0,4,4,0,7,100.0,0,0,0,0,1,2,100000.0,34900.0,34.9,1300.0,1,1,146900.0,4400.0,20.7,Personal,220000.0,36,12.6,7370.0,24.8,45.6,0,0.0,0,226000.0,580000.0,Rent,0,Married,Tier-2,1,1
APP101955,27,301000.0,25083.0,0.0,Salaried,Education,6.0,Graduate,590,3.3,11,2,1,1,0,Education,490000.0,1,1,0,36,99.8,0,1,0,0,1,2,85000.0,29920.0,35.2,2300.0,0,1,303920.0,12500.0,55.8,Debt Consolidation,230000.0,36,15.12,7987.0,31.8,87.6,0,0.0,0,296000.0,940000.0,Family,2,Single,Tier-3,0,-1
APP101956,48,313000.0,26083.0,71000.0,Salaried,Construction,10.1,Graduate,671,10.9,8,1,5,3,1,Home,500000.0,6,6,0,53,98.6,2,0,0,0,0,0,0.0,0.0,0.0,0.0,0,0,228000.0,3400.0,13.0,Education,290000.0,84,10.38,4871.0,18.7,31.7,0,0.0,0,35000.0,600000.0,Family,1,Married,Tier-3,1,0
APP101957,25,465000.0,38750.0,0.0,Self-Employed,Healthcare,4.0,Graduate,720,5.0,4,2,1,0,0,Gold,1260000.0,1,1,0,10,99.1,0,0,0,2,0,0,0.0,0.0,0.0,0.0,0,0,262000.0,9000.0,23.2,Home,3600000.0,120,8.67,44963.0,116.0,139.3,1,16.3,1,378000.0,360000.0,Own,2,Married,Tier-1,0,-1
APP101958,35,527000.0,43917.0,0.0,Salaried,Healthcare,1.3,Graduate,765,6.6,1,1,1,1,0,Education,650000.0,3,1,2,11,100.0,0,0,0,1,0,0,0.0,0.0,0.0,0.0,0,0,77000.0,1200.0,2.7,Personal,440000.0,60,11.69,9719.0,22.1,24.9,0,0.0,0,185000.0,320000.0,Rent,3,Married,Tier-3,1,0
APP101959,32,214000.0,17833.0,34000.0,Salaried,Retail,11.0,Graduate,671,0.6,5,2,1,0,0,Home,100000.0,1,1,0,49,100.0,1,0,0,0,0,0,0.0,0.0,0.0,0.0,0,0,36000.0,900.0,5.0,Home,870000.0,180,9.57,9122.0,51.2,56.2,1,17.9,0,35000.0,190000.0,Rent,1,Married,Tier-3,1,0
APP101960,40,364000.0,30333.0,0.0,Contract,Education,6.3,Post-Graduate,608,0.6,3,4,1,0,0,Personal,570000.0,2,2,0,28,94.9,0,1,0,0,1,1,200000.0,26400.0,13.2,1800.0,0,0,273400.0,12100.0,44.2,Home,2350000.0,300,11.5,23887.0,78.7,123.0,1,15.0,1,95000.0,140000.0,Own,4,Single,Tier-2,0,-1
APP101961,31,476000.0,39667.0,0.0,Salaried,Retail,3.9,Graduate,656,1.2,4,3,0,0,0,None,0.0,1,0,1,4,92.9,0,0,1,1,0,0,0.0,0.0,0.0,0.0,0,0,329000.0,12900.0,32.5,Business,910000.0,60,13.19,20794.0,52.4,84.9,0,0.0,0,184000.0,370000.0,Rent,2,Married,Tier-1,0,-1
APP101962,35,526000.0,43833.0,0.0,Self-Employed,Banking/Finance,7.8,High School,639,2.6,2,1,3,2,0,Business,1420000.0,4,4,0,41,90.1,1,0,1,0,0,0,0.0,0.0,0.0,0.0,0,0,136000.0,2900.0,6.6,Auto,440000.0,48,11.06,11385.0,26.0,32.6,1,26.9,1,193000.0,870000.0,Own,0,Married,Tier-2,1,0
APP101963,35,484000.0,40333.0,36000.0,Self-Employed,Construction,7.6,Graduate,713,9.2,5,3,2,2,0,Personal,1370000.0,3,2,1,18,100.0,0,0,0,0,0,0,0.0,0.0,0.0,0.0,0,0,993000.0,18400.0,45.6,Home,4160000.0,300,9.13,35282.0,87.5,133.1,1,26.7,1,198000.0,150000.0,Rent,1,Single,Tier-1,0,-1
APP101964,30,485000.0,40417.0,0.0,Salaried,Retail,4.0,Graduate,676,3.5,5,0,0,0,0,None,0.0,2,1,1,44,100.0,0,0,0,0,1,4,165000.0,27555.0,16.7,1500.0,0,0,1150555.0,28300.0,73.4,Education,650000.0,120,10.77,8869.0,21.9,95.4,0,0.0,0,379000.0,230000.0,Own,1,Married,Tier-3,0,-1
APP101965,43,60000.0,5000.0,2000.0,Unemployed,None,0.0,Graduate,551,10.9,9,5,1,0,0,Business,40000.0,2,0,2,1,97.8,1,0,0,0,0,0,0.0,0.0,0.0,0.0,0,0,49000.0,700.0,14.0,Auto,40000.0,48,11.76,1049.0,21.0,35.0,1,11.6,0,77000.0,70000.0,Rent,0,Divorced,Tier-2,0,-1
APP101966,41,367000.0,30583.0,30000.0,Salaried,Construction,14.1,Post-Graduate,620,3.0,7,2,4,3,0,Education,250000.0,6,5,1,58,92.6,1,0,0,0,1,2,135000.0,61560.0,45.6,3600.0,0,2,137560.0,3500.0,21.5,Personal,280000.0,60,14.84,6638.0,21.7,43.2,0,0.0,0,216000.0,130000.0,Family,1,Married,Tier-2,1,0
APP101967,37,73000.0,6083.0,5000.0,Unemployed,None,0.0,Post-Graduate,612,17.0,11,0,1,1,1,Home,200000.0,3,2,1,49,100.0,0,0,0,0,0,0,0.0,0.0,0.0,0.0,0,0,0.0,0.0,0.0,Auto,60000.0,48,11.02,1551.0,25.5,25.5,1,26.8,0,18000.0,10000.0,Family,1,Single,Tier-1,0,-1
APP101968,33,470000.0,39167.0,0.0,Contract,Banking/Finance,2.9,Graduate,727,12.9,12,1,3,1,0,Home,200000.0,3,1,2,30,99.0,1,0,0,0,0,0,0.0,0.0,0.0,0.0,0,0,1151000.0,18900.0,48.3,Personal,190000.0,12,12.9,16961.0,43.3,91.6,0,0.0,0,85000.0,190000.0,Own,1,Single,Tier-2,1,0
APP101969,47,478000.0,39833.0,105000.0,Salaried,Other,3.5,Graduate,643,3.3,0,0,4,2,0,Home,340000.0,4,4,0,37,93.8,1,0,1,0,0,0,0.0,0.0,0.0,0.0,0,0,0.0,0.0,0.0,Home,2290000.0,240,9.64,21556.0,54.1,54.1,1,24.5,1,141000.0,230000.0,Own,0,Single,Tier-2,1,0
APP101970,35,216000.0,18000.0,52000.0,Salaried,Manufacturing,9.8,High School,689,2.3,4,0,2,2,0,Education,630000.0,3,3,0,16,100.0,0,0,0,0,0,0,0.0,0.0,0.0,0.0,0,0,37000.0,1000.0,5.6,Auto,190000.0,60,9.94,4031.0,22.4,28.0,1,25.9,0,145000.0,2230000.0,Own,1,Married,Tier-2,1,0
APP101971,35,375000.0,31250.0,0.0,Salaried,Other,4.4,Graduate,676,13.0,6,3,2,1,1,Gold,320000.0,2,2,0,16,100.0,0,0,0,1,1,3,170000.0,78030.0,45.9,3700.0,0,0,108030.0,1000.0,15.7,Auto,350000.0,60,9.17,7294.0,23.3,39.0,1,27.0,0,335000.0,830000.0,Rent,0,Married,Tier-1,1,0
APP101972,39,969000.0,80750.0,0.0,Salaried,Retail,3.6,Graduate,651,1.8,0,3,3,3,1,Personal,2610000.0,4,4,0,25,92.3,0,1,0,0,1,1,320000.0,63360.0,19.8,6500.0,0,1,63360.0,0.0,3.9,Personal,890000.0,12,13.57,79731.0,98.7,102.7,0,0.0,1,198000.0,1220000.0,Family,1,Divorced,Tier-2,0,-1
APP101973,57,750000.0,62500.0,0.0,Salaried,Healthcare,7.4,Post-Graduate,675,3.1,2,3,1,0,0,Gold,1670000.0,2,1,1,17,100.0,0,0,0,0,1,2,145000.0,34655.0,23.9,3300.0,1,1,136655.0,2300.0,6.5,Personal,260000.0,24,14.16,12503.0,20.0,26.5,0,0.0,0,82000.0,790000.0,Own,2,Married,Tier-1,1,0
APP101974,23,377000.0,31417.0,0.0,Salaried,Manufacturing,2.0,Graduate,626,1.8,4,2,3,3,0,Home,390000.0,3,2,1,43,99.6,1,0,0,1,1,2,140000.0,39760.0,28.4,2800.0,0,0,818760.0,12500.0,46.1,Home,3460000.0,120,9.46,44696.0,142.3,188.4,1,22.5,0,96000.0,200000.0,Rent,3,Married,Tier-2,0,-1
APP101975,46,180000.0,15000.0,35000.0,Salaried,Other,3.6,High School,623,5.9,4,1,0,0,0,None,0.0,1,1,0,41,98.8,1,0,0,0,1,3,90000.0,32670.0,36.3,1000.0,1,2,224670.0,2900.0,30.2,Personal,80000.0,36,14.71,2762.0,18.4,48.6,0,0.0,1,69000.0,170000.0,Family,0,Married,Tier-2,1,0
APP101976,21,172000.0,14333.0,0.0,Contract,Other,0.0,High School,601,1.0,4,1,1,1,0,Business,160000.0,1,1,0,36,98.2,0,0,0,0,0,0,0.0,0.0,0.0,0.0,0,0,439000.0,10000.0,69.8,Business,330000.0,36,14.28,11324.0,79.0,148.8,0,0.0,1,26000.0,280000.0,Rent,1,Single,Tier-2,0,-1
APP101977,40,345000.0,28750.0,0.0,Salaried,Banking/Finance,9.7,High School,718,3.4,4,0,3,1,0,Auto,970000.0,5,5,0,9,93.6,0,0,0,1,0,0,0.0,0.0,0.0,0.0,0,0,499000.0,9100.0,31.7,Personal,330000.0,36,13.18,11148.0,38.8,70.4,0,0.0,1,50000.0,1020000.0,Rent,1,Married,Tier-1,1,1
APP101978,55,233000.0,19417.0,0.0,Retired,None,0.0,Post-Graduate,566,9.8,8,0,1,1,0,Business,320000.0,1,0,1,34,79.6,1,1,1,1,0,0,0.0,0.0,0.0,0.0,0,0,420000.0,7700.0,39.7,Auto,330000.0,84,12.18,5857.0,30.2,69.8,1,22.9,0,21000.0,140000.0,Family,1,Single,Tier-2,0,-1
APP101979,43,692000.0,57667.0,0.0,Salaried,Construction,0.9,Post-Graduate,585,6.2,7,1,3,2,2,Personal,1790000.0,5,3,2,21,88.7,0,1,0,0,1,3,245000.0,43365.0,17.7,4400.0,0,1,1867365.0,26800.0,50.2,Auto,790000.0,84,11.47,13723.0,23.8,74.0,1,26.3,0,110000.0,880000.0,Family,0,Married,Tier-2,0,-1
APP101980,40,763000.0,63583.0,0.0,Salaried,Education,15.4,Post-Graduate,677,1.7,3,0,3,2,1,Business,1170000.0,3,3,0,49,95.6,1,0,0,0,0,0,0.0,0.0,0.0,0.0,0,0,75000.0,4000.0,6.3,Home,4370000.0,300,9.64,38607.0,60.7,67.0,1,23.3,0,340000.0,2390000.0,Rent,0,Married,Tier-1,1,0
APP101981,32,455000.0,37917.0,32000.0,Self-Employed,Banking/Finance,0.9,Post-Graduate,611,3.2,3,4,1,1,0,Education,880000.0,1,1,0,1,93.2,1,1,0,0,0,0,0.0,0.0,0.0,0.0,0,0,444000.0,17300.0,45.6,Personal,220000.0,12,14.89,19845.0,52.3,98.0,1,0.0,0,103000.0,400000.0,Rent,2,Married,Tier-1,0,-1
APP101982,38,237000.0,19750.0,0.0,Salaried,Education,3.1,High School,614,1.1,2,2,1,1,0,Gold,680000.0,2,1,1,57,100.0,0,0,0,0,1,2,105000.0,40005.0,38.1,500.0,1,1,168005.0,3100.0,25.8,Auto,220000.0,84,11.34,3806.0,19.3,45.1,1,14.7,0,108000.0,130000.0,Own,1,Married,Tier-3,1,1
APP101983,35,1374000.0,114500.0,0.0,Contract,Manufacturing,3.2,Post-Graduate,762,15.0,8,2,4,2,0,Auto,1520000.0,5,4,1,34,94.7,0,0,0,0,1,3,470000.0,169670.0,36.1,14100.0,0,0,2693670.0,36200.0,39.0,Debt Consolidation,1090000.0,60,12.36,24445.0,21.3,60.4,0,0.0,1,355000.0,3180000.0,Rent,0,Single,Tier-1,1,0
APP101984,29,389000.0,32417.0,0.0,Salaried,Banking/Finance,3.7,Post-Graduate,721,5.5,6,1,2,1,0,Education,700000.0,2,1,1,19,98.9,0,0,0,2,1,4,100000.0,21200.0,21.2,1900.0,0,0,266200.0,13100.0,43.7,Personal,290000.0,24,13.76,13891.0,42.9,86.5,0,0.0,0,33000.0,930000.0,Rent,1,Married,Tier-1,1,1
APP101985,35,228000.0,19000.0,0.0,Self-Employed,Other,3.6,Graduate,621,4.8,4,0,1,1,0,Personal,670000.0,3,2,1,15,96.2,2,0,0,0,1,2,65000.0,18980.0,29.2,1000.0,1,2,28980.0,200.0,6.0,Personal,200000.0,24,14.25,9626.0,50.7,56.7,0,0.0,0,45000.0,180000.0,Family,1,Divorced,Tier-2,0,-1
APP101986,40,184000.0,15333.0,0.0,Self-Employed,Education,2.0,Graduate,677,5.4,4,2,3,1,0,Auto,150000.0,3,3,0,51,100.0,0,0,0,0,0,0,0.0,0.0,0.0,0.0,0,0,104000.0,2500.0,16.3,Education,190000.0,60,10.93,4124.0,26.9,43.2,0,0.0,1,102000.0,80000.0,Rent,2,Married,Tier-2,1,0
APP101987,30,397000.0,33083.0,0.0,Self-Employed,IT,6.3,Graduate,688,2.2,3,1,1,0,0,Business,290000.0,2,2,0,54,100.0,0,0,0,0,0,0,0.0,0.0,0.0,0.0,0,0,95000.0,5200.0,15.7,Home,2200000.0,300,9.43,19114.0,57.8,73.5,1,16.3,0,147000.0,120000.0,Family,0,Married,Tier-2,0,-1
APP101988,29,940000.0,78333.0,0.0,Salaried,Manufacturing,8.0,Post-Graduate,732,3.5,3,1,3,3,0,Education,760000.0,4,2,2,27,100.0,0,0,0,1,1,2,240000.0,104160.0,43.4,3100.0,0,0,784160.0,18200.0,29.9,Debt Consolidation,740000.0,36,12.92,24905.0,31.8,61.7,0,0.0,1,40000.0,1010000.0,Family,1,Married,Tier-3,1,0
APP101989,23,225000.0,18750.0,0.0,Salaried,Construction,2.0,High School,659,3.0,1,1,3,1,0,Personal,600000.0,4,3,1,29,100.0,0,0,0,0,0,0,0.0,0.0,0.0,0.0,0,0,148000.0,2200.0,11.7,Personal,70000.0,60,14.79,1658.0,8.8,20.6,0,0.0,0,157000.0,180000.0,Family,1,Single,Tier-2,1,0
APP101990,42,1248000.0,104000.0,266000.0,Salaried,Manufacturing,7.1,Post-Graduate,664,0.8,6,1,2,2,0,Education,1230000.0,2,2,0,25,96.1,1,1,0,1,1,4,470000.0,186120.0,39.6,14300.0,0,1,561120.0,17400.0,25.7,Personal,670000.0,60,13.87,15545.0,14.9,40.6,0,0.0,0,167000.0,4710000.0,Rent,1,Single,Tier-2,1,0
APP101991,44,532000.0,44333.0,0.0,Salaried,Retail,4.5,Post-Graduate,672,0.4,3,2,3,2,0,Education,740000.0,4,4,0,7,100.0,0,1,0,0,1,2,240000.0,18240.0,7.6,2400.0,0,0,358240.0,7300.0,18.5,Personal,430000.0,24,14.46,20739.0,46.8,65.3,0,0.0,0,77000.0,570000.0,Rent,0,Married,Tier-1,1,1
APP101992,41,1005000.0,83750.0,160000.0,Salaried,Banking/Finance,6.1,Post-Graduate,706,2.9,4,4,3,3,0,Auto,2810000.0,3,1,2,29,98.8,0,0,0,2,1,3,490000.0,60760.0,12.4,14500.0,0,0,581760.0,10100.0,15.7,Home,6680000.0,180,7.94,63606.0,75.9,91.6,1,18.3,1,1293000.0,11400000.0,Own,2,Single,Tier-1,0,-1
APP101993,49,79000.0,6583.0,14000.0,Retired,None,0.0,High School,562,2.5,3,3,3,2,0,Auto,160000.0,4,3,1,27,100.0,1,0,0,0,0,0,0.0,0.0,0.0,0.0,0,0,13000.0,200.0,3.0,Business,140000.0,60,14.92,3325.0,50.5,53.5,0,0.0,0,4000.0,210000.0,Own,1,Single,Tier-1,0,-1
APP101994,39,333000.0,27750.0,0.0,Self-Employed,Other,9.1,Graduate,693,11.9,14,0,2,1,0,Gold,380000.0,2,1,1,9,100.0,1,0,0,0,0,0,0.0,0.0,0.0,0.0,0,0,177000.0,5600.0,20.2,Business,490000.0,84,12.19,8700.0,31.4,51.5,0,0.0,0,54000.0,240000.0,Rent,0,Single,Tier-1,1,0
APP101995,42,487000.0,40583.0,0.0,Self-Employed,Other,3.4,Graduate,636,2.2,6,1,3,3,1,Auto,230000.0,3,3,0,57,100.0,1,0,0,1,1,2,270000.0,149580.0,55.4,2700.0,1,1,443580.0,5900.0,33.0,Home,2730000.0,240,9.44,25340.0,62.4,95.4,1,29.7,0,761000.0,730000.0,Rent,1,Single,Tier-3,0,-1
APP101996,41,545000.0,45417.0,0.0,Salaried,IT,3.0,Graduate,684,6.7,4,2,0,0,0,None,0.0,1,1,0,11,96.4,1,0,0,0,0,0,0.0,0.0,0.0,0.0,0,0,559000.0,11500.0,25.3,Home,2280000.0,300,9.97,20670.0,45.5,70.8,1,13.2,0,500000.0,3170000.0,Rent,3,Single,Tier-3,1,0
APP101997,37,275000.0,22917.0,0.0,Salaried,Retail,0.6,High School,698,2.5,3,0,0,0,0,None,0.0,0,0,0,-1,100.0,0,0,0,0,0,0,0.0,0.0,0.0,0.0,0,0,179000.0,2900.0,12.7,Home,1890000.0,120,8.9,23840.0,104.0,116.7,1,10.9,1,1309000.0,1090000.0,Rent,2,Married,Tier-1,0,-1
APP101998,32,753000.0,62750.0,114000.0,Self-Employed,Government,11.0,Post-Graduate,709,6.4,8,0,8,6,0,Business,690000.0,10,8,2,21,93.3,1,0,0,1,0,0,0.0,0.0,0.0,0.0,0,0,1415000.0,24700.0,39.4,Education,1200000.0,60,10.03,25514.0,40.7,80.0,1,0.0,1,187000.0,670000.0,Own,1,Divorced,Tier-3,1,0
APP101999,62,166000.0,13833.0,0.0,Retired,None,0.0,High School,656,5.5,6,1,4,3,1,Gold,270000.0,7,7,0,47,100.0,0,0,0,0,0,0,0.0,0.0,0.0,0.0,0,0,143000.0,3000.0,21.7,Home,760000.0,300,8.71,6228.0,45.0,66.7,1,15.4,0,68000.0,60000.0,Rent,2,Single,Tier-1,0,-1
APP102000,33,198000.0,16500.0,0.0,Salaried,Education,5.4,Graduate,614,13.0,4,1,5,3,0,Business,490000.0,5,4,1,24,96.9,1,0,0,0,1,1,45000.0,27675.0,61.5,800.0,1,0,451675.0,7700.0,55.1,Personal,80000.0,12,14.39,7198.0,43.6,98.7,0,0.0,0,158000.0,250000.0,Own,3,Single,Tier-2,0,-1
APP102001,31,450000.0,37500.0,58000.0,Salaried,Construction,5.6,Post-Graduate,587,2.0,4,1,2,2,0,Business,770000.0,3,2,1,10,90.4,2,1,0,0,1,5,120000.0,42600.0,35.5,1900.0,0,0,170600.0,2000.0,11.0,Business,1770000.0,84,15.13,34284.0,91.4,102.4,0,0.0,0,40000.0,9070000.0,Rent,1,Married,Tier-1,0,-1
APP102002,43,404000.0,33667.0,0.0,Self-Employed,Banking/Finance,14.7,Graduate,651,2.0,3,2,3,2,0,Education,280000.0,3,3,0,57,92.6,0,1,0,0,0,0,0.0,0.0,0.0,0.0,0,0,123000.0,6300.0,18.7,Home,2720000.0,180,10.23,29613.0,88.0,106.7,1,18.6,0,122000.0,670000.0,Own,1,Married,Tier-1,0,-1
APP102003,41,155000.0,12917.0,21000.0,Retired,None,0.0,Post-Graduate,688,21.0,5,2,3,2,0,Personal,410000.0,4,3,1,1,100.0,0,0,0,0,0,0,0.0,0.0,0.0,0.0,0,0,140000.0,4500.0,34.8,Personal,70000.0,60,13.46,1609.0,12.5,47.3,0,0.0,0,26000.0,680000.0,Family,1,Married,Tier-1,1,0
APP102004,23,516000.0,43000.0,0.0,Salaried,Retail,2.0,Graduate,739,3.0,2,3,1,1,0,Gold,590000.0,1,1,0,38,100.0,0,0,0,1,1,6,295000.0,41890.0,14.2,5000.0,0,3,133890.0,3100.0,12.1,Home,2560000.0,120,8.21,31345.0,72.9,85.0,1,24.6,0,58000.0,500000.0,Family,0,Married,Tier-1,1,1
APP102005,50,373000.0,31083.0,33000.0,Salaried,Healthcare,15.3,Graduate,728,3.1,3,3,2,2,0,Gold,970000.0,3,3,0,11,100.0,0,0,0,0,1,3,215000.0,41280.0,19.2,4200.0,0,1,186280.0,2800.0,15.6,Business,1430000.0,60,12.14,31911.0,102.7,118.3,0,0.0,0,53000.0,500000.0,Family,3,Married,Tier-1,0,-1
APP102006,37,106000.0,8833.0,0.0,Salaried,Government,4.4,High School,655,2.1,4,0,0,0,0,None,0.0,1,0,1,44,100.0,1,0,0,1,1,1,60000.0,15420.0,25.7,500.0,0,1,145420.0,3300.0,46.1,Home,590000.0,180,9.7,6232.0,70.6,116.6,1,21.7,0,50000.0,210000.0,Own,2,Married,Tier-1,0,-1
APP102007,26,365000.0,30417.0,0.0,Salaried,Manufacturing,2.5,Graduate,591,1.9,2,1,5,3,0,Personal,260000.0,6,4,2,42,97.1,1,0,0,0,1,3,140000.0,74480.0,53.2,4200.0,0,0,558480.0,13000.0,55.0,Personal,260000.0,24,15.03,12610.0,41.5,96.4,0,0.0,0,67000.0,240000.0,Rent,1,Married,Tier-2,0,-1
APP102008,51,373000.0,31083.0,0.0,Business Owner,Manufacturing,7.7,Graduate,698,10.8,9,1,4,2,0,Auto,1080000.0,5,3,2,38,99.5,1,0,0,0,0,0,0.0,0.0,0.0,0.0,0,0,357000.0,6700.0,21.6,Business,1130000.0,84,12.92,20508.0,66.0,87.5,0,0.0,1,139000.0,920000.0,Family,1,Single,Tier-3,0,-1
APP102009,45,691000.0,57583.0,30000.0,Salaried,Retail,3.4,Post-Graduate,691,2.7,5,2,2,2,0,Home,2050000.0,2,2,0,10,94.6,1,0,0,0,0,0,0.0,0.0,0.0,0.0,0,0,527000.0,9500.0,16.5,Debt Consolidation,830000.0,60,14.33,19455.0,33.8,50.3,0,0.0,1,225000.0,510000.0,Own,1,Single,Tier-1,1,0
APP102010,24,896000.0,74667.0,0.0,Self-Employed,Other,3.0,Post-Graduate,639,2.3,4,2,2,1,0,Personal,640000.0,3,2,1,44,93.7,0,1,0,0,1,5,525000.0,169575.0,32.3,4300.0,0,0,1704575.0,29700.0,51.1,Home,6320000.0,120,10.26,84432.0,113.1,164.2,1,18.5,0,387000.0,3630000.0,Rent,1,Divorced,Tier-1,0,-1
APP102011,58,99000.0,8250.0,0.0,Salaried,IT,6.1,High School,681,2.2,2,0,3,2,0,Gold,290000.0,3,3,0,32,100.0,0,0,0,1,0,0,0.0,0.0,0.0,0.0,0,0,61000.0,900.0,10.9,Personal,60000.0,36,13.93,2049.0,24.8,35.7,0,0.0,0,109000.0,390000.0,Own,1,Married,Tier-1,1,0
APP102012,45,206000.0,17167.0,0.0,Salaried,Retail,3.5,High School,477,7.4,10,6,2,1,1,Education,570000.0,2,2,0,19,83.5,1,0,1,1,0,0,0.0,0.0,0.0,0.0,0,0,306000.0,5400.0,31.5,Personal,50000.0,12,17.81,4579.0,26.7,58.1,0,0.0,0,27000.0,1200000.0,Own,1,Single,Tier-3,0,-1
APP102013,38,194000.0,16167.0,0.0,Retired,None,0.0,Graduate,679,3.9,3,1,4,3,0,Education,460000.0,4,3,1,50,100.0,0,0,0,0,0,0,0.0,0.0,0.0,0.0,0,0,81000.0,1400.0,8.7,Auto,270000.0,60,10.38,5787.0,35.8,44.5,1,16.3,0,80000.0,200000.0,Rent,2,Married,Tier-1,1,0
APP102014,55,205000.0,17083.0,0.0,Salaried,IT,7.5,Graduate,722,11.0,4,1,1,1,0,Education,110000.0,1,1,0,30,97.5,1,0,0,0,0,0,0.0,0.0,0.0,0.0,0,0,45000.0,1300.0,7.6,Home,840000.0,240,9.23,7682.0,45.0,52.6,1,25.6,0,138000.0,890000.0,Rent,1,Single,Tier-1,1,0
APP102015,40,562000.0,46833.0,0.0,Contract,Construction,4.9,Graduate,650,18.0,5,3,3,2,0,Personal,1690000.0,3,2,1,10,88.9,2,0,0,1,1,2,215000.0,107070.0,49.8,4600.0,1,1,1289070.0,17500.0,48.8,Personal,440000.0,12,14.76,39664.0,84.7,133.5,0,0.0,0,104000.0,450000.0,Rent,0,Single,Tier-2,0,-1
APP102016,38,760000.0,63333.0,0.0,Salaried,Other,4.4,Graduate,721,5.5,4,1,3,1,0,Gold,520000.0,4,2,2,4,97.2,1,0,0,0,0,0,0.0,0.0,0.0,0.0,0,0,128000.0,3900.0,6.2,Business,1190000.0,84,12.4,21262.0,33.6,39.7,0,0.0,1,910000.0,3140000.0,Own,1,Divorced,Tier-3,1,0
APP102017,31,146000.0,12167.0,36000.0,Retired,None,0.0,Graduate,536,6.0,2,1,2,2,0,Auto,220000.0,2,1,1,15,94.7,1,1,0,0,1,4,75000.0,33375.0,44.5,900.0,1,2,88375.0,900.0,21.1,Auto,140000.0,36,12.98,4716.0,38.8,59.9,1,27.7,0,20000.0,310000.0,Rent,2,Married,Tier-1,0,-1
APP102018,44,320000.0,26667.0,0.0,Salaried,Government,14.8,Graduate,705,3.8,4,0,0,0,0,None,0.0,3,2,1,56,100.0,1,0,0,0,0,0,0.0,0.0,0.0,0.0,0,0,370000.0,7900.0,29.6,Home,2550000.0,180,8.53,25156.0,94.3,124.0,1,16.0,0,315000.0,490000.0,Own,5,Married,Tier-3,0,-1
APP102019,43,95000.0,7917.0,0.0,Salaried,Government,8.5,High School,635,5.4,12,1,2,2,0,Business,230000.0,3,2,1,15,100.0,1,0,0,0,0,0,0.0,0.0,0.0,0.0,0,0,27000.0,700.0,8.8,Home,770000.0,120,9.71,10052.0,127.0,135.8,1,11.4,0,60000.0,410000.0,Family,0,Married,Tier-1,0,-1
APP102020,38,1231000.0,102583.0,113000.0,Business Owner,Government,3.2,Post-Graduate,677,0.6,1,2,2,1,0,Business,2490000.0,3,3,0,53,99.2,0,0,0,0,1,7,715000.0,415415.0,58.1,11000.0,1,1,1505415.0,38600.0,57.9,Education,1500000.0,120,10.54,20274.0,19.8,77.6,0,0.0,0,268000.0,700000.0,Family,1,Married,Tier-2,0,-1
APP102021,29,1246000.0,103833.0,0.0,Salaried,Retail,2.3,Graduate,780,6.4,7,2,3,3,0,Education,3230000.0,4,3,1,56,100.0,0,0,0,0,1,3,305000.0,32025.0,10.5,1800.0,0,0,1638025.0,42900.0,42.9,Business,2540000.0,60,11.26,55556.0,53.5,96.4,0,0.0,0,2103000.0,1860000.0,Own,2,Single,Tier-2,1,0
APP102022,39,1220000.0,101667.0,56000.0,Salaried,Healthcare,9.0,Graduate,676,9.4,9,1,1,1,0,Business,2870000.0,3,1,2,19,83.7,2,0,1,1,1,2,240000.0,75360.0,31.4,1300.0,0,1,204360.0,3500.0,7.1,Personal,930000.0,36,13.63,31618.0,31.1,38.2,0,0.0,0,131000.0,3710000.0,Own,1,Married,Tier-1,1,1
APP102023,37,144000.0,12000.0,0.0,Retired,None,0.0,Graduate,513,1.7,4,3,1,1,1,Auto,90000.0,1,1,0,28,94.2,0,1,0,0,1,4,80000.0,9040.0,11.3,1700.0,1,3,92040.0,1400.0,15.4,Personal,110000.0,36,16.84,3913.0,32.6,48.0,0,0.0,0,61000.0,40000.0,Rent,2,Divorced,Tier-2,0,-1
APP102024,23,249000.0,20750.0,0.0,Self-Employed,IT,2.0,Graduate,568,3.0,5,0,0,0,0,None,0.0,0,0,0,-1,95.0,0,0,1,0,1,2,80000.0,19200.0,24.0,2700.0,0,0,565200.0,9700.0,51.4,Home,2380000.0,120,10.83,32556.0,156.9,208.3,1,15.5,0,22000.0,190000.0,Own,0,Married,Tier-3,0,-1
APP102025,22,1208000.0,100667.0,197000.0,Business Owner,Banking/Finance,1.0,Post-Graduate,591,2.0,2,3,1,0,0,Education,2410000.0,1,1,0,38,83.2,1,1,1,1,0,0,0.0,0.0,0.0,0.0,0,0,387000.0,15400.0,15.3,Personal,620000.0,36,14.56,21359.0,21.2,36.5,0,0.0,1,376000.0,1100000.0,Own,1,Single,Tier-2,1,1
APP102026,44,431000.0,35917.0,0.0,Self-Employed,Retail,3.3,Graduate,654,13.1,10,2,3,3,1,Home,720000.0,3,2,1,35,100.0,0,0,0,1,0,0,0.0,0.0,0.0,0.0,0,0,630000.0,9900.0,27.6,Personal,190000.0,12,13.11,16980.0,47.3,74.8,0,0.0,0,88000.0,180000.0,Family,1,Divorced,Tier-2,1,0
APP102027,21,553000.0,46083.0,104000.0,Contract,Banking/Finance,0.0,Post-Graduate,633,1.0,2,4,2,2,0,Auto,900000.0,2,0,2,46,97.0,0,0,0,0,1,1,130000.0,50960.0,39.2,4200.0,0,0,1493960.0,22500.0,54.4,Auto,740000.0,48,11.42,19277.0,41.8,96.2,1,22.4,0,89000.0,550000.0,Family,1,Single,Tier-2,0,-1
APP102028,40,71000.0,5917.0,9000.0,Unemployed,None,0.0,Graduate,608,1.5,6,0,0,0,0,None,0.0,1,1,0,41,99.1,0,0,0,0,0,0,0.0,0.0,0.0,0.0,0,0,16000.0,600.0,10.1,Debt Consolidation,70000.0,60,15.26,1675.0,28.3,38.4,0,0.0,0,33000.0,530000.0,Own,0,Married,Tier-1,0,-1
APP102029,33,466000.0,38833.0,0.0,Self-Employed,Education,0.4,Graduate,728,10.6,9,2,4,1,0,Home,1290000.0,4,4,0,19,93.3,0,1,0,1,0,0,0.0,0.0,0.0,0.0,0,0,361000.0,5800.0,14.9,Personal,120000.0,12,12.55,10693.0,27.5,42.5,0,0.0,0,172000.0,1290000.0,Rent,1,Married,Tier-3,1,0
APP102030,52,832000.0,69333.0,200000.0,Salaried,Manufacturing,12.0,Graduate,767,4.9,2,1,6,4,0,Auto,1830000.0,7,4,3,4,100.0,0,0,0,0,1,2,230000.0,36110.0,15.7,4700.0,0,0,861110.0,22900.0,35.6,Personal,790000.0,24,11.68,37070.0,53.5,89.1,0,0.0,0,396000.0,660000.0,Rent,2,Married,Tier-1,1,0
APP102031,33,739000.0,61583.0,0.0,Salaried,IT,1.8,Graduate,695,6.9,10,2,1,0,0,Home,2080000.0,4,4,0,38,98.2,0,1,0,1,1,1,170000.0,53210.0,31.3,3800.0,0,1,680210.0,14700.0,28.2,Business,2130000.0,60,12.93,48388.0,78.6,106.8,1,0.0,0,183000.0,2290000.0,Rent,1,Married,Tier-3,0,-1
APP102032,45,358000.0,29833.0,0.0,Self-Employed,Retail,5.5,Graduate,721,3.8,3,0,2,2,0,Business,230000.0,3,3,0,30,100.0,0,0,0,0,0,0,0.0,0.0,0.0,0.0,0,0,168000.0,2900.0,9.7,Personal,260000.0,24,12.28,12273.0,41.1,50.9,0,0.0,1,43000.0,1540000.0,Own,0,Single,Tier-1,1,0
APP102033,34,207000.0,17250.0,12000.0,Contract,Construction,0.7,Graduate,591,4.4,4,1,1,0,1,Home,610000.0,1,1,0,47,89.2,0,0,1,0,0,0,0.0,0.0,0.0,0.0,0,0,133000.0,2100.0,12.2,Auto,130000.0,36,11.55,4290.0,24.9,37.0,1,14.2,1,127000.0,110000.0,Own,0,Single,Tier-1,1,0
APP102034,39,85000.0,7083.0,0.0,Salaried,Manufacturing,8.3,High School,637,0.9,3,0,0,0,0,None,0.0,0,0,0,-1,97.8,1,1,0,0,0,0,0.0,0.0,0.0,0.0,0,0,58000.0,1500.0,21.2,Home,370000.0,120,10.31,4953.0,69.9,91.1,1,18.2,0,72000.0,150000.0,Rent,4,Married,Tier-2,0,-1
APP102035,46,381000.0,31750.0,0.0,Salaried,Construction,10.0,Graduate,664,7.3,4,2,4,3,0,Business,650000.0,5,5,0,10,91.7,1,1,0,0,0,0,0.0,0.0,0.0,0.0,0,0,243000.0,6900.0,21.7,Auto,330000.0,60,9.98,7008.0,22.1,43.8,1,25.9,0,99000.0,580000.0,Rent,0,Married,Tier-1,1,0
APP102036,33,179000.0,14917.0,0.0,Salaried,Healthcare,5.8,High School,557,4.8,6,2,0,0,0,None,0.0,0,0,0,-1,86.2,0,1,1,1,0,0,0.0,0.0,0.0,0.0,0,0,70000.0,1600.0,10.7,Debt Consolidation,150000.0,36,15.88,5265.0,35.3,46.0,0,0.0,0,152000.0,230000.0,Own,0,Single,Tier-1,0,-1
APP102037,49,599000.0,49917.0,0.0,Self-Employed,IT,5.3,Graduate,635,6.0,3,1,3,2,0,Gold,1450000.0,3,3,0,34,98.1,1,0,0,1,1,2,315000.0,201600.0,64.0,1700.0,0,2,512600.0,11200.0,42.6,Personal,320000.0,12,14.18,28759.0,57.6,100.2,0,0.0,0,1139000.0,920000.0,Rent,0,Single,Tier-1,0,-1
APP102038,27,297000.0,24750.0,0.0,Contract,Education,3.3,Graduate,705,7.0,4,2,0,0,0,None,0.0,0,0,0,-1,100.0,0,0,0,0,1,1,65000.0,13780.0,21.2,900.0,0,0,324780.0,5600.0,25.4,Education,260000.0,120,10.56,3517.0,14.2,39.6,0,0.0,0,340000.0,770000.0,Own,1,Married,Tier-2,1,0
APP102039,41,520000.0,43333.0,0.0,Salaried,Construction,11.8,Post-Graduate,691,6.7,6,3,3,3,0,Education,1220000.0,3,2,1,58,100.0,0,0,0,1,1,3,115000.0,46805.0,40.7,1400.0,0,0,1231805.0,17300.0,45.3,Personal,390000.0,12,13.59,34942.0,80.6,126.0,0,0.0,1,225000.0,430000.0,Family,1,Single,Tier-2,0,-1
APP102040,48,528000.0,44000.0,0.0,Self-Employed,Construction,1.5,High School,655,7.6,5,1,4,1,0,Business,930000.0,5,4,1,9,100.0,1,0,0,0,1,3,145000.0,85695.0,59.1,4300.0,0,0,364695.0,15500.0,45.0,Business,770000.0,60,13.52,17726.0,40.3,85.3,1,0.0,0,98000.0,840000.0,Own,1,Married,Tier-1,0,-1
APP102041,45,594000.0,49500.0,114000.0,Business Owner,Other,4.0,High School,727,0.8,2,1,1,1,0,Personal,1560000.0,1,1,0,36,100.0,0,0,0,0,0,0,0.0,0.0,0.0,0.0,0,0,611000.0,15400.0,31.1,Debt Consolidation,200000.0,36,13.6,6797.0,13.7,44.8,0,0.0,1,65000.0,100000.0,Own,1,Married,Tier-2,1,0
APP102042,59,150000.0,12500.0,0.0,Retired,None,0.0,Graduate,627,3.9,3,2,2,1,1,Home,410000.0,3,3,0,9,100.0,0,0,0,0,0,0,0.0,0.0,0.0,0.0,0,0,38000.0,1100.0,8.8,Personal,50000.0,36,14.85,1730.0,13.8,22.6,0,0.0,0,92000.0,130000.0,Rent,4,Married,Tier-1,1,0
APP102043,30,792000.0,66000.0,169000.0,Salaried,IT,2.9,High School,691,1.5,1,2,1,1,0,Education,1630000.0,1,1,0,4,95.8,1,0,0,1,1,2,470000.0,111860.0,23.8,13900.0,1,0,2240860.0,33800.0,59.7,Home,5570000.0,120,8.8,69957.0,106.0,165.7,1,19.2,0,149000.0,160000.0,Rent,3,Married,Tier-1,0,-1
APP102044,23,619000.0,51583.0,0.0,Salaried,Education,2.0,Graduate,626,0.2,3,3,1,1,0,Education,1550000.0,2,2,0,3,100.0,0,0,0,0,1,2,105000.0,74760.0,71.2,2000.0,0,2,192760.0,2200.0,11.5,Business,2280000.0,84,14.47,43321.0,84.0,95.5,0,0.0,0,387000.0,600000.0,Own,0,Married,Tier-1,0,-1
APP102045,27,282000.0,23500.0,0.0,Self-Employed,Other,5.0,High School,588,6.8,5,2,3,3,1,Gold,710000.0,4,3,1,3,100.0,0,0,0,0,1,2,90000.0,36450.0,40.5,1100.0,0,0,445450.0,8600.0,44.4,Debt Consolidation,290000.0,60,16.69,7159.0,30.5,74.8,0,0.0,0,37000.0,120000.0,Family,1,Married,Tier-1,0,-1
APP102046,45,437000.0,36417.0,65000.0,Contract,Other,3.3,Doctorate,678,17.8,16,2,5,3,1,Business,190000.0,5,4,1,55,99.7,0,0,0,0,1,2,125000.0,23125.0,18.5,3100.0,0,0,95125.0,1200.0,6.5,Personal,270000.0,60,13.75,6247.0,17.2,23.6,0,0.0,1,456000.0,590000.0,Own,1,Divorced,Tier-3,1,0
APP102047,43,852000.0,71000.0,0.0,Salaried,Healthcare,6.9,Post-Graduate,669,0.3,2,1,0,0,0,None,0.0,0,0,0,-1,94.8,1,0,0,0,1,1,145000.0,82505.0,56.9,2500.0,0,1,513505.0,14700.0,26.5,Home,7570000.0,120,9.61,98410.0,138.6,165.1,1,24.9,0,167000.0,500000.0,Rent,0,Single,Tier-3,0,-1
APP102048,39,541000.0,45083.0,0.0,Self-Employed,Manufacturing,6.6,Graduate,676,7.4,4,4,0,0,0,None,0.0,0,0,0,-1,100.0,0,0,0,0,1,2,275000.0,22550.0,8.2,1300.0,0,1,291550.0,11700.0,28.5,Personal,300000.0,24,13.7,14361.0,31.9,60.3,0,0.0,0,63000.0,350000.0,Own,1,Single,Tier-1,1,1
APP102049,26,319000.0,26583.0,0.0,Self-Employed,Education,5.0,Post-Graduate,564,3.6,9,1,2,0,0,Gold,160000.0,2,1,1,13,95.4,3,0,0,1,1,1,110000.0,54670.0,49.7,2200.0,0,0,248670.0,5700.0,31.7,Personal,320000.0,24,15.95,15661.0,58.9,90.6,0,0.0,0,109000.0,480000.0,Rent,0,Single,Tier-2,0,-1
APP102050,46,728000.0,60667.0,0.0,Salaried,Other,7.5,Graduate,679,4.4,11,5,0,0,0,None,0.0,2,2,0,6,100.0,0,0,0,0,1,2,310000.0,36270.0,11.7,1900.0,0,0,980270.0,17400.0,31.7,Auto,1080000.0,48,10.11,27449.0,45.2,76.9,1,13.8,0,105000.0,670000.0,Family,0,Married,Tier-1,1,0
APP102051,25,1271000.0,105917.0,0.0,Salaried,Banking/Finance,4.0,Doctorate,719,5.0,5,1,2,1,0,Business,1270000.0,3,3,0,55,94.6,1,0,0,0,1,3,450000.0,152100.0,33.8,3400.0,0,1,1563100.0,34600.0,39.8,Business,4910000.0,36,11.66,162286.0,153.2,193.1,0,0.0,1,181000.0,2030000.0,Rent,0,Married,Tier-1,0,-1
APP102052,51,913000.0,76083.0,0.0,Self-Employed,Other,5.5,Graduate,689,6.4,4,2,1,0,0,Home,910000.0,2,1,1,6,100.0,0,0,0,1,1,3,285000.0,44460.0,15.6,7200.0,0,0,185460.0,2800.0,6.6,Home,7590000.0,120,9.47,98088.0,128.9,135.5,1,21.3,0,590000.0,400000.0,Family,2,Married,Tier-2,0,-1
APP102053,69,1712000.0,142667.0,119000.0,Self-Employed,Construction,7.3,Doctorate,655,3.8,5,1,2,0,0,Home,4630000.0,2,1,1,21,90.9,1,0,1,0,1,4,365000.0,53290.0,14.6,9100.0,1,0,566290.0,16500.0,13.4,Debt Consolidation,1510000.0,24,14.69,72993.0,51.2,64.6,0,0.0,0,338000.0,1490000.0,Rent,1,Single,Tier-3,1,0
APP102054,42,973000.0,81083.0,0.0,Salaried,IT,2.6,High School,637,3.0,3,3,6,4,1,Business,2760000.0,7,5,2,17,99.2,2,0,0,2,1,4,535000.0,112350.0,21.0,8300.0,0,2,492350.0,18000.0,29.1,Personal,470000.0,60,14.64,11093.0,13.7,42.8,0,0.0,0,642000.0,2530000.0,Own,1,Married,Tier-1,0,-1
APP102055,44,1138000.0,94833.0,0.0,Salaried,Construction,6.5,Graduate,640,6.5,7,1,1,1,0,Gold,2580000.0,1,1,0,42,86.4,2,0,1,0,1,2,230000.0,105340.0,45.8,2500.0,0,0,498340.0,13700.0,20.0,Personal,400000.0,12,14.34,35979.0,37.9,57.9,0,0.0,0,546000.0,1870000.0,Rent,3,Single,Tier-2,0,-1
APP102056,33,712000.0,59333.0,0.0,Salaried,Education,12.0,Post-Graduate,700,0.4,4,2,0,0,0,None,0.0,0,0,0,-1,97.5,1,0,0,0,0,0,0.0,0.0,0.0,0.0,0,0,1764000.0,25400.0,42.8,Home,7000000.0,120,9.14,89204.0,150.3,193.2,1,20.4,0,208000.0,820000.0,Own,2,Divorced,Tier-1,0,-1
APP102057,21,60000.0,5000.0,0.0,Unemployed,None,0.0,Graduate,519,1.0,4,3,2,1,0,Education,60000.0,4,2,2,31,100.0,0,0,0,0,0,0,0.0,0.0,0.0,0.0,0,0,14000.0,300.0,6.0,Business,90000.0,84,15.49,1762.0,35.2,41.2,0,0.0,1,17000.0,30000.0,Family,0,Married,Tier-1,0,-1
APP102058,31,60000.0,5000.0,0.0,Retired,None,0.0,Graduate,578,3.6,1,1,2,2,0,Auto,50000.0,3,3,0,39,90.8,1,0,0,0,0,0,0.0,0.0,0.0,0.0,0,0,63000.0,1200.0,24.0,Personal,30000.0,60,15.81,727.0,14.5,38.5,0,0.0,0,11000.0,20000.0,Rent,3,Single,Tier-3,0,-1
APP102059,26,321000.0,26750.0,0.0,Salaried,Other,4.2,High School,640,6.0,5,0,5,2,0,Education,210000.0,5,3,2,29,87.0,0,2,0,0,1,2,115000.0,23805.0,20.7,3000.0,1,0,151805.0,2500.0,13.8,Auto,490000.0,48,10.84,12626.0,47.2,61.0,1,12.6,0,57000.0,230000.0,Family,1,Married,Tier-1,0,-1
APP102060,22,405000.0,33750.0,0.0,Salaried,IT,1.0,High School,693,2.0,2,1,4,4,0,Home,620000.0,5,5,0,35,99.4,0,0,0,0,1,3,195000.0,50505.0,25.9,1400.0,0,1,260505.0,9700.0,36.2,Personal,130000.0,36,12.82,4369.0,12.9,49.2,0,0.0,0,162000.0,210000.0,Rent,2,Married,Tier-2,1,0
APP102061,57,448000.0,37333.0,100000.0,Salaried,IT,6.2,Graduate,771,11.8,13,3,3,3,0,Auto,860000.0,3,2,1,2,100.0,0,0,0,1,0,0,0.0,0.0,0.0,0.0,0,0,303000.0,12600.0,33.8,Education,290000.0,60,8.69,5976.0,16.0,49.8,0,0.0,0,261000.0,290000.0,Own,1,Single,Tier-2,1,0
APP102062,41,160000.0,13333.0,38000.0,Salaried,Retail,8.6,Graduate,685,1.9,2,0,3,2,0,Gold,190000.0,3,2,1,5,90.4,2,0,0,0,0,0,0.0,0.0,0.0,0.0,0,0,185000.0,2800.0,21.0,Auto,190000.0,48,10.13,4831.0,36.2,57.2,1,17.9,0,89000.0,120000.0,Family,1,Divorced,Tier-3,0,-1
APP102063,42,60000.0,5000.0,0.0,Unemployed,None,0.0,Graduate,579,1.8,4,2,6,5,0,Auto,70000.0,8,7,1,19,100.0,0,0,0,0,0,0,0.0,0.0,0.0,0.0,0,0,77000.0,1500.0,30.0,Personal,40000.0,12,15.49,3620.0,72.4,102.4,0,0.0,0,68000.0,50000.0,Family,0,Single,Tier-3,0,-1
APP102064,35,841000.0,70083.0,34000.0,Self-Employed,Banking/Finance,4.8,Post-Graduate,645,2.4,3,2,2,1,0,Home,1460000.0,4,3,1,50,96.8,1,0,0,1,1,2,135000.0,44010.0,32.6,1200.0,0,0,986010.0,14600.0,24.0,Education,1250000.0,120,11.67,17696.0,25.3,49.2,0,0.0,0,280000.0,1330000.0,Own,1,Single,Tier-1,0,-1
APP102065,36,195000.0,16250.0,0.0,Salaried,Healthcare,9.5,High School,670,13.8,5,1,3,2,0,Home,490000.0,4,2,2,50,89.2,0,2,0,0,0,0,0.0,0.0,0.0,0.0,0,0,392000.0,6800.0,41.8,Home,1390000.0,120,9.47,17963.0,110.5,152.4,1,12.8,0,277000.0,100000.0,Family,2,Married,Tier-1,0,-1
APP102066,49,630000.0,52500.0,0.0,Salaried,Manufacturing,10.0,Post-Graduate,645,4.5,9,0,2,2,0,Business,230000.0,3,2,1,35,96.9,0,1,0,1,1,2,285000.0,104025.0,36.5,6500.0,0,0,991025.0,12700.0,34.1,Business,940000.0,60,14.15,21945.0,41.8,75.9,0,0.0,0,203000.0,400000.0,Own,1,Married,Tier-3,0,-1
APP102067,38,584000.0,48667.0,0.0,Salaried,Banking/Finance,10.1,Graduate,732,2.9,3,1,4,2,0,Education,1020000.0,6,5,1,36,98.2,0,0,0,0,0,0,0.0,0.0,0.0,0.0,0,0,161000.0,4500.0,9.2,Auto,570000.0,36,9.82,18344.0,37.7,46.9,1,17.2,0,237000.0,200000.0,Rent,0,Single,Tier-1,1,0
APP102068,44,892000.0,74333.0,0.0,Contract,Banking/Finance,8.9,Post-Graduate,713,6.4,7,3,1,1,0,Personal,1780000.0,2,2,0,53,97.1,1,0,0,2,0,0,0.0,0.0,0.0,0.0,0,0,321000.0,9900.0,13.3,Auto,1170000.0,60,9.2,24401.0,32.8,46.1,1,20.7,0,2684000.0,1190000.0,Rent,1,Single,Tier-1,1,0
APP102069,36,1605000.0,133750.0,0.0,Self-Employed,Banking/Finance,9.1,Post-Graduate,732,2.6,6,2,3,0,0,Personal,3340000.0,3,1,2,17,98.2,1,0,0,0,0,0,0.0,0.0,0.0,0.0,0,0,996000.0,25500.0,19.1,Education,1520000.0,84,9.04,24486.0,18.3,37.4,0,0.0,1,1269000.0,5510000.0,Own,2,Single,Tier-1,1,0
APP102070,34,491000.0,40917.0,48000.0,Self-Employed,Other,6.5,Post-Graduate,694,6.4,5,0,5,2,0,Home,530000.0,5,5,0,58,96.4,0,0,0,0,1,3,195000.0,108030.0,55.4,6100.0,1,3,291030.0,4200.0,23.5,Home,2410000.0,240,8.48,20884.0,51.0,74.5,1,21.5,0,189000.0,860000.0,Family,1,Married,Tier-1,1,0
APP102071,23,341000.0,28417.0,0.0,Salaried,Other,1.7,High School,676,3.0,3,1,1,0,0,Gold,600000.0,2,2,0,22,100.0,0,0,0,0,1,4,100000.0,32000.0,32.0,1700.0,1,1,503000.0,12200.0,48.6,Auto,310000.0,36,10.47,10071.0,35.4,84.0,1,23.1,0,216000.0,100000.0,Rent,0,Married,Tier-2,0,-1
APP102072,21,451000.0,37583.0,0.0,Salaried,Education,0.0,Graduate,679,1.0,1,2,1,0,0,Personal,920000.0,2,2,0,48,100.0,0,0,0,0,1,4,200000.0,47200.0,23.6,5200.0,0,0,417200.0,9600.0,31.8,Personal,130000.0,12,13.72,11655.0,31.0,62.8,0,0.0,0,186000.0,90000.0,Family,4,Married,Tier-1,1,0
APP102073,35,777000.0,64750.0,82000.0,Salaried,Government,5.8,Post-Graduate,723,4.7,4,1,2,1,0,Education,360000.0,3,3,0,5,100.0,1,0,0,1,0,0,0.0,0.0,0.0,0.0,0,0,131000.0,2700.0,4.2,Business,1370000.0,36,11.48,45164.0,69.8,73.9,0,0.0,1,1552000.0,11600000.0,Rent,0,Single,Tier-3,1,0
APP102074,39,622000.0,51833.0,0.0,Contract,Banking/Finance,5.9,Post-Graduate,610,4.7,4,1,1,1,0,Auto,350000.0,1,1,0,51,85.0,2,1,0,1,0,0,0.0,0.0,0.0,0.0,0,0,456000.0,14800.0,28.6,Personal,340000.0,36,14.96,11780.0,22.7,51.3,0,0.0,0,149000.0,1690000.0,Family,2,Married,Tier-1,1,1
APP102075,24,99000.0,8250.0,0.0,Unemployed,None,0.0,High School,631,4.0,1,1,1,1,0,Personal,40000.0,1,1,0,51,98.0,1,0,0,0,0,0,0.0,0.0,0.0,0.0,0,0,81000.0,1600.0,19.4,Business,270000.0,36,14.2,9254.0,112.2,131.6,0,0.0,0,10000.0,140000.0,Rent,1,Single,Tier-2,0,-1
APP102076,38,116000.0,9667.0,0.0,Salaried,Manufacturing,3.0,Graduate,651,1.4,6,1,1,0,0,Home,100000.0,3,1,2,54,100.0,0,0,0,1,0,0,0.0,0.0,0.0,0.0,0,0,67000.0,1700.0,17.6,Auto,150000.0,48,10.44,3836.0,39.7,57.3,1,27.4,0,34000.0,370000.0,Own,0,Married,Tier-1,1,0
APP102077,39,94000.0,7833.0,0.0,Unemployed,None,0.0,Post-Graduate,578,3.2,4,2,2,1,0,Education,50000.0,2,1,1,9,96.8,0,0,0,1,0,0,0.0,0.0,0.0,0.0,0,0,45000.0,1100.0,14.0,Business,280000.0,36,15.12,9723.0,124.1,138.2,0,0.0,1,20000.0,110000.0,Own,3,Single,Tier-1,0,-1
APP102078,21,523000.0,43583.0,0.0,Salaried,Retail,0.0,Graduate,512,1.0,1,2,3,3,1,Personal,720000.0,3,3,0,44,92.5,1,1,0,0,1,5,200000.0,123000.0,61.5,3400.0,0,0,390000.0,4900.0,25.4,Education,360000.0,120,13.46,5473.0,12.6,37.9,0,0.0,1,113000.0,690000.0,Rent,0,Married,Tier-3,0,-1
APP102079,28,401000.0,33417.0,62000.0,Self-Employed,Construction,2.5,Graduate,548,2.3,11,2,1,0,0,Business,600000.0,1,1,0,38,90.4,2,0,0,0,1,5,75000.0,39450.0,52.6,400.0,0,3,294450.0,4000.0,17.9,Home,2790000.0,180,10.9,31536.0,94.4,112.2,1,24.3,0,40000.0,230000.0,Rent,1,Single,Tier-2,0,-1
APP102080,42,153000.0,12750.0,0.0,Salaried,Manufacturing,4.1,Post-Graduate,563,4.1,4,2,4,3,1,Auto,340000.0,4,2,2,19,88.7,0,2,0,1,0,0,0.0,0.0,0.0,0.0,0,0,110000.0,1800.0,14.1,Business,220000.0,84,14.17,4143.0,32.5,46.6,0,0.0,0,128000.0,160000.0,Family,1,Married,Tier-3,0,-1
APP102081,42,445000.0,37083.0,0.0,Salaried,Healthcare,9.9,Graduate,743,2.7,5,2,3,3,0,Personal,1150000.0,3,2,1,31,99.6,0,0,0,0,0,0,0.0,0.0,0.0,0.0,0,0,788000.0,13300.0,35.9,Home,2570000.0,240,7.64,20924.0,56.4,92.3,1,18.5,0,260000.0,680000.0,Rent,1,Single,Tier-1,0,-1
APP102082,25,215000.0,17917.0,14000.0,Salaried,Construction,4.0,High School,649,3.5,2,3,1,1,0,Personal,330000.0,1,1,0,45,100.0,0,0,0,1,0,0,0.0,0.0,0.0,0.0,0,0,570000.0,10700.0,59.7,Auto,290000.0,84,10.62,4908.0,27.4,87.1,1,16.3,0,379000.0,230000.0,Own,0,Single,Tier-1,0,-1
APP102083,40,1110000.0,92500.0,130000.0,Salaried,Retail,6.8,Graduate,758,1.8,3,2,6,3,0,Gold,1190000.0,6,4,2,31,100.0,0,0,0,0,0,0,0.0,0.0,0.0,0.0,0,0,2047000.0,39200.0,42.4,Personal,570000.0,12,12.29,50721.0,54.8,97.2,0,0.0,1,551000.0,1240000.0,Own,0,Married,Tier-1,1,0
APP102084,49,500000.0,41667.0,64000.0,Salaried,Government,1.1,Graduate,785,17.8,8,0,3,1,0,Auto,1330000.0,4,4,0,47,98.2,0,0,0,1,0,0,0.0,0.0,0.0,0.0,0,0,524000.0,16500.0,39.6,Education,1000000.0,60,8.64,20584.0,49.4,89.0,0,0.0,0,405000.0,120000.0,Family,0,Married,Tier-2,1,0
APP102085,47,276000.0,23000.0,0.0,Salaried,Government,4.6,Graduate,670,0.5,4,1,0,0,0,None,0.0,0,0,0,-1,100.0,0,0,0,0,0,0,0.0,0.0,0.0,0.0,0,0,753000.0,12800.0,55.7,Personal,260000.0,36,13.76,8856.0,38.5,94.2,0,0.0,0,83000.0,900000.0,Own,1,Single,Tier-1,0,-1
APP102086,37,177000.0,14750.0,0.0,Self-Employed,Government,16.0,Graduate,577,2.7,4,3,1,1,0,Home,310000.0,2,2,0,10,95.5,2,0,0,0,0,0,0.0,0.0,0.0,0.0,0,0,58000.0,2100.0,14.2,Business,350000.0,36,15.12,12153.0,82.4,96.6,0,0.0,0,35000.0,410000.0,Own,0,Married,Tier-2,0,-1
APP102087,33,578000.0,48167.0,0.0,Salaried,Government,2.9,Graduate,655,4.7,5,0,0,0,0,None,0.0,1,1,0,53,95.5,1,1,0,1,0,0,0.0,0.0,0.0,0.0,0,0,440000.0,11900.0,24.7,Home,4610000.0,300,9.3,39638.0,82.3,107.0,1,17.5,0,85000.0,160000.0,Own,0,Married,Tier-1,0,-1
APP102088,31,765000.0,63750.0,0.0,Salaried,Construction,2.8,Post-Graduate,674,4.6,6,0,3,1,0,Gold,1850000.0,5,4,1,42,92.7,0,1,0,2,1,5,435000.0,147900.0,34.0,8300.0,0,3,659900.0,7800.0,23.8,Auto,760000.0,84,10.68,12886.0,20.2,44.0,1,30.0,0,683000.0,530000.0,Rent,0,Married,Tier-1,1,0
APP102089,43,178000.0,14833.0,0.0,Retired,None,0.0,Post-Graduate,692,10.9,7,2,3,1,0,Auto,330000.0,4,4,0,25,97.3,1,0,0,0,0,0,0.0,0.0,0.0,0.0,0,0,4000.0,200.0,1.3,Auto,220000.0,60,9.87,4660.0,31.4,32.8,1,28.8,0,113000.0,50000.0,Family,2,Single,Tier-1,1,0
APP102090,40,279000.0,23250.0,43000.0,Retired,None,0.0,Post-Graduate,574,1.4,2,3,0,0,0,None,0.0,1,1,0,43,100.0,1,0,0,0,1,2,140000.0,83300.0,59.5,4600.0,0,0,214300.0,2900.0,30.4,Business,420000.0,84,15.16,8142.0,35.0,65.4,0,0.0,0,157000.0,1380000.0,Family,4,Married,Tier-1,0,-1
APP102091,45,336000.0,28000.0,0.0,Salaried,Retail,1.2,Graduate,675,0.9,2,1,1,1,0,Business,340000.0,1,1,0,17,99.8,0,0,0,0,0,0,0.0,0.0,0.0,0.0,0,0,336000.0,11500.0,41.1,Auto,200000.0,84,10.56,3378.0,12.1,53.1,1,20.9,0,63000.0,1910000.0,Rent,2,Single,Tier-2,1,0
APP102092,39,558000.0,46500.0,0.0,Salaried,Healthcare,2.2,High School,590,3.1,7,2,2,1,0,Education,1250000.0,2,2,0,5,85.0,2,0,1,0,0,0,0.0,0.0,0.0,0.0,0,0,167000.0,5500.0,11.8,Auto,710000.0,84,11.98,12526.0,26.9,38.8,1,18.4,0,810000.0,890000.0,Rent,0,Married,Tier-2,1,0
APP102093,47,1000000.0,83333.0,0.0,Self-Employed,IT,3.5,Post-Graduate,676,4.7,4,3,2,1,0,Personal,1870000.0,2,2,0,26,100.0,0,0,0,1,1,1,450000.0,182250.0,40.5,13700.0,1,0,902250.0,21600.0,36.9,Personal,410000.0,36,13.7,13953.0,16.7,53.6,1,0.0,0,248000.0,1290000.0,Own,0,Married,Tier-1,1,0
APP102094,39,201000.0,16750.0,0.0,Business Owner,Manufacturing,6.6,High School,694,3.7,2,1,0,0,0,None,0.0,0,0,0,-1,94.9,0,0,0,0,0,0,0.0,0.0,0.0,0.0,0,0,334000.0,5700.0,34.0,Home,1030000.0,180,8.42,10095.0,60.3,94.3,1,11.7,0,62000.0,560000.0,Family,1,Married,Tier-1,0,-1
APP102095,47,199000.0,16583.0,26000.0,Salaried,Retail,4.7,Graduate,740,9.3,2,0,0,0,0,None,0.0,0,0,0,-1,100.0,0,0,0,0,0,0,0.0,0.0,0.0,0.0,0,0,102000.0,4700.0,28.3,Auto,210000.0,48,8.73,5199.0,31.4,59.7,1,29.9,0,45000.0,610000.0,Own,2,Divorced,Tier-2,1,1
APP102096,48,1432000.0,119333.0,226000.0,Business Owner,Retail,2.7,High School,659,1.6,3,1,0,0,0,None,0.0,1,1,0,38,97.2,1,0,0,0,1,5,790000.0,315210.0,39.9,13300.0,0,0,944210.0,10900.0,22.3,Auto,1930000.0,36,10.61,62830.0,52.7,75.0,1,18.2,0,580000.0,8690000.0,Rent,1,Single,Tier-1,1,0
APP102097,29,717000.0,59750.0,0.0,Salaried,Manufacturing,4.8,Graduate,599,2.8,6,2,0,0,0,None,0.0,0,0,0,-1,87.5,4,0,0,1,1,3,285000.0,103740.0,36.4,1400.0,0,0,129740.0,600.0,9.7,Personal,230000.0,60,14.79,5446.0,9.1,18.8,0,0.0,0,637000.0,3410000.0,Own,1,Single,Tier-1,1,0
APP102098,21,200000.0,16667.0,22000.0,Salaried,Government,0.0,Graduate,556,1.0,1,5,7,4,1,Gold,570000.0,8,8,0,42,93.8,0,1,0,1,0,0,0.0,0.0,0.0,0.0,0,0,3000.0,100.0,0.6,Personal,90000.0,24,15.79,4398.0,26.4,27.0,0,0.0,0,72000.0,470000.0,Rent,1,Single,Tier-2,0,-1
APP102099,55,319000.0,26583.0,0.0,Business Owner,Healthcare,17.3,Graduate,597,4.7,3,2,0,0,0,None,0.0,1,0,1,6,88.6,1,1,0,0,1,5,75000.0,22875.0,30.5,500.0,0,0,506875.0,10200.0,42.7,Education,230000.0,84,12.29,4096.0,15.4,58.1,0,0.0,0,92000.0,420000.0,Own,0,Single,Tier-2,0,-1
APP102100,41,509000.0,42417.0,0.0,Self-Employed,Education,2.1,Graduate,759,11.1,6,2,5,4,0,Home,570000.0,5,5,0,41,96.1,1,0,0,0,0,0,0.0,0.0,0.0,0.0,0,0,172000.0,6100.0,14.4,Debt Consolidation,180000.0,24,13.06,8563.0,20.2,34.6,0,0.0,0,64000.0,420000.0,Rent,1,Single,Tier-1,1,0
APP102101,21,136000.0,11333.0,0.0,Contract,Healthcare,0.0,High School,665,1.0,3,0,0,0,0,None,0.0,0,0,0,-1,100.0,0,0,0,0,0,0,0.0,0.0,0.0,0.0,0,0,13000.0,200.0,1.8,Auto,130000.0,48,9.68,3277.0,28.9,30.7,1,22.7,0,188000.0,410000.0,Family,1,Married,Tier-3,1,0
APP102102,30,354000.0,29500.0,0.0,Salaried,Other,3.5,Graduate,729,1.4,0,1,3,1,0,Gold,150000.0,4,4,0,13,100.0,1,0,0,1,0,0,0.0,0.0,0.0,0.0,0,0,0.0,0.0,0.0,Business,850000.0,60,12.0,18908.0,64.1,64.1,0,0.0,0,31000.0,270000.0,Rent,1,Single,Tier-1,1,0
APP102103,46,411000.0,34250.0,39000.0,Salaried,Education,3.5,Graduate,746,10.1,4,0,3,1,1,Business,290000.0,6,2,4,5,100.0,0,0,0,0,0,0,0.0,0.0,0.0,0.0,0,0,157000.0,4600.0,13.4,Business,770000.0,36,12.17,25638.0,74.9,88.3,0,0.0,1,41000.0,670000.0,Family,1,Married,Tier-2,0,-1
APP102104,35,493000.0,41083.0,0.0,Salaried,Education,2.3,Post-Graduate,695,9.3,7,0,5,4,0,Gold,760000.0,5,3,2,57,100.0,0,0,0,0,1,2,245000.0,70560.0,28.8,7900.0,0,0,321560.0,10200.0,33.4,Personal,410000.0,60,12.96,9320.0,22.7,56.1,0,0.0,0,246000.0,350000.0,Rent,1,Married,Tier-1,0,-1
APP102105,32,1083000.0,90250.0,0.0,Salaried,Manufacturing,11.0,Post-Graduate,713,6.3,5,1,2,2,0,Personal,770000.0,4,4,0,58,99.1,1,0,0,0,1,2,170000.0,146880.0,86.4,800.0,1,0,1643880.0,22200.0,32.7,Education,1010000.0,60,10.57,21744.0,24.1,56.8,0,0.0,0,296000.0,340000.0,Family,2,Married,Tier-2,1,0
APP102106,53,1805000.0,150417.0,0.0,Salaried,Government,21.0,Post-Graduate,812,20.0,8,3,8,5,0,Education,1550000.0,9,9,0,29,100.0,0,0,0,1,1,1,840000.0,94080.0,11.2,24100.0,0,1,2930080.0,44500.0,32.7,Home,11960000.0,300,7.24,86371.0,57.4,90.1,1,29.5,0,865000.0,3140000.0,Rent,1,Single,Tier-1,1,0
APP102107,26,273000.0,22750.0,0.0,Self-Employed,Manufacturing,5.0,High School,673,4.9,4,1,2,1,0,Personal,390000.0,3,3,0,23,100.0,1,0,0,0,0,0,0.0,0.0,0.0,0.0,0,0,139000.0,3300.0,14.5,Debt Consolidation,130000.0,60,14.64,3068.0,13.5,28.0,0,0.0,0,79000.0,920000.0,Rent,3,Married,Tier-1,1,0
APP102108,29,260000.0,21667.0,0.0,Self-Employed,Construction,6.7,Graduate,648,5.2,5,1,0,0,0,None,0.0,0,0,0,-1,94.9,0,1,0,0,0,0,0.0,0.0,0.0,0.0,0,0,240000.0,4400.0,20.3,Education,310000.0,120,11.42,4344.0,20.0,40.4,0,0.0,1,22000.0,130000.0,Own,1,Married,Tier-2,1,0
APP102109,40,557000.0,46417.0,0.0,Self-Employed,Banking/Finance,1.4,Graduate,772,9.2,5,1,3,0,0,Auto,1440000.0,3,3,0,4,100.0,0,0,0,0,1,1,175000.0,10150.0,5.8,5100.0,0,1,355150.0,6300.0,14.7,Debt Consolidation,200000.0,36,12.42,6683.0,14.4,29.1,0,0.0,0,43000.0,350000.0,Own,2,Married,Tier-1,1,0
APP102110,42,1178000.0,98167.0,0.0,Salaried,Construction,13.3,Graduate,761,5.8,9,1,0,0,0,None,0.0,0,0,0,-1,100.0,0,0,0,0,1,1,425000.0,107100.0,25.2,2400.0,0,0,246100.0,4100.0,9.6,Home,10060000.0,240,7.88,83396.0,85.0,94.6,1,19.0,0,77000.0,2330000.0,Own,0,Married,Tier-1,0,-1
APP102111,43,418000.0,34833.0,18000.0,Salaried,Other,2.9,Post-Graduate,734,5.2,6,0,0,0,0,None,0.0,1,1,0,58,100.0,0,0,0,2,1,1,185000.0,62530.0,33.8,6100.0,1,1,267530.0,4700.0,22.5,Auto,580000.0,60,10.28,12403.0,35.6,58.1,1,22.4,0,997000.0,380000.0,Rent,0,Single,Tier-1,1,0
APP102112,48,896000.0,74667.0,0.0,Self-Employed,Healthcare,1.3,Post-Graduate,661,0.9,2,0,3,2,0,Education,810000.0,3,3,0,36,91.3,1,0,0,1,1,3,535000.0,185645.0,34.7,12300.0,0,1,585645.0,16200.0,34.1,Personal,220000.0,12,13.55,19707.0,26.4,60.5,1,0.0,0,103000.0,1440000.0,Own,0,Married,Tier-1,0,-1
APP102113,40,283000.0,23583.0,11000.0,Salaried,Healthcare,8.0,Graduate,631,1.2,2,5,2,2,0,Personal,540000.0,2,2,0,55,87.0,2,0,0,0,0,0,0.0,0.0,0.0,0.0,0,0,441000.0,7300.0,31.0,Auto,340000.0,36,10.62,11070.0,46.9,77.9,1,16.3,0,58000.0,520000.0,Family,1,Married,Tier-1,0,-1
APP102114,43,61000.0,5083.0,6000.0,Unemployed,None,0.0,Graduate,569,1.2,3,2,5,4,0,Education,130000.0,5,5,0,45,100.0,0,0,0,2,0,0,0.0,0.0,0.0,0.0,0,0,29000.0,900.0,17.7,Business,120000.0,36,14.91,4155.0,81.7,99.4,0,0.0,0,49000.0,400000.0,Rent,0,Single,Tier-1,0,-1
APP102115,35,316000.0,26333.0,62000.0,Salaried,Manufacturing,13.2,Post-Graduate,522,3.5,4,4,2,0,0,Gold,850000.0,2,2,0,57,98.7,1,0,0,1,1,3,75000.0,42450.0,56.6,1700.0,0,1,745450.0,12900.0,57.0,Auto,300000.0,60,13.04,6832.0,25.9,83.0,1,17.2,0,231000.0,1300000.0,Rent,1,Married,Tier-2,0,-1
APP102116,39,469000.0,39083.0,0.0,Self-Employed,Government,3.9,Graduate,721,11.4,3,0,4,3,0,Personal,970000.0,4,3,1,5,95.5,0,1,0,0,0,0,0.0,0.0,0.0,0.0,0,0,142000.0,3300.0,8.4,Home,3870000.0,300,8.56,31319.0,80.1,88.6,1,22.0,0,71000.0,1890000.0,Own,1,Married,Tier-1,0,-1
APP102117,39,70000.0,5833.0,16000.0,Unemployed,None,0.0,Post-Graduate,545,15.5,9,1,2,2,0,Education,150000.0,4,3,1,48,89.3,0,1,0,0,0,0,0.0,0.0,0.0,0.0,0,0,19000.0,500.0,8.6,Home,430000.0,180,11.54,5034.0,86.3,94.9,1,10.8,0,13000.0,270000.0,Rent,1,Married,Tier-3,0,-1
APP102118,40,842000.0,70167.0,0.0,Self-Employed,Manufacturing,6.3,Post-Graduate,788,12.5,15,1,2,1,0,Home,2320000.0,3,3,0,58,100.0,0,0,0,0,0,0,0.0,0.0,0.0,0.0,0,0,273000.0,12200.0,17.4,Education,1170000.0,84,8.61,18593.0,26.5,43.9,0,0.0,0,234000.0,1720000.0,Rent,0,Single,Tier-2,1,0
APP102119,46,940000.0,78333.0,0.0,Self-Employed,Government,4.7,High School,808,12.9,8,1,3,1,0,Education,2140000.0,3,2,1,30,98.8,0,0,0,0,0,0,0.0,0.0,0.0,0.0,0,0,180000.0,7000.0,8.9,Auto,1350000.0,60,7.93,27328.0,34.9,43.8,1,15.3,1,156000.0,3250000.0,Own,2,Single,Tier-1,1,0
APP102120,44,681000.0,56750.0,39000.0,Business Owner,Other,8.2,Post-Graduate,648,2.1,2,4,0,0,0,None,0.0,0,0,0,-1,100.0,0,0,0,1,1,2,215000.0,72240.0,33.6,5000.0,1,0,368240.0,5100.0,15.4,Business,1770000.0,84,13.91,33082.0,58.3,73.6,1,0.0,0,378000.0,2260000.0,Family,1,Married,Tier-1,1,1
APP102121,38,183000.0,15250.0,0.0,Salaried,Manufacturing,6.4,Post-Graduate,566,4.7,4,1,1,0,0,Education,520000.0,2,1,1,26,93.8,0,1,0,0,1,2,65000.0,43160.0,66.4,1500.0,0,2,287160.0,3700.0,38.4,Personal,160000.0,36,15.65,5598.0,36.7,75.1,0,0.0,0,766000.0,30000.0,Own,2,Married,Tier-1,0,-1
APP102122,29,512000.0,42667.0,57000.0,Self-Employed,IT,2.7,Post-Graduate,683,1.8,3,3,1,1,0,Gold,1220000.0,3,2,1,2,100.0,0,0,0,1,0,0,0.0,0.0,0.0,0.0,0,0,763000.0,10900.0,25.5,Home,3360000.0,180,8.81,33701.0,79.0,104.5,1,29.8,0,104000.0,1130000.0,Own,2,Married,Tier-1,0,-1
APP102123,39,60000.0,5000.0,9000.0,Unemployed,None,0.0,High School,504,6.2,7,1,3,0,1,Personal,50000.0,4,4,0,23,100.0,0,0,0,1,0,0,0.0,0.0,0.0,0.0,0,0,122000.0,3500.0,70.0,Auto,60000.0,48,13.75,1632.0,32.6,102.6,1,14.2,0,10000.0,370000.0,Rent,0,Married,Tier-3,0,-1
APP102124,38,134000.0,11167.0,0.0,Retired,None,0.0,High School,703,3.6,5,1,3,1,0,Home,280000.0,5,5,0,26,100.0,0,0,0,0,0,0,0.0,0.0,0.0,0.0,0,0,19000.0,1000.0,9.0,Debt Consolidation,140000.0,60,13.91,3251.0,29.1,38.1,0,0.0,0,79000.0,270000.0,Family,0,Married,Tier-1,1,0
APP102125,40,427000.0,35583.0,0.0,Salaried,Construction,10.9,Graduate,691,0.9,4,0,1,1,0,Education,480000.0,2,2,0,21,100.0,0,0,0,0,1,1,190000.0,55670.0,29.3,4000.0,1,0,451670.0,11600.0,40.4,Auto,670000.0,60,9.45,14055.0,39.5,79.9,1,12.2,0,14000.0,270000.0,Own,1,Married,Tier-3,0,-1
APP102126,62,272000.0,22667.0,19000.0,Retired,None,0.0,High School,572,6.8,2,2,1,1,0,Business,600000.0,3,1,2,26,98.8,1,0,0,1,1,3,130000.0,28340.0,21.8,2400.0,0,3,646340.0,13700.0,66.7,Home,2350000.0,180,11.34,27214.0,120.1,186.8,1,20.1,0,99000.0,910000.0,Rent,1,Divorced,Tier-1,0,-1
APP102127,32,544000.0,45333.0,0.0,Business Owner,Government,8.0,High School,699,2.5,2,2,1,0,0,Home,1470000.0,3,2,1,21,96.6,0,0,0,0,1,1,210000.0,21630.0,10.3,3500.0,1,0,1482630.0,21100.0,48.9,Home,3400000.0,180,8.86,34202.0,75.4,124.4,1,22.9,0,71000.0,230000.0,Own,1,Married,Tier-3,0,-1
APP102128,43,476000.0,39667.0,0.0,Self-Employed,Banking/Finance,9.6,Graduate,607,4.3,3,2,2,1,0,Business,370000.0,4,3,1,16,100.0,0,0,0,0,1,5,165000.0,110880.0,67.2,4800.0,0,1,160880.0,1500.0,17.8,Home,4270000.0,120,10.43,57450.0,144.8,162.6,1,23.8,0,606000.0,750000.0,Rent,2,Married,Tier-2,0,-1
APP102129,50,214000.0,17833.0,0.0,Salaried,Retail,6.2,High School,651,3.0,4,1,0,0,0,None,0.0,2,2,0,46,100.0,0,0,0,0,1,3,45000.0,11430.0,25.4,1400.0,0,0,469430.0,10000.0,59.3,Auto,200000.0,36,10.47,6498.0,36.4,95.7,1,16.9,0,29000.0,500000.0,Rent,0,Married,Tier-1,0,-1
APP102130,39,198000.0,16500.0,0.0,Salaried,Education,2.3,Post-Graduate,648,7.4,11,0,1,1,0,Personal,300000.0,1,0,1,58,98.3,1,0,0,0,1,4,120000.0,52320.0,43.6,2900.0,0,1,218320.0,2500.0,31.0,Auto,270000.0,48,10.68,6936.0,42.0,73.0,1,16.5,0,57000.0,2140000.0,Own,1,Divorced,Tier-2,0,-1
APP102131,64,192000.0,16000.0,0.0,Retired,None,0.0,Graduate,506,5.3,3,1,3,3,1,Business,210000.0,5,3,2,4,100.0,0,1,0,0,1,4,85000.0,59330.0,69.8,2800.0,0,0,150330.0,4800.0,48.5,Home,1590000.0,120,10.74,21669.0,135.4,184.0,1,27.6,1,51000.0,820000.0,Own,0,Married,Tier-3,0,-1
APP102132,34,390000.0,32500.0,0.0,Salaried,Other,9.0,High School,641,4.7,7,2,0,0,0,None,0.0,0,0,0,-1,100.0,0,0,0,0,1,3,100000.0,54500.0,54.5,3200.0,1,0,237500.0,9500.0,37.6,Personal,130000.0,36,13.73,4426.0,13.6,51.2,0,0.0,0,164000.0,570000.0,Family,1,Married,Tier-2,1,0
APP102133,42,262000.0,21833.0,0.0,Salaried,Other,11.4,Graduate,701,12.2,7,3,3,3,0,Business,90000.0,3,2,1,20,98.0,0,0,0,1,1,4,120000.0,41880.0,34.9,2600.0,0,0,86880.0,1300.0,15.5,Business,910000.0,84,13.32,16713.0,76.5,92.1,0,0.0,0,156000.0,570000.0,Rent,1,Married,Tier-3,0,-1
APP102134,29,300000.0,25000.0,0.0,Salaried,Banking/Finance,1.5,High School,569,3.2,4,1,1,1,0,Business,110000.0,2,2,0,10,89.0,2,1,0,0,0,0,0.0,0.0,0.0,0.0,0,0,612000.0,11600.0,46.4,Home,2950000.0,300,10.98,28871.0,115.5,161.9,1,12.7,0,140000.0,90000.0,Rent,0,Single,Tier-1,0,-1
APP102135,34,303000.0,25250.0,0.0,Salaried,Other,6.1,High School,663,6.5,7,2,2,2,0,Business,900000.0,2,2,0,53,94.3,0,1,0,1,0,0,0.0,0.0,0.0,0.0,0,0,77000.0,2500.0,9.9,Personal,160000.0,24,14.07,7687.0,30.4,40.3,0,0.0,1,35000.0,360000.0,Own,1,Married,Tier-2,1,0
APP102136,41,114000.0,9500.0,0.0,Retired,None,0.0,Graduate,582,3.3,2,1,2,1,0,Business,220000.0,2,2,0,47,83.3,1,0,1,0,0,0,0.0,0.0,0.0,0.0,0,0,97000.0,1800.0,18.9,Debt Consolidation,110000.0,60,15.74,2660.0,28.0,46.9,0,0.0,0,43000.0,50000.0,Family,1,Married,Tier-1,1,0
APP102137,47,294000.0,24500.0,24000.0,Salaried,Government,9.0,Graduate,600,22.7,9,2,3,1,2,Home,180000.0,3,3,0,47,95.1,0,1,0,0,0,0,0.0,0.0,0.0,0.0,0,0,17000.0,300.0,1.2,Home,1900000.0,180,10.49,20991.0,85.7,86.9,1,21.3,0,230000.0,3620000.0,Rent,2,Married,Tier-1,0,-1
APP102138,42,581000.0,48417.0,0.0,Salaried,Manufacturing,10.7,Graduate,653,10.4,10,2,1,1,1,Home,730000.0,1,1,0,5,100.0,0,1,0,2,1,7,340000.0,155380.0,45.7,8500.0,0,0,316380.0,7000.0,30.5,Personal,440000.0,12,13.59,39422.0,81.4,111.9,0,0.0,0,96000.0,480000.0,Rent,4,Married,Tier-1,0,-1
APP102139,52,367000.0,30583.0,84000.0,Salaried,Government,2.6,Graduate,656,14.9,10,2,5,4,0,Auto,500000.0,5,4,1,1,94.9,0,1,0,0,1,3,125000.0,11125.0,8.9,2700.0,0,0,737125.0,13100.0,44.7,Personal,230000.0,36,14.54,7921.0,25.9,70.6,0,0.0,0,77000.0,220000.0,Family,0,Single,Tier-1,1,0
APP102140,37,299000.0,24917.0,55000.0,Salaried,Education,2.2,Graduate,719,5.2,6,0,2,1,0,Personal,870000.0,4,3,1,12,100.0,0,0,0,0,0,0,0.0,0.0,0.0,0.0,0,0,133000.0,4600.0,18.5,Auto,290000.0,84,10.35,4867.0,19.5,38.0,1,25.4,0,168000.0,330000.0,Family,1,Married,Tier-1,1,0
APP102141,34,100000.0,8333.0,0.0,Retired,None,0.0,Graduate,573,10.7,8,3,3,2,1,Business,50000.0,4,3,1,8,100.0,1,0,0,2,0,0,0.0,0.0,0.0,0.0,0,0,14000.0,200.0,2.4,Auto,80000.0,36,11.59,2642.0,31.7,34.1,1,29.0,0,11000.0,400000.0,Rent,1,Married,Tier-1,0,-1
APP102142,68,60000.0,5000.0,0.0,Unemployed,None,0.0,Graduate,514,1.7,5,3,2,1,1,Gold,20000.0,4,2,2,16,100.0,0,0,0,1,0,0,0.0,0.0,0.0,0.0,0,0,129000.0,2500.0,50.0,Education,40000.0,120,13.21,602.0,12.0,62.0,0,0.0,0,30000.0,70000.0,Own,1,Single,Tier-2,0,-1
APP102143,42,871000.0,72583.0,75000.0,Salaried,Other,3.1,Post-Graduate,607,1.4,2,0,1,0,1,Business,2230000.0,1,1,0,2,93.4,0,0,1,0,0,0,0.0,0.0,0.0,0.0,0,0,66000.0,1100.0,1.5,Personal,840000.0,12,14.52,75627.0,104.2,105.7,0,0.0,0,438000.0,790000.0,Rent,1,Married,Tier-2,0,-1
APP102144,30,509000.0,42417.0,0.0,Salaried,Manufacturing,9.0,Graduate,695,4.0,5,1,3,1,0,Personal,790000.0,3,2,1,51,100.0,0,0,0,0,0,0,0.0,0.0,0.0,0.0,0,0,46000.0,2200.0,5.2,Personal,360000.0,36,12.67,12073.0,28.5,33.6,0,0.0,0,52000.0,670000.0,Rent,1,Married,Tier-2,1,0
APP102145,30,299000.0,24917.0,0.0,Salaried,IT,9.0,High School,642,6.0,4,2,2,2,0,Business,220000.0,3,3,0,5,88.8,1,0,1,0,0,0,0.0,0.0,0.0,0.0,0,0,89000.0,3800.0,15.3,Personal,190000.0,12,15.13,17161.0,68.9,84.1,0,0.0,0,141000.0,680000.0,Rent,0,Single,Tier-2,0,-1
APP102146,28,517000.0,43083.0,0.0,Salaried,Retail,6.0,Graduate,691,8.0,3,1,3,1,1,Business,520000.0,4,3,1,15,100.0,0,0,0,0,0,0,0.0,0.0,0.0,0.0,0,0,353000.0,7000.0,16.2,Education,500000.0,60,10.39,10720.0,24.9,41.1,0,0.0,0,137000.0,250000.0,Rent,1,Married,Tier-1,1,0
APP102147,48,1111000.0,92583.0,0.0,Salaried,Other,3.2,Post-Graduate,638,4.9,4,0,3,1,0,Business,450000.0,4,2,2,26,97.7,1,0,0,1,1,2,410000.0,320620.0,78.2,7300.0,0,0,817620.0,15400.0,33.9,Personal,790000.0,12,13.92,70902.0,76.6,110.5,1,0.0,1,208000.0,3620000.0,Own,3,Single,Tier-1,0,-1
APP102148,34,421000.0,35083.0,0.0,Salaried,Education,4.7,High School,720,3.9,4,1,2,0,0,Personal,590000.0,3,3,0,31,100.0,0,0,0,0,0,0,0.0,0.0,0.0,0.0,0,0,593000.0,10000.0,28.5,Home,2670000.0,240,8.08,22466.0,64.0,92.5,1,10.5,0,256000.0,1210000.0,Own,2,Married,Tier-2,1,0
APP102149,39,503000.0,41917.0,0.0,Salaried,Government,6.0,Graduate,617,8.5,7,1,2,1,0,Home,1010000.0,3,3,0,45,100.0,0,0,0,0,1,1,250000.0,159750.0,63.9,2700.0,1,1,491750.0,17000.0,59.6,Education,330000.0,84,11.66,5766.0,13.8,73.4,0,0.0,1,70000.0,1990000.0,Own,3,Single,Tier-1,1,1
APP102150,37,836000.0,69667.0,42000.0,Self-Employed,Education,4.6,Post-Graduate,646,14.4,8,0,2,2,1,Business,2050000.0,3,2,1,58,90.1,0,0,1,0,0,0,0.0,0.0,0.0,0.0,0,0,512000.0,12400.0,17.8,Debt Consolidation,600000.0,24,15.08,29115.0,41.8,59.6,0,0.0,0,300000.0,650000.0,Rent,0,Single,Tier-3,1,1
APP102151,46,297000.0,24750.0,0.0,Salaried,Education,5.2,High School,658,9.0,6,0,2,0,1,Gold,90000.0,2,2,0,3,96.4,0,0,0,0,1,3,105000.0,69090.0,65.8,3200.0,0,2,460090.0,7000.0,42.2,Home,2230000.0,240,9.6,20932.0,84.6,126.8,1,13.4,0,117000.0,390000.0,Own,1,Single,Tier-1,0,-1
APP102152,29,620000.0,51667.0,0.0,Salaried,IT,8.0,Post-Graduate,803,6.8,7,0,0,0,0,None,0.0,0,0,0,-1,98.1,0,0,0,0,0,0,0.0,0.0,0.0,0.0,0,0,1083000.0,20400.0,39.5,Personal,210000.0,60,11.49,4617.0,8.9,48.4,0,0.0,0,294000.0,1860000.0,Own,2,Married,Tier-1,1,0
APP102153,26,320000.0,26667.0,26000.0,Salaried,Manufacturing,3.0,Graduate,682,6.0,6,4,1,1,0,Personal,550000.0,2,1,1,43,100.0,1,0,0,0,0,0,0.0,0.0,0.0,0.0,0,0,302000.0,5800.0,21.7,Personal,120000.0,24,13.97,5760.0,21.6,43.3,0,0.0,0,324000.0,1570000.0,Family,0,Single,Tier-1,1,0
APP102154,40,271000.0,22583.0,22000.0,Salaried,IT,18.2,Post-Graduate,720,10.1,4,4,4,2,0,Education,730000.0,4,3,1,39,100.0,0,0,0,0,1,4,80000.0,7920.0,9.9,1300.0,0,1,167920.0,3300.0,16.4,Business,1020000.0,60,12.36,22875.0,101.3,117.7,0,0.0,1,132000.0,1630000.0,Own,0,Married,Tier-1,0,-1
APP102155,45,660000.0,55000.0,0.0,Salaried,Manufacturing,6.1,Post-Graduate,756,9.0,4,0,0,0,0,None,0.0,0,0,0,-1,100.0,0,0,0,1,1,5,115000.0,7015.0,6.1,2800.0,0,2,465015.0,16700.0,31.0,Personal,310000.0,60,12.35,6951.0,12.6,43.6,0,0.0,0,235000.0,450000.0,Rent,0,Married,Tier-1,1,0
APP102156,42,775000.0,64583.0,0.0,Salaried,Government,4.4,Doctorate,783,10.2,9,3,2,1,0,Business,370000.0,3,1,2,45,99.9,0,0,0,1,1,1,220000.0,34540.0,15.7,7100.0,0,1,1379540.0,19700.0,33.2,Auto,980000.0,84,8.1,15323.0,23.7,56.9,1,15.1,0,141000.0,1020000.0,Rent,0,Married,Tier-1,1,1
APP102157,29,357000.0,29750.0,0.0,Salaried,Construction,3.0,Graduate,707,6.2,1,0,1,1,0,Home,150000.0,2,2,0,47,100.0,0,0,0,1,0,0,0.0,0.0,0.0,0.0,0,0,46000.0,1000.0,3.4,Personal,300000.0,36,13.14,10128.0,34.0,37.4,0,0.0,0,213000.0,380000.0,Rent,2,Single,Tier-1,1,0
APP102158,45,927000.0,77250.0,0.0,Salaried,Healthcare,3.2,Post-Graduate,665,16.4,7,2,5,3,0,Gold,2140000.0,5,5,0,9,99.7,1,0,0,1,1,1,290000.0,187920.0,64.8,9300.0,0,0,499920.0,14300.0,30.7,Education,1190000.0,84,9.73,19590.0,25.4,56.0,1,0.0,0,460000.0,3850000.0,Own,1,Married,Tier-1,0,-1
APP102159,30,248000.0,20667.0,0.0,Contract,Education,5.6,Graduate,726,1.4,1,2,2,1,0,Auto,490000.0,3,2,1,30,100.0,0,0,0,1,0,0,0.0,0.0,0.0,0.0,0,0,114000.0,4600.0,22.3,Auto,230000.0,36,9.96,7417.0,35.9,58.1,1,26.4,0,33000.0,300000.0,Rent,1,Single,Tier-1,0,-1
APP102160,32,60000.0,5000.0,5000.0,Unemployed,None,0.0,Graduate,559,7.7,4,3,2,0,0,Auto,30000.0,3,3,0,47,100.0,1,0,0,0,0,0,0.0,0.0,0.0,0.0,0,0,47000.0,1300.0,26.0,Business,210000.0,60,14.77,4971.0,99.4,125.4,0,0.0,1,15000.0,190000.0,Rent,2,Married,Tier-1,0,-1
APP102161,28,363000.0,30250.0,0.0,Salaried,Banking/Finance,4.3,Post-Graduate,628,2.7,3,1,2,2,0,Business,550000.0,3,3,0,59,100.0,1,0,0,0,1,1,130000.0,102310.0,78.7,1400.0,1,0,480310.0,6800.0,39.4,Education,580000.0,84,11.1,9962.0,32.9,72.3,1,0.0,0,50000.0,280000.0,Rent,0,Single,Tier-1,1,0
APP102162,52,176000.0,14667.0,0.0,Salaried,Other,1.8,Graduate,662,5.7,8,3,4,4,0,Auto,250000.0,5,5,0,23,96.7,1,0,0,0,0,0,0.0,0.0,0.0,0.0,0,0,175000.0,9300.0,63.4,Home,910000.0,120,8.96,11508.0,78.5,141.9,1,15.6,0,78000.0,50000.0,Family,1,Single,Tier-2,0,-1
APP102163,45,980000.0,81667.0,0.0,Business Owner,Education,5.6,Post-Graduate,702,1.5,1,0,0,0,0,None,0.0,2,1,1,37,92.5,0,1,0,0,0,0,0.0,0.0,0.0,0.0,0,0,1062000.0,37900.0,46.4,Business,3150000.0,84,12.32,56147.0,68.8,115.2,0,0.0,0,287000.0,1010000.0,Own,0,Single,Tier-2,0,-1
APP102164,45,229000.0,19083.0,0.0,Self-Employed,Banking/Finance,3.2,High School,657,3.5,3,0,0,0,0,None,0.0,0,0,0,-1,100.0,0,0,0,0,0,0,0.0,0.0,0.0,0.0,0,0,195000.0,6400.0,33.5,Education,360000.0,120,11.14,4988.0,26.1,59.7,0,0.0,0,107000.0,190000.0,Rent,2,Single,Tier-3,0,-1
APP102165,52,700000.0,58333.0,0.0,Salaried,Banking/Finance,1.2,Graduate,726,3.9,1,2,4,2,0,Gold,750000.0,7,5,2,45,100.0,0,0,0,0,1,2,255000.0,72675.0,28.5,3900.0,1,0,347675.0,9300.0,22.2,Auto,750000.0,36,9.26,23941.0,41.0,63.2,1,20.7,0,168000.0,430000.0,Rent,1,Married,Tier-1,1,1
APP102166,69,204000.0,17000.0,0.0,Retired,None,0.0,High School,711,7.0,7,1,0,0,0,None,0.0,0,0,0,-1,100.0,0,0,0,1,0,0,0.0,0.0,0.0,0.0,0,0,155000.0,2400.0,14.1,Personal,160000.0,12,11.97,14214.0,83.6,97.7,1,0.0,0,77000.0,120000.0,Family,0,Single,Tier-2,0,-1
APP102167,21,241000.0,20083.0,0.0,Salaried,Retail,0.0,Graduate,660,1.0,4,1,4,2,0,Personal,430000.0,4,3,1,41,98.1,0,1,0,1,0,0,0.0,0.0,0.0,0.0,0,0,202000.0,3100.0,15.4,Auto,300000.0,60,10.62,6466.0,32.2,47.6,1,14.5,0,100000.0,80000.0,Rent,1,Divorced,Tier-1,1,0
APP102168,30,225000.0,18750.0,0.0,Self-Employed,IT,4.2,High School,675,4.1,2,1,3,1,0,Education,450000.0,3,3,0,6,100.0,0,0,0,0,0,0,0.0,0.0,0.0,0.0,0,0,112000.0,3100.0,16.5,Auto,190000.0,60,10.74,4106.0,21.9,38.4,1,18.8,1,115000.0,160000.0,Rent,0,Divorced,Tier-3,1,0
APP102169,31,578000.0,48167.0,0.0,Salaried,Education,5.1,Graduate,692,8.8,7,0,2,2,0,Business,1310000.0,3,3,0,11,96.0,0,1,0,0,1,1,115000.0,38640.0,33.6,1100.0,0,2,502640.0,7900.0,20.4,Debt Consolidation,560000.0,24,13.01,26626.0,55.3,75.7,1,0.0,0,187000.0,350000.0,Own,1,Married,Tier-2,1,0
APP102170,29,1153000.0,96083.0,0.0,Salaried,Manufacturing,8.0,Doctorate,763,9.0,7,0,0,0,0,None,0.0,2,2,0,35,100.0,0,0,0,0,1,1,635000.0,104140.0,16.4,19600.0,0,0,234140.0,4300.0,9.9,Home,10050000.0,240,7.48,80839.0,84.1,94.0,1,21.3,0,132000.0,3930000.0,Rent,1,Married,Tier-3,1,0
APP102171,26,168000.0,14000.0,31000.0,Salaried,Education,1.2,Post-Graduate,713,3.7,2,0,1,1,0,Education,270000.0,2,2,0,29,100.0,0,0,0,0,0,0,0.0,0.0,0.0,0.0,0,0,16000.0,700.0,5.0,Auto,140000.0,60,9.91,2968.0,21.2,26.2,1,21.5,0,122000.0,120000.0,Rent,1,Single,Tier-1,1,0
APP102172,35,663000.0,55250.0,0.0,Salaried,Banking/Finance,9.0,Post-Graduate,619,13.0,7,3,2,2,0,Business,1110000.0,2,2,0,56,78.4,1,1,1,0,0,0,0.0,0.0,0.0,0.0,0,0,290000.0,9900.0,17.9,Business,1290000.0,60,14.24,30177.0,54.6,72.5,0,0.0,0,496000.0,1060000.0,Rent,2,Married,Tier-2,0,-1
APP102173,25,95000.0,7917.0,0.0,Salaried,Banking/Finance,4.0,High School,540,5.0,3,3,0,0,0,None,0.0,0,0,0,-1,100.0,1,0,0,0,1,2,25000.0,16475.0,65.9,300.0,1,0,173475.0,4700.0,69.8,Business,300000.0,36,15.19,10428.0,131.7,201.5,0,0.0,0,104000.0,170000.0,Rent,0,Married,Tier-3,0,-1
APP102174,42,398000.0,33167.0,0.0,Self-Employed,IT,14.9,Graduate,681,12.8,7,1,1,0,0,Auto,1140000.0,1,0,1,13,100.0,0,0,0,0,0,0,0.0,0.0,0.0,0.0,0,0,545000.0,17900.0,54.0,Auto,450000.0,48,10.39,11498.0,34.7,88.6,1,28.7,0,52000.0,270000.0,Rent,2,Married,Tier-1,0,-1
APP102175,39,939000.0,78250.0,0.0,Self-Employed,IT,11.2,Graduate,659,5.4,7,2,2,0,0,Auto,2100000.0,2,2,0,50,97.7,1,0,0,0,1,1,185000.0,49765.0,26.9,1300.0,0,1,121765.0,3000.0,7.0,Home,4900000.0,180,9.41,50901.0,65.0,72.1,1,28.9,0,172000.0,12160000.0,Own,2,Married,Tier-2,0,-1
APP102176,43,1694000.0,141167.0,0.0,Salaried,IT,5.2,High School,794,4.1,5,1,2,2,0,Auto,3700000.0,3,2,1,38,95.6,1,0,0,0,0,0,0.0,0.0,0.0,0.0,0,0,1509000.0,43600.0,30.9,Debt Consolidation,1840000.0,36,12.49,61546.0,43.6,74.5,0,0.0,0,210000.0,4130000.0,Rent,2,Married,Tier-1,1,0
APP102177,44,399000.0,33250.0,0.0,Salaried,Healthcare,9.2,Graduate,682,4.8,6,3,2,1,0,Gold,400000.0,4,4,0,18,100.0,0,0,0,0,0,0,0.0,0.0,0.0,0.0,0,0,401000.0,5800.0,17.4,Personal,360000.0,12,14.36,32384.0,97.4,114.8,0,0.0,0,18000.0,710000.0,Rent,5,Married,Tier-2,0,-1
APP102178,45,255000.0,21250.0,0.0,Contract,Construction,12.8,Post-Graduate,657,6.9,4,3,2,0,0,Auto,520000.0,3,3,0,35,100.0,1,0,0,1,0,0,0.0,0.0,0.0,0.0,0,0,100000.0,3100.0,14.6,Personal,100000.0,60,14.63,2360.0,11.1,25.7,0,0.0,1,166000.0,490000.0,Rent,1,Married,Tier-1,1,0
APP102179,34,229000.0,19083.0,0.0,Salaried,Education,0.9,High School,708,5.3,3,2,1,1,0,Personal,570000.0,1,1,0,32,96.5,1,0,0,0,0,0,0.0,0.0,0.0,0.0,0,0,118000.0,2300.0,12.1,Personal,230000.0,12,12.96,20539.0,107.6,119.7,0,0.0,1,19000.0,270000.0,Own,3,Married,Tier-1,0,-1
APP102180,61,208000.0,17333.0,0.0,Retired,None,0.0,Post-Graduate,637,5.5,2,2,0,0,0,None,0.0,1,0,1,51,100.0,0,0,0,2,1,1,85000.0,31195.0,36.7,400.0,0,0,49195.0,300.0,10.7,Personal,150000.0,60,14.24,3509.0,20.2,31.0,0,0.0,0,113000.0,140000.0,Rent,1,Single,Tier-2,1,0
APP102181,41,228000.0,19000.0,0.0,Salaried,Other,6.5,High School,711,8.3,5,2,2,1,0,Auto,100000.0,3,3,0,44,99.8,1,0,0,0,0,0,0.0,0.0,0.0,0.0,0,0,143000.0,4700.0,24.7,Education,250000.0,120,10.03,3308.0,17.4,42.1,0,0.0,0,20000.0,200000.0,Family,2,Married,Tier-1,1,0
APP102182,21,153000.0,12750.0,32000.0,Contract,Government,0.0,High School,659,1.0,8,1,5,4,0,Home,300000.0,7,6,1,4,96.8,0,0,0,0,0,0,0.0,0.0,0.0,0.0,0,0,104000.0,1700.0,13.3,Auto,120000.0,84,10.79,2041.0,16.0,29.3,1,27.7,0,10000.0,110000.0,Own,1,Single,Tier-1,1,0
APP102183,27,388000.0,32333.0,74000.0,Business Owner,Construction,6.0,High School,671,5.9,5,1,4,3,0,Business,870000.0,4,2,2,10,95.9,0,1,0,0,1,7,110000.0,25080.0,22.8,2700.0,0,1,167080.0,2400.0,11.3,Personal,370000.0,24,13.86,17740.0,54.9,66.2,0,0.0,0,80000.0,300000.0,Own,1,Single,Tier-1,0,-1
APP102184,21,93000.0,7750.0,0.0,Unemployed,None,0.0,Post-Graduate,653,1.0,5,0,0,0,0,None,0.0,2,1,1,22,96.8,0,0,0,1,0,0,0.0,0.0,0.0,0.0,0,0,18000.0,500.0,6.5,Auto,100000.0,84,10.78,1701.0,21.9,28.4,1,28.0,1,41000.0,150000.0,Rent,2,Married,Tier-2,0,-1
APP102185,38,490000.0,40833.0,0.0,Self-Employed,Government,14.8,Graduate,640,5.0,0,0,1,0,0,Education,1030000.0,1,0,1,51,95.9,0,1,0,0,1,2,85000.0,34510.0,40.6,800.0,1,0,34510.0,0.0,4.2,Auto,700000.0,36,10.49,22748.0,55.7,59.9,1,24.2,0,30000.0,100000.0,Rent,0,Married,Tier-1,1,1
APP102186,37,328000.0,27333.0,0.0,Salaried,Other,4.3,Post-Graduate,615,3.8,6,3,3,3,0,Gold,530000.0,3,2,1,43,100.0,0,0,0,1,1,1,155000.0,46035.0,29.7,1100.0,0,2,790035.0,16800.0,69.9,Home,2210000.0,300,10.24,20457.0,74.8,144.7,1,21.1,0,61000.0,470000.0,Rent,1,Married,Tier-1,0,-1
APP102187,33,290000.0,24167.0,68000.0,Salaried,Healthcare,3.1,Graduate,645,3.9,8,0,4,2,0,Personal,740000.0,4,2,2,37,94.2,1,0,0,0,1,3,120000.0,45240.0,37.7,2000.0,0,0,165240.0,2600.0,20.1,Home,1260000.0,120,9.21,16105.0,66.6,86.8,1,20.1,0,23000.0,300000.0,Rent,2,Single,Tier-1,0,-1
APP102188,60,159000.0,13250.0,34000.0,Retired,None,0.0,Post-Graduate,554,1.9,4,1,2,2,1,Business,70000.0,4,4,0,54,97.6,0,0,1,0,0,0,0.0,0.0,0.0,0.0,0,0,347000.0,5200.0,39.2,Business,520000.0,60,15.34,12464.0,94.1,133.3,0,0.0,0,90000.0,290000.0,Rent,1,Single,Tier-2,0,-1
APP102189,44,279000.0,23250.0,48000.0,Self-Employed,Banking/Finance,6.6,Graduate,553,3.1,6,2,3,0,0,Auto,470000.0,4,1,3,13,100.0,1,0,0,0,1,2,145000.0,97875.0,67.5,1900.0,0,0,178875.0,4200.0,39.1,Business,410000.0,84,14.96,7902.0,34.0,73.1,0,0.0,0,83000.0,3590000.0,Rent,1,Single,Tier-3,0,-1
APP102190,46,321000.0,26750.0,0.0,Self-Employed,Healthcare,5.1,Graduate,603,7.0,4,2,0,0,0,None,0.0,0,0,0,-1,92.0,0,0,1,0,1,1,100000.0,25000.0,25.0,2400.0,0,1,276000.0,4100.0,20.0,Debt Consolidation,170000.0,36,14.5,5852.0,21.9,41.9,1,0.0,1,98000.0,110000.0,Rent,1,Married,Tier-1,1,0
APP102191,28,788000.0,65667.0,0.0,Salaried,Other,7.0,Post-Graduate,738,2.3,3,1,2,1,0,Education,2240000.0,2,2,0,21,96.5,2,0,0,0,0,0,0.0,0.0,0.0,0.0,0,0,384000.0,17300.0,26.3,Business,3100000.0,84,12.22,55089.0,83.9,110.2,0,0.0,0,525000.0,310000.0,Own,1,Married,Tier-1,0,-1
APP102192,27,66000.0,5500.0,6000.0,Unemployed,None,0.0,Post-Graduate,539,0.8,5,0,2,0,0,Gold,190000.0,3,2,1,30,91.6,1,1,0,1,0,0,0.0,0.0,0.0,0.0,0,0,18000.0,900.0,16.4,Personal,60000.0,60,16.06,1461.0,26.6,42.9,0,0.0,1,16000.0,80000.0,Family,4,Married,Tier-1,0,-1
APP102193,38,169000.0,14083.0,0.0,Salaried,Retail,7.2,Graduate,666,7.8,4,2,2,1,0,Personal,240000.0,2,2,0,57,97.2,1,0,0,0,0,0,0.0,0.0,0.0,0.0,0,0,212000.0,4100.0,29.1,Home,1020000.0,300,9.19,8693.0,61.7,90.8,1,17.9,0,76000.0,1650000.0,Rent,1,Married,Tier-1,0,-1
APP102194,40,601000.0,50083.0,0.0,Salaried,Manufacturing,9.3,High School,677,19.1,11,2,5,4,0,Gold,1540000.0,5,4,1,48,95.6,2,0,0,2,1,2,120000.0,47520.0,39.6,2600.0,0,1,302520.0,11100.0,26.9,Business,700000.0,36,13.18,23647.0,47.2,74.1,0,0.0,0,771000.0,160000.0,Rent,1,Single,Tier-2,0,-1
APP102195,21,629000.0,52417.0,0.0,Salaried,IT,0.0,Post-Graduate,702,1.0,0,1,1,0,0,Auto,820000.0,1,1,0,40,96.2,1,0,0,1,0,0,0.0,0.0,0.0,0.0,0,0,0.0,0.0,0.0,Home,3020000.0,120,8.5,37444.0,71.4,71.4,1,23.4,0,196000.0,770000.0,Rent,1,Married,Tier-1,1,0
APP102196,36,60000.0,5000.0,0.0,Unemployed,None,0.0,Graduate,588,16.0,6,5,4,3,0,Home,140000.0,4,3,1,12,100.0,0,0,0,0,0,0,0.0,0.0,0.0,0.0,0,0,24000.0,900.0,18.0,Personal,30000.0,60,14.91,712.0,14.2,32.2,0,0.0,0,4000.0,40000.0,Rent,2,Married,Tier-1,0,-1
APP102197,38,74000.0,6167.0,0.0,Unemployed,None,0.0,Doctorate,416,0.7,2,1,1,0,0,Education,60000.0,2,2,0,38,100.0,0,0,0,2,1,2,20000.0,14200.0,71.0,700.0,1,1,103200.0,3800.0,73.1,Debt Consolidation,80000.0,60,18.26,2043.0,33.1,106.3,0,0.0,0,34000.0,90000.0,Own,0,Married,Tier-1,0,-1
APP102198,36,278000.0,23167.0,0.0,Salaried,Education,4.8,Graduate,665,7.5,5,3,2,1,1,Business,520000.0,2,2,0,44,98.8,0,0,0,1,0,0,0.0,0.0,0.0,0.0,0,0,176000.0,3900.0,16.8,Home,2670000.0,180,9.56,27978.0,120.8,137.6,1,14.1,0,39000.0,110000.0,Rent,1,Married,Tier-2,0,-1
APP102199,29,174000.0,14500.0,0.0,Retired,None,0.0,High School,704,2.7,4,0,4,2,0,Personal,460000.0,5,5,0,56,100.0,0,0,0,0,1,1,85000.0,19040.0,22.4,1000.0,0,0,121040.0,1600.0,17.6,Personal,110000.0,24,13.32,5246.0,36.2,53.8,0,0.0,1,36000.0,170000.0,Rent,3,Married,Tier-1,1,0
APP102200,32,60000.0,5000.0,11000.0,Unemployed,None,0.0,Graduate,610,12.0,8,0,2,2,0,Personal,90000.0,3,2,1,26,100.0,0,0,0,1,1,4,15000.0,4575.0,30.5,300.0,0,0,9575.0,200.0,8.6,Auto,70000.0,84,10.43,1178.0,23.6,32.1,1,12.1,0,10000.0,130000.0,Family,1,Married,Tier-3,1,1
APP102201,36,360000.0,30000.0,0.0,Contract,Healthcare,6.8,Graduate,744,4.4,4,0,0,0,0,None,0.0,1,1,0,3,100.0,0,0,0,0,0,0,0.0,0.0,0.0,0.0,0,0,403000.0,15400.0,51.3,Home,1720000.0,120,8.65,21464.0,71.5,122.9,1,25.1,0,129000.0,270000.0,Rent,1,Married,Tier-2,1,0
APP102202,39,336000.0,28000.0,0.0,Contract,IT,6.4,Graduate,649,3.1,3,3,3,2,1,Gold,450000.0,7,7,0,34,100.0,0,0,0,0,0,0,0.0,0.0,0.0,0.0,0,0,107000.0,2700.0,9.6,Auto,240000.0,36,9.82,7724.0,27.6,37.2,1,19.1,1,88000.0,920000.0,Own,2,Married,Tier-1,1,0
APP102203,45,237000.0,19750.0,0.0,Salaried,IT,4.6,Post-Graduate,618,0.1,3,4,0,0,0,None,0.0,1,1,0,25,100.0,0,0,0,0,0,0,0.0,0.0,0.0,0.0,0,0,110000.0,3200.0,16.2,Auto,170000.0,84,10.8,2893.0,14.6,30.9,1,16.8,0,60000.0,2110000.0,Family,1,Married,Tier-1,1,0
APP102204,50,1533000.0,127750.0,98000.0,Business Owner,Manufacturing,11.9,Graduate,639,9.3,3,1,4,2,1,Auto,4200000.0,6,5,1,5,99.0,1,1,0,0,1,3,855000.0,220590.0,25.8,9200.0,0,0,2466590.0,49400.0,47.3,Business,2550000.0,60,14.25,59665.0,46.7,94.0,0,0.0,0,822000.0,4150000.0,Own,0,Divorced,Tier-2,0,-1
APP102205,35,669000.0,55750.0,111000.0,Self-Employed,Education,3.7,Graduate,694,8.8,2,0,2,1,0,Home,730000.0,6,5,1,39,91.6,3,0,0,0,0,0,0.0,0.0,0.0,0.0,0,0,44000.0,2300.0,4.1,Home,4320000.0,240,8.77,38231.0,68.6,72.7,1,27.5,0,163000.0,2790000.0,Rent,2,Married,Tier-2,1,0
APP102206,33,465000.0,38750.0,0.0,Business Owner,Manufacturing,11.2,Graduate,694,12.5,8,1,4,3,0,Auto,440000.0,7,5,2,22,96.4,0,1,0,3,1,4,120000.0,29280.0,24.4,800.0,0,0,267280.0,3500.0,12.8,Debt Consolidation,230000.0,36,14.19,7882.0,20.3,33.2,0,0.0,0,164000.0,1370000.0,Family,0,Married,Tier-3,1,0
APP102207,43,587000.0,48917.0,63000.0,Salaried,IT,3.7,Post-Graduate,670,6.1,1,3,2,1,0,Auto,1530000.0,3,1,2,3,100.0,1,0,0,2,0,0,0.0,0.0,0.0,0.0,0,0,261000.0,9600.0,19.6,Education,970000.0,60,11.04,21110.0,43.2,62.8,0,0.0,0,525000.0,560000.0,Own,2,Married,Tier-1,1,1
APP102208,45,1323000.0,110250.0,310000.0,Business Owner,Banking/Finance,2.1,Post-Graduate,463,4.1,3,2,1,1,1,Personal,3720000.0,1,1,0,35,72.0,1,0,2,0,1,2,385000.0,280280.0,72.8,11700.0,0,0,1872280.0,26600.0,36.8,Personal,980000.0,12,16.99,89376.0,81.1,117.9,0,0.0,0,1355000.0,240000.0,Rent,1,Single,Tier-2,0,-1
APP102209,33,165000.0,13750.0,0.0,Retired,None,0.0,Graduate,420,11.1,7,2,5,3,3,Home,340000.0,6,5,1,16,81.9,0,1,1,0,1,2,60000.0,20040.0,33.4,700.0,1,1,316040.0,4400.0,39.3,Home,1600000.0,180,13.84,21136.0,153.7,193.0,1,13.9,0,281000.0,90000.0,Own,1,Married,Tier-1,0,-1
APP102210,47,1284000.0,107000.0,0.0,Salaried,Manufacturing,6.0,Post-Graduate,757,3.5,6,2,0,0,0,None,0.0,1,1,0,24,100.0,0,0,0,0,1,2,410000.0,54530.0,13.3,8100.0,0,0,612530.0,18600.0,19.9,Business,4310000.0,84,12.05,76199.0,71.2,91.1,0,0.0,0,1414000.0,4670000.0,Family,0,Single,Tier-3,0,-1
APP102211,49,598000.0,49833.0,26000.0,Retired,None,0.0,High School,730,1.4,5,0,0,0,0,None,0.0,2,1,1,19,97.5,1,0,0,0,0,0,0.0,0.0,0.0,0.0,0,0,231000.0,4700.0,9.4,Home,5230000.0,120,8.37,64481.0,129.4,138.8,1,12.8,0,47000.0,240000.0,Rent,2,Married,Tier-3,0,-1
APP102212,52,377000.0,31417.0,13000.0,Salaried,Education,0.7,Graduate,717,7.3,5,1,2,2,0,Personal,520000.0,2,0,2,18,100.0,0,0,0,1,0,0,0.0,0.0,0.0,0.0,0,0,676000.0,10600.0,33.7,Debt Consolidation,330000.0,36,13.51,11200.0,35.6,69.4,0,0.0,1,58000.0,450000.0,Own,1,Single,Tier-3,1,0
APP102213,58,386000.0,32167.0,0.0,Salaried,Other,4.2,Post-Graduate,700,10.2,4,1,2,1,0,Home,1100000.0,3,2,1,17,100.0,0,0,0,0,1,3,120000.0,54240.0,45.2,2700.0,0,1,543240.0,7200.0,30.8,Home,1640000.0,300,9.76,14626.0,45.5,76.3,1,23.8,0,206000.0,540000.0,Own,0,Single,Tier-3,1,1
APP102214,28,257000.0,21417.0,0.0,Salaried,Banking/Finance,7.0,Graduate,537,1.1,3,2,1,1,1,Education,750000.0,1,0,1,6,80.9,2,0,1,2,0,0,0.0,0.0,0.0,0.0,0,0,152000.0,3100.0,14.5,Home,2090000.0,240,11.41,22159.0,103.5,117.9,1,15.1,0,119000.0,120000.0,Rent,1,Single,Tier-3,0,-1
APP102215,38,79000.0,6583.0,0.0,Contract,Manufacturing,3.4,High School,624,5.8,5,0,2,1,0,Education,90000.0,3,3,0,41,100.0,0,0,0,2,0,0,0.0,0.0,0.0,0.0,0,0,157000.0,3600.0,54.7,Personal,60000.0,36,14.47,2064.0,31.4,86.0,1,0.0,0,20000.0,510000.0,Family,3,Married,Tier-2,0,-1
APP102216,38,1005000.0,83750.0,0.0,Self-Employed,IT,9.9,Graduate,708,9.3,4,4,5,2,0,Home,400000.0,6,4,2,10,100.0,0,0,0,1,1,3,160000.0,35040.0,21.9,4200.0,0,0,1178040.0,22700.0,29.2,Home,4120000.0,180,9.11,42058.0,50.2,79.4,1,10.7,0,635000.0,2290000.0,Family,2,Married,Tier-2,1,1
APP102217,37,409000.0,34083.0,0.0,Salaried,IT,16.0,Graduate,642,3.2,2,1,1,1,0,Home,460000.0,3,3,0,54,95.2,2,0,0,1,1,1,180000.0,86400.0,48.0,1700.0,0,3,505400.0,8300.0,37.0,Home,3670000.0,300,10.27,34050.0,99.9,136.9,1,20.9,0,49000.0,2570000.0,Own,1,Married,Tier-1,0,-1
APP102218,31,615000.0,51250.0,0.0,Self-Employed,Other,10.0,High School,701,11.0,10,2,5,4,0,Business,1430000.0,7,4,3,4,97.5,0,1,0,0,0,0,0.0,0.0,0.0,0.0,0,0,589000.0,8600.0,16.8,Debt Consolidation,270000.0,24,14.36,13009.0,25.4,42.2,0,0.0,0,355000.0,2870000.0,Rent,0,Single,Tier-1,1,0
APP102219,22,551000.0,45917.0,0.0,Salaried,Retail,1.0,High School,714,2.0,4,0,2,1,0,Education,970000.0,2,0,2,51,100.0,0,0,0,1,0,0,0.0,0.0,0.0,0.0,0,0,706000.0,23700.0,51.6,Personal,410000.0,60,12.62,9249.0,20.1,71.8,1,0.0,0,415000.0,1750000.0,Rent,3,Married,Tier-3,0,-1
APP102220,39,315000.0,26250.0,0.0,Salaried,Education,9.4,Post-Graduate,709,2.9,3,3,2,0,0,Gold,580000.0,3,1,2,50,100.0,0,0,0,1,0,0,0.0,0.0,0.0,0.0,0,0,420000.0,6000.0,22.9,Personal,150000.0,36,13.19,5068.0,19.3,42.2,0,0.0,0,22000.0,70000.0,Family,4,Married,Tier-1,1,1
APP102221,30,60000.0,5000.0,0.0,Unemployed,None,0.0,High School,511,3.5,4,1,3,3,1,Gold,30000.0,5,5,0,41,88.8,0,0,1,0,0,0,0.0,0.0,0.0,0.0,0,0,32000.0,800.0,16.0,Home,590000.0,120,12.42,8609.0,172.2,188.2,1,10.1,0,20000.0,30000.0,Rent,1,Single,Tier-1,0,-1
APP102222,39,1294000.0,107833.0,0.0,Self-Employed,IT,8.4,Graduate,724,2.2,3,2,1,1,0,Auto,1990000.0,1,1,0,15,95.4,0,0,0,0,1,1,230000.0,92690.0,40.3,1500.0,0,3,216690.0,3100.0,7.2,Personal,1000000.0,24,12.73,47415.0,44.0,51.1,0,0.0,1,487000.0,1790000.0,Family,2,Married,Tier-2,1,0
APP102223,29,506000.0,42167.0,112000.0,Contract,Other,2.0,Doctorate,570,2.9,3,4,3,2,0,Personal,1350000.0,3,1,2,59,91.8,1,1,0,1,1,5,150000.0,29100.0,19.4,1200.0,0,0,1286100.0,21000.0,53.3,Business,1690000.0,60,14.71,39948.0,94.7,148.0,0,0.0,0,62000.0,570000.0,Family,0,Single,Tier-2,0,-1
APP102224,26,412000.0,34333.0,0.0,Self-Employed,Education,5.0,Post-Graduate,708,5.7,1,1,3,3,0,Education,470000.0,4,3,1,19,100.0,0,0,0,0,0,0,0.0,0.0,0.0,0.0,0,0,758000.0,19000.0,55.3,Personal,180000.0,36,13.48,6107.0,17.8,73.1,0,0.0,0,38000.0,340000.0,Own,2,Married,Tier-1,0,-1
APP102225,41,90000.0,7500.0,6000.0,Retired,None,0.0,Graduate,608,2.4,5,0,2,2,0,Education,40000.0,3,3,0,39,96.8,1,0,0,1,0,0,0.0,0.0,0.0,0.0,0,0,51000.0,1000.0,13.3,Debt Consolidation,60000.0,36,14.98,2079.0,27.7,41.1,0,0.0,0,34000.0,110000.0,Family,2,Married,Tier-1,1,0
APP102226,40,380000.0,31667.0,0.0,Salaried,Retail,1.8,Graduate,693,7.8,3,1,0,0,0,None,0.0,1,1,0,39,97.3,0,0,0,1,1,2,185000.0,55130.0,29.8,800.0,0,1,198130.0,7300.0,31.8,Business,1020000.0,84,12.33,18186.0,57.4,89.2,1,0.0,0,182000.0,7430000.0,Own,1,Married,Tier-1,0,-1
APP102227,44,733000.0,61083.0,0.0,Salaried,Manufacturing,4.4,High School,700,1.2,10,2,0,0,0,None,0.0,0,0,0,-1,100.0,0,0,0,0,0,0,0.0,0.0,0.0,0.0,0,0,233000.0,5400.0,8.8,Business,1700000.0,36,12.81,57124.0,93.5,102.4,0,0.0,0,191000.0,920000.0,Rent,3,Single,Tier-2,0,-1
APP102228,62,233000.0,19417.0,13000.0,Retired,None,0.0,Graduate,628,2.5,4,1,1,1,0,Auto,620000.0,1,0,1,22,97.1,1,0,0,2,0,0,0.0,0.0,0.0,0.0,0,0,365000.0,11400.0,58.7,Personal,220000.0,36,14.49,7572.0,39.0,97.7,0,0.0,0,49000.0,250000.0,Family,1,Married,Tier-1,0,-1
APP102229,41,393000.0,32750.0,0.0,Self-Employed,Government,5.1,High School,672,16.2,3,2,3,1,0,Auto,900000.0,4,2,2,33,96.3,2,0,0,0,0,0,0.0,0.0,0.0,0.0,0,0,457000.0,7900.0,24.1,Personal,280000.0,60,13.83,6490.0,19.8,43.9,0,0.0,1,177000.0,530000.0,Rent,0,Single,Tier-3,1,0
APP102230,43,896000.0,74667.0,0.0,Self-Employed,Healthcare,8.8,High School,556,2.9,4,4,2,2,1,Personal,1310000.0,2,2,0,23,100.0,1,0,0,1,1,1,455000.0,181090.0,39.8,7400.0,0,0,1058090.0,40900.0,66.9,Home,7700000.0,120,11.55,108479.0,145.3,212.2,1,25.0,0,71000.0,1960000.0,Own,3,Divorced,Tier-1,0,-1
APP102231,26,1033000.0,86083.0,0.0,Business Owner,Manufacturing,4.3,High School,555,5.0,5,4,3,3,0,Education,1720000.0,4,3,1,30,91.0,1,1,0,0,1,3,330000.0,256080.0,77.6,7400.0,0,1,1284080.0,22800.0,41.4,Auto,1390000.0,48,12.85,37187.0,43.2,84.6,1,20.6,0,1022000.0,2240000.0,Own,0,Single,Tier-2,0,-1
APP102232,24,503000.0,41917.0,114000.0,Salaried,Healthcare,3.0,Graduate,700,4.0,4,1,1,1,0,Education,380000.0,1,0,1,5,100.0,0,0,0,1,1,2,270000.0,96120.0,35.6,3700.0,0,0,443120.0,6500.0,27.0,Auto,780000.0,60,9.53,16393.0,39.1,66.1,1,16.7,0,1120000.0,760000.0,Family,1,Single,Tier-1,1,0
APP102233,55,1598000.0,133167.0,299000.0,Salaried,Retail,10.4,High School,621,2.0,3,2,2,1,0,Auto,1670000.0,3,3,0,12,86.4,1,2,0,1,1,1,270000.0,100170.0,37.1,2500.0,0,0,718170.0,15200.0,15.2,Debt Consolidation,610000.0,36,15.26,21224.0,15.9,31.1,0,0.0,1,530000.0,1120000.0,Rent,1,Single,Tier-1,1,0
APP102234,28,319000.0,26583.0,20000.0,Self-Employed,Other,7.0,High School,560,2.6,2,1,2,1,0,Education,140000.0,2,2,0,35,89.1,2,0,0,1,1,2,135000.0,66960.0,49.6,3100.0,0,1,336960.0,5500.0,33.3,Personal,140000.0,36,15.65,4898.0,18.4,51.7,0,0.0,0,323000.0,210000.0,Rent,2,Married,Tier-3,1,0
APP102235,27,366000.0,30500.0,0.0,Retired,None,0.0,Post-Graduate,613,6.6,6,1,1,0,0,Gold,600000.0,1,0,1,35,89.9,3,0,0,0,1,5,140000.0,36820.0,26.3,3400.0,0,4,194820.0,2900.0,15.5,Business,520000.0,36,14.37,17866.0,58.6,74.1,0,0.0,0,247000.0,440000.0,Rent,2,Divorced,Tier-1,0,-1
APP102236,38,273000.0,22750.0,0.0,Salaried,Retail,8.6,High School,721,2.9,2,0,1,1,0,Home,720000.0,6,4,2,33,99.5,0,0,0,0,0,0,0.0,0.0,0.0,0.0,0,0,202000.0,6900.0,30.3,Home,1420000.0,240,8.4,12233.0,53.8,84.1,1,10.0,1,814000.0,230000.0,Own,1,Married,Tier-2,1,0
APP102237,37,869000.0,72417.0,0.0,Salaried,Banking/Finance,3.8,Post-Graduate,739,2.7,3,3,0,0,0,None,0.0,0,0,0,-1,97.5,0,0,0,0,0,0,0.0,0.0,0.0,0.0,0,0,341000.0,15000.0,20.7,Auto,820000.0,60,8.85,16962.0,23.4,44.1,1,19.2,0,30000.0,400000.0,Own,3,Divorced,Tier-1,1,0
APP102238,28,386000.0,32167.0,33000.0,Salaried,Other,7.0,Graduate,656,2.6,0,1,2,1,0,Business,350000.0,2,2,0,23,99.5,0,0,0,0,1,2,90000.0,21870.0,24.3,1400.0,0,1,21870.0,0.0,3.4,Auto,300000.0,36,10.75,9786.0,30.4,33.8,1,29.0,0,209000.0,140000.0,Rent,0,Single,Tier-3,1,0
APP102239,35,531000.0,44250.0,0.0,Salaried,Healthcare,1.9,Graduate,801,12.4,4,1,3,2,0,Personal,690000.0,5,2,3,59,100.0,0,0,0,1,1,1,195000.0,49725.0,25.5,1600.0,0,0,333725.0,7600.0,22.8,Personal,510000.0,24,11.37,23858.0,53.9,76.7,0,0.0,0,17000.0,1380000.0,Own,2,Divorced,Tier-3,1,0
APP102240,52,1321000.0,110083.0,301000.0,Salaried,Manufacturing,12.1,High School,694,10.7,7,2,3,2,0,Home,2370000.0,4,3,1,37,95.0,2,0,0,0,1,2,555000.0,145965.0,26.3,17500.0,1,1,431965.0,5600.0,11.7,Home,7510000.0,240,9.12,68150.0,61.9,73.6,1,16.4,0,169000.0,520000.0,Family,1,Married,Tier-1,0,-1
APP102241,29,529000.0,44083.0,0.0,Salaried,Construction,2.9,High School,709,5.7,5,1,2,0,0,Home,740000.0,4,3,1,32,92.9,1,0,0,0,0,0,0.0,0.0,0.0,0.0,0,0,237000.0,3800.0,8.6,Home,3680000.0,300,9.03,30958.0,70.2,78.8,1,18.7,0,150000.0,930000.0,Own,1,Married,Tier-2,1,0
APP102242,23,737000.0,61417.0,0.0,Self-Employed,Healthcare,2.0,Post-Graduate,600,3.0,4,1,2,2,0,Home,1940000.0,5,5,0,23,98.7,0,0,0,3,1,3,410000.0,231240.0,56.4,11200.0,1,1,1639240.0,29300.0,66.5,Debt Consolidation,780000.0,36,14.96,27024.0,44.0,110.5,0,0.0,0,158000.0,6160000.0,Rent,1,Married,Tier-1,0,-1
APP102243,48,270000.0,22500.0,0.0,Salaried,Retail,2.1,Graduate,610,5.5,5,3,1,1,0,Personal,390000.0,3,2,1,4,95.0,2,0,0,0,1,2,145000.0,53070.0,36.6,2600.0,1,2,286070.0,4100.0,30.0,Education,190000.0,84,12.11,3365.0,15.0,45.0,0,0.0,1,238000.0,60000.0,Rent,0,Single,Tier-3,1,1
APP102244,43,340000.0,28333.0,0.0,Salaried,Other,1.5,High School,717,7.0,6,1,0,0,0,None,0.0,0,0,0,-1,96.0,0,1,0,0,0,0,0.0,0.0,0.0,0.0,0,0,16000.0,400.0,1.4,Home,1660000.0,120,8.23,20343.0,71.8,73.2,1,22.4,0,506000.0,430000.0,Own,1,Single,Tier-1,1,0
APP102245,31,246000.0,20500.0,0.0,Salaried,Healthcare,4.7,Graduate,646,7.0,6,2,1,1,0,Personal,250000.0,1,1,0,40,100.0,0,0,0,0,1,3,130000.0,27040.0,20.8,1500.0,0,0,243040.0,3200.0,22.2,Personal,90000.0,12,13.3,8051.0,39.3,61.5,0,0.0,0,111000.0,170000.0,Own,2,Single,Tier-3,0,-1
APP102246,21,98000.0,8167.0,0.0,Unemployed,None,0.0,Graduate,595,1.0,1,1,1,1,0,Auto,110000.0,1,0,1,12,100.0,0,0,0,0,0,0,0.0,0.0,0.0,0.0,0,0,37000.0,1200.0,14.7,Auto,60000.0,36,11.72,1985.0,24.3,39.0,1,13.5,1,303000.0,110000.0,Rent,2,Married,Tier-1,0,-1
APP102247,30,547000.0,45583.0,100000.0,Salaried,IT,9.0,High School,655,3.7,5,4,2,1,0,Personal,1440000.0,2,1,1,3,96.1,2,0,0,3,0,0,0.0,0.0,0.0,0.0,0,0,757000.0,12300.0,27.0,Home,4260000.0,240,9.56,39876.0,87.5,114.5,1,20.8,0,56000.0,210000.0,Rent,2,Single,Tier-1,0,-1
APP102248,37,397000.0,33083.0,73000.0,Salaried,Other,6.3,Graduate,723,3.4,9,0,1,0,0,Personal,1080000.0,1,1,0,20,96.8,1,0,0,0,0,0,0.0,0.0,0.0,0.0,0,0,224000.0,3700.0,11.2,Home,3700000.0,240,8.59,32321.0,97.7,108.9,1,25.0,1,52000.0,240000.0,Rent,0,Single,Tier-3,0,-1
APP102249,51,1034000.0,86167.0,0.0,Salaried,Manufacturing,2.3,Graduate,718,6.1,4,2,2,2,1,Education,2710000.0,3,2,1,40,100.0,0,0,0,0,1,2,415000.0,190900.0,46.0,5300.0,0,3,1423900.0,28300.0,43.9,Personal,760000.0,24,12.89,36093.0,41.9,85.8,0,0.0,0,114000.0,3710000.0,Rent,0,Married,Tier-2,0,-1
APP102250,27,1109000.0,92417.0,0.0,Self-Employed,Government,6.0,Graduate,683,7.0,8,4,2,1,0,Business,680000.0,3,2,1,3,94.4,2,0,0,0,1,2,565000.0,186450.0,33.0,7400.0,0,1,214450.0,1500.0,11.7,Education,1300000.0,120,9.96,17151.0,18.6,30.3,0,0.0,0,858000.0,4240000.0,Own,1,Single,Tier-1,1,0
APP102251,37,81000.0,6750.0,0.0,Unemployed,None,0.0,Post-Graduate,576,5.0,5,3,0,0,0,None,0.0,0,0,0,-1,95.7,0,0,0,1,0,0,0.0,0.0,0.0,0.0,0,0,19000.0,600.0,8.9,Education,150000.0,120,12.72,2215.0,32.8,41.7,0,0.0,1,77000.0,120000.0,Rent,1,Single,Tier-1,0,-1
APP102252,45,569000.0,47417.0,103000.0,Salaried,Manufacturing,2.8,Graduate,585,5.4,4,3,3,2,0,Education,1180000.0,4,3,1,37,89.4,1,0,1,0,0,0,0.0,0.0,0.0,0.0,0,0,472000.0,7600.0,16.0,Home,4550000.0,180,10.57,50493.0,106.5,122.5,1,22.0,0,43000.0,260000.0,Rent,0,Single,Tier-2,0,-1
APP102253,21,362000.0,30167.0,23000.0,Salaried,Manufacturing,0.0,Post-Graduate,684,1.0,3,0,0,0,0,None,0.0,0,0,0,-1,98.2,0,0,0,1,1,3,165000.0,35970.0,21.8,5500.0,1,2,494970.0,10600.0,41.1,Business,1180000.0,84,13.06,21505.0,71.3,112.4,1,0.0,0,51000.0,370000.0,Rent,1,Single,Tier-2,0,-1
APP102254,49,408000.0,34000.0,0.0,Salaried,IT,12.3,Graduate,691,1.0,4,1,1,1,0,Business,380000.0,1,1,0,45,100.0,0,0,0,1,0,0,0.0,0.0,0.0,0.0,0,0,787000.0,19000.0,55.9,Personal,280000.0,12,13.21,25036.0,73.6,129.5,0,0.0,0,100000.0,3560000.0,Family,1,Married,Tier-1,0,-1
APP102255,25,258000.0,21500.0,0.0,Self-Employed,Healthcare,4.0,Graduate,636,3.6,4,2,3,2,0,Auto,250000.0,4,3,1,51,93.4,1,0,0,0,0,0,0.0,0.0,0.0,0.0,0,0,170000.0,3000.0,14.0,Personal,80000.0,60,14.84,1896.0,8.8,22.8,0,0.0,1,46000.0,210000.0,Own,2,Married,Tier-2,1,0
APP102256,42,123000.0,10250.0,5000.0,Retired,None,0.0,Graduate,609,8.1,7,3,2,0,0,Auto,80000.0,4,3,1,34,99.6,1,0,0,2,0,0,0.0,0.0,0.0,0.0,0,0,92000.0,3000.0,29.3,Education,130000.0,60,11.4,2853.0,27.8,57.1,0,0.0,1,21000.0,2150000.0,Own,2,Married,Tier-2,0,-1
APP102257,41,414000.0,34500.0,33000.0,Salaried,Manufacturing,6.4,Graduate,681,2.5,3,2,2,0,0,Business,220000.0,6,5,1,53,96.0,0,0,0,0,0,0,0.0,0.0,0.0,0.0,0,0,160000.0,2700.0,7.8,Personal,230000.0,12,13.42,20588.0,59.7,67.5,0,0.0,1,96000.0,760000.0,Rent,0,Married,Tier-2,1,0
APP102258,50,134000.0,11167.0,0.0,Salaried,Healthcare,7.3,High School,657,0.8,2,2,0,0,0,None,0.0,0,0,0,-1,100.0,0,0,0,0,0,0,0.0,0.0,0.0,0.0,0,0,121000.0,2300.0,20.6,Debt Consolidation,60000.0,60,14.44,1410.0,12.6,33.2,0,0.0,1,17000.0,170000.0,Rent,2,Single,Tier-3,1,0
APP102259,44,826000.0,68833.0,0.0,Contract,Education,11.9,Doctorate,742,7.2,8,0,3,3,0,Business,2200000.0,3,2,1,30,100.0,0,0,0,1,1,2,245000.0,70070.0,28.6,3600.0,0,2,333070.0,12400.0,23.1,Personal,240000.0,24,12.59,11364.0,16.5,39.6,0,0.0,0,629000.0,1020000.0,Rent,1,Single,Tier-3,1,0
APP102260,21,1317000.0,109750.0,0.0,Business Owner,Construction,0.0,Post-Graduate,629,1.0,5,1,1,1,0,Home,3550000.0,3,2,1,35,97.8,2,0,0,0,0,0,0.0,0.0,0.0,0.0,0,0,3803000.0,76800.0,70.0,Auto,1210000.0,84,10.85,20623.0,18.8,88.8,1,22.9,0,1745000.0,1090000.0,Own,3,Married,Tier-2,1,0
APP102261,29,446000.0,37167.0,99000.0,Salaried,Other,8.0,Graduate,659,3.0,2,1,3,3,1,Personal,180000.0,4,4,0,25,100.0,1,0,0,1,0,0,0.0,0.0,0.0,0.0,0,0,247000.0,5700.0,15.3,Personal,280000.0,12,14.57,25216.0,67.8,83.2,0,0.0,0,37000.0,430000.0,Own,2,Married,Tier-2,0,-1
APP102262,40,98000.0,8167.0,0.0,Salaried,Other,5.0,Graduate,722,2.7,4,1,2,0,0,Education,210000.0,2,2,0,11,100.0,0,0,0,0,0,0,0.0,0.0,0.0,0.0,0,0,83000.0,1900.0,23.3,Home,720000.0,240,8.55,6271.0,76.8,100.0,1,12.4,0,39000.0,360000.0,Own,0,Married,Tier-3,0,-1
APP102263,36,463000.0,38583.0,114000.0,Salaried,Education,4.2,Post-Graduate,720,3.9,7,1,5,4,0,Gold,630000.0,5,2,3,58,100.0,0,0,0,0,0,0,0.0,0.0,0.0,0.0,0,0,21000.0,800.0,2.1,Auto,720000.0,48,9.69,18154.0,47.1,49.1,1,21.6,1,249000.0,3060000.0,Own,2,Married,Tier-2,1,0
APP102264,43,215000.0,17917.0,0.0,Contract,Manufacturing,5.8,Post-Graduate,642,3.2,2,3,2,1,0,Gold,520000.0,3,2,1,34,100.0,0,0,0,1,1,2,70000.0,22120.0,31.6,1900.0,0,0,161120.0,2300.0,19.0,Auto,310000.0,48,11.05,8020.0,44.8,63.8,1,17.7,0,28000.0,110000.0,Own,1,Single,Tier-2,0,-1
APP102265,47,433000.0,36083.0,0.0,Business Owner,Education,0.5,Graduate,752,14.1,10,2,3,3,0,Education,920000.0,3,3,0,13,100.0,0,0,0,0,0,0,0.0,0.0,0.0,0.0,0,0,257000.0,5000.0,13.9,Home,2760000.0,120,8.35,33999.0,94.2,108.1,1,27.9,0,29000.0,730000.0,Own,3,Married,Tier-1,0,-1
APP102266,45,743000.0,61917.0,99000.0,Self-Employed,Banking/Finance,0.8,High School,684,3.8,2,3,3,3,1,Home,1560000.0,3,3,0,16,100.0,0,0,0,0,1,3,405000.0,14985.0,3.7,1900.0,0,0,1419985.0,25000.0,41.6,Education,1150000.0,60,11.15,25090.0,40.5,82.1,0,0.0,0,190000.0,140000.0,Own,2,Married,Tier-3,0,-1
APP102267,36,91000.0,7583.0,0.0,Contract,Construction,1.0,Graduate,570,6.3,6,2,2,2,0,Gold,50000.0,3,2,1,5,100.0,0,0,0,0,1,2,25000.0,18075.0,72.3,200.0,0,2,132075.0,1800.0,35.7,Auto,90000.0,48,12.16,2377.0,31.3,67.0,1,27.0,0,16000.0,40000.0,Rent,0,Married,Tier-3,0,-1
APP102268,21,192000.0,16000.0,0.0,Salaried,Retail,0.0,High School,612,1.0,2,4,1,1,0,Gold,530000.0,2,1,1,18,100.0,0,0,0,1,0,0,0.0,0.0,0.0,0.0,0,0,352000.0,5800.0,36.2,Personal,150000.0,24,14.13,7211.0,45.1,81.3,0,0.0,0,40000.0,360000.0,Own,0,Married,Tier-1,0,-1
APP102269,33,675000.0,56250.0,0.0,Salaried,Banking/Finance,4.6,Graduate,785,6.5,1,1,3,1,0,Education,1810000.0,4,4,0,10,100.0,0,0,0,0,1,1,345000.0,25185.0,7.3,10300.0,0,0,361185.0,5600.0,12.2,Home,5980000.0,120,7.63,71390.0,126.9,139.1,1,18.7,1,347000.0,1060000.0,Rent,1,Single,Tier-1,0,-1
APP102270,43,286000.0,23833.0,0.0,Salaried,Manufacturing,3.3,Graduate,626,3.1,6,3,2,2,0,Personal,380000.0,4,3,1,10,94.3,0,1,0,1,1,3,155000.0,23715.0,15.3,2200.0,0,0,31715.0,300.0,6.2,Education,290000.0,84,10.95,4958.0,20.8,27.0,0,0.0,0,250000.0,880000.0,Own,1,Married,Tier-2,1,0
APP102271,26,60000.0,5000.0,3000.0,Unemployed,None,0.0,Graduate,547,3.0,3,0,2,1,0,Gold,40000.0,4,4,0,46,100.0,0,0,0,0,0,0,0.0,0.0,0.0,0.0,0,0,30000.0,1500.0,30.0,Debt Consolidation,50000.0,36,16.08,1760.0,35.2,65.2,1,0.0,1,201000.0,90000.0,Family,0,Single,Tier-3,0,-1
APP102272,45,1171000.0,97583.0,0.0,Self-Employed,Manufacturing,10.6,High School,717,5.0,5,0,1,1,0,Home,520000.0,1,1,0,37,89.4,0,0,1,1,1,2,690000.0,144900.0,21.0,5500.0,1,1,476900.0,16500.0,24.3,Auto,1350000.0,60,9.11,28096.0,28.8,53.1,1,17.4,1,506000.0,1380000.0,Rent,3,Single,Tier-2,1,0
APP102273,48,531000.0,44250.0,0.0,Salaried,IT,5.2,Graduate,766,2.7,6,1,1,1,0,Personal,1420000.0,1,0,1,11,100.0,0,0,0,1,1,1,170000.0,81430.0,47.9,4000.0,0,0,113430.0,1000.0,11.5,Education,560000.0,60,9.31,11709.0,26.5,37.9,0,0.0,0,149000.0,90000.0,Own,4,Married,Tier-2,1,0
APP102274,39,692000.0,57667.0,0.0,Salaried,IT,2.3,Graduate,744,3.6,6,0,3,1,0,Business,1060000.0,4,4,0,10,98.3,2,0,0,0,0,0,0.0,0.0,0.0,0.0,0,0,414000.0,12100.0,21.0,Personal,630000.0,24,12.47,29795.0,51.7,72.6,0,0.0,0,63000.0,1010000.0,Rent,2,Divorced,Tier-1,1,0
APP102275,21,788000.0,65667.0,133000.0,Business Owner,Manufacturing,0.0,Graduate,597,1.0,2,4,1,0,0,Education,1190000.0,1,1,0,22,100.0,0,0,0,0,1,2,340000.0,194140.0,57.1,8400.0,0,2,1366140.0,20700.0,46.3,Personal,500000.0,12,15.45,45235.0,68.9,115.2,0,0.0,0,378000.0,1090000.0,Own,2,Single,Tier-1,0,-1
APP102276,24,514000.0,42833.0,0.0,Business Owner,Healthcare,3.0,High School,630,4.0,2,2,0,0,0,None,0.0,0,0,0,-1,100.0,0,0,0,1,1,1,275000.0,132825.0,48.3,1300.0,0,0,586825.0,15600.0,51.9,Personal,350000.0,36,14.69,12080.0,28.2,80.1,0,0.0,0,186000.0,180000.0,Family,2,Single,Tier-1,0,-1
APP102277,59,1047000.0,87250.0,0.0,Self-Employed,Other,12.4,Graduate,749,17.2,5,2,5,3,0,Auto,580000.0,5,3,2,7,100.0,0,1,0,0,1,2,500000.0,104000.0,20.8,3300.0,1,1,1740000.0,25700.0,35.4,Education,1120000.0,60,8.19,22812.0,26.1,61.6,1,0.0,1,280000.0,1220000.0,Own,1,Married,Tier-3,1,0
APP102278,32,1632000.0,136000.0,0.0,Salaried,Healthcare,9.6,Post-Graduate,810,7.4,11,0,3,2,0,Personal,3340000.0,4,2,2,56,100.0,0,0,0,0,0,0,0.0,0.0,0.0,0.0,0,0,1340000.0,20100.0,14.8,Business,2510000.0,60,11.06,54649.0,40.2,55.0,0,0.0,1,562000.0,2600000.0,Rent,1,Married,Tier-1,1,0
APP102279,21,60000.0,5000.0,0.0,Unemployed,None,0.0,Graduate,600,1.0,7,2,0,0,0,None,0.0,0,0,0,-1,100.0,0,0,0,0,0,0,0.0,0.0,0.0,0.0,0,0,23000.0,700.0,14.0,Personal,50000.0,60,15.53,1203.0,24.1,38.1,0,0.0,0,4000.0,200000.0,Rent,3,Divorced,Tier-1,1,0
APP102280,52,729000.0,60750.0,65000.0,Business Owner,Other,15.9,Graduate,665,2.2,6,0,1,1,0,Gold,700000.0,2,0,2,41,88.7,0,0,1,0,0,0,0.0,0.0,0.0,0.0,0,0,579000.0,21400.0,35.2,Personal,430000.0,36,13.97,14690.0,24.2,59.4,0,0.0,0,35000.0,6110000.0,Own,1,Married,Tier-3,0,-1
APP102281,38,453000.0,37750.0,0.0,Self-Employed,Construction,3.5,Graduate,706,10.1,10,0,4,4,0,Education,1210000.0,5,5,0,27,100.0,0,0,0,0,1,2,235000.0,171080.0,72.8,5300.0,0,1,187080.0,400.0,23.7,Business,1060000.0,36,13.06,35746.0,94.7,118.4,0,0.0,0,380000.0,140000.0,Rent,2,Married,Tier-1,0,-1
APP102282,50,483000.0,40250.0,66000.0,Self-Employed,IT,7.4,Post-Graduate,672,13.7,9,4,5,3,0,Personal,290000.0,5,4,1,39,89.5,1,1,0,0,0,0,0.0,0.0,0.0,0.0,0,0,520000.0,24100.0,59.9,Business,1300000.0,36,13.29,43984.0,109.3,169.2,0,0.0,0,24000.0,160000.0,Own,0,Married,Tier-2,0,-1
APP102283,41,103000.0,8583.0,0.0,Unemployed,None,0.0,Graduate,559,3.5,6,0,1,0,0,Gold,300000.0,1,1,0,32,89.2,0,0,1,0,0,0,0.0,0.0,0.0,0.0,0,0,133000.0,2000.0,23.3,Home,940000.0,120,10.98,12938.0,150.7,174.0,1,17.3,1,9000.0,30000.0,Own,3,Married,Tier-1,0,-1
APP102284,43,138000.0,11500.0,0.0,Retired,None,0.0,High School,616,16.3,9,1,2,1,0,Home,120000.0,4,3,1,10,96.1,1,0,0,0,1,3,50000.0,21900.0,43.8,1000.0,0,2,63900.0,2200.0,28.7,Home,1000000.0,240,10.6,10051.0,87.4,116.1,1,27.9,0,15000.0,240000.0,Own,2,Single,Tier-1,0,-1
APP102285,42,1155000.0,96250.0,192000.0,Self-Employed,Retail,14.2,High School,751,10.8,7,2,2,2,0,Gold,980000.0,4,4,0,13,100.0,0,0,0,3,0,0,0.0,0.0,0.0,0.0,0,0,1710000.0,24900.0,25.9,Education,820000.0,84,9.29,13314.0,13.8,39.7,0,0.0,1,503000.0,440000.0,Own,2,Married,Tier-2,1,0
APP102286,46,597000.0,49750.0,0.0,Salaried,Education,5.7,High School,727,7.5,6,2,3,3,0,Business,1420000.0,4,4,0,32,100.0,0,0,0,1,1,5,220000.0,64240.0,29.2,4100.0,0,0,209240.0,5700.0,17.9,Personal,590000.0,24,12.88,28016.0,56.3,74.2,0,0.0,0,1557000.0,770000.0,Own,0,Married,Tier-1,1,0
APP102287,63,1163000.0,96917.0,143000.0,Salaried,Manufacturing,6.5,Post-Graduate,590,4.4,3,2,2,1,0,Gold,3300000.0,2,1,1,28,82.8,2,1,0,0,1,4,595000.0,355810.0,59.8,3900.0,0,0,1459810.0,29500.0,48.8,Personal,310000.0,36,14.32,10643.0,11.0,59.8,0,0.0,1,337000.0,2450000.0,Rent,1,Married,Tier-1,1,0
APP102288,49,194000.0,16167.0,0.0,Contract,IT,6.7,Graduate,644,1.6,3,3,1,1,0,Education,560000.0,2,1,1,21,97.2,1,0,0,0,0,0,0.0,0.0,0.0,0.0,0,0,164000.0,6600.0,40.8,Business,380000.0,84,13.76,7071.0,43.7,84.6,0,0.0,1,31000.0,60000.0,Rent,1,Married,Tier-1,0,-1
APP102289,21,353000.0,29417.0,0.0,Self-Employed,Banking/Finance,0.0,Post-Graduate,639,1.0,2,2,1,0,0,Home,570000.0,1,1,0,36,100.0,0,0,0,1,1,3,85000.0,12665.0,14.9,1200.0,0,0,410665.0,17300.0,61.0,Business,1250000.0,60,13.87,29001.0,98.6,159.5,0,0.0,0,364000.0,530000.0,Own,2,Married,Tier-2,0,-1
APP102290,43,396000.0,33000.0,0.0,Salaried,Education,11.8,Post-Graduate,640,1.4,2,2,2,1,0,Auto,440000.0,5,4,1,1,96.8,0,0,0,2,1,5,200000.0,151800.0,75.9,6200.0,1,3,327800.0,3600.0,33.9,Auto,260000.0,60,10.86,5635.0,17.1,51.0,1,27.1,0,45000.0,780000.0,Family,1,Married,Tier-2,0,-1
APP102291,51,1059000.0,88250.0,0.0,Salaried,Manufacturing,1.5,Post-Graduate,705,14.5,5,1,4,1,0,Auto,2970000.0,5,5,0,3,99.9,1,0,0,1,1,2,450000.0,349650.0,77.7,3000.0,1,0,484650.0,4800.0,25.2,Auto,1070000.0,48,9.7,26984.0,30.6,55.8,1,25.9,0,638000.0,290000.0,Rent,1,Married,Tier-3,1,0
APP102292,51,60000.0,5000.0,0.0,Unemployed,None,0.0,Doctorate,559,15.7,4,1,6,2,1,Gold,180000.0,7,6,1,17,100.0,0,0,0,0,0,0,0.0,0.0,0.0,0.0,0,0,40000.0,700.0,14.0,Home,580000.0,240,11.01,5991.0,119.8,133.8,1,29.5,0,26000.0,40000.0,Own,1,Single,Tier-3,0,-1
APP102293,33,60000.0,5000.0,0.0,Unemployed,None,0.0,Graduate,550,2.2,3,3,0,0,0,None,0.0,1,1,0,10,100.0,0,0,0,0,0,0,0.0,0.0,0.0,0.0,0,0,10000.0,200.0,4.0,Personal,30000.0,60,15.44,721.0,14.4,18.4,0,0.0,0,10000.0,30000.0,Family,0,Single,Tier-1,0,-1
APP102294,51,86000.0,7167.0,0.0,Retired,None,0.0,Graduate,582,1.4,4,3,2,2,0,Home,230000.0,5,4,1,50,100.0,0,0,0,2,0,0,0.0,0.0,0.0,0.0,0,0,28000.0,600.0,8.4,Auto,80000.0,36,11.96,2656.0,37.1,45.4,1,26.9,0,25000.0,110000.0,Own,3,Divorced,Tier-2,0,-1
APP102295,48,1670000.0,139167.0,0.0,Salaried,Retail,14.9,High School,659,3.4,3,3,1,0,0,Home,2830000.0,3,3,0,41,88.6,0,0,1,0,1,2,720000.0,135360.0,18.8,19400.0,0,0,3431360.0,57000.0,45.8,Education,1110000.0,60,11.04,24156.0,17.4,63.2,0,0.0,1,709000.0,790000.0,Family,3,Married,Tier-1,0,-1
APP102296,66,341000.0,28417.0,80000.0,Contract,Other,5.5,Graduate,611,4.6,5,3,0,0,0,None,0.0,0,0,0,-1,95.2,1,0,0,0,1,2,150000.0,45450.0,30.3,2000.0,0,0,165450.0,4100.0,22.4,Home,3340000.0,300,10.36,31202.0,109.8,132.2,1,28.2,0,67000.0,11070000.0,Own,2,Single,Tier-1,0,-1
APP102297,30,600000.0,50000.0,43000.0,Contract,Construction,3.6,Post-Graduate,684,3.2,3,0,3,2,0,Education,1710000.0,3,3,0,27,100.0,0,0,0,2,0,0,0.0,0.0,0.0,0.0,0,0,1662000.0,24400.0,48.8,Personal,390000.0,60,13.91,9056.0,18.1,66.9,0,0.0,0,165000.0,1290000.0,Own,1,Married,Tier-1,1,0
APP102298,32,229000.0,19083.0,0.0,Salaried,IT,4.9,Graduate,668,3.4,4,3,0,0,0,None,0.0,3,2,1,12,100.0,0,0,0,0,0,0,0.0,0.0,0.0,0.0,0,0,63000.0,1100.0,5.8,Home,1020000.0,240,9.72,9655.0,50.6,56.4,1,13.3,1,97000.0,230000.0,Own,0,Single,Tier-1,1,0
APP102299,35,741000.0,61750.0,0.0,Salaried,Other,6.1,Graduate,733,4.7,3,2,3,3,0,Education,1970000.0,4,3,1,38,100.0,0,0,0,0,1,2,210000.0,42630.0,20.3,6900.0,0,0,241630.0,4800.0,11.2,Personal,570000.0,12,12.21,50700.0,82.1,93.3,0,0.0,0,430000.0,1110000.0,Own,1,Single,Tier-1,1,0
APP102300,33,75000.0,6250.0,0.0,Retired,None,0.0,Post-Graduate,642,13.0,9,2,2,1,0,Gold,150000.0,3,2,1,5,100.0,0,0,0,1,0,0,0.0,0.0,0.0,0.0,0,0,16000.0,300.0,4.8,Auto,90000.0,60,10.94,1954.0,31.3,36.1,1,29.7,0,5000.0,70000.0,Own,1,Married,Tier-2,1,0
APP102301,28,258000.0,21500.0,0.0,Salaried,Retail,7.0,Graduate,559,4.3,11,2,4,2,1,Gold,300000.0,4,4,0,19,87.7,1,0,1,0,0,0,0.0,0.0,0.0,0.0,0,0,246000.0,4900.0,22.8,Home,2160000.0,120,11.58,30468.0,141.7,164.5,1,21.5,0,78000.0,230000.0,Own,1,Married,Tier-2,0,-1
APP102302,21,295000.0,24583.0,0.0,Self-Employed,Other,0.0,Graduate,619,1.0,5,2,0,0,0,None,0.0,1,1,0,40,95.1,0,0,1,1,0,0,0.0,0.0,0.0,0.0,0,0,185000.0,5100.0,20.7,Personal,130000.0,12,14.32,11692.0,47.6,68.3,1,0.0,0,50000.0,240000.0,Own,1,Married,Tier-1,1,0
APP102303,33,647000.0,53917.0,0.0,Self-Employed,Other,2.8,Post-Graduate,694,1.7,4,0,0,0,0,None,0.0,0,0,0,-1,99.7,0,0,0,0,0,0,0.0,0.0,0.0,0.0,0,0,1206000.0,32200.0,59.7,Home,4310000.0,120,9.09,54807.0,101.7,161.4,1,18.5,0,694000.0,670000.0,Own,1,Married,Tier-3,0,-1
APP102304,42,416000.0,34667.0,0.0,Business Owner,IT,4.8,Graduate,642,5.2,4,2,0,0,0,None,0.0,0,0,0,-1,90.0,3,0,0,0,0,0,0.0,0.0,0.0,0.0,0,0,195000.0,6300.0,18.2,Home,3560000.0,180,9.55,37282.0,107.5,125.7,1,23.3,1,126000.0,740000.0,Family,4,Married,Tier-2,0,-1
APP102305,33,1023000.0,85250.0,0.0,Salaried,IT,7.0,Graduate,725,3.6,3,0,2,2,0,Personal,1870000.0,5,5,0,30,98.7,0,0,0,1,1,1,180000.0,63000.0,35.0,5600.0,0,0,1172000.0,33700.0,43.2,Personal,630000.0,12,13.19,56326.0,66.1,109.3,0,0.0,0,276000.0,470000.0,Rent,1,Married,Tier-1,0,-1
APP102306,59,944000.0,78667.0,0.0,Business Owner,Healthcare,12.8,Graduate,587,7.7,8,4,4,3,1,Business,2340000.0,6,4,2,25,91.8,0,0,0,2,1,4,335000.0,184920.0,55.2,4900.0,0,2,559920.0,7400.0,21.2,Personal,710000.0,12,14.45,63899.0,81.2,102.4,0,0.0,1,1089000.0,300000.0,Own,2,Married,Tier-1,0,-1
APP102307,38,285000.0,23750.0,0.0,Salaried,Healthcare,2.7,Graduate,591,1.5,1,2,0,0,0,None,0.0,0,0,0,-1,84.7,0,2,0,1,0,0,0.0,0.0,0.0,0.0,0,0,99000.0,2400.0,10.1,Business,890000.0,60,14.7,21033.0,88.6,98.7,0,0.0,0,31000.0,850000.0,Own,1,Married,Tier-1,0,-1
APP102308,52,651000.0,54250.0,58000.0,Contract,Healthcare,7.0,Graduate,755,11.7,10,1,5,4,0,Education,900000.0,7,7,0,35,100.0,0,0,0,0,1,2,220000.0,65780.0,29.9,2600.0,0,0,614780.0,8300.0,21.4,Home,4980000.0,180,7.37,45798.0,84.4,105.8,1,13.0,0,225000.0,3920000.0,Own,0,Married,Tier-2,1,0
APP102309,41,268000.0,22333.0,0.0,Salaried,Manufacturing,7.2,High School,550,3.5,4,1,1,1,0,Personal,650000.0,2,2,0,51,88.3,2,0,1,0,1,3,50000.0,10300.0,20.6,400.0,0,1,58300.0,2100.0,11.7,Home,2410000.0,300,11.47,24444.0,109.5,121.2,1,27.0,0,53000.0,300000.0,Rent,0,Married,Tier-3,0,-1
APP102310,47,487000.0,40583.0,0.0,Business Owner,Healthcare,8.1,Graduate,689,2.6,3,2,1,1,0,Auto,1200000.0,1,1,0,11,92.2,0,1,0,0,0,0,0.0,0.0,0.0,0.0,0,0,344000.0,8100.0,20.0,Personal,160000.0,36,13.15,5403.0,13.3,33.3,0,0.0,1,896000.0,680000.0,Family,0,Married,Tier-1,1,0
APP102311,41,593000.0,49417.0,0.0,Contract,Education,4.3,Graduate,696,15.5,8,5,5,3,0,Education,1520000.0,8,6,2,38,100.0,0,0,0,1,0,0,0.0,0.0,0.0,0.0,0,0,844000.0,25000.0,50.6,Personal,440000.0,24,13.44,21009.0,42.5,93.1,1,0.0,0,82000.0,730000.0,Family,0,Divorced,Tier-1,0,-1
APP102312,53,87000.0,7250.0,0.0,Salaried,Construction,8.1,High School,509,5.9,6,6,5,4,0,Education,30000.0,5,2,3,10,94.7,0,0,0,0,1,2,50000.0,36150.0,72.3,700.0,1,3,104150.0,1600.0,47.0,Home,850000.0,240,11.92,9312.0,128.4,175.4,1,24.9,0,29000.0,100000.0,Own,0,Married,Tier-2,0,-1
APP102313,39,684000.0,57000.0,120000.0,Salaried,Retail,9.4,Graduate,742,4.6,7,1,0,0,0,None,0.0,0,0,0,-1,98.9,0,0,0,0,0,0,0.0,0.0,0.0,0.0,0,0,67000.0,1300.0,2.3,Home,4340000.0,240,7.91,36059.0,63.3,65.5,1,12.4,0,198000.0,2470000.0,Rent,0,Married,Tier-2,1,0
APP102314,43,245000.0,20417.0,51000.0,Contract,Healthcare,4.3,Graduate,664,1.5,7,1,1,0,0,Education,480000.0,2,2,0,45,100.0,0,0,0,0,0,0,0.0,0.0,0.0,0.0,0,0,356000.0,9100.0,44.6,Personal,150000.0,36,13.76,5109.0,25.0,69.6,0,0.0,0,73000.0,200000.0,Own,2,Single,Tier-1,0,-1
APP102315,42,297000.0,24750.0,0.0,Salaried,Education,6.5,Graduate,578,2.2,7,4,3,2,0,Auto,340000.0,3,3,0,26,99.2,0,1,0,2,1,3,130000.0,26260.0,20.2,4200.0,0,2,524260.0,11800.0,53.0,Education,480000.0,60,12.47,10792.0,43.6,96.6,1,0.0,0,312000.0,960000.0,Family,2,Single,Tier-3,0,-1
APP102316,35,1265000.0,105417.0,0.0,Salaried,Education,5.1,Graduate,735,1.6,3,3,0,0,0,None,0.0,1,1,0,28,100.0,0,0,0,0,0,0,0.0,0.0,0.0,0.0,0,0,775000.0,14200.0,13.5,Education,1290000.0,60,9.35,26998.0,25.6,39.1,1,0.0,0,708000.0,1020000.0,Family,0,Married,Tier-2,1,0
APP102317,42,313000.0,26083.0,0.0,Salaried,Other,3.2,Graduate,619,5.0,5,3,1,1,1,Personal,270000.0,2,2,0,46,100.0,0,0,0,0,0,0,0.0,0.0,0.0,0.0,0,0,228000.0,5500.0,21.1,Debt Consolidation,340000.0,36,14.95,11778.0,45.2,66.2,0,0.0,0,104000.0,300000.0,Rent,1,Married,Tier-1,0,-1
APP102318,63,271000.0,22583.0,0.0,Retired,None,0.0,Graduate,473,10.7,12,3,4,3,2,Home,120000.0,5,2,3,41,82.3,1,1,1,1,0,0,0.0,0.0,0.0,0.0,0,0,49000.0,1600.0,7.1,Business,1020000.0,84,16.91,20792.0,92.1,99.2,0,0.0,1,163000.0,210000.0,Own,1,Single,Tier-1,0,-1
APP102319,35,675000.0,56250.0,142000.0,Self-Employed,Healthcare,3.5,Post-Graduate,671,6.3,2,0,0,0,0,None,0.0,1,1,0,25,100.0,1,0,0,1,1,1,265000.0,58300.0,22.0,5200.0,0,1,1218300.0,16600.0,34.7,Education,750000.0,60,11.0,16307.0,29.0,63.7,0,0.0,0,224000.0,240000.0,Rent,1,Divorced,Tier-3,1,0
APP102320,43,522000.0,43500.0,103000.0,Salaried,Other,3.7,Graduate,616,5.2,2,4,3,2,0,Personal,940000.0,4,1,3,31,100.0,0,0,0,1,1,3,285000.0,106020.0,37.2,6500.0,1,2,1291020.0,17300.0,52.0,Auto,690000.0,36,11.25,22671.0,52.1,104.1,1,10.7,0,46000.0,920000.0,Family,1,Single,Tier-2,0,-1
APP102321,52,209000.0,17417.0,0.0,Retired,None,0.0,Doctorate,647,4.7,4,1,0,0,0,None,0.0,0,0,0,-1,100.0,0,0,0,0,1,4,95000.0,30685.0,32.3,700.0,0,1,427685.0,6700.0,47.3,Business,570000.0,60,13.73,13183.0,75.7,123.0,0,0.0,0,85000.0,470000.0,Family,3,Married,Tier-1,0,-1
APP102322,51,378000.0,31500.0,0.0,Salaried,Banking/Finance,7.7,Graduate,735,9.0,5,1,3,3,0,Business,730000.0,4,3,1,2,94.9,1,0,0,2,0,0,0.0,0.0,0.0,0.0,0,0,290000.0,8600.0,27.3,Auto,310000.0,36,9.32,9904.0,31.4,58.7,1,15.6,0,1523000.0,180000.0,Own,0,Married,Tier-3,1,0
APP102323,38,1065000.0,88750.0,0.0,Salaried,Education,9.9,Graduate,609,4.1,4,3,3,2,0,Home,2620000.0,3,3,0,41,92.6,0,2,0,1,1,3,540000.0,231660.0,42.9,3100.0,0,2,642660.0,16700.0,31.9,Personal,1030000.0,12,14.89,92913.0,104.7,136.6,0,0.0,1,676000.0,1810000.0,Rent,0,Single,Tier-1,0,-1
APP102324,21,668000.0,55667.0,103000.0,Salaried,Banking/Finance,0.0,Graduate,737,1.0,3,1,1,1,0,Gold,600000.0,1,1,0,12,100.0,0,0,0,0,0,0,0.0,0.0,0.0,0.0,0,0,723000.0,12300.0,22.1,Debt Consolidation,380000.0,36,13.28,12855.0,23.1,45.2,0,0.0,0,88000.0,660000.0,Own,1,Married,Tier-2,1,0
APP102325,44,412000.0,34333.0,0.0,Salaried,Retail,5.5,Post-Graduate,716,9.9,1,2,5,4,0,Personal,890000.0,7,6,1,50,100.0,1,0,0,1,0,0,0.0,0.0,0.0,0.0,0,0,419000.0,6800.0,19.8,Education,410000.0,84,9.95,6796.0,19.8,39.6,1,0.0,0,25000.0,450000.0,Own,2,Single,Tier-3,1,0
APP102326,21,282000.0,23500.0,0.0,Salaried,IT,0.0,Post-Graduate,640,1.0,4,1,1,1,0,Gold,770000.0,1,1,0,57,100.0,0,0,0,1,1,3,120000.0,38040.0,31.7,3100.0,0,0,389040.0,7600.0,40.4,Personal,250000.0,12,13.91,22436.0,95.5,135.9,0,0.0,0,40000.0,260000.0,Own,1,Married,Tier-3,0,-1
APP102327,54,470000.0,39167.0,0.0,Business Owner,Healthcare,5.3,Graduate,673,1.0,3,3,1,1,0,Education,1180000.0,1,0,1,42,95.4,1,0,0,0,0,0,0.0,0.0,0.0,0.0,0,0,77000.0,3900.0,10.0,Home,4230000.0,240,9.08,38276.0,97.7,107.7,1,27.5,1,66000.0,720000.0,Family,3,Married,Tier-3,0,-1
APP102328,40,770000.0,64167.0,0.0,Salaried,Education,8.1,Graduate,646,6.1,6,1,0,0,0,None,0.0,1,0,1,10,98.3,2,0,0,1,1,4,395000.0,193155.0,48.9,11900.0,0,3,554155.0,18000.0,43.1,Auto,640000.0,36,11.18,21007.0,32.7,75.8,1,24.3,1,276000.0,930000.0,Rent,1,Married,Tier-3,1,0
APP102329,49,1588000.0,132333.0,0.0,Business Owner,Healthcare,7.1,Post-Graduate,763,0.6,3,3,1,1,0,Gold,4170000.0,3,2,1,36,100.0,0,0,0,1,0,0,0.0,0.0,0.0,0.0,0,0,434000.0,20600.0,15.6,Auto,1770000.0,84,9.08,28550.0,21.6,37.1,1,11.9,0,2071000.0,2060000.0,Own,2,Single,Tier-3,1,0
APP102330,28,733000.0,61083.0,0.0,Salaried,IT,5.3,Post-Graduate,652,4.8,5,1,3,2,0,Home,850000.0,4,1,3,10,100.0,0,0,0,0,1,4,335000.0,93800.0,28.0,7400.0,0,3,1382800.0,21000.0,42.1,Personal,670000.0,60,14.03,15600.0,25.5,67.6,0,0.0,0,112000.0,1640000.0,Own,0,Married,Tier-1,0,-1
APP102331,21,247000.0,20583.0,0.0,Salaried,Manufacturing,0.0,Doctorate,657,1.0,5,4,1,1,0,Home,490000.0,1,1,0,50,100.0,0,0,0,0,1,1,55000.0,6105.0,11.1,1300.0,0,0,84105.0,1800.0,10.2,Education,400000.0,84,11.44,6942.0,33.7,44.0,0,0.0,0,54000.0,550000.0,Own,1,Divorced,Tier-1,1,0
APP102332,41,518000.0,43167.0,0.0,Salaried,Retail,9.3,High School,715,6.8,9,1,0,0,0,None,0.0,0,0,0,-1,90.4,0,0,1,1,1,3,140000.0,20300.0,14.5,3200.0,1,2,482300.0,7300.0,19.3,Education,700000.0,60,9.77,14794.0,34.3,53.5,0,0.0,0,338000.0,260000.0,Own,0,Single,Tier-1,1,0
APP102333,38,717000.0,59750.0,0.0,Self-Employed,Government,4.0,High School,572,6.3,4,3,2,0,1,Education,2050000.0,2,1,1,5,88.4,1,2,0,0,0,0,0.0,0.0,0.0,0.0,0,0,404000.0,7300.0,12.2,Auto,610000.0,84,11.28,10535.0,17.6,29.8,1,16.1,0,186000.0,2300000.0,Rent,1,Single,Tier-2,1,1
APP102334,33,680000.0,56667.0,0.0,Business Owner,Banking/Finance,2.0,Graduate,551,1.4,3,2,1,1,0,Business,460000.0,1,0,1,13,99.1,1,1,0,2,1,4,295000.0,114755.0,38.9,1700.0,0,0,448755.0,6600.0,21.8,Education,480000.0,60,12.32,10755.0,19.0,40.8,0,0.0,0,446000.0,2550000.0,Family,1,Married,Tier-3,0,-1
APP102335,39,1625000.0,135417.0,0.0,Salaried,Retail,6.2,Post-Graduate,717,9.0,5,1,2,2,0,Auto,950000.0,3,3,0,29,100.0,1,0,0,0,1,4,250000.0,76750.0,30.7,3700.0,0,1,533750.0,20600.0,18.0,Debt Consolidation,630000.0,24,13.47,30091.0,22.2,40.3,0,0.0,0,363000.0,1270000.0,Own,0,Married,Tier-1,1,0
APP102336,68,148000.0,12333.0,0.0,Salaried,Banking/Finance,1.2,High School,490,4.7,4,5,4,4,2,Home,250000.0,5,5,0,35,91.4,0,0,1,0,1,3,55000.0,3080.0,5.6,1700.0,0,0,124080.0,2200.0,19.1,Personal,80000.0,60,16.63,1972.0,16.0,35.1,0,0.0,0,37000.0,30000.0,Rent,1,Married,Tier-1,0,-1
APP102337,47,644000.0,53667.0,0.0,Salaried,Banking/Finance,6.9,Graduate,678,3.6,0,2,4,3,0,Business,890000.0,5,3,2,19,92.2,1,0,0,0,1,4,380000.0,73340.0,19.3,8600.0,0,0,73340.0,0.0,6.8,Debt Consolidation,500000.0,24,14.5,24125.0,45.0,51.8,0,0.0,0,202000.0,270000.0,Rent,2,Single,Tier-1,0,-1
APP102338,50,215000.0,17917.0,0.0,Contract,Banking/Finance,7.2,Graduate,583,1.5,3,2,3,1,0,Gold,260000.0,4,2,2,15,94.4,0,1,0,0,0,0,0.0,0.0,0.0,0.0,0,0,59000.0,2100.0,11.7,Home,1540000.0,180,11.28,17775.0,99.2,110.9,1,10.0,0,70000.0,420000.0,Own,1,Married,Tier-1,0,-1
APP102339,47,754000.0,62833.0,0.0,Salaried,Government,3.5,Graduate,681,10.3,11,2,0,0,0,None,0.0,0,0,0,-1,100.0,0,0,0,2,1,5,240000.0,56160.0,23.4,3600.0,0,0,697160.0,31400.0,54.4,Business,1290000.0,60,13.34,29576.0,47.1,101.5,0,0.0,1,61000.0,660000.0,Own,0,Married,Tier-1,1,0
APP102340,54,631000.0,52583.0,91000.0,Contract,Other,3.9,Post-Graduate,784,9.7,4,0,2,2,0,Auto,840000.0,3,3,0,12,100.0,0,0,0,0,1,3,260000.0,18460.0,7.1,5600.0,0,0,483460.0,8100.0,17.2,Debt Consolidation,460000.0,24,12.45,21751.0,41.4,58.5,0,0.0,0,190000.0,1290000.0,Own,0,Single,Tier-3,1,0
APP102341,36,1243000.0,103583.0,0.0,Salaried,Education,10.2,Graduate,662,3.2,9,1,0,0,0,None,0.0,0,0,0,-1,94.7,0,0,1,0,1,3,710000.0,90880.0,12.8,22700.0,0,1,1404880.0,24400.0,27.9,Debt Consolidation,1290000.0,24,14.11,62004.0,59.9,87.8,0,0.0,0,587000.0,9890000.0,Family,2,Single,Tier-1,0,-1
APP102342,21,659000.0,54917.0,0.0,Salaried,Manufacturing,0.0,Post-Graduate,663,1.0,4,0,2,1,0,Auto,1280000.0,3,3,0,13,97.2,2,0,0,0,0,0,0.0,0.0,0.0,0.0,0,0,442000.0,6700.0,12.2,Business,1440000.0,36,13.53,48888.0,89.0,101.2,0,0.0,0,126000.0,320000.0,Rent,1,Married,Tier-1,0,-1
APP102343,36,522000.0,43500.0,0.0,Business Owner,Other,5.7,Graduate,723,8.1,8,2,0,0,0,None,0.0,2,2,0,6,100.0,0,0,0,0,1,1,275000.0,39050.0,14.2,4500.0,0,1,256050.0,3500.0,12.5,Auto,630000.0,48,9.9,15948.0,36.7,49.2,1,22.3,0,251000.0,590000.0,Family,0,Married,Tier-1,1,0
APP102344,47,322000.0,26833.0,0.0,Salaried,Retail,3.6,Graduate,645,3.9,4,1,2,1,1,Education,860000.0,2,2,0,54,100.0,0,0,0,0,1,1,95000.0,25460.0,26.8,3200.0,1,2,86460.0,2600.0,14.4,Personal,180000.0,60,14.37,4223.0,15.7,30.2,0,0.0,0,199000.0,1650000.0,Rent,2,Single,Tier-1,1,0
APP102345,27,380000.0,31667.0,46000.0,Salaried,Retail,6.0,Graduate,735,7.0,5,2,5,1,0,Home,490000.0,6,5,1,4,100.0,0,0,0,1,0,0,0.0,0.0,0.0,0.0,0,0,163000.0,2900.0,9.2,Education,570000.0,60,9.8,12055.0,38.1,47.2,0,0.0,1,150000.0,310000.0,Rent,0,Married,Tier-1,1,0
APP102346,36,121000.0,10083.0,0.0,Retired,None,0.0,Graduate,672,10.1,5,0,2,2,0,Personal,40000.0,2,2,0,27,98.8,0,0,0,0,0,0,0.0,0.0,0.0,0.0,0,0,202000.0,3000.0,29.8,Business,260000.0,36,13.19,8784.0,87.1,116.9,0,0.0,0,25000.0,40000.0,Own,1,Married,Tier-1,0,-1
APP102347,30,927000.0,77250.0,0.0,Salaried,Education,6.9,Graduate,743,0.9,4,2,0,0,0,None,0.0,0,0,0,-1,100.0,0,0,0,2,1,2,510000.0,109140.0,21.4,11900.0,0,2,277140.0,9300.0,19.1,Home,8790000.0,300,7.28,63705.0,82.5,101.6,1,25.8,0,94000.0,1300000.0,Rent,2,Married,Tier-3,0,-1
APP102348,55,1103000.0,91917.0,0.0,Salaried,Retail,6.2,Post-Graduate,661,7.9,13,2,4,3,0,Education,510000.0,5,4,1,43,94.6,0,0,1,0,1,2,250000.0,160000.0,64.0,6600.0,1,1,717000.0,22400.0,33.1,Debt Consolidation,400000.0,36,14.94,13854.0,15.1,48.1,0,0.0,0,601000.0,7270000.0,Rent,1,Married,Tier-2,1,0
APP102349,46,192000.0,16000.0,42000.0,Salaried,Retail,6.3,Graduate,538,3.2,3,0,2,1,0,Gold,320000.0,2,2,0,53,91.7,1,0,1,1,1,1,35000.0,18270.0,52.2,500.0,0,1,281270.0,4800.0,35.7,Personal,60000.0,60,15.86,1455.0,9.1,44.8,0,0.0,1,121000.0,570000.0,Own,0,Married,Tier-1,0,-1
APP102350,45,311000.0,25917.0,23000.0,Salaried,Healthcare,0.9,High School,550,2.3,7,4,2,2,0,Gold,430000.0,2,0,2,7,91.0,1,0,0,0,1,3,160000.0,81280.0,50.8,4600.0,0,2,854280.0,12200.0,62.8,Debt Consolidation,220000.0,24,16.5,10825.0,41.8,104.5,0,0.0,0,551000.0,140000.0,Family,0,Married,Tier-1,0,-1
APP102351,45,466000.0,38833.0,110000.0,Contract,Government,3.9,Post-Graduate,677,0.7,2,2,2,1,0,Education,340000.0,3,3,0,36,100.0,0,0,0,0,1,4,255000.0,77775.0,30.5,2800.0,1,0,511775.0,9300.0,34.0,Home,2530000.0,180,8.4,24766.0,63.8,97.7,1,14.4,0,36000.0,280000.0,Own,1,Married,Tier-3,0,-1
APP102352,38,206000.0,17167.0,25000.0,Salaried,Government,3.6,High School,623,5.2,2,0,1,1,0,Home,420000.0,1,1,0,3,89.4,1,1,0,0,1,1,55000.0,22165.0,40.3,400.0,1,2,143165.0,2300.0,19.9,Education,130000.0,84,11.64,2270.0,13.2,33.1,0,0.0,0,231000.0,40000.0,Family,3,Married,Tier-2,1,0
APP102353,40,204000.0,17000.0,0.0,Retired,None,0.0,Graduate,642,3.8,5,0,2,2,0,Gold,290000.0,3,3,0,2,96.8,2,0,0,1,0,0,0.0,0.0,0.0,0.0,0,0,131000.0,3800.0,22.4,Personal,200000.0,12,14.27,17983.0,105.8,128.1,0,0.0,0,184000.0,430000.0,Family,1,Married,Tier-2,0,-1
APP102354,25,1042000.0,86833.0,0.0,Self-Employed,Government,4.0,Graduate,715,3.1,5,3,2,2,0,Education,1920000.0,4,1,3,43,98.9,0,0,0,1,1,4,595000.0,62475.0,10.5,12800.0,1,0,220475.0,5500.0,9.9,Auto,1350000.0,48,9.58,33968.0,39.1,49.1,1,24.8,0,407000.0,3050000.0,Family,1,Married,Tier-1,1,0
APP102355,21,654000.0,54500.0,0.0,Salaried,Banking/Finance,0.0,Graduate,683,1.0,4,2,0,0,0,None,0.0,1,1,0,39,100.0,1,0,0,0,1,3,135000.0,54540.0,40.4,1800.0,1,0,168540.0,5400.0,14.9,Auto,610000.0,84,10.54,10298.0,18.9,33.8,1,29.9,1,569000.0,1000000.0,Family,0,Married,Tier-1,1,0
APP102356,40,543000.0,45250.0,0.0,Contract,Manufacturing,0.9,High School,729,20.0,11,2,9,6,2,Business,290000.0,12,7,5,55,100.0,0,0,0,1,0,0,0.0,0.0,0.0,0.0,0,0,392000.0,9100.0,20.1,Home,5180000.0,300,8.42,41432.0,91.6,111.7,1,27.7,0,190000.0,400000.0,Rent,2,Single,Tier-3,0,-1
APP102357,42,108000.0,9000.0,26000.0,Retired,None,0.0,Graduate,541,6.9,8,1,3,3,1,Personal,260000.0,4,3,1,21,86.6,1,0,1,1,0,0,0.0,0.0,0.0,0.0,0,0,116000.0,3200.0,35.6,Personal,30000.0,36,16.63,1064.0,11.8,47.4,0,0.0,0,40000.0,170000.0,Rent,3,Married,Tier-3,0,-1
APP102358,51,352000.0,29333.0,0.0,Self-Employed,Government,3.0,High School,642,3.8,0,2,5,5,1,Personal,1030000.0,6,5,1,18,100.0,1,0,0,0,0,0,0.0,0.0,0.0,0.0,0,0,0.0,0.0,0.0,Home,1870000.0,180,9.61,19651.0,67.0,67.0,1,22.7,0,43000.0,110000.0,Family,1,Married,Tier-1,0,-1
APP102359,55,285000.0,23750.0,0.0,Salaried,Government,5.7,Graduate,687,9.9,6,2,5,2,0,Personal,570000.0,5,5,0,44,100.0,0,0,0,0,0,0,0.0,0.0,0.0,0.0,0,0,1008000.0,16600.0,69.9,Business,1010000.0,60,12.52,22733.0,95.7,165.6,0,0.0,0,64000.0,260000.0,Family,2,Single,Tier-1,0,-1
APP102360,55,477000.0,39750.0,0.0,Salaried,Construction,3.0,Graduate,723,2.0,9,0,1,1,0,Personal,500000.0,3,1,2,31,100.0,0,0,0,0,0,0,0.0,0.0,0.0,0.0,0,0,565000.0,16900.0,42.5,Home,4220000.0,300,8.42,33753.0,84.9,127.4,1,10.0,0,240000.0,1110000.0,Own,1,Divorced,Tier-3,0,-1
APP102361,27,564000.0,47000.0,0.0,Self-Employed,Education,4.6,Graduate,634,3.3,5,1,2,1,0,Home,690000.0,2,1,1,53,97.2,2,0,0,1,1,1,300000.0,159000.0,53.0,8600.0,1,1,459000.0,8500.0,35.0,Auto,410000.0,84,11.35,7096.0,15.1,50.1,1,17.1,0,160000.0,1420000.0,Rent,5,Married,Tier-2,0,-1
APP102362,34,540000.0,45000.0,0.0,Salaried,Education,4.1,High School,723,5.5,2,0,0,0,0,None,0.0,0,0,0,-1,100.0,0,0,0,0,1,2,195000.0,71370.0,36.6,4700.0,1,2,543370.0,8800.0,27.5,Personal,390000.0,24,12.31,18415.0,40.9,68.4,0,0.0,1,84000.0,990000.0,Own,3,Single,Tier-1,1,0
APP102363,43,1099000.0,91583.0,0.0,Business Owner,Retail,12.3,High School,685,5.5,2,3,6,4,0,Education,3260000.0,6,5,1,11,91.1,1,1,0,0,1,4,205000.0,43460.0,21.2,2200.0,0,0,200460.0,8000.0,11.1,Education,580000.0,60,10.48,12461.0,13.6,24.7,0,0.0,0,266000.0,240000.0,Own,2,Married,Tier-3,1,0
APP102364,66,611000.0,50917.0,70000.0,Salaried,Construction,3.0,Graduate,771,9.2,10,2,2,2,0,Gold,1600000.0,2,2,0,37,100.0,0,0,0,0,0,0,0.0,0.0,0.0,0.0,0,0,298000.0,8000.0,15.7,Home,2970000.0,120,7.31,34961.0,68.7,84.4,1,24.9,0,188000.0,230000.0,Rent,0,Married,Tier-1,1,0
APP102365,54,238000.0,19833.0,0.0,Contract,Government,8.2,Graduate,663,13.4,10,1,4,1,0,Personal,480000.0,6,3,3,5,100.0,1,0,0,0,1,5,100000.0,67700.0,67.7,1100.0,1,3,74700.0,200.0,18.1,Auto,250000.0,84,10.96,4275.0,21.6,39.6,1,23.7,1,221000.0,180000.0,Family,0,Married,Tier-1,1,0
APP102366,50,256000.0,21333.0,0.0,Salaried,Retail,5.2,Post-Graduate,575,9.0,8,0,5,4,0,Personal,110000.0,5,4,1,37,99.9,2,0,0,0,1,3,110000.0,63030.0,57.3,2300.0,1,1,234030.0,3700.0,32.1,Business,380000.0,36,15.64,13292.0,62.3,94.4,0,0.0,0,211000.0,960000.0,Family,0,Single,Tier-1,0,-1
APP102367,34,213000.0,17750.0,0.0,Retired,None,0.0,Graduate,729,13.5,9,1,2,0,0,Personal,170000.0,2,1,1,31,96.8,0,0,0,0,0,0,0.0,0.0,0.0,0.0,0,0,240000.0,4600.0,25.9,Business,340000.0,60,11.75,7520.0,42.4,68.3,1,0.0,0,54000.0,200000.0,Rent,2,Single,Tier-2,1,1
APP102368,28,757000.0,63083.0,25000.0,Salaried,Construction,7.0,High School,694,8.0,5,1,0,0,0,None,0.0,0,0,0,-1,97.6,1,0,0,1,0,0,0.0,0.0,0.0,0.0,0,0,313000.0,8500.0,13.5,Home,4940000.0,300,7.98,38062.0,60.3,73.8,1,17.9,0,159000.0,830000.0,Own,1,Married,Tier-1,0,-1
APP102369,47,426000.0,35500.0,0.0,Salaried,Healthcare,5.2,Graduate,735,6.1,7,2,4,4,0,Personal,980000.0,5,5,0,55,97.1,1,0,0,0,0,0,0.0,0.0,0.0,0.0,0,0,804000.0,11600.0,32.7,Auto,310000.0,48,9.2,7744.0,21.8,54.5,1,16.0,0,263000.0,810000.0,Family,0,Single,Tier-2,1,0
APP102370,26,150000.0,12500.0,0.0,Contract,Manufacturing,1.3,Graduate,529,4.3,8,0,2,1,0,Home,400000.0,3,1,2,11,82.0,1,3,0,0,0,0,0.0,0.0,0.0,0.0,0,0,279000.0,5800.0,46.4,Debt Consolidation,70000.0,36,16.78,2488.0,19.9,66.3,0,0.0,1,24000.0,180000.0,Own,1,Married,Tier-1,0,-1
APP102371,35,1106000.0,92167.0,194000.0,Contract,Banking/Finance,2.2,Graduate,699,7.7,7,3,2,2,0,Gold,1870000.0,3,3,0,50,99.2,0,0,0,0,1,3,440000.0,181720.0,41.3,8200.0,0,0,256720.0,2800.0,12.9,Personal,820000.0,60,12.72,18540.0,20.1,33.0,0,0.0,0,621000.0,1430000.0,Own,1,Single,Tier-3,1,0
APP102372,37,605000.0,50417.0,0.0,Business Owner,Banking/Finance,1.8,High School,639,1.0,3,1,2,2,0,Business,1280000.0,2,1,1,2,96.1,1,0,0,0,1,3,275000.0,123475.0,44.9,4500.0,1,2,727475.0,27700.0,67.2,Education,750000.0,120,11.64,10605.0,21.0,88.2,0,0.0,1,603000.0,320000.0,Family,0,Married,Tier-2,0,-1
APP102373,56,132000.0,11000.0,0.0,Retired,None,0.0,High School,614,9.2,11,2,2,1,0,Personal,310000.0,4,4,0,30,100.0,0,0,0,1,0,0,0.0,0.0,0.0,0.0,0,0,284000.0,6500.0,59.1,Home,840000.0,300,10.92,8184.0,74.4,133.5,1,19.8,0,168000.0,90000.0,Own,2,Married,Tier-1,0,-1
APP102374,34,222000.0,18500.0,0.0,Salaried,IT,3.5,Graduate,635,8.4,4,1,1,0,0,Home,280000.0,2,2,0,56,92.9,1,0,0,0,0,0,0.0,0.0,0.0,0.0,0,0,234000.0,4600.0,24.9,Debt Consolidation,210000.0,60,15.43,5043.0,27.3,52.1,0,0.0,0,32000.0,340000.0,Own,0,Married,Tier-1,0,-1
APP102375,21,343000.0,28583.0,22000.0,Contract,IT,0.0,Graduate,667,1.0,2,0,0,0,0,None,0.0,0,0,0,-1,96.0,0,0,0,0,1,1,60000.0,17760.0,29.6,1000.0,0,1,109760.0,4600.0,19.2,Debt Consolidation,160000.0,36,14.57,5513.0,19.3,38.5,0,0.0,1,127000.0,2120000.0,Rent,2,Divorced,Tier-3,1,0
APP102376,44,671000.0,55917.0,63000.0,Salaried,Healthcare,9.9,Graduate,727,12.6,4,1,4,3,1,Education,1030000.0,4,3,1,39,100.0,0,0,0,1,1,2,180000.0,62460.0,34.7,5200.0,0,2,560460.0,9800.0,23.1,Home,4330000.0,300,8.8,35746.0,63.9,87.0,1,15.6,1,214000.0,380000.0,Rent,1,Married,Tier-3,1,0
APP102377,30,590000.0,49167.0,0.0,Self-Employed,Government,1.1,Graduate,650,10.0,4,2,2,1,0,Education,1500000.0,3,2,1,16,100.0,1,0,0,1,1,2,205000.0,90405.0,44.1,3000.0,1,1,235405.0,4900.0,19.2,Personal,350000.0,60,14.12,8166.0,16.6,35.8,0,0.0,0,44000.0,570000.0,Own,0,Single,Tier-2,1,0
APP102378,38,298000.0,24833.0,0.0,Salaried,Construction,5.5,Graduate,572,7.4,7,0,0,0,0,None,0.0,0,0,0,-1,92.8,1,1,0,0,1,3,110000.0,54230.0,49.3,2300.0,0,1,137230.0,2100.0,19.4,Debt Consolidation,140000.0,60,15.64,3378.0,13.6,33.0,0,0.0,0,146000.0,520000.0,Own,2,Divorced,Tier-2,1,0
APP102379,37,406000.0,33833.0,0.0,Salaried,Healthcare,3.1,Graduate,560,4.3,8,0,1,1,1,Home,230000.0,1,1,0,14,90.9,0,0,1,0,1,1,175000.0,89425.0,51.1,1300.0,0,2,731425.0,11300.0,46.6,Auto,310000.0,48,12.45,8232.0,24.3,70.9,1,21.0,0,120000.0,2700000.0,Family,1,Single,Tier-1,0,-1
APP102380,35,511000.0,42583.0,74000.0,Self-Employed,Manufacturing,5.7,Doctorate,753,12.9,6,3,3,2,0,Business,460000.0,3,3,0,10,100.0,0,0,0,0,0,0,0.0,0.0,0.0,0.0,0,0,57000.0,1400.0,3.3,Auto,600000.0,60,9.34,12554.0,29.5,32.8,1,10.5,0,130000.0,1620000.0,Own,0,Married,Tier-2,1,0
APP102381,47,1191000.0,99250.0,0.0,Business Owner,Construction,3.9,High School,717,1.1,4,3,1,0,0,Auto,880000.0,2,2,0,2,100.0,0,0,0,0,1,1,265000.0,85065.0,32.1,2400.0,0,1,182065.0,4400.0,8.7,Auto,1540000.0,36,9.15,49079.0,49.4,58.2,1,11.2,1,373000.0,440000.0,Rent,0,Single,Tier-2,1,0
APP102382,21,491000.0,40917.0,0.0,Salaried,Government,0.0,High School,717,1.0,2,1,1,1,0,Education,1430000.0,2,2,0,49,100.0,0,0,0,0,1,5,285000.0,37905.0,13.3,6400.0,0,2,84905.0,1400.0,8.1,Debt Consolidation,370000.0,24,13.38,17657.0,43.2,51.2,0,0.0,0,115000.0,420000.0,Rent,0,Married,Tier-1,1,0
APP102383,32,150000.0,12500.0,31000.0,Retired,None,0.0,Post-Graduate,559,8.0,6,3,2,2,1,Gold,320000.0,5,4,1,46,96.5,1,0,0,1,0,0,0.0,0.0,0.0,0.0,0,0,132000.0,4800.0,38.4,Debt Consolidation,90000.0,36,16.4,3182.0,25.5,63.9,0,0.0,0,28000.0,120000.0,Own,1,Married,Tier-3,0,-1
APP102384,46,182000.0,15167.0,38000.0,Self-Employed,Manufacturing,3.2,High School,633,11.0,5,0,3,2,1,Education,370000.0,3,3,0,31,93.8,1,0,0,0,0,0,0.0,0.0,0.0,0.0,0,0,43000.0,2400.0,15.8,Auto,140000.0,60,11.75,3097.0,20.4,36.2,1,23.0,1,115000.0,80000.0,Own,2,Married,Tier-2,1,0
APP102385,31,501000.0,41750.0,83000.0,Salaried,Banking/Finance,4.9,Graduate,688,10.1,5,2,6,4,0,Education,890000.0,6,5,1,2,100.0,0,0,0,0,1,1,200000.0,85200.0,42.6,2100.0,1,3,596200.0,15600.0,47.6,Personal,370000.0,24,13.28,17639.0,42.2,89.8,0,0.0,0,147000.0,630000.0,Rent,2,Married,Tier-3,0,-1
APP102386,21,336000.0,28000.0,61000.0,Self-Employed,Banking/Finance,0.0,Graduate,709,1.0,5,1,0,0,0,None,0.0,1,1,0,42,100.0,0,0,0,0,1,3,75000.0,14175.0,18.9,1500.0,1,0,433175.0,6300.0,25.0,Home,1530000.0,120,8.96,19348.0,69.1,94.1,1,21.3,0,290000.0,2040000.0,Rent,1,Single,Tier-2,0,-1
APP102387,45,341000.0,28417.0,0.0,Salaried,Government,4.9,Graduate,654,6.8,5,0,2,1,0,Gold,550000.0,2,2,0,26,100.0,0,0,0,0,1,1,155000.0,84630.0,54.6,4500.0,0,3,343630.0,8600.0,45.2,Education,610000.0,60,10.56,13129.0,46.2,91.4,0,0.0,0,191000.0,520000.0,Family,0,Divorced,Tier-1,0,-1
APP102388,50,219000.0,18250.0,0.0,Salaried,IT,1.4,Graduate,618,5.6,7,3,1,1,0,Personal,360000.0,2,2,0,39,100.0,0,0,0,1,1,1,100000.0,33600.0,33.6,3000.0,1,0,114600.0,2400.0,22.4,Business,700000.0,60,13.96,16273.0,89.2,111.5,1,0.0,1,129000.0,360000.0,Rent,3,Married,Tier-1,0,-1
APP102389,38,517000.0,43083.0,0.0,Business Owner,Retail,13.4,Post-Graduate,648,0.9,1,1,1,1,1,Auto,170000.0,2,2,0,19,95.1,0,1,0,1,0,0,0.0,0.0,0.0,0.0,0,0,650000.0,9800.0,22.7,Home,3710000.0,300,9.57,32595.0,75.7,98.4,1,24.9,0,44000.0,230000.0,Rent,0,Single,Tier-1,0,-1
APP102390,21,547000.0,45583.0,0.0,Salaried,Manufacturing,0.0,Post-Graduate,672,1.0,2,4,0,0,0,None,0.0,0,0,0,-1,97.6,0,0,0,0,1,2,165000.0,12870.0,7.8,5400.0,0,1,145870.0,2600.0,7.1,Education,510000.0,120,10.35,6839.0,15.0,22.1,0,0.0,0,167000.0,1920000.0,Family,4,Single,Tier-2,1,0
APP102391,46,359000.0,29917.0,0.0,Salaried,Other,2.5,Graduate,667,0.7,8,0,2,0,0,Auto,860000.0,6,4,2,47,91.8,1,1,0,0,0,0,0.0,0.0,0.0,0.0,0,0,237000.0,4200.0,14.0,Personal,130000.0,24,13.56,6215.0,20.8,34.8,0,0.0,0,232000.0,680000.0,Own,0,Married,Tier-1,1,0
APP102392,21,2370000.0,197500.0,572000.0,Business Owner,Other,0.0,Graduate,731,0.9,1,3,1,0,0,Home,710000.0,2,2,0,5,100.0,0,0,0,1,1,4,985000.0,518110.0,52.6,22600.0,0,1,1549110.0,16600.0,21.5,Home,14630000.0,240,8.93,130972.0,66.3,87.8,1,15.7,0,2321000.0,4360000.0,Rent,3,Married,Tier-1,1,0
APP102393,41,752000.0,62667.0,107000.0,Salaried,Retail,5.6,Post-Graduate,605,1.8,2,0,2,1,0,Business,1300000.0,3,3,0,54,93.5,0,0,1,2,1,4,205000.0,87125.0,42.5,2300.0,0,1,721125.0,14100.0,29.5,Auto,830000.0,48,11.43,21626.0,34.5,64.0,1,21.1,0,237000.0,2420000.0,Rent,0,Married,Tier-1,0,-1
APP102394,28,249000.0,20750.0,35000.0,Contract,Education,7.0,Post-Graduate,622,4.4,6,1,1,0,0,Gold,560000.0,2,2,0,14,90.3,0,0,1,0,0,0,0.0,0.0,0.0,0.0,0,0,428000.0,11300.0,54.5,Auto,300000.0,48,10.48,7678.0,37.0,91.5,1,17.3,0,28000.0,180000.0,Family,2,Married,Tier-1,0,-1
APP102395,25,194000.0,16167.0,0.0,Contract,Manufacturing,4.0,Post-Graduate,589,4.6,3,2,2,2,0,Education,140000.0,2,2,0,55,94.1,0,1,0,0,0,0,0.0,0.0,0.0,0.0,0,0,252000.0,8200.0,50.7,Auto,200000.0,84,11.47,3474.0,21.5,72.2,1,11.8,0,204000.0,60000.0,Family,0,Single,Tier-1,1,0
APP102396,33,397000.0,33083.0,0.0,Salaried,Government,4.2,High School,657,6.6,10,1,3,2,0,Education,1070000.0,3,2,1,7,100.0,0,0,0,0,1,2,160000.0,77760.0,48.6,4200.0,1,0,107760.0,1300.0,15.7,Auto,450000.0,48,11.4,11718.0,35.4,51.1,1,12.7,0,62000.0,680000.0,Own,0,Married,Tier-2,1,0
APP102397,36,434000.0,36167.0,0.0,Self-Employed,Healthcare,15.0,Graduate,643,2.8,4,2,1,1,0,Business,560000.0,1,1,0,51,99.6,1,0,0,0,1,2,155000.0,52545.0,33.9,2200.0,1,1,149545.0,1500.0,11.4,Auto,650000.0,60,10.09,13839.0,38.3,49.7,1,29.7,0,29000.0,460000.0,Family,2,Single,Tier-3,1,0
APP102398,31,1197000.0,99750.0,0.0,Salaried,Government,10.0,Post-Graduate,681,11.0,6,2,2,0,1,Business,2940000.0,2,1,1,49,97.7,2,0,0,0,1,1,545000.0,79570.0,14.6,12000.0,0,1,297570.0,8300.0,12.3,Home,5330000.0,300,9.26,45682.0,45.8,58.1,1,13.3,0,381000.0,1080000.0,Family,1,Married,Tier-1,1,0
APP102399,44,667000.0,55583.0,81000.0,Self-Employed,Other,2.5,Post-Graduate,571,9.7,7,5,3,2,0,Gold,1220000.0,4,3,1,21,100.0,1,0,0,1,1,1,115000.0,76360.0,66.4,3100.0,1,1,255360.0,2700.0,11.7,Education,1300000.0,120,13.66,19920.0,35.8,47.6,0,0.0,0,192000.0,4220000.0,Rent,3,Married,Tier-3,0,-1
APP102400,33,159000.0,13250.0,0.0,Salaried,Banking/Finance,12.0,Graduate,617,6.4,8,2,2,1,0,Home,290000.0,3,3,0,54,100.0,0,0,0,1,1,2,95000.0,61370.0,64.6,2100.0,1,2,160370.0,2400.0,41.3,Education,170000.0,84,11.22,2931.0,22.1,63.4,0,0.0,0,145000.0,640000.0,Own,1,Married,Tier-3,1,0
APP102401,49,114000.0,9500.0,0.0,Retired,None,0.0,Post-Graduate,590,14.9,11,1,3,2,0,Auto,120000.0,3,1,2,14,100.0,0,0,0,1,1,3,45000.0,31995.0,71.1,400.0,1,1,302995.0,5600.0,75.8,Personal,50000.0,60,15.18,1194.0,12.6,88.4,0,0.0,0,91000.0,190000.0,Own,2,Single,Tier-2,0,-1
APP102402,41,301000.0,25083.0,0.0,Salaried,Manufacturing,6.0,Graduate,694,6.0,4,1,3,2,0,Education,500000.0,4,2,2,30,96.3,1,0,0,0,0,0,0.0,0.0,0.0,0.0,0,0,342000.0,10000.0,39.9,Home,1950000.0,300,8.79,16085.0,64.1,104.0,1,12.6,0,59000.0,150000.0,Rent,1,Married,Tier-3,0,-1
APP102403,30,1086000.0,90500.0,0.0,Business Owner,Construction,9.0,Post-Graduate,664,1.3,4,2,0,0,0,None,0.0,0,0,0,-1,90.6,1,1,0,0,0,0,0.0,0.0,0.0,0.0,0,0,444000.0,24300.0,26.9,Personal,1070000.0,12,14.43,96289.0,106.4,133.2,0,0.0,0,132000.0,64160000.0,Own,1,Single,Tier-1,0,-1
APP102404,28,228000.0,19000.0,21000.0,Salaried,Education,1.1,Graduate,650,7.8,7,0,0,0,0,None,0.0,0,0,0,-1,92.1,0,1,0,2,1,1,125000.0,45625.0,36.5,2100.0,1,3,148625.0,2100.0,23.1,Home,2200000.0,180,9.71,23253.0,122.4,145.4,1,19.3,0,52000.0,500000.0,Rent,3,Married,Tier-1,0,-1
APP102405,21,544000.0,45333.0,0.0,Salaried,Banking/Finance,0.0,Post-Graduate,655,1.0,5,1,4,2,1,Education,1400000.0,4,4,0,38,98.9,1,0,0,0,1,2,100000.0,26300.0,26.3,1400.0,1,2,67300.0,600.0,4.2,Debt Consolidation,570000.0,60,14.88,13524.0,29.8,34.1,0,0.0,0,198000.0,710000.0,Rent,1,Married,Tier-1,1,0
APP102406,41,211000.0,17583.0,0.0,Salaried,Manufacturing,6.7,Graduate,717,3.5,2,0,0,0,0,None,0.0,2,2,0,31,99.0,0,0,0,0,0,0,0.0,0.0,0.0,0.0,0,0,43000.0,1600.0,9.1,Personal,40000.0,24,12.84,1899.0,10.8,19.9,0,0.0,0,117000.0,150000.0,Rent,3,Married,Tier-2,1,0
APP102407,34,384000.0,32000.0,0.0,Self-Employed,Education,10.6,High School,610,3.9,6,0,2,1,0,Home,960000.0,2,2,0,54,92.7,0,1,0,0,1,3,195000.0,76245.0,39.1,1900.0,0,0,124245.0,1000.0,15.0,Auto,410000.0,48,10.98,10593.0,33.1,48.1,1,26.4,0,83000.0,410000.0,Own,0,Single,Tier-1,0,-1
APP102408,21,491000.0,40917.0,86000.0,Salaried,Other,0.0,Graduate,660,1.0,1,2,4,2,0,Personal,1170000.0,7,5,2,53,98.9,0,0,0,1,1,3,285000.0,116850.0,41.0,5600.0,0,1,575850.0,10900.0,40.9,Auto,510000.0,84,10.72,8658.0,21.2,62.1,1,11.0,0,279000.0,260000.0,Rent,0,Married,Tier-2,1,0
APP102409,32,1136000.0,94667.0,127000.0,Salaried,Retail,1.1,Post-Graduate,632,6.2,5,0,0,0,0,None,0.0,1,1,0,47,95.2,1,1,0,0,1,2,395000.0,263465.0,66.7,12500.0,0,3,3116465.0,47900.0,64.5,Auto,1230000.0,60,10.83,26639.0,28.1,92.7,1,24.7,0,203000.0,460000.0,Own,1,Single,Tier-1,0,-1
APP102410,28,380000.0,31667.0,0.0,Salaried,IT,7.0,High School,666,8.0,10,2,2,1,0,Business,880000.0,2,0,2,36,94.8,2,0,0,0,0,0,0.0,0.0,0.0,0.0,0,0,18000.0,300.0,0.9,Auto,570000.0,36,10.29,18470.0,58.3,59.3,1,13.4,0,518000.0,410000.0,Rent,4,Married,Tier-2,1,1
APP102411,55,277000.0,23083.0,0.0,Salaried,IT,5.5,Graduate,774,5.7,4,0,2,2,0,Personal,440000.0,4,4,0,35,97.9,0,0,0,0,0,0,0.0,0.0,0.0,0.0,0,0,52000.0,1100.0,4.8,Personal,210000.0,12,10.98,18558.0,80.4,85.2,1,0.0,0,114000.0,1010000.0,Own,1,Married,Tier-2,1,0
APP102412,21,1365000.0,113750.0,154000.0,Salaried,IT,0.0,Doctorate,686,1.0,3,0,1,0,0,Auto,3480000.0,2,2,0,51,100.0,0,0,0,0,1,3,370000.0,264180.0,71.4,3300.0,1,1,3637180.0,61600.0,65.8,Home,7020000.0,300,8.4,56055.0,49.3,115.0,1,27.2,0,137000.0,1700000.0,Rent,0,Divorced,Tier-3,0,-1
APP102413,22,68000.0,5667.0,13000.0,Unemployed,None,0.0,Post-Graduate,560,2.0,4,4,0,0,0,None,0.0,0,0,0,-1,100.0,0,0,0,1,0,0,0.0,0.0,0.0,0.0,0,0,16000.0,500.0,8.8,Business,100000.0,36,14.85,3459.0,61.0,69.9,0,0.0,0,12000.0,10000.0,Rent,0,Married,Tier-2,0,-1
APP102414,50,92000.0,7667.0,0.0,Unemployed,None,0.0,Graduate,589,5.2,6,2,1,0,0,Personal,240000.0,2,1,1,36,97.1,1,0,0,1,0,0,0.0,0.0,0.0,0.0,0,0,16000.0,800.0,10.4,Personal,40000.0,60,14.67,945.0,12.3,22.8,1,0.0,0,14000.0,620000.0,Rent,1,Married,Tier-2,0,-1
APP102415,53,60000.0,5000.0,0.0,Unemployed,None,0.0,Post-Graduate,527,1.9,0,3,2,1,0,Personal,30000.0,2,1,1,56,96.1,1,0,0,1,0,0,0.0,0.0,0.0,0.0,0,0,0.0,0.0,0.0,Auto,50000.0,36,13.18,1689.0,33.8,33.8,1,29.5,0,14000.0,20000.0,Rent,0,Married,Tier-1,0,-1
APP102416,30,330000.0,27500.0,0.0,Salaried,Healthcare,3.1,High School,668,3.1,6,1,0,0,0,None,0.0,1,1,0,7,95.9,1,0,0,1,1,2,50000.0,17650.0,35.3,1400.0,0,0,59650.0,2300.0,11.6,Auto,240000.0,48,10.47,6141.0,22.3,33.9,1,27.6,1,37000.0,180000.0,Own,2,Single,Tier-3,1,0
APP102417,31,296000.0,24667.0,46000.0,Salaried,Government,10.0,Graduate,719,6.8,4,2,2,2,0,Personal,340000.0,2,1,1,33,100.0,0,0,0,0,0,0,0.0,0.0,0.0,0.0,0,0,656000.0,9800.0,39.7,Business,330000.0,60,12.77,7470.0,30.3,70.0,0,0.0,0,67000.0,1050000.0,Family,3,Married,Tier-3,1,0
APP102418,45,735000.0,61250.0,0.0,Business Owner,Retail,1.7,Graduate,671,1.3,1,1,0,0,0,None,0.0,0,0,0,-1,100.0,0,0,0,1,1,1,335000.0,189610.0,56.6,10600.0,1,0,352610.0,7200.0,27.2,Auto,880000.0,60,10.12,18749.0,30.6,57.8,1,21.4,0,152000.0,1820000.0,Rent,1,Married,Tier-3,1,0
APP102419,21,779000.0,64917.0,0.0,Salaried,Government,0.0,Post-Graduate,696,1.0,2,2,2,1,0,Auto,2210000.0,2,2,0,48,96.5,0,1,0,0,0,0,0.0,0.0,0.0,0.0,0,0,164000.0,4000.0,6.2,Home,5030000.0,300,7.95,38656.0,59.5,65.7,1,14.5,1,312000.0,3950000.0,Rent,2,Single,Tier-1,1,0
APP102420,21,335000.0,27917.0,0.0,Self-Employed,Retail,0.0,Graduate,599,1.0,4,1,2,1,0,Gold,430000.0,2,2,0,36,88.0,0,0,1,0,0,0,0.0,0.0,0.0,0.0,0,0,931000.0,16300.0,58.4,Personal,70000.0,36,15.51,2444.0,8.8,67.1,0,0.0,1,70000.0,980000.0,Family,2,Married,Tier-2,1,1
APP102421,35,247000.0,20583.0,0.0,Salaried,Banking/Finance,7.5,High School,721,3.9,6,1,2,2,0,Business,680000.0,3,3,0,34,100.0,0,0,0,0,1,2,140000.0,8400.0,6.0,2900.0,0,0,251400.0,5200.0,27.3,Debt Consolidation,190000.0,60,14.35,4456.0,21.6,49.0,0,0.0,0,168000.0,820000.0,Own,0,Married,Tier-1,1,0
APP102422,55,552000.0,46000.0,0.0,Salaried,Other,8.9,Graduate,741,14.3,5,1,3,3,0,Business,1410000.0,5,4,1,3,100.0,0,0,0,0,1,1,170000.0,37570.0,22.1,2400.0,0,0,390570.0,7400.0,20.2,Home,4990000.0,300,7.99,38481.0,83.7,103.8,1,14.7,0,123000.0,350000.0,Rent,2,Married,Tier-3,1,0
APP102423,33,60000.0,5000.0,5000.0,Unemployed,None,0.0,Graduate,583,4.0,7,1,3,1,0,Auto,70000.0,4,2,2,39,100.0,0,0,0,0,0,0,0.0,0.0,0.0,0.0,0,0,24000.0,600.0,12.0,Business,120000.0,36,15.0,4160.0,83.2,95.2,0,0.0,0,6000.0,40000.0,Family,0,Single,Tier-2,0,-1
APP102424,39,258000.0,21500.0,0.0,Salaried,Construction,12.5,Post-Graduate,655,10.1,4,2,3,1,0,Gold,80000.0,3,3,0,1,100.0,0,0,0,0,1,2,75000.0,16050.0,21.4,1300.0,1,0,176050.0,4300.0,23.7,Auto,380000.0,48,10.25,9683.0,45.0,68.8,1,18.8,0,10000.0,460000.0,Rent,0,Married,Tier-3,1,0
APP102425,50,194000.0,16167.0,0.0,Retired,None,0.0,Graduate,582,5.4,2,4,2,2,0,Home,490000.0,2,1,1,10,100.0,1,0,0,0,1,4,85000.0,46750.0,55.0,2800.0,0,2,122750.0,3600.0,36.7,Business,410000.0,36,14.99,14211.0,87.9,124.6,0,0.0,0,73000.0,180000.0,Own,1,Married,Tier-3,0,-1
APP102426,61,593000.0,49417.0,0.0,Salaried,Construction,17.2,Post-Graduate,721,1.9,3,3,3,3,0,Gold,1310000.0,5,4,1,20,98.6,0,0,0,1,1,4,230000.0,28750.0,12.5,6300.0,0,1,736750.0,17600.0,38.5,Home,4690000.0,300,7.72,35333.0,71.5,110.0,1,11.2,0,118000.0,950000.0,Rent,3,Single,Tier-1,0,-1
APP102427,32,434000.0,36167.0,0.0,Salaried,Government,11.0,Graduate,721,12.0,2,1,1,1,0,Home,190000.0,3,3,0,1,94.5,1,0,0,0,0,0,0.0,0.0,0.0,0.0,0,0,154000.0,5300.0,14.7,Auto,390000.0,84,9.75,6424.0,17.8,32.4,1,25.2,1,35000.0,2080000.0,Own,0,Divorced,Tier-2,1,0
APP102428,38,726000.0,60500.0,156000.0,Salaried,Healthcare,6.0,Post-Graduate,599,1.7,5,2,1,1,0,Personal,310000.0,1,1,0,59,88.4,1,0,1,0,0,0,0.0,0.0,0.0,0.0,0,0,705000.0,17200.0,28.4,Debt Consolidation,490000.0,24,16.69,24154.0,39.9,68.4,0,0.0,1,228000.0,2120000.0,Own,2,Single,Tier-2,0,-1
APP102429,58,783000.0,65250.0,0.0,Salaried,Construction,5.9,Post-Graduate,718,3.4,4,0,1,1,0,Business,270000.0,2,2,0,4,95.9,0,1,0,1,1,1,385000.0,79695.0,20.7,9300.0,0,1,262695.0,3800.0,11.9,Home,4260000.0,240,8.34,36539.0,56.0,67.9,1,14.9,0,122000.0,4030000.0,Family,0,Single,Tier-1,1,0
APP102430,21,403000.0,33583.0,0.0,Self-Employed,Government,0.0,Graduate,664,1.0,5,5,1,1,0,Auto,1030000.0,2,1,1,16,100.0,0,0,0,0,0,0,0.0,0.0,0.0,0.0,0,0,451000.0,7800.0,23.2,Auto,360000.0,36,10.67,11730.0,34.9,58.2,1,28.2,0,334000.0,460000.0,Family,3,Married,Tier-1,1,1
APP102431,49,252000.0,21000.0,62000.0,Salaried,Other,11.2,Graduate,582,6.0,6,2,5,4,2,Personal,90000.0,6,6,0,30,99.8,0,1,0,0,1,2,85000.0,11560.0,13.6,1000.0,0,1,411560.0,6300.0,32.8,Auto,240000.0,60,12.36,5382.0,25.6,58.4,1,21.5,0,38000.0,290000.0,Rent,0,Single,Tier-1,0,-1
APP102432,27,407000.0,33917.0,0.0,Self-Employed,Banking/Finance,3.4,Post-Graduate,676,2.6,3,1,2,1,0,Education,850000.0,4,4,0,45,100.0,0,0,0,0,1,2,225000.0,58950.0,26.2,3600.0,0,1,1053950.0,16600.0,57.6,Home,3410000.0,240,9.13,30966.0,91.3,148.9,1,27.2,0,526000.0,1400000.0,Rent,0,Single,Tier-2,0,-1
APP102433,39,83000.0,6917.0,0.0,Unemployed,None,0.0,Graduate,518,5.2,3,0,1,1,0,Education,50000.0,2,2,0,53,100.0,0,0,0,0,1,3,45000.0,29385.0,65.3,1200.0,1,0,47385.0,1000.0,35.7,Auto,120000.0,48,12.61,3196.0,46.2,81.9,1,22.5,0,23000.0,10000.0,Family,1,Married,Tier-1,0,-1
APP102434,35,522000.0,43500.0,0.0,Salaried,Government,14.0,Graduate,650,7.7,6,1,0,0,0,None,0.0,0,0,0,-1,93.4,0,0,1,0,1,2,230000.0,58190.0,25.3,7300.0,0,0,1247190.0,21500.0,56.1,Personal,150000.0,60,13.86,3479.0,8.0,64.1,0,0.0,0,201000.0,2300000.0,Own,1,Single,Tier-1,1,1
APP102435,27,242000.0,20167.0,0.0,Salaried,Manufacturing,6.0,High School,616,3.9,0,4,3,2,0,Home,220000.0,3,2,1,5,100.0,0,0,0,0,1,4,65000.0,35945.0,55.3,900.0,0,0,35945.0,0.0,8.9,Home,1060000.0,300,9.94,9587.0,47.5,56.4,1,25.6,0,130000.0,250000.0,Family,2,Single,Tier-2,0,-1
APP102436,27,338000.0,28167.0,30000.0,Salaried,Manufacturing,2.6,Post-Graduate,758,7.0,3,1,1,1,0,Business,490000.0,3,3,0,39,97.1,0,0,0,1,0,0,0.0,0.0,0.0,0.0,0,0,270000.0,11000.0,39.1,Personal,310000.0,36,11.67,10248.0,36.4,75.4,0,0.0,0,168000.0,290000.0,Family,2,Married,Tier-2,1,0
APP102437,41,517000.0,43083.0,0.0,Contract,Healthcare,5.5,Graduate,590,2.8,4,3,1,1,0,Auto,1390000.0,2,0,2,21,93.6,0,0,1,2,0,0,0.0,0.0,0.0,0.0,0,0,1020000.0,20200.0,46.9,Auto,640000.0,84,11.09,10989.0,25.5,72.4,1,12.9,0,183000.0,280000.0,Rent,2,Married,Tier-2,0,-1
APP102438,49,430000.0,35833.0,49000.0,Self-Employed,Retail,6.9,Graduate,692,0.7,2,1,3,1,0,Auto,160000.0,4,3,1,55,93.5,0,1,0,2,0,0,0.0,0.0,0.0,0.0,0,0,189000.0,6100.0,17.0,Home,2820000.0,120,8.94,35631.0,99.4,116.5,1,27.6,0,41000.0,740000.0,Rent,4,Single,Tier-3,0,-1
APP102439,37,727000.0,60583.0,0.0,Salaried,Other,13.4,Graduate,686,9.4,4,1,3,1,0,Home,450000.0,3,2,1,41,100.0,0,0,0,0,1,2,315000.0,215145.0,68.3,6600.0,0,0,734145.0,21400.0,53.1,Auto,520000.0,60,10.33,11133.0,18.4,71.5,1,12.7,0,2529000.0,2100000.0,Own,2,Single,Tier-1,1,0
APP102440,39,844000.0,70333.0,0.0,Self-Employed,Construction,12.1,Graduate,682,4.5,1,1,3,3,0,Education,800000.0,3,3,0,42,95.0,1,0,0,0,1,2,285000.0,88065.0,30.9,3600.0,0,2,1995065.0,30700.0,49.9,Debt Consolidation,940000.0,24,15.04,45595.0,64.8,114.7,0,0.0,0,92000.0,1420000.0,Own,1,Single,Tier-2,0,-1
APP102441,44,378000.0,31500.0,0.0,Salaried,Banking/Finance,8.1,Graduate,607,10.1,7,0,6,6,0,Personal,180000.0,7,6,1,34,92.2,0,0,1,1,1,1,215000.0,83850.0,39.0,4600.0,0,2,181850.0,5000.0,29.2,Education,300000.0,120,12.46,4384.0,13.9,43.1,0,0.0,1,39000.0,120000.0,Own,2,Married,Tier-1,1,0
APP102442,27,920000.0,76667.0,211000.0,Salaried,Banking/Finance,6.0,Post-Graduate,718,3.7,2,4,0,0,0,None,0.0,1,0,1,48,100.0,0,0,0,0,0,0,0.0,0.0,0.0,0.0,0,0,351000.0,6400.0,8.3,Debt Consolidation,780000.0,36,13.01,26285.0,34.3,42.6,0,0.0,0,392000.0,4780000.0,Own,2,Single,Tier-3,1,0
APP102443,46,468000.0,39000.0,0.0,Salaried,IT,5.5,Graduate,727,6.8,2,2,3,1,1,Home,780000.0,4,4,0,36,100.0,0,0,0,1,0,0,0.0,0.0,0.0,0.0,0,0,483000.0,7200.0,18.5,Auto,350000.0,84,9.12,5653.0,14.5,33.0,1,24.1,0,342000.0,100000.0,Own,3,Married,Tier-1,1,0
APP102444,47,278000.0,23167.0,0.0,Retired,None,0.0,Doctorate,562,3.6,2,4,0,0,0,None,0.0,0,0,0,-1,95.8,1,0,0,1,1,1,55000.0,26235.0,47.7,1600.0,0,0,518235.0,8200.0,41.1,Personal,260000.0,12,15.23,23495.0,101.4,142.5,0,0.0,0,32000.0,610000.0,Rent,2,Single,Tier-2,0,-1
APP102445,67,161000.0,13417.0,0.0,Salaried,Healthcare,4.6,Post-Graduate,700,4.2,1,0,2,1,0,Auto,310000.0,4,2,2,47,95.6,1,0,0,0,0,0,0.0,0.0,0.0,0.0,0,0,98000.0,2300.0,17.1,Home,990000.0,300,8.94,8267.0,61.6,78.8,1,23.2,0,175000.0,100000.0,Rent,2,Single,Tier-2,1,1
APP102446,34,268000.0,22333.0,0.0,Salaried,Government,9.4,Graduate,659,1.3,3,2,1,0,0,Home,260000.0,1,1,0,2,100.0,0,0,0,0,0,0,0.0,0.0,0.0,0.0,0,0,328000.0,5400.0,24.2,Personal,200000.0,36,13.91,6827.0,30.6,54.7,0,0.0,0,29000.0,170000.0,Rent,1,Single,Tier-2,1,0
APP102447,33,270000.0,22500.0,0.0,Salaried,Government,7.9,Graduate,691,1.9,1,3,1,1,0,Auto,750000.0,1,1,0,59,100.0,0,0,0,0,0,0,0.0,0.0,0.0,0.0,0,0,358000.0,7100.0,31.6,Debt Consolidation,190000.0,60,14.57,4477.0,19.9,51.5,0,0.0,1,181000.0,60000.0,Rent,1,Single,Tier-1,1,0
APP102448,46,537000.0,44750.0,0.0,Self-Employed,Banking/Finance,10.9,Post-Graduate,572,6.3,9,1,2,0,0,Gold,660000.0,3,2,1,7,96.7,0,1,0,0,1,6,100000.0,82600.0,82.6,1800.0,1,2,590600.0,14000.0,40.5,Personal,130000.0,24,15.03,6305.0,14.1,54.6,0,0.0,1,222000.0,170000.0,Rent,0,Married,Tier-1,1,0
APP102449,47,495000.0,41250.0,114000.0,Salaried,Government,10.7,Graduate,790,9.4,2,0,1,1,0,Auto,780000.0,1,0,1,58,96.9,1,0,0,1,0,0,0.0,0.0,0.0,0.0,0,0,317000.0,6700.0,16.2,Business,1340000.0,36,12.09,44565.0,108.0,124.3,0,0.0,0,1179000.0,2870000.0,Family,1,Married,Tier-1,1,0
APP102450,32,458000.0,38167.0,96000.0,Salaried,Government,3.4,Graduate,803,6.8,3,0,4,2,0,Gold,510000.0,4,3,1,49,98.4,0,0,0,1,0,0,0.0,0.0,0.0,0.0,0,0,505000.0,11100.0,29.1,Personal,260000.0,60,11.88,5768.0,15.1,44.2,0,0.0,1,227000.0,610000.0,Rent,0,Single,Tier-1,1,0
APP102451,34,591000.0,49250.0,40000.0,Salaried,Other,0.6,Post-Graduate,622,2.2,4,3,1,1,1,Home,420000.0,1,0,1,21,100.0,0,0,0,0,1,2,325000.0,163800.0,50.4,7400.0,0,1,1141800.0,20600.0,58.5,Personal,260000.0,24,14.98,12604.0,25.6,84.0,0,0.0,0,277000.0,720000.0,Rent,3,Married,Tier-2,0,-1
APP102452,44,396000.0,33000.0,0.0,Self-Employed,Government,3.2,Post-Graduate,633,7.3,4,0,4,2,0,Auto,670000.0,5,5,0,20,87.3,2,1,0,0,1,3,90000.0,35640.0,39.6,1600.0,1,2,187640.0,3500.0,16.0,Personal,260000.0,12,14.42,23396.0,70.9,86.9,0,0.0,0,163000.0,540000.0,Rent,0,Married,Tier-1,0,-1
APP102453,29,644000.0,53667.0,0.0,Salaried,Manufacturing,6.7,Graduate,741,2.3,5,2,0,0,0,None,0.0,1,1,0,37,99.8,0,0,0,0,1,5,370000.0,25530.0,6.9,8600.0,1,1,271530.0,6000.0,13.6,Business,1790000.0,60,11.96,39781.0,74.1,87.7,0,0.0,0,565000.0,2000000.0,Own,2,Married,Tier-2,1,1
APP102454,33,122000.0,10167.0,9000.0,Unemployed,None,0.0,High School,681,6.2,6,0,4,4,0,Personal,280000.0,4,2,2,51,100.0,0,0,0,0,1,1,55000.0,19030.0,34.6,1800.0,0,0,79030.0,1000.0,19.2,Personal,70000.0,36,13.68,2382.0,23.4,42.6,0,0.0,0,20000.0,170000.0,Family,2,Single,Tier-1,0,-1
APP102455,39,351000.0,29250.0,85000.0,Salaried,Healthcare,4.4,Graduate,644,2.8,1,3,0,0,0,None,0.0,2,0,2,30,100.0,0,0,0,0,1,2,100000.0,46800.0,46.8,3100.0,1,1,318800.0,3900.0,21.3,Auto,370000.0,60,10.27,7911.0,27.0,48.4,1,18.0,0,90000.0,580000.0,Own,0,Divorced,Tier-3,1,0
APP102456,49,364000.0,30333.0,0.0,Salaried,Construction,3.1,Post-Graduate,601,4.4,6,3,2,0,0,Education,950000.0,5,4,1,18,98.8,0,1,0,1,1,2,205000.0,97580.0,47.6,6400.0,0,0,668580.0,9000.0,45.8,Personal,100000.0,24,15.23,4860.0,16.0,61.8,0,0.0,0,164000.0,590000.0,Rent,0,Single,Tier-1,0,-1
APP102457,31,110000.0,9167.0,0.0,Retired,None,0.0,Graduate,483,3.1,6,2,2,2,1,Business,40000.0,3,2,1,14,90.7,2,0,0,1,1,1,20000.0,12360.0,61.8,600.0,0,2,137360.0,1800.0,26.4,Personal,60000.0,12,16.43,5456.0,59.5,85.9,0,0.0,1,130000.0,130000.0,Rent,0,Married,Tier-2,0,-1
APP102458,21,446000.0,37167.0,0.0,Contract,Other,0.0,Post-Graduate,686,1.0,6,1,1,1,0,Gold,800000.0,2,2,0,50,100.0,0,0,0,0,1,2,245000.0,9555.0,3.9,5600.0,0,1,463555.0,12300.0,34.4,Personal,270000.0,24,13.56,12907.0,34.7,69.1,0,0.0,0,210000.0,380000.0,Own,3,Married,Tier-2,1,0
APP102459,21,300000.0,25000.0,0.0,Salaried,Construction,0.0,Graduate,669,1.0,5,1,3,0,0,Gold,610000.0,5,4,1,12,100.0,0,0,0,1,0,0,0.0,0.0,0.0,0.0,0,0,265000.0,4800.0,19.2,Education,340000.0,84,10.64,5757.0,23.0,42.2,0,0.0,0,30000.0,810000.0,Rent,0,Married,Tier-3,1,0
APP102460,24,137000.0,11417.0,0.0,Contract,Education,3.0,Graduate,660,4.0,4,1,2,1,0,Auto,150000.0,3,3,0,4,100.0,0,0,0,0,0,0,0.0,0.0,0.0,0.0,0,0,96000.0,3100.0,27.2,Debt Consolidation,160000.0,36,14.44,5503.0,48.2,75.4,0,0.0,0,92000.0,100000.0,Rent,0,Married,Tier-1,1,0
APP102461,24,207000.0,17250.0,0.0,Self-Employed,Banking/Finance,3.0,Graduate,543,0.4,5,3,2,0,1,Auto,130000.0,4,3,1,25,100.0,0,0,0,0,1,2,115000.0,58535.0,50.9,1200.0,0,1,155535.0,3700.0,38.4,Personal,200000.0,60,15.88,4851.0,28.1,66.5,0,0.0,0,103000.0,860000.0,Own,2,Single,Tier-2,0,-1
APP102462,36,859000.0,71583.0,0.0,Salaried,Banking/Finance,15.0,Graduate,725,9.8,3,5,1,1,0,Personal,1020000.0,2,2,0,57,100.0,0,0,0,0,1,1,135000.0,12690.0,9.4,3700.0,1,1,2214690.0,39200.0,55.6,Home,6770000.0,120,8.29,83180.0,116.2,171.8,1,25.2,0,360000.0,3040000.0,Own,1,Married,Tier-3,0,-1
APP102463,25,869000.0,72417.0,0.0,Contract,Other,0.6,Post-Graduate,733,2.2,0,0,4,3,0,Business,1390000.0,5,4,1,25,100.0,0,0,0,1,1,2,350000.0,75950.0,21.7,8500.0,1,0,75950.0,0.0,5.2,Auto,700000.0,60,9.28,14626.0,20.2,25.4,1,10.1,0,401000.0,3130000.0,Rent,0,Married,Tier-1,1,0
APP102464,30,1214000.0,101167.0,0.0,Business Owner,Construction,7.9,High School,797,10.0,14,1,4,4,0,Personal,1100000.0,5,4,1,26,98.2,2,0,0,0,0,0,0.0,0.0,0.0,0.0,0,0,572000.0,31500.0,31.1,Business,4840000.0,84,10.76,82263.0,81.3,112.5,0,0.0,1,272000.0,620000.0,Own,2,Married,Tier-2,0,-1
APP102465,29,635000.0,52917.0,0.0,Salaried,Retail,8.0,Post-Graduate,684,3.7,4,1,0,0,0,None,0.0,0,0,0,-1,91.0,1,0,0,0,0,0,0.0,0.0,0.0,0.0,0,0,79000.0,4100.0,7.7,Education,1130000.0,60,9.76,23876.0,45.1,52.9,1,0.0,0,325000.0,2750000.0,Rent,2,Married,Tier-3,1,0
APP102466,33,268000.0,22333.0,0.0,Self-Employed,Construction,3.2,Graduate,676,11.9,7,1,4,2,0,Business,360000.0,4,3,1,52,100.0,2,0,0,0,0,0,0.0,0.0,0.0,0.0,0,0,222000.0,3200.0,14.3,Home,2370000.0,300,8.9,19727.0,88.3,102.7,1,24.4,0,25000.0,840000.0,Rent,3,Divorced,Tier-2,0,-1
APP102467,53,422000.0,35167.0,0.0,Salaried,Construction,4.8,Post-Graduate,639,0.9,3,1,0,0,0,None,0.0,2,2,0,32,100.0,1,0,0,1,1,2,100000.0,42700.0,42.7,900.0,0,1,221700.0,4200.0,18.0,Debt Consolidation,490000.0,24,14.55,23654.0,67.3,85.3,0,0.0,0,375000.0,130000.0,Family,0,Married,Tier-1,0,-1
APP102468,45,233000.0,19417.0,42000.0,Salaried,Manufacturing,3.8,Post-Graduate,694,10.7,9,3,3,2,0,Personal,500000.0,4,4,0,49,100.0,0,1,0,1,0,0,0.0,0.0,0.0,0.0,0,0,86000.0,3100.0,16.0,Personal,160000.0,36,13.84,5456.0,28.1,44.1,0,0.0,1,508000.0,190000.0,Own,1,Single,Tier-1,1,0
APP102469,38,69000.0,5750.0,0.0,Retired,None,0.0,Graduate,584,2.6,1,0,1,1,0,Business,200000.0,2,2,0,55,85.8,1,0,1,3,0,0,0.0,0.0,0.0,0.0,0,0,20000.0,300.0,5.2,Auto,40000.0,36,11.59,1321.0,23.0,28.2,1,24.6,0,98000.0,660000.0,Rent,0,Married,Tier-2,1,0
APP102470,33,891000.0,74250.0,0.0,Self-Employed,Construction,11.5,Doctorate,657,10.7,8,1,1,0,1,Education,1340000.0,5,4,1,22,98.6,1,0,0,1,1,3,520000.0,195000.0,37.5,11800.0,0,3,273000.0,2700.0,16.8,Auto,850000.0,84,10.36,14270.0,19.2,36.0,1,25.2,0,205000.0,970000.0,Own,3,Divorced,Tier-1,1,1
APP102471,33,611000.0,50917.0,0.0,Self-Employed,Retail,2.1,Graduate,670,5.0,4,2,1,1,1,Business,1780000.0,1,1,0,3,99.3,1,0,0,0,0,0,0.0,0.0,0.0,0.0,0,0,1521000.0,22200.0,43.6,Debt Consolidation,360000.0,36,14.05,12313.0,24.2,67.8,0,0.0,0,385000.0,3890000.0,Own,1,Married,Tier-1,1,1
APP102472,42,1436000.0,119667.0,0.0,Self-Employed,IT,7.4,Graduate,662,4.0,4,4,0,0,0,None,0.0,1,1,0,12,100.0,0,0,0,0,1,2,570000.0,380760.0,66.8,6000.0,1,2,1592760.0,24500.0,36.4,Auto,1070000.0,60,10.9,23211.0,19.4,55.8,1,15.5,1,1127000.0,5660000.0,Rent,0,Married,Tier-1,1,0
APP102473,44,629000.0,52417.0,0.0,Self-Employed,Government,13.1,Post-Graduate,653,12.1,5,1,4,4,0,Home,1340000.0,5,5,0,59,95.5,2,0,0,1,1,2,235000.0,127135.0,54.1,7200.0,0,2,514135.0,13500.0,37.9,Education,950000.0,60,10.81,20565.0,39.2,77.1,0,0.0,1,379000.0,400000.0,Own,0,Married,Tier-3,0,-1
APP102474,28,249000.0,20750.0,0.0,Salaried,Manufacturing,3.4,Post-Graduate,526,3.2,1,1,2,2,1,Gold,520000.0,2,2,0,43,85.7,2,0,1,0,0,0,0.0,0.0,0.0,0.0,0,0,406000.0,10600.0,51.1,Auto,260000.0,48,12.43,6902.0,33.3,84.3,1,21.4,1,48000.0,560000.0,Rent,1,Single,Tier-1,0,-1
APP102475,38,150000.0,12500.0,0.0,Retired,None,0.0,Graduate,688,14.3,8,0,4,2,0,Education,270000.0,4,4,0,55,92.3,0,1,0,0,0,0,0.0,0.0,0.0,0.0,0,0,180000.0,3800.0,30.4,Home,1380000.0,120,9.18,17616.0,140.9,171.3,1,16.7,0,34000.0,190000.0,Own,2,Single,Tier-1,0,-1
APP102476,21,565000.0,47083.0,45000.0,Self-Employed,Government,0.0,Doctorate,577,1.0,1,2,3,3,0,Auto,1070000.0,4,4,0,23,100.0,1,0,0,1,1,2,315000.0,129465.0,41.1,5000.0,0,3,635465.0,25800.0,68.5,Debt Consolidation,450000.0,36,16.72,15981.0,33.9,102.5,0,0.0,0,84000.0,150000.0,Own,4,Single,Tier-2,0,-1
APP102477,40,349000.0,29083.0,26000.0,Self-Employed,Construction,2.5,Graduate,691,5.3,3,2,3,2,0,Auto,230000.0,3,3,0,30,100.0,0,0,0,0,1,1,110000.0,20350.0,18.5,3400.0,0,0,57350.0,1000.0,6.9,Education,380000.0,60,10.06,8085.0,27.8,34.7,0,0.0,0,62000.0,300000.0,Family,1,Married,Tier-2,1,0
APP102478,46,505000.0,42083.0,0.0,Salaried,IT,2.9,Graduate,724,5.8,4,2,4,3,0,Auto,1500000.0,4,3,1,42,99.9,0,0,0,0,0,0,0.0,0.0,0.0,0.0,0,0,524000.0,15700.0,37.3,Debt Consolidation,460000.0,60,13.8,10656.0,25.3,62.6,0,0.0,0,983000.0,1750000.0,Own,2,Married,Tier-3,1,0
APP102479,35,186000.0,15500.0,0.0,Salaried,Construction,14.0,High School,599,1.8,2,1,3,2,1,Personal,190000.0,4,3,1,19,91.0,2,0,0,0,0,0,0.0,0.0,0.0,0.0,0,0,125000.0,4800.0,31.0,Debt Consolidation,150000.0,36,14.97,5198.0,33.5,64.5,1,0.0,0,64000.0,210000.0,Rent,0,Married,Tier-2,0,-1
APP102480,58,556000.0,46333.0,0.0,Salaried,Healthcare,19.5,Graduate,720,6.6,5,2,3,2,0,Personal,1430000.0,5,4,1,46,98.8,1,0,0,0,0,0,0.0,0.0,0.0,0.0,0,0,1283000.0,20200.0,43.6,Personal,330000.0,36,13.08,11132.0,24.0,67.6,0,0.0,0,81000.0,270000.0,Own,1,Single,Tier-2,1,0
APP102481,28,633000.0,52750.0,0.0,Salaried,Education,7.0,Graduate,748,2.5,2,3,1,0,0,Education,1740000.0,1,1,0,14,99.5,0,0,0,0,0,0,0.0,0.0,0.0,0.0,0,0,132000.0,5300.0,10.0,Personal,200000.0,24,12.37,9449.0,17.9,28.0,0,0.0,0,367000.0,2600000.0,Family,2,Married,Tier-1,1,0
APP102482,40,933000.0,77750.0,161000.0,Salaried,Construction,4.5,Graduate,639,2.1,1,1,0,0,0,None,0.0,0,0,0,-1,99.3,1,0,0,0,1,3,240000.0,217680.0,90.7,5000.0,1,4,1770680.0,37000.0,61.6,Auto,1020000.0,84,10.72,17315.0,22.3,83.9,1,25.0,0,1554000.0,1140000.0,Family,1,Single,Tier-2,0,-1
APP102483,38,637000.0,53083.0,0.0,Self-Employed,Banking/Finance,14.6,Graduate,656,2.1,4,1,1,1,1,Gold,590000.0,2,2,0,50,99.6,0,0,0,0,0,0,0.0,0.0,0.0,0.0,0,0,1174000.0,34100.0,64.2,Education,720000.0,120,11.14,9975.0,18.8,83.0,0,0.0,0,328000.0,3450000.0,Family,2,Divorced,Tier-3,1,1
APP102484,37,80000.0,6667.0,0.0,Unemployed,None,0.0,High School,515,3.7,3,1,2,1,0,Home,60000.0,2,2,0,12,96.5,0,0,1,0,0,0,0.0,0.0,0.0,0.0,0,0,65000.0,1100.0,16.5,Debt Consolidation,70000.0,36,17.07,2498.0,37.5,54.0,0,0.0,0,29000.0,40000.0,Rent,1,Divorced,Tier-2,0,-1
APP102485,37,325000.0,27083.0,0.0,Salaried,Other,2.4,Graduate,722,12.4,6,1,2,0,0,Gold,480000.0,3,1,2,37,96.4,1,0,0,0,0,0,0.0,0.0,0.0,0.0,0,0,317000.0,4800.0,17.7,Business,1030000.0,36,11.72,34073.0,125.8,143.5,0,0.0,0,11000.0,2390000.0,Own,1,Married,Tier-1,0,-1
APP102486,39,484000.0,40333.0,0.0,Salaried,Manufacturing,9.6,Post-Graduate,637,2.8,3,1,1,1,0,Education,210000.0,1,1,0,14,83.3,0,1,1,0,1,1,200000.0,23800.0,11.9,4200.0,0,0,398800.0,13000.0,35.2,Home,2890000.0,120,9.95,38112.0,94.5,129.7,1,17.1,1,81000.0,1070000.0,Own,0,Single,Tier-3,0,-1
APP102487,47,731000.0,60917.0,0.0,Self-Employed,Other,3.6,High School,709,6.4,4,1,1,0,0,Home,920000.0,2,1,1,7,96.1,0,1,0,1,0,0,0.0,0.0,0.0,0.0,0,0,79000.0,3900.0,6.4,Debt Consolidation,380000.0,36,13.55,12905.0,21.2,27.6,0,0.0,1,340000.0,2080000.0,Rent,2,Single,Tier-1,1,0
APP102488,53,243000.0,20250.0,0.0,Salaried,Manufacturing,2.1,Post-Graduate,658,11.7,7,1,2,2,0,Auto,200000.0,2,1,1,32,91.2,0,1,0,0,0,0,0.0,0.0,0.0,0.0,0,0,509000.0,9400.0,46.4,Auto,180000.0,84,10.35,3021.0,14.9,61.3,1,18.1,1,375000.0,610000.0,Rent,1,Single,Tier-1,1,1
APP102489,38,160000.0,13333.0,0.0,Retired,None,0.0,Post-Graduate,679,4.2,2,1,0,0,0,None,0.0,1,1,0,32,99.4,0,0,0,1,0,0,0.0,0.0,0.0,0.0,0,0,208000.0,3500.0,26.3,Education,220000.0,120,10.06,2915.0,21.9,48.1,1,0.0,1,49000.0,180000.0,Own,1,Married,Tier-1,1,0
APP102490,47,827000.0,68917.0,54000.0,Salaried,Retail,7.4,Graduate,669,5.7,7,1,3,1,0,Personal,2400000.0,4,3,1,53,90.0,2,0,0,0,1,2,175000.0,50400.0,28.8,1400.0,0,2,188400.0,4100.0,9.6,Home,4020000.0,120,9.13,51207.0,74.3,83.9,1,27.7,0,612000.0,320000.0,Rent,2,Single,Tier-2,0,-1
APP102491,30,498000.0,41500.0,78000.0,Salaried,Other,7.9,Post-Graduate,698,10.0,7,5,4,2,0,Personal,690000.0,6,5,1,35,100.0,0,0,0,0,1,4,290000.0,16820.0,5.8,3800.0,1,0,383820.0,7500.0,20.1,Business,950000.0,60,12.89,21562.0,52.0,72.1,0,0.0,0,242000.0,220000.0,Own,2,Married,Tier-2,1,0
APP102492,46,482000.0,40167.0,113000.0,Salaried,Retail,8.5,Post-Graduate,576,7.4,6,0,0,0,0,None,0.0,1,1,0,50,81.8,2,1,1,0,0,0,0.0,0.0,0.0,0.0,0,0,402000.0,7000.0,17.4,Home,3930000.0,300,10.91,38263.0,95.3,112.7,1,21.4,1,138000.0,1750000.0,Own,2,Married,Tier-3,0,-1
APP102493,30,104000.0,8667.0,0.0,Retired,None,0.0,High School,627,6.7,5,3,0,0,0,None,0.0,2,1,1,15,97.2,1,0,0,2,0,0,0.0,0.0,0.0,0.0,0,0,62000.0,2600.0,30.0,Personal,70000.0,24,14.74,3385.0,39.1,69.1,0,0.0,1,17000.0,130000.0,Family,0,Married,Tier-2,0,-1
APP102494,50,460000.0,38333.0,0.0,Salaried,Retail,5.2,Graduate,558,5.0,6,1,5,2,0,Business,1090000.0,5,3,2,26,92.8,2,1,0,0,1,1,165000.0,96690.0,58.6,800.0,1,0,719690.0,13200.0,47.0,Auto,390000.0,60,12.36,8746.0,22.8,69.9,1,27.7,0,166000.0,1310000.0,Rent,1,Married,Tier-3,0,-1
APP102495,62,871000.0,72583.0,0.0,Self-Employed,Manufacturing,5.9,Graduate,765,14.0,6,2,2,2,0,Home,510000.0,2,1,1,40,99.4,0,0,0,0,1,2,135000.0,47250.0,35.0,2400.0,0,2,418250.0,14900.0,23.8,Home,6250000.0,180,7.74,58794.0,81.0,104.8,1,18.0,0,1982000.0,1560000.0,Rent,1,Divorced,Tier-1,1,0
APP102496,37,762000.0,63500.0,0.0,Salaried,Manufacturing,9.7,Graduate,663,3.7,3,2,4,2,0,Auto,700000.0,4,3,1,3,100.0,0,0,0,0,1,4,200000.0,74800.0,37.4,1000.0,1,0,1480800.0,21500.0,39.7,Personal,730000.0,60,13.97,16974.0,26.7,66.5,0,0.0,0,35000.0,1040000.0,Family,0,Married,Tier-1,1,0
APP102497,21,403000.0,33583.0,16000.0,Salaried,Retail,0.0,Graduate,621,1.0,2,1,1,1,0,Home,420000.0,2,2,0,33,98.7,0,1,0,0,1,1,170000.0,81430.0,47.9,2900.0,0,0,144430.0,2500.0,19.6,Education,250000.0,120,11.51,3516.0,10.5,30.0,0,0.0,1,105000.0,620000.0,Rent,1,Married,Tier-1,1,0
APP102498,32,137000.0,11417.0,21000.0,Unemployed,None,0.0,Post-Graduate,601,3.9,4,2,2,1,0,Home,70000.0,4,3,1,18,100.0,0,0,0,0,0,0,0.0,0.0,0.0,0.0,0,0,57000.0,2600.0,22.8,Auto,90000.0,48,11.18,2334.0,20.4,43.2,1,29.8,0,35000.0,570000.0,Own,1,Single,Tier-2,0,-1
APP102499,52,633000.0,52750.0,0.0,Salaried,IT,3.2,Post-Graduate,753,7.8,5,1,5,3,0,Education,1530000.0,7,7,0,17,97.4,0,1,0,0,1,4,360000.0,45720.0,12.7,7700.0,0,0,96720.0,900.0,6.0,Personal,290000.0,36,12.42,9690.0,18.4,24.4,0,0.0,0,143000.0,370000.0,Rent,0,Single,Tier-1,1,0
APP102500,44,872000.0,72667.0,0.0,Salaried,Retail,5.8,Post-Graduate,807,6.1,10,2,2,1,0,Auto,2470000.0,3,2,1,13,100.0,0,0,0,0,0,0,0.0,0.0,0.0,0.0,0,0,564000.0,15800.0,21.7,Auto,630000.0,84,7.72,9732.0,13.4,35.1,1,27.8,0,638000.0,960000.0,Own,0,Single,Tier-1,1,0
APP102501,41,374000.0,31167.0,0.0,Self-Employed,Retail,13.1,Post-Graduate,503,2.3,6,4,0,0,0,None,0.0,1,1,0,11,94.8,2,0,0,2,1,3,115000.0,69920.0,60.8,900.0,0,1,345920.0,4000.0,24.1,Personal,100000.0,12,16.75,9109.0,29.2,53.3,0,0.0,0,213000.0,1080000.0,Rent,2,Married,Tier-3,0,-1
APP102502,49,156000.0,13000.0,0.0,Unemployed,None,0.0,Graduate,641,8.5,10,1,1,0,0,Business,200000.0,2,1,1,59,99.4,1,0,0,0,1,2,50000.0,16400.0,32.8,900.0,1,1,239400.0,3500.0,33.2,Personal,80000.0,12,14.18,7190.0,55.3,88.5,0,0.0,0,48000.0,20000.0,Rent,1,Single,Tier-1,0,-1
APP102503,43,408000.0,34000.0,0.0,Salaried,Education,13.5,High School,560,7.3,11,4,2,2,0,Business,380000.0,2,2,0,16,90.5,1,1,0,0,1,5,190000.0,112290.0,59.1,1800.0,0,1,243290.0,3600.0,27.1,Home,3980000.0,240,11.99,43795.0,128.8,155.9,1,18.8,0,128000.0,750000.0,Own,0,Married,Tier-1,0,-1
APP102504,51,71000.0,5917.0,0.0,Salaried,Manufacturing,4.4,High School,617,2.8,4,1,1,1,0,Business,30000.0,3,2,1,34,100.0,1,0,0,2,0,0,0.0,0.0,0.0,0.0,0,0,35000.0,1000.0,16.9,Home,380000.0,180,10.4,4177.0,70.6,87.5,1,20.9,0,36000.0,40000.0,Rent,0,Married,Tier-3,0,-1
APP102505,48,399000.0,33250.0,0.0,Retired,None,0.0,Graduate,619,6.5,5,2,0,0,0,None,0.0,1,1,0,33,97.1,1,0,0,0,0,0,0.0,0.0,0.0,0.0,0,0,1102000.0,20400.0,61.4,Personal,260000.0,12,14.67,23427.0,70.5,131.8,0,0.0,1,314000.0,950000.0,Rent,1,Single,Tier-3,0,-1
APP102506,55,612000.0,51000.0,0.0,Self-Employed,Manufacturing,7.2,Post-Graduate,717,9.9,5,1,2,1,0,Personal,330000.0,4,3,1,44,94.4,2,0,0,0,0,0,0.0,0.0,0.0,0.0,0,0,349000.0,12700.0,24.9,Home,4850000.0,240,8.82,43077.0,84.5,109.4,1,15.5,1,748000.0,160000.0,Own,1,Single,Tier-2,1,1
APP102507,42,236000.0,19667.0,47000.0,Contract,Healthcare,10.0,High School,478,4.0,2,1,0,0,0,None,0.0,2,1,1,27,79.6,2,1,1,0,0,0,0.0,0.0,0.0,0.0,0,0,89000.0,1600.0,8.1,Auto,240000.0,84,13.29,4404.0,22.4,30.5,1,14.4,0,80000.0,740000.0,Rent,1,Married,Tier-2,0,-1
APP102508,48,459000.0,38250.0,0.0,Business Owner,Banking/Finance,4.5,Graduate,628,0.9,1,1,0,0,0,None,0.0,0,0,0,-1,98.0,0,1,0,0,1,3,260000.0,88140.0,33.9,3200.0,1,1,413140.0,5600.0,26.2,Auto,620000.0,48,11.66,16224.0,42.4,68.6,1,26.1,0,38000.0,130000.0,Family,2,Single,Tier-3,1,0
APP102509,35,863000.0,71917.0,0.0,Business Owner,Government,8.6,Graduate,742,4.6,4,2,1,1,0,Home,1940000.0,1,1,0,37,100.0,0,0,0,0,1,2,420000.0,22260.0,5.3,9000.0,0,0,762260.0,18000.0,26.6,Business,3070000.0,36,12.41,102570.0,142.6,169.2,0,0.0,0,639000.0,490000.0,Family,0,Single,Tier-1,0,-1
APP102510,31,282000.0,23500.0,42000.0,Salaried,Retail,10.0,Graduate,642,3.8,3,3,0,0,0,None,0.0,3,3,0,24,86.9,2,0,0,1,0,0,0.0,0.0,0.0,0.0,0,0,232000.0,3500.0,14.9,Home,1990000.0,180,9.81,21154.0,90.0,104.9,1,14.8,1,86000.0,410000.0,Own,0,Married,Tier-1,0,-1
APP102511,57,315000.0,26250.0,47000.0,Salaried,Construction,5.4,Graduate,711,0.6,4,2,1,0,0,Auto,900000.0,1,1,0,35,100.0,0,0,0,0,0,0,0.0,0.0,0.0,0.0,0,0,771000.0,13800.0,52.6,Home,3120000.0,240,9.01,28092.0,107.0,159.6,1,11.4,0,211000.0,170000.0,Rent,0,Married,Tier-1,0,-1
APP102512,40,462000.0,38500.0,0.0,Business Owner,Banking/Finance,2.9,Graduate,661,3.4,8,0,4,4,0,Education,650000.0,4,4,0,16,100.0,0,0,0,2,1,1,165000.0,62535.0,37.9,5000.0,1,0,1264535.0,20200.0,60.6,Auto,570000.0,84,11.02,9766.0,25.4,86.0,1,28.1,0,1490000.0,580000.0,Own,1,Married,Tier-2,0,-1
APP102513,47,458000.0,38167.0,48000.0,Business Owner,Other,12.9,High School,625,1.9,4,2,5,2,0,Auto,890000.0,5,5,0,36,100.0,1,0,0,1,1,4,155000.0,59830.0,38.6,600.0,1,0,812830.0,14500.0,45.8,Personal,130000.0,60,15.13,3102.0,8.1,54.0,0,0.0,0,148000.0,210000.0,Rent,1,Single,Tier-2,0,-1
APP102514,39,121000.0,10083.0,0.0,Retired,None,0.0,Graduate,529,11.9,7,2,4,3,1,Personal,180000.0,4,3,1,14,92.4,0,0,1,0,1,2,20000.0,4480.0,22.4,500.0,0,1,58480.0,1400.0,16.1,Debt Consolidation,70000.0,60,17.09,1743.0,17.3,33.4,0,0.0,0,36000.0,100000.0,Family,1,Divorced,Tier-3,1,0
APP102515,32,722000.0,60167.0,0.0,Self-Employed,Healthcare,1.7,Graduate,723,12.0,10,0,5,4,0,Home,2020000.0,6,3,3,11,100.0,1,0,0,0,1,5,390000.0,129480.0,33.2,8500.0,0,2,721480.0,11500.0,29.9,Auto,860000.0,36,8.82,27276.0,45.3,75.2,1,10.5,1,91000.0,2050000.0,Rent,1,Married,Tier-2,1,0
APP102516,38,629000.0,52417.0,0.0,Salaried,Manufacturing,5.5,Post-Graduate,732,6.9,7,1,2,1,0,Education,640000.0,3,0,3,56,100.0,0,0,0,1,1,1,355000.0,121055.0,34.1,11400.0,0,3,677055.0,25700.0,60.6,Auto,430000.0,60,9.11,8949.0,17.1,77.6,1,15.1,0,929000.0,1110000.0,Rent,1,Married,Tier-2,1,1
APP102517,54,628000.0,52333.0,125000.0,Salaried,Construction,17.6,Graduate,730,4.4,2,1,0,0,0,None,0.0,2,2,0,36,100.0,0,0,0,0,1,3,345000.0,122130.0,35.4,11300.0,0,1,588130.0,13100.0,36.7,Auto,880000.0,60,9.43,18452.0,35.3,72.0,1,16.8,0,24000.0,3420000.0,Rent,3,Married,Tier-1,1,0
APP102518,44,691000.0,57583.0,0.0,Self-Employed,Government,8.1,Graduate,754,3.7,9,0,1,1,0,Home,1410000.0,2,2,0,38,100.0,0,0,0,2,1,2,165000.0,53955.0,32.7,4600.0,0,2,332955.0,11500.0,24.7,Debt Consolidation,820000.0,36,12.58,27463.0,47.7,72.3,0,0.0,0,247000.0,670000.0,Rent,1,Divorced,Tier-2,1,0
APP102519,21,380000.0,31667.0,0.0,Salaried,Banking/Finance,0.0,Graduate,670,1.0,1,1,2,2,0,Business,510000.0,2,2,0,35,94.1,1,1,0,0,0,0,0.0,0.0,0.0,0.0,0,0,119000.0,6000.0,18.9,Home,1800000.0,240,8.64,15781.0,49.8,68.8,1,27.4,1,277000.0,1180000.0,Family,0,Single,Tier-1,1,0
APP102520,36,202000.0,16833.0,0.0,Contract,Other,2.6,Graduate,674,4.2,5,1,3,2,0,Education,420000.0,3,2,1,4,100.0,0,0,0,1,0,0,0.0,0.0,0.0,0.0,0,0,337000.0,6300.0,37.4,Personal,90000.0,36,12.49,3010.0,17.9,55.3,1,0.0,0,59000.0,470000.0,Rent,0,Married,Tier-3,1,0
APP102521,58,1235000.0,102917.0,0.0,Self-Employed,Banking/Finance,2.6,Graduate,771,4.8,4,1,4,3,1,Education,2090000.0,4,4,0,9,95.5,0,0,0,0,0,0,0.0,0.0,0.0,0.0,0,0,1643000.0,24900.0,24.2,Business,3600000.0,36,11.98,119537.0,116.1,140.3,0,0.0,0,132000.0,12910000.0,Rent,1,Married,Tier-2,0,-1
APP102522,36,572000.0,47667.0,139000.0,Salaried,Healthcare,9.6,High School,656,6.0,6,1,3,2,0,Home,210000.0,4,3,1,30,98.2,1,0,0,0,1,1,170000.0,125970.0,74.1,4200.0,0,3,356970.0,5000.0,23.7,Business,1270000.0,84,12.65,22863.0,48.0,71.7,0,0.0,1,57000.0,13300000.0,Rent,2,Married,Tier-1,1,0
APP102523,21,1336000.0,111333.0,0.0,Self-Employed,Government,0.0,Post-Graduate,755,1.0,4,0,1,1,0,Auto,3060000.0,1,1,0,58,94.8,1,0,0,0,0,0,0.0,0.0,0.0,0.0,0,0,1235000.0,18000.0,16.2,Auto,840000.0,60,8.77,17343.0,15.6,31.7,1,16.1,0,346000.0,3000000.0,Own,0,Single,Tier-1,1,0
APP102524,59,1077000.0,89750.0,0.0,Self-Employed,Retail,7.2,Post-Graduate,688,1.0,4,3,0,0,0,None,0.0,2,1,1,58,100.0,0,0,0,0,1,3,640000.0,92160.0,14.4,15600.0,0,1,181160.0,1400.0,6.7,Auto,1430000.0,48,9.37,35837.0,39.9,46.6,1,17.1,0,619000.0,760000.0,Own,0,Married,Tier-2,1,0
APP102525,46,60000.0,5000.0,0.0,Unemployed,None,0.0,Graduate,568,2.9,3,3,3,2,1,Auto,140000.0,3,2,1,21,99.3,0,0,0,1,0,0,0.0,0.0,0.0,0.0,0,0,53000.0,1100.0,22.0,Auto,70000.0,36,12.13,2329.0,46.6,68.6,1,11.7,0,24000.0,40000.0,Own,1,Married,Tier-3,0,-1
APP102526,37,121000.0,10083.0,0.0,Salaried,Other,6.9,Graduate,515,1.5,4,3,3,3,0,Gold,110000.0,4,3,1,15,97.7,1,0,0,0,1,4,30000.0,19290.0,64.3,300.0,1,1,57290.0,900.0,18.5,Personal,40000.0,12,16.45,3638.0,36.1,54.6,0,0.0,0,20000.0,400000.0,Rent,2,Married,Tier-2,0,-1
APP102527,34,181000.0,15083.0,0.0,Self-Employed,Construction,5.0,High School,461,6.8,6,3,3,1,0,Education,280000.0,4,4,0,2,94.3,3,0,0,0,1,4,45000.0,19395.0,43.1,600.0,0,0,332395.0,6200.0,47.5,Home,1430000.0,180,13.3,18376.0,121.8,169.4,1,17.5,0,161000.0,150000.0,Family,0,Single,Tier-1,0,-1
APP102528,50,477000.0,39750.0,0.0,Salaried,Other,7.9,High School,698,1.1,2,2,2,2,0,Gold,500000.0,2,1,1,44,100.0,0,0,0,1,0,0,0.0,0.0,0.0,0.0,0,0,183000.0,3700.0,9.3,Auto,600000.0,48,9.98,15212.0,38.3,47.6,1,25.3,0,395000.0,810000.0,Rent,1,Married,Tier-2,1,0
APP102529,32,362000.0,30167.0,0.0,Self-Employed,Healthcare,10.7,High School,737,2.5,4,0,0,0,0,None,0.0,0,0,0,-1,100.0,0,0,0,0,0,0,0.0,0.0,0.0,0.0,0,0,147000.0,5700.0,18.9,Business,1400000.0,84,11.97,24691.0,81.8,100.7,1,0.0,0,58000.0,160000.0,Rent,0,Divorced,Tier-1,1,1
APP102530,51,428000.0,35667.0,49000.0,Salaried,Construction,5.1,Post-Graduate,700,5.6,3,1,1,1,0,Education,170000.0,1,0,1,55,100.0,0,0,0,1,1,1,155000.0,59830.0,38.6,2400.0,1,1,625830.0,8400.0,31.9,Business,580000.0,60,12.43,13028.0,36.5,68.5,1,0.0,0,55000.0,460000.0,Family,2,Married,Tier-2,1,0
APP102531,44,60000.0,5000.0,0.0,Unemployed,None,0.0,Graduate,487,8.4,11,3,1,0,0,Auto,170000.0,4,4,0,48,88.4,0,0,1,0,0,0,0.0,0.0,0.0,0.0,0,0,38000.0,700.0,14.0,Business,140000.0,36,15.57,4892.0,97.8,111.8,0,0.0,0,47000.0,70000.0,Own,1,Single,Tier-2,0,-1
APP102532,41,60000.0,5000.0,0.0,Unemployed,None,0.0,High School,546,4.6,6,0,0,0,0,None,0.0,2,2,0,5,92.9,0,1,0,0,0,0,0.0,0.0,0.0,0.0,0,0,30000.0,800.0,16.0,Personal,30000.0,36,15.41,1046.0,20.9,36.9,0,0.0,0,15000.0,60000.0,Family,2,Single,Tier-1,0,-1
APP102533,40,202000.0,16833.0,0.0,Self-Employed,Retail,7.2,High School,631,2.6,7,1,2,2,1,Personal,330000.0,2,2,0,55,94.5,1,0,0,0,0,0,0.0,0.0,0.0,0.0,0,0,81000.0,2600.0,15.4,Auto,150000.0,84,11.7,2624.0,15.6,31.0,1,27.5,1,83000.0,940000.0,Family,2,Married,Tier-2,1,0
APP102534,36,253000.0,21083.0,0.0,Self-Employed,Education,9.4,High School,582,3.8,3,5,4,2,0,Education,130000.0,4,3,1,53,98.8,0,0,0,0,1,3,105000.0,23730.0,22.6,3400.0,0,0,355730.0,6000.0,34.1,Home,1180000.0,120,10.74,16081.0,76.3,110.4,1,24.9,0,190000.0,540000.0,Own,0,Single,Tier-1,0,-1
APP102535,50,659000.0,54917.0,129000.0,Salaried,Banking/Finance,2.1,Graduate,674,3.7,6,1,1,0,0,Business,1760000.0,1,0,1,52,100.0,0,0,0,0,1,2,365000.0,78475.0,21.5,6400.0,0,1,1460475.0,33400.0,68.0,Debt Consolidation,240000.0,36,13.97,8199.0,14.9,82.9,0,0.0,0,51000.0,1960000.0,Family,1,Married,Tier-2,1,0
APP102536,28,270000.0,22500.0,35000.0,Self-Employed,Construction,5.2,Graduate,637,8.0,5,2,2,1,0,Education,490000.0,4,3,1,6,92.0,2,1,0,0,0,0,0.0,0.0,0.0,0.0,0,0,176000.0,3400.0,15.1,Education,180000.0,84,11.51,3131.0,13.9,29.0,0,0.0,0,100000.0,540000.0,Family,2,Single,Tier-3,1,0
APP102537,21,240000.0,20000.0,47000.0,Salaried,Healthcare,0.0,Graduate,501,1.0,4,2,0,0,0,None,0.0,2,2,0,1,91.0,4,0,0,0,1,4,75000.0,37125.0,49.5,1700.0,1,4,139125.0,2200.0,20.3,Debt Consolidation,150000.0,24,17.96,7486.0,37.4,57.7,0,0.0,0,88000.0,80000.0,Own,1,Married,Tier-2,0,-1
APP102538,45,704000.0,58667.0,0.0,Business Owner,Education,3.9,Graduate,624,8.9,6,1,5,3,0,Personal,2040000.0,5,3,2,8,82.9,1,0,1,1,1,3,260000.0,147160.0,56.6,7900.0,1,0,546160.0,10300.0,30.1,Debt Consolidation,310000.0,24,15.5,15105.0,25.7,55.8,0,0.0,0,113000.0,1770000.0,Own,0,Married,Tier-2,0,-1
APP102539,45,697000.0,58083.0,57000.0,Salaried,Banking/Finance,5.2,Graduate,543,4.5,3,2,3,1,1,Home,990000.0,5,5,0,14,84.9,2,0,1,1,0,0,0.0,0.0,0.0,0.0,0,0,277000.0,5500.0,9.5,Personal,570000.0,12,16.46,51841.0,89.3,98.7,0,0.0,1,87000.0,390000.0,Rent,0,Married,Tier-2,0,-1
APP102540,43,769000.0,64083.0,48000.0,Business Owner,Other,18.6,Post-Graduate,653,10.4,10,5,3,1,0,Home,790000.0,4,3,1,23,91.2,0,0,1,0,0,0,0.0,0.0,0.0,0.0,0,0,300000.0,9300.0,14.5,Debt Consolidation,300000.0,36,14.96,10394.0,16.2,30.7,0,0.0,0,147000.0,550000.0,Rent,1,Single,Tier-2,1,0
APP102541,42,940000.0,78333.0,0.0,Salaried,Healthcare,3.2,Graduate,711,5.3,6,2,4,2,1,Gold,2420000.0,4,3,1,8,95.0,0,0,0,0,1,3,355000.0,69580.0,19.6,7700.0,0,0,114580.0,1100.0,5.8,Home,8440000.0,180,8.85,84853.0,108.3,114.2,1,30.0,0,59000.0,680000.0,Family,3,Married,Tier-1,0,-1
APP102542,34,236000.0,19667.0,0.0,Self-Employed,Government,5.6,Graduate,656,3.1,5,1,2,2,0,Auto,580000.0,2,1,1,23,100.0,0,0,0,0,0,0,0.0,0.0,0.0,0.0,0,0,102000.0,3200.0,16.3,Personal,170000.0,60,14.07,3962.0,20.1,36.4,0,0.0,0,21000.0,1830000.0,Own,2,Single,Tier-2,1,0
APP102543,47,258000.0,21500.0,0.0,Self-Employed,Government,2.8,Post-Graduate,585,10.3,10,1,1,1,0,Education,310000.0,2,2,0,44,87.4,2,0,1,0,1,2,80000.0,13520.0,16.9,1800.0,0,1,178520.0,2800.0,16.2,Home,1220000.0,240,11.31,12851.0,59.8,75.9,1,29.9,1,219000.0,430000.0,Family,5,Divorced,Tier-2,0,-1
APP102544,37,184000.0,15333.0,24000.0,Salaried,Retail,4.9,Graduate,728,17.0,13,2,3,3,0,Auto,170000.0,5,5,0,40,100.0,0,0,0,0,0,0,0.0,0.0,0.0,0.0,0,0,20000.0,1000.0,6.5,Personal,40000.0,60,12.66,903.0,5.9,12.4,0,0.0,0,27000.0,330000.0,Own,1,Married,Tier-1,1,0
APP102545,33,181000.0,15083.0,23000.0,Salaried,Banking/Finance,8.0,Graduate,623,5.6,6,1,2,0,1,Home,540000.0,3,1,2,45,100.0,0,0,0,0,1,3,40000.0,13920.0,34.8,1100.0,0,2,32920.0,700.0,9.3,Personal,90000.0,24,13.9,4317.0,28.6,37.9,0,0.0,0,17000.0,990000.0,Rent,0,Single,Tier-1,0,-1
APP102546,35,464000.0,38667.0,0.0,Contract,Healthcare,8.8,Graduate,691,9.3,7,1,3,2,0,Business,990000.0,3,3,0,14,98.9,1,0,0,1,1,2,100000.0,44700.0,44.7,2800.0,0,1,517700.0,9200.0,29.6,Auto,340000.0,36,9.92,10958.0,28.3,57.9,1,13.0,1,133000.0,360000.0,Rent,1,Married,Tier-2,1,0
APP102547,60,70000.0,5833.0,0.0,Retired,None,0.0,High School,625,5.4,6,2,2,1,0,Gold,130000.0,2,2,0,4,100.0,0,0,0,0,0,0,0.0,0.0,0.0,0.0,0,0,25000.0,700.0,12.0,Auto,90000.0,60,11.09,1961.0,33.6,45.6,1,16.7,0,12000.0,380000.0,Family,1,Single,Tier-3,1,1
APP102548,21,138000.0,11500.0,0.0,Salaried,Retail,0.0,High School,535,1.0,0,2,2,2,0,Personal,260000.0,2,0,2,11,86.6,1,0,1,0,0,0,0.0,0.0,0.0,0.0,0,0,0.0,0.0,0.0,Personal,100000.0,24,16.01,4897.0,42.6,42.6,0,0.0,1,24000.0,110000.0,Rent,1,Married,Tier-3,0,-1
APP102549,43,756000.0,63000.0,0.0,Salaried,Education,15.1,Post-Graduate,715,10.7,7,5,6,5,1,Auto,400000.0,6,1,5,53,99.4,0,0,0,0,1,3,325000.0,81575.0,25.1,9900.0,0,1,199575.0,4800.0,14.1,Home,5220000.0,120,8.31,64191.0,101.9,116.0,1,22.4,1,669000.0,880000.0,Own,4,Married,Tier-1,0,-1
APP102550,21,630000.0,52500.0,0.0,Salaried,Healthcare,0.0,Graduate,783,1.0,1,0,3,2,0,Auto,1680000.0,3,2,1,54,98.7,0,0,0,0,0,0,0.0,0.0,0.0,0.0,0,0,1228000.0,18500.0,35.2,Business,1220000.0,60,10.97,26508.0,50.5,85.7,0,0.0,1,1330000.0,510000.0,Rent,2,Single,Tier-1,1,1
APP102551,37,596000.0,49667.0,0.0,Self-Employed,Retail,0.8,High School,653,1.5,7,4,4,3,0,Auto,1030000.0,5,5,0,50,100.0,0,0,0,0,1,4,200000.0,61200.0,30.6,2600.0,0,2,284200.0,6700.0,19.7,Business,1120000.0,36,13.36,37932.0,76.4,96.0,0,0.0,0,344000.0,420000.0,Rent,1,Married,Tier-1,0,-1
APP102552,33,631000.0,52583.0,0.0,Self-Employed,IT,12.0,High School,716,10.8,5,2,3,1,0,Gold,1420000.0,3,2,1,8,98.7,2,0,0,3,0,0,0.0,0.0,0.0,0.0,0,0,726000.0,11300.0,21.5,Home,5430000.0,120,8.41,67063.0,127.5,149.0,1,22.0,0,53000.0,740000.0,Rent,3,Single,Tier-2,0,-1
APP102553,21,242000.0,20167.0,54000.0,Salaried,Retail,0.0,Graduate,704,1.0,6,0,0,0,0,None,0.0,1,1,0,20,98.7,0,0,0,2,0,0,0.0,0.0,0.0,0.0,0,0,82000.0,2000.0,9.9,Auto,160000.0,36,10.04,5166.0,25.6,35.5,1,17.3,1,55000.0,870000.0,Family,1,Married,Tier-2,1,0
APP102554,42,610000.0,50833.0,0.0,Self-Employed,IT,12.7,Graduate,735,1.9,10,0,3,3,0,Personal,1790000.0,3,2,1,14,99.3,0,0,0,0,0,0,0.0,0.0,0.0,0.0,0,0,368000.0,6500.0,12.8,Auto,490000.0,36,9.03,15589.0,30.7,43.5,1,12.1,0,397000.0,6790000.0,Family,0,Single,Tier-1,1,0
APP102555,34,808000.0,67333.0,0.0,Business Owner,Education,1.6,Graduate,734,14.0,10,2,1,0,1,Gold,1300000.0,2,1,1,5,98.8,0,0,0,0,0,0,0.0,0.0,0.0,0.0,0,0,252000.0,5700.0,8.5,Business,2420000.0,84,12.47,43330.0,64.4,72.8,0,0.0,0,194000.0,160000.0,Own,4,Single,Tier-1,1,0
APP102556,21,262000.0,21833.0,20000.0,Contract,Education,0.0,Graduate,667,1.0,2,1,2,0,0,Personal,590000.0,3,1,2,43,94.0,1,0,0,0,0,0,0.0,0.0,0.0,0.0,0,0,227000.0,4500.0,20.6,Home,2480000.0,180,8.96,25095.0,114.9,135.6,1,14.8,0,58000.0,1340000.0,Own,2,Married,Tier-1,0,-1
APP102557,47,567000.0,47250.0,0.0,Salaried,Construction,2.3,Post-Graduate,733,4.6,7,2,5,4,0,Home,510000.0,6,4,2,47,100.0,0,0,0,0,0,0,0.0,0.0,0.0,0.0,0,0,186000.0,7000.0,14.8,Auto,400000.0,48,9.13,9979.0,21.1,35.9,1,19.9,0,184000.0,860000.0,Rent,0,Married,Tier-2,1,0
APP102558,54,266000.0,22167.0,0.0,Salaried,Retail,3.9,Post-Graduate,726,6.3,6,1,1,0,0,Education,560000.0,2,2,0,30,99.8,0,0,0,0,1,2,135000.0,31455.0,23.3,2700.0,0,0,100455.0,2600.0,18.8,Personal,200000.0,36,13.33,6771.0,30.5,49.4,0,0.0,0,307000.0,290000.0,Rent,3,Single,Tier-1,1,0
APP102559,54,422000.0,35167.0,0.0,Salaried,Banking/Finance,12.7,Post-Graduate,626,5.8,2,0,2,0,0,Education,250000.0,3,3,0,49,100.0,0,0,0,1,1,2,165000.0,112200.0,68.0,3000.0,0,1,569200.0,18000.0,67.1,Home,3990000.0,120,10.04,52817.0,150.2,217.3,1,23.5,0,33000.0,530000.0,Own,1,Single,Tier-3,0,-1
APP102560,42,636000.0,53000.0,0.0,Salaried,Healthcare,2.4,Post-Graduate,765,8.0,6,2,2,0,0,Business,1850000.0,2,1,1,31,100.0,0,0,0,0,0,0,0.0,0.0,0.0,0.0,0,0,51000.0,1300.0,2.5,Auto,620000.0,36,8.95,19701.0,37.2,39.6,1,20.1,0,214000.0,3180000.0,Family,1,Single,Tier-3,1,0
APP102561,39,1284000.0,107000.0,0.0,Salaried,Construction,8.0,Post-Graduate,768,4.5,6,0,2,1,0,Education,2580000.0,3,3,0,56,100.0,0,0,0,3,1,2,415000.0,166830.0,40.2,2300.0,1,3,829830.0,12900.0,19.9,Education,970000.0,84,8.69,15454.0,14.4,34.3,0,0.0,1,66000.0,3560000.0,Rent,1,Divorced,Tier-1,1,0
APP102562,53,1247000.0,103917.0,0.0,Salaried,Other,6.8,Doctorate,752,8.5,5,1,3,2,0,Personal,1000000.0,3,3,0,29,94.1,2,0,0,0,0,0,0.0,0.0,0.0,0.0,0,0,118000.0,1900.0,1.8,Business,2930000.0,36,12.16,97542.0,93.9,95.7,0,0.0,1,1026000.0,910000.0,Own,2,Single,Tier-1,1,0
APP102563,57,628000.0,52333.0,0.0,Salaried,IT,6.0,Graduate,657,5.5,3,1,2,1,0,Gold,1580000.0,4,4,0,9,93.1,0,0,1,0,1,2,140000.0,28000.0,20.0,2200.0,0,0,1233000.0,25100.0,50.6,Debt Consolidation,590000.0,24,14.77,28543.0,54.5,105.2,0,0.0,0,224000.0,1820000.0,Rent,1,Single,Tier-1,0,-1
APP102564,50,537000.0,44750.0,0.0,Self-Employed,Government,11.2,Graduate,671,0.7,1,0,0,0,0,None,0.0,1,1,0,19,97.9,1,0,0,0,0,0,0.0,0.0,0.0,0.0,0,0,460000.0,13200.0,29.5,Debt Consolidation,400000.0,36,13.74,13621.0,30.4,59.9,1,0.0,0,99000.0,640000.0,Rent,2,Single,Tier-3,1,0
APP102565,28,316000.0,26333.0,61000.0,Salaried,Retail,6.4,High School,706,3.2,9,2,3,2,0,Home,420000.0,4,4,0,15,100.0,0,0,0,0,0,0,0.0,0.0,0.0,0.0,0,0,228000.0,3800.0,14.4,Home,1780000.0,120,9.47,23004.0,87.4,101.8,1,23.2,0,184000.0,220000.0,Family,1,Single,Tier-2,0,-1
APP102566,40,298000.0,24833.0,36000.0,Business Owner,Healthcare,6.7,Graduate,603,7.5,5,0,6,4,0,Education,830000.0,7,6,1,5,98.5,2,0,0,3,1,3,70000.0,39620.0,56.6,2200.0,0,0,395620.0,12800.0,59.5,Debt Consolidation,260000.0,60,15.61,6269.0,25.2,84.8,0,0.0,0,54000.0,120000.0,Family,1,Single,Tier-1,0,-1
APP102567,43,288000.0,24000.0,48000.0,Salaried,Retail,9.4,Graduate,656,1.4,3,1,2,1,0,Business,850000.0,3,1,2,13,100.0,0,0,0,0,1,2,125000.0,20500.0,16.4,3600.0,1,0,247500.0,4000.0,20.9,Personal,190000.0,36,13.94,6488.0,27.0,48.0,0,0.0,0,29000.0,150000.0,Own,1,Single,Tier-2,1,0
APP102568,21,212000.0,17667.0,29000.0,Self-Employed,Other,0.0,High School,652,1.0,3,0,0,0,0,None,0.0,0,0,0,-1,100.0,0,0,0,0,1,4,55000.0,11770.0,21.4,1500.0,0,2,127770.0,2100.0,15.2,Business,520000.0,60,13.91,12075.0,68.3,83.6,0,0.0,0,333000.0,390000.0,Family,1,Married,Tier-2,0,-1
APP102569,43,745000.0,62083.0,0.0,Salaried,Banking/Finance,5.7,Post-Graduate,674,3.9,4,5,4,2,0,Education,1380000.0,6,3,3,42,97.1,0,0,0,0,1,2,325000.0,105625.0,32.5,6700.0,0,0,1874625.0,32400.0,60.7,Auto,560000.0,36,10.76,18270.0,29.4,90.1,1,26.3,0,193000.0,570000.0,Rent,0,Divorced,Tier-2,1,1
APP102570,63,792000.0,66000.0,0.0,Contract,Construction,7.2,Post-Graduate,710,14.5,8,3,2,0,0,Home,390000.0,3,2,1,1,100.0,0,0,0,0,1,3,165000.0,43560.0,26.4,3200.0,1,5,268560.0,7500.0,14.7,Home,7550000.0,240,9.23,69050.0,104.6,119.3,1,24.8,0,270000.0,1670000.0,Rent,2,Single,Tier-1,0,-1
APP102571,45,591000.0,49250.0,0.0,Contract,IT,10.5,Graduate,674,8.7,6,3,3,3,0,Personal,1100000.0,3,3,0,47,100.0,0,0,0,0,1,3,220000.0,74580.0,33.9,3100.0,0,0,1080580.0,22900.0,54.1,Auto,640000.0,84,10.46,10777.0,21.9,76.0,1,15.1,0,479000.0,2250000.0,Own,0,Single,Tier-2,0,-1
APP102572,54,827000.0,68917.0,0.0,Salaried,Government,5.2,Graduate,703,1.5,3,3,3,2,0,Education,600000.0,4,3,1,45,100.0,0,0,0,0,1,3,405000.0,115425.0,28.5,5800.0,0,2,572425.0,19700.0,37.0,Personal,720000.0,12,13.02,64315.0,93.3,130.3,0,0.0,0,1024000.0,810000.0,Rent,0,Married,Tier-2,0,-1
APP102573,40,373000.0,31083.0,44000.0,Self-Employed,IT,5.6,High School,722,7.7,10,0,10,10,0,Education,860000.0,11,8,3,24,100.0,0,0,0,0,0,0,0.0,0.0,0.0,0.0,0,0,137000.0,4300.0,13.8,Home,3510000.0,300,9.06,29600.0,95.2,109.1,1,17.7,0,120000.0,400000.0,Own,2,Married,Tier-2,0,-1
APP102574,37,260000.0,21667.0,0.0,Salaried,IT,7.8,Graduate,687,3.9,2,0,2,2,0,Business,380000.0,5,5,0,34,96.5,2,0,0,1,0,0,0.0,0.0,0.0,0.0,0,0,11000.0,300.0,1.4,Business,840000.0,36,12.89,28258.0,130.4,131.8,0,0.0,0,516000.0,80000.0,Rent,3,Married,Tier-3,0,-1
APP102575,42,346000.0,28833.0,0.0,Self-Employed,IT,5.2,High School,684,5.2,4,3,1,1,0,Business,580000.0,1,1,0,18,94.7,1,1,0,0,0,0,0.0,0.0,0.0,0.0,0,0,104000.0,4300.0,14.9,Debt Consolidation,320000.0,24,13.8,15334.0,53.2,68.1,0,0.0,0,207000.0,1570000.0,Family,4,Married,Tier-1,1,0
APP102576,29,282000.0,23500.0,47000.0,Salaried,Construction,3.3,Graduate,609,3.9,4,0,1,1,1,Home,760000.0,1,1,0,17,92.1,1,0,0,1,1,1,140000.0,43400.0,31.0,2900.0,0,3,623400.0,9300.0,48.8,Home,2220000.0,300,10.45,20882.0,88.9,137.7,1,23.4,0,418000.0,1000000.0,Rent,1,Married,Tier-2,0,-1
APP102577,27,627000.0,52250.0,119000.0,Salaried,Education,6.0,Graduate,627,7.0,9,1,2,1,1,Business,1240000.0,3,2,1,36,86.5,0,1,1,2,0,0,0.0,0.0,0.0,0.0,0,0,59000.0,2000.0,3.8,Debt Consolidation,500000.0,36,15.19,17379.0,33.3,37.1,0,0.0,0,112000.0,720000.0,Own,2,Single,Tier-3,1,0
APP102578,52,360000.0,30000.0,0.0,Salaried,Government,6.4,Graduate,678,14.0,5,2,5,3,1,Business,590000.0,5,5,0,35,97.6,1,0,0,0,0,0,0.0,0.0,0.0,0.0,0,0,350000.0,14000.0,46.7,Home,1730000.0,300,9.4,14995.0,50.0,96.6,1,29.8,0,67000.0,340000.0,Own,0,Married,Tier-3,0,-1
APP102579,53,60000.0,5000.0,0.0,Unemployed,None,0.0,Graduate,505,2.8,2,3,2,1,1,Auto,40000.0,3,3,0,43,100.0,0,0,0,0,0,0,0.0,0.0,0.0,0.0,0,0,44000.0,2200.0,44.0,Personal,50000.0,60,16.38,1226.0,24.5,68.5,0,0.0,0,23000.0,70000.0,Rent,2,Married,Tier-1,0,-1
APP102580,27,606000.0,50500.0,0.0,Salaried,Other,2.3,Graduate,598,7.0,5,4,3,2,0,Business,1760000.0,6,5,1,8,100.0,1,0,0,1,1,2,355000.0,215485.0,60.7,5900.0,1,2,1568485.0,21400.0,63.7,Auto,810000.0,48,11.31,21057.0,41.7,105.4,1,29.0,0,90000.0,970000.0,Rent,1,Married,Tier-1,0,-1
APP102581,49,297000.0,24750.0,0.0,Self-Employed,Construction,1.0,Graduate,574,3.2,5,3,0,0,0,None,0.0,2,1,1,54,89.7,2,0,0,1,0,0,0.0,0.0,0.0,0.0,0,0,40000.0,1000.0,4.0,Auto,330000.0,84,12.45,5905.0,23.9,27.9,1,22.8,1,341000.0,630000.0,Rent,0,Single,Tier-2,1,0
APP102582,37,954000.0,79500.0,0.0,Salaried,Retail,8.1,Post-Graduate,682,2.7,6,0,2,1,0,Business,2800000.0,2,2,0,27,92.3,1,1,0,1,1,4,200000.0,87800.0,43.9,6400.0,0,1,1810800.0,24900.0,36.8,Personal,610000.0,24,12.99,28998.0,36.5,73.3,0,0.0,0,179000.0,1210000.0,Family,0,Single,Tier-1,0,-1
APP102583,42,150000.0,12500.0,0.0,Salaried,Other,3.2,High School,694,5.5,6,2,3,2,0,Personal,410000.0,3,1,2,8,100.0,0,0,0,0,0,0,0.0,0.0,0.0,0.0,0,0,130000.0,2000.0,16.0,Personal,80000.0,60,13.31,1833.0,14.7,30.7,0,0.0,0,26000.0,190000.0,Own,1,Single,Tier-2,1,0
APP102584,43,606000.0,50500.0,0.0,Salaried,Banking/Finance,1.5,Post-Graduate,736,4.9,8,2,2,2,0,Auto,200000.0,4,2,2,31,100.0,0,0,0,0,1,1,165000.0,61215.0,37.1,4300.0,0,1,737215.0,12200.0,30.2,Personal,230000.0,60,13.07,5241.0,10.4,40.6,0,0.0,0,41000.0,1780000.0,Own,2,Married,Tier-2,1,0
APP102585,49,60000.0,5000.0,0.0,Unemployed,None,0.0,High School,572,2.3,3,3,1,0,0,Home,60000.0,2,2,0,53,99.2,0,0,0,0,0,0,0.0,0.0,0.0,0.0,0,0,24000.0,1000.0,20.0,Debt Consolidation,50000.0,24,15.32,2432.0,48.6,68.6,0,0.0,1,10000.0,140000.0,Rent,0,Married,Tier-1,0,-1
APP102586,39,593000.0,49417.0,105000.0,Contract,IT,7.1,Graduate,604,1.1,3,1,4,3,0,Education,470000.0,4,4,0,47,95.4,0,1,0,0,1,5,155000.0,46500.0,30.0,4200.0,0,1,1665500.0,34000.0,73.5,Business,1570000.0,60,13.87,36425.0,73.7,147.2,1,0.0,1,22000.0,4680000.0,Rent,1,Married,Tier-1,0,-1
APP102587,54,296000.0,24667.0,0.0,Salaried,Banking/Finance,3.2,Doctorate,744,5.2,1,0,1,1,0,Auto,530000.0,3,2,1,43,100.0,0,0,0,1,0,0,0.0,0.0,0.0,0.0,0,0,331000.0,7500.0,30.4,Debt Consolidation,160000.0,24,12.98,7605.0,30.8,61.2,0,0.0,0,59000.0,1090000.0,Rent,1,Married,Tier-3,1,0
APP102588,41,358000.0,29833.0,0.0,Business Owner,Construction,7.2,Post-Graduate,578,2.3,3,1,3,2,0,Home,240000.0,4,3,1,27,98.5,2,0,0,1,1,7,130000.0,40300.0,31.0,3000.0,0,0,477300.0,6600.0,28.9,Home,3040000.0,180,10.58,33755.0,113.1,142.0,1,23.8,0,16000.0,140000.0,Rent,1,Single,Tier-2,0,-1
APP102589,45,638000.0,53167.0,0.0,Salaried,Manufacturing,3.7,Graduate,775,4.1,3,2,3,1,0,Auto,970000.0,4,2,2,34,100.0,0,0,0,0,0,0,0.0,0.0,0.0,0.0,0,0,388000.0,13400.0,25.2,Personal,630000.0,24,11.68,29562.0,55.6,80.8,0,0.0,0,80000.0,760000.0,Own,1,Married,Tier-1,1,1
APP102590,29,438000.0,36500.0,0.0,Salaried,Education,5.7,Post-Graduate,688,9.0,7,2,3,2,0,Business,1090000.0,3,2,1,43,100.0,1,0,0,0,1,1,110000.0,33330.0,30.3,3300.0,0,0,309330.0,7000.0,23.7,Personal,170000.0,12,13.57,15229.0,41.7,65.5,0,0.0,1,68000.0,430000.0,Family,1,Single,Tier-3,1,1
APP102591,62,457000.0,38083.0,0.0,Self-Employed,Construction,6.0,Graduate,678,4.4,2,1,4,2,0,Home,1180000.0,4,3,1,55,100.0,1,0,0,0,0,0,0.0,0.0,0.0,0.0,0,0,912000.0,14300.0,37.5,Personal,290000.0,60,14.54,6829.0,17.9,55.5,0,0.0,1,114000.0,240000.0,Rent,2,Married,Tier-3,1,0
APP102592,43,395000.0,32917.0,0.0,Salaried,Government,9.0,Post-Graduate,565,1.1,2,1,1,1,0,Gold,920000.0,1,1,0,44,78.4,0,1,1,1,1,2,110000.0,49500.0,45.0,1300.0,1,0,76500.0,1000.0,10.6,Debt Consolidation,470000.0,36,15.87,16494.0,50.1,60.7,0,0.0,1,179000.0,580000.0,Rent,2,Single,Tier-1,0,-1
APP102593,46,564000.0,47000.0,0.0,Salaried,Manufacturing,9.2,High School,788,10.3,4,0,6,5,0,Gold,930000.0,7,6,1,29,100.0,0,0,0,0,0,0,0.0,0.0,0.0,0.0,0,0,139000.0,2400.0,5.1,Auto,370000.0,36,8.42,11666.0,24.8,29.9,1,14.9,1,175000.0,1690000.0,Family,1,Single,Tier-3,1,0
APP102594,21,885000.0,73750.0,0.0,Business Owner,Manufacturing,0.0,Post-Graduate,660,1.0,3,2,0,0,0,None,0.0,0,0,0,-1,100.0,0,0,0,0,1,1,460000.0,219880.0,47.8,9300.0,0,1,577880.0,12300.0,31.6,Auto,1330000.0,84,10.16,22190.0,30.1,61.7,1,26.8,0,400000.0,910000.0,Own,3,Married,Tier-2,1,0
APP102595,29,594000.0,49500.0,0.0,Salaried,IT,2.7,Post-Graduate,645,9.0,2,3,2,2,0,Business,1350000.0,4,2,2,20,92.0,1,1,0,0,1,3,90000.0,25830.0,28.7,2400.0,0,0,529830.0,9600.0,22.0,Personal,170000.0,60,14.57,4006.0,8.1,30.1,0,0.0,0,382000.0,980000.0,Own,0,Married,Tier-1,1,0
APP102596,52,60000.0,5000.0,0.0,Unemployed,None,0.0,Post-Graduate,527,4.9,1,2,5,3,1,Gold,70000.0,6,5,1,40,100.0,1,0,0,0,0,0,0.0,0.0,0.0,0.0,0,0,20000.0,300.0,6.0,Auto,60000.0,60,12.92,1363.0,27.3,33.3,1,21.2,1,28000.0,90000.0,Own,2,Divorced,Tier-2,0,-1
APP102597,41,771000.0,64250.0,0.0,Self-Employed,Other,4.2,Post-Graduate,678,4.9,4,0,0,0,0,None,0.0,1,0,1,16,84.7,2,1,0,0,0,0,0.0,0.0,0.0,0.0,0,0,122000.0,3200.0,5.0,Education,1470000.0,60,10.66,31713.0,49.4,54.3,0,0.0,0,222000.0,1440000.0,Rent,0,Single,Tier-1,1,0
APP102598,21,197000.0,16417.0,0.0,Contract,Retail,0.0,Graduate,571,1.0,3,2,0,0,0,None,0.0,1,0,1,23,87.6,3,0,0,1,0,0,0.0,0.0,0.0,0.0,0,0,242000.0,4100.0,25.0,Home,1640000.0,240,10.1,15935.0,97.1,122.0,1,23.6,0,202000.0,90000.0,Rent,2,Married,Tier-1,0,-1
APP102599,49,339000.0,28250.0,0.0,Self-Employed,Retail,7.0,Graduate,643,7.1,4,1,4,2,0,Business,450000.0,5,3,2,36,100.0,1,0,0,0,1,2,175000.0,26775.0,15.3,4400.0,0,1,307775.0,11300.0,44.7,Debt Consolidation,200000.0,24,15.22,9718.0,34.4,79.1,0,0.0,0,112000.0,2150000.0,Family,1,Married,Tier-2,0,-1
APP102600,32,60000.0,5000.0,0.0,Unemployed,None,0.0,Graduate,422,10.2,7,2,3,2,1,Education,20000.0,5,5,0,17,91.6,2,1,0,0,1,1,30000.0,14730.0,49.1,300.0,0,0,24730.0,400.0,22.7,Auto,60000.0,48,14.5,1655.0,33.1,55.8,1,17.0,0,6000.0,130000.0,Own,0,Married,Tier-2,0,-1
APP102601,54,489000.0,40750.0,0.0,Salaried,Manufacturing,4.3,Post-Graduate,706,29.8,12,2,9,6,0,Auto,1280000.0,10,9,1,7,98.4,1,0,0,2,0,0,0.0,0.0,0.0,0.0,0,0,965000.0,28500.0,69.9,Home,4140000.0,180,9.02,42040.0,103.2,173.1,1,15.5,0,184000.0,370000.0,Rent,3,Married,Tier-2,0,-1
APP102602,37,810000.0,67500.0,0.0,Self-Employed,Manufacturing,1.6,Graduate,684,17.0,13,2,5,2,0,Gold,1700000.0,5,5,0,48,94.6,0,0,1,1,0,0,0.0,0.0,0.0,0.0,0,0,1373000.0,23500.0,34.8,Auto,870000.0,48,9.95,22045.0,32.7,67.5,1,25.2,0,355000.0,9190000.0,Own,0,Single,Tier-1,1,0
APP102603,40,509000.0,42417.0,0.0,Self-Employed,Other,1.3,Graduate,602,1.8,3,5,3,1,0,Auto,660000.0,4,2,2,26,100.0,0,0,0,0,1,4,140000.0,53760.0,38.4,900.0,0,2,1123760.0,26900.0,69.8,Debt Consolidation,470000.0,36,15.38,16380.0,38.6,108.4,0,0.0,1,94000.0,440000.0,Own,0,Single,Tier-1,0,-1
APP102604,51,60000.0,5000.0,0.0,Unemployed,None,0.0,Post-Graduate,546,2.2,4,3,0,0,0,None,0.0,1,1,0,58,98.6,0,0,0,1,1,5,10000.0,1450.0,14.5,200.0,0,3,67450.0,2200.0,45.4,Education,50000.0,120,13.1,750.0,15.0,60.4,0,0.0,0,56000.0,50000.0,Rent,1,Single,Tier-1,0,-1
APP102605,28,331000.0,27583.0,0.0,Salaried,Other,2.5,High School,649,1.5,6,1,0,0,0,None,0.0,2,2,0,1,99.7,1,0,0,1,0,0,0.0,0.0,0.0,0.0,0,0,561000.0,9500.0,34.4,Education,270000.0,60,10.78,5841.0,21.2,55.6,0,0.0,0,114000.0,540000.0,Family,0,Married,Tier-3,1,0
APP102606,27,635000.0,52917.0,0.0,Self-Employed,Banking/Finance,6.0,Post-Graduate,622,4.8,3,4,1,1,0,Auto,1040000.0,1,1,0,56,100.0,0,0,0,0,1,2,100000.0,30900.0,30.9,2300.0,0,0,1440900.0,24000.0,48.3,Education,330000.0,120,11.76,4689.0,8.9,57.1,0,0.0,0,86000.0,1230000.0,Rent,1,Single,Tier-3,0,-1
APP102607,36,831000.0,69250.0,0.0,Business Owner,Retail,4.5,Post-Graduate,754,16.0,10,2,2,1,0,Education,1100000.0,5,4,1,55,100.0,0,0,0,0,1,3,395000.0,121265.0,30.7,11700.0,1,1,1913265.0,31800.0,54.7,Auto,880000.0,48,9.12,21949.0,31.7,86.4,1,23.2,0,76000.0,3160000.0,Rent,1,Single,Tier-1,1,0
APP102608,47,468000.0,39000.0,0.0,Salaried,Retail,4.1,Graduate,603,0.1,5,4,1,1,0,Business,1380000.0,2,2,0,42,90.6,0,2,0,0,0,0,0.0,0.0,0.0,0.0,0,0,849000.0,12500.0,32.1,Auto,670000.0,60,11.41,14705.0,37.7,69.8,1,19.4,0,42000.0,2150000.0,Rent,1,Married,Tier-1,0,-1
APP102609,23,60000.0,5000.0,0.0,Unemployed,None,0.0,High School,420,3.0,3,1,3,2,0,Education,20000.0,3,3,0,5,87.5,1,0,1,0,0,0,0.0,0.0,0.0,0.0,0,0,37000.0,600.0,12.0,Business,170000.0,36,17.63,6114.0,122.3,134.3,0,0.0,0,126000.0,100000.0,Family,0,Single,Tier-1,0,-1
APP102610,21,531000.0,44250.0,0.0,Salaried,Other,0.0,Post-Graduate,665,1.0,4,2,1,1,0,Personal,1140000.0,3,2,1,16,100.0,0,0,0,0,1,2,100000.0,33100.0,33.1,500.0,0,0,678100.0,20400.0,49.8,Debt Consolidation,170000.0,36,14.38,5842.0,13.2,63.0,0,0.0,0,171000.0,1050000.0,Own,1,Divorced,Tier-3,1,0
APP102611,47,124000.0,10333.0,0.0,Salaried,Retail,5.6,High School,694,2.0,5,2,0,0,0,None,0.0,2,1,1,8,98.9,0,0,0,0,0,0,0.0,0.0,0.0,0.0,0,0,25000.0,600.0,5.8,Home,660000.0,300,8.34,5244.0,50.8,56.6,1,23.6,0,59000.0,50000.0,Rent,1,Married,Tier-3,1,0
APP102612,31,921000.0,76750.0,0.0,Self-Employed,Construction,1.1,Doctorate,721,4.0,3,2,2,0,0,Personal,1240000.0,3,2,1,27,100.0,0,0,0,0,1,1,395000.0,97960.0,24.8,4700.0,0,0,128960.0,900.0,7.6,Auto,1220000.0,60,9.36,25539.0,33.3,40.8,1,14.7,0,159000.0,6720000.0,Rent,2,Married,Tier-3,1,0
APP102613,34,195000.0,16250.0,0.0,Salaried,Banking/Finance,12.8,High School,683,4.2,1,1,0,0,0,None,0.0,0,0,0,-1,100.0,0,0,0,1,0,0,0.0,0.0,0.0,0.0,0,0,200000.0,3200.0,19.7,Debt Consolidation,70000.0,60,14.67,1653.0,10.2,29.9,0,0.0,1,120000.0,120000.0,Family,0,Married,Tier-3,1,0
APP102614,21,765000.0,63750.0,0.0,Salaried,Manufacturing,0.0,Graduate,772,1.0,3,2,0,0,0,None,0.0,0,0,0,-1,100.0,0,0,0,0,0,0,0.0,0.0,0.0,0.0,0,0,1135000.0,16500.0,25.9,Auto,530000.0,36,8.79,16802.0,26.4,52.2,1,14.8,1,205000.0,1300000.0,Own,1,Divorced,Tier-2,1,0
APP102615,31,87000.0,7250.0,0.0,Salaried,Retail,7.4,High School,710,8.9,1,0,0,0,0,None,0.0,1,1,0,44,100.0,0,0,0,0,1,3,40000.0,7640.0,19.1,600.0,1,0,269640.0,4100.0,61.8,Personal,60000.0,60,12.37,1346.0,18.6,80.4,0,0.0,0,22000.0,340000.0,Own,3,Married,Tier-2,0,-1
APP102616,38,1381000.0,115083.0,0.0,Salaried,Education,6.6,Post-Graduate,730,4.0,2,1,1,0,0,Home,3090000.0,1,0,1,53,100.0,1,0,0,0,1,2,725000.0,123250.0,17.0,6400.0,1,1,1773250.0,38200.0,38.5,Auto,940000.0,84,9.79,15503.0,13.5,52.0,1,14.1,1,364000.0,1020000.0,Rent,1,Single,Tier-1,1,0
APP102617,48,140000.0,11667.0,0.0,Contract,Healthcare,1.1,Graduate,584,1.9,2,2,2,2,0,Gold,290000.0,2,1,1,40,100.0,0,0,0,1,0,0,0.0,0.0,0.0,0.0,0,0,296000.0,7500.0,64.3,Education,80000.0,84,11.94,1410.0,12.1,76.4,0,0.0,0,14000.0,570000.0,Family,2,Married,Tier-3,0,-1
APP102618,30,60000.0,5000.0,8000.0,Unemployed,None,0.0,Post-Graduate,555,4.9,3,6,0,0,0,None,0.0,0,0,0,-1,100.0,0,0,0,0,0,0,0.0,0.0,0.0,0.0,0,0,39000.0,600.0,12.0,Personal,30000.0,24,15.73,1465.0,29.3,41.3,0,0.0,0,34000.0,50000.0,Rent,1,Married,Tier-2,0,-1
APP102619,56,685000.0,57083.0,0.0,Self-Employed,Education,3.7,Post-Graduate,653,8.7,7,1,3,3,0,Home,540000.0,4,2,2,15,91.9,2,0,0,0,1,2,280000.0,61040.0,21.8,1700.0,1,0,164040.0,3800.0,12.0,Auto,1010000.0,48,11.02,26114.0,45.7,57.8,1,25.6,0,985000.0,1430000.0,Rent,0,Single,Tier-2,1,0
APP102620,30,633000.0,52750.0,0.0,Salaried,Healthcare,8.4,Graduate,668,4.6,7,3,2,1,0,Home,1110000.0,3,2,1,27,89.7,0,0,1,0,0,0,0.0,0.0,0.0,0.0,0,0,247000.0,5000.0,9.5,Personal,240000.0,24,13.94,11516.0,21.8,31.3,0,0.0,1,256000.0,1180000.0,Rent,0,Married,Tier-2,1,0
APP102621,30,397000.0,33083.0,0.0,Self-Employed,Government,3.5,Graduate,681,2.0,5,2,4,2,0,Gold,450000.0,7,6,1,48,96.1,1,0,0,1,0,0,0.0,0.0,0.0,0.0,0,0,357000.0,5800.0,17.5,Personal,170000.0,36,13.76,5790.0,17.5,35.0,0,0.0,1,107000.0,100000.0,Rent,0,Single,Tier-2,1,0
APP102622,55,463000.0,38583.0,89000.0,Contract,Retail,7.4,High School,714,5.7,5,2,3,1,0,Gold,1140000.0,3,3,0,14,100.0,0,0,0,0,0,0,0.0,0.0,0.0,0.0,0,0,22000.0,500.0,1.3,Personal,420000.0,60,13.8,9729.0,25.2,26.5,0,0.0,0,66000.0,730000.0,Own,1,Married,Tier-2,1,0
APP102623,40,522000.0,43500.0,0.0,Business Owner,Other,5.2,Post-Graduate,676,17.9,11,3,0,0,0,None,0.0,3,2,1,38,100.0,0,0,0,2,1,3,130000.0,68380.0,52.6,3600.0,1,1,1571380.0,23900.0,62.8,Business,960000.0,84,13.39,17668.0,40.6,103.4,0,0.0,1,124000.0,420000.0,Family,1,Married,Tier-1,0,-1
APP102624,32,357000.0,29750.0,0.0,Salaried,Healthcare,7.4,Graduate,531,3.0,4,1,2,1,1,Gold,1020000.0,5,3,2,49,87.2,0,1,1,0,0,0,0.0,0.0,0.0,0.0,0,0,202000.0,7600.0,25.5,Education,410000.0,120,13.14,6156.0,20.7,46.2,0,0.0,0,54000.0,2640000.0,Rent,4,Married,Tier-3,0,-1
APP102625,36,477000.0,39750.0,73000.0,Salaried,Construction,8.3,Post-Graduate,655,2.3,7,2,2,1,0,Gold,260000.0,2,1,1,49,94.4,1,0,0,1,1,4,170000.0,86530.0,50.9,2100.0,0,1,180530.0,5200.0,24.0,Personal,100000.0,12,13.45,8953.0,22.5,46.5,0,0.0,1,32000.0,560000.0,Own,2,Single,Tier-3,1,0
APP102626,53,60000.0,5000.0,0.0,Unemployed,None,0.0,Post-Graduate,512,3.5,6,2,0,0,0,None,0.0,0,0,0,-1,97.6,1,0,0,1,0,0,0.0,0.0,0.0,0.0,0,0,13000.0,200.0,4.0,Auto,50000.0,48,12.69,1334.0,26.7,30.7,1,24.1,0,14000.0,70000.0,Rent,1,Married,Tier-1,0,-1
APP102627,54,125000.0,10417.0,0.0,Contract,IT,4.2,Graduate,575,2.5,8,3,0,0,0,None,0.0,1,1,0,48,97.4,0,1,0,1,0,0,0.0,0.0,0.0,0.0,0,0,120000.0,2000.0,19.2,Debt Consolidation,80000.0,36,16.63,2838.0,27.2,46.4,0,0.0,0,33000.0,140000.0,Own,3,Married,Tier-3,0,-1
APP102628,29,442000.0,36833.0,0.0,Salaried,Government,8.0,Graduate,641,2.6,4,3,0,0,0,None,0.0,2,2,0,48,100.0,1,0,0,1,1,2,95000.0,13300.0,14.0,2000.0,0,1,169300.0,2500.0,8.6,Education,420000.0,120,11.01,5788.0,15.7,24.3,0,0.0,1,168000.0,290000.0,Family,1,Married,Tier-2,1,0
APP102629,38,422000.0,35167.0,0.0,Contract,Banking/Finance,3.8,Post-Graduate,560,1.7,4,5,0,0,0,None,0.0,2,2,0,58,94.0,1,0,0,1,1,1,90000.0,35910.0,39.9,2700.0,1,2,119910.0,4300.0,17.3,Debt Consolidation,380000.0,24,16.26,18653.0,53.0,70.4,1,0.0,0,367000.0,1670000.0,Rent,3,Married,Tier-3,0,-1
APP102630,39,972000.0,81000.0,240000.0,Salaried,Banking/Finance,4.9,Post-Graduate,745,10.1,6,3,2,2,0,Gold,340000.0,4,3,1,47,100.0,0,1,0,0,0,0,0.0,0.0,0.0,0.0,0,0,1267000.0,21300.0,26.3,Personal,390000.0,12,12.06,34662.0,42.8,69.1,0,0.0,0,405000.0,80000.0,Rent,2,Married,Tier-1,1,1
APP102631,27,215000.0,17917.0,0.0,Salaried,Retail,6.0,Graduate,685,7.0,1,1,2,1,0,Auto,530000.0,3,2,1,5,96.8,1,1,0,1,0,0,0.0,0.0,0.0,0.0,0,0,230000.0,3800.0,21.2,Personal,130000.0,24,13.19,6192.0,34.6,55.8,0,0.0,0,33000.0,490000.0,Rent,1,Single,Tier-3,1,1
APP102632,37,459000.0,38250.0,112000.0,Business Owner,Construction,5.7,Graduate,668,3.8,4,3,6,3,1,Business,320000.0,7,5,2,43,100.0,1,0,0,0,0,0,0.0,0.0,0.0,0.0,0,0,444000.0,13700.0,35.8,Home,2990000.0,240,8.62,26175.0,68.4,104.2,1,22.4,1,223000.0,1070000.0,Own,0,Single,Tier-2,0,-1
APP102633,38,971000.0,80917.0,0.0,Self-Employed,Healthcare,9.2,Graduate,688,2.9,3,3,2,1,0,Gold,880000.0,3,3,0,50,100.0,0,0,0,1,1,1,160000.0,85600.0,53.5,2500.0,0,2,1087600.0,16000.0,25.1,Personal,430000.0,12,13.75,38558.0,47.7,72.7,0,0.0,0,140000.0,310000.0,Rent,3,Married,Tier-1,0,-1
APP102634,51,494000.0,41167.0,93000.0,Salaried,Education,3.3,Graduate,617,6.6,4,2,2,1,0,Auto,240000.0,2,2,0,51,97.4,1,0,0,0,1,1,125000.0,72375.0,57.9,3600.0,1,1,444375.0,6700.0,25.1,Education,260000.0,84,11.12,4468.0,10.9,35.9,1,0.0,0,121000.0,610000.0,Rent,1,Married,Tier-2,1,0
APP102635,51,102000.0,8500.0,13000.0,Unemployed,None,0.0,Post-Graduate,576,5.6,2,2,1,1,0,Auto,210000.0,1,1,0,26,99.6,0,0,0,0,1,2,50000.0,21150.0,42.3,400.0,0,0,79150.0,3100.0,48.9,Home,540000.0,240,10.59,5424.0,63.8,112.7,1,29.6,0,32000.0,140000.0,Family,0,Single,Tier-3,0,-1
APP102636,34,469000.0,39083.0,0.0,Contract,Banking/Finance,5.0,Graduate,644,5.4,3,5,6,6,1,Home,660000.0,6,5,1,3,100.0,0,0,0,0,0,0,0.0,0.0,0.0,0.0,0,0,509000.0,7400.0,18.9,Education,600000.0,84,10.99,10270.0,26.3,45.2,0,0.0,0,209000.0,540000.0,Own,2,Married,Tier-2,0,-1
APP102637,36,685000.0,57083.0,0.0,Salaried,Government,4.3,Post-Graduate,768,12.3,8,2,0,0,0,None,0.0,1,1,0,23,99.4,1,0,0,0,1,4,180000.0,77040.0,42.8,1600.0,0,4,484040.0,6500.0,18.1,Education,810000.0,84,9.27,13143.0,23.0,41.2,0,0.0,0,176000.0,800000.0,Rent,1,Married,Tier-2,1,0
APP102638,45,913000.0,76083.0,0.0,Self-Employed,IT,1.0,High School,669,7.2,6,2,1,1,0,Home,2340000.0,2,1,1,45,93.1,2,0,0,1,1,2,230000.0,45540.0,19.8,2500.0,0,0,1050540.0,24100.0,34.7,Personal,230000.0,60,13.94,5345.0,7.0,41.7,0,0.0,0,58000.0,280000.0,Own,2,Married,Tier-1,1,0
APP102639,32,464000.0,38667.0,0.0,Contract,Manufacturing,2.5,Post-Graduate,688,12.0,7,5,3,2,0,Education,1320000.0,4,4,0,38,100.0,0,0,0,3,0,0,0.0,0.0,0.0,0.0,0,0,379000.0,7200.0,18.6,Home,4010000.0,180,7.39,36923.0,95.5,114.1,1,26.0,1,103000.0,370000.0,Rent,0,Married,Tier-1,0,-1
APP102640,44,256000.0,21333.0,0.0,Self-Employed,Retail,0.8,Graduate,694,3.2,7,1,1,1,0,Education,440000.0,2,2,0,56,100.0,0,0,0,0,0,0,0.0,0.0,0.0,0.0,0,0,273000.0,5700.0,26.7,Home,2040000.0,180,9.28,21032.0,98.6,125.3,1,20.9,0,36000.0,680000.0,Rent,2,Married,Tier-2,0,-1
APP102641,37,284000.0,23667.0,0.0,Retired,None,0.0,Post-Graduate,617,17.0,8,1,3,1,1,Personal,700000.0,4,2,2,41,100.0,0,0,0,0,1,2,90000.0,67950.0,75.5,2000.0,1,2,413950.0,5000.0,35.5,Personal,270000.0,36,15.08,9370.0,39.6,75.1,0,0.0,0,44000.0,460000.0,Rent,0,Married,Tier-2,0,-1
APP102642,27,356000.0,29667.0,0.0,Business Owner,Other,5.2,High School,598,6.9,5,3,2,1,0,Gold,180000.0,2,0,2,44,91.6,3,0,0,0,0,0,0.0,0.0,0.0,0.0,0,0,197000.0,9100.0,30.7,Business,500000.0,84,14.74,9576.0,32.3,63.0,0,0.0,0,53000.0,240000.0,Rent,2,Married,Tier-3,0,-1
APP102643,27,511000.0,42583.0,0.0,Salaried,Retail,5.7,Post-Graduate,614,2.0,7,2,3,1,0,Gold,1100000.0,5,5,0,42,94.7,0,0,0,2,1,3,225000.0,93825.0,41.7,7200.0,0,2,811825.0,18300.0,54.0,Business,1150000.0,60,14.33,26956.0,63.3,117.3,0,0.0,1,129000.0,630000.0,Family,2,Single,Tier-3,0,-1
APP102644,54,567000.0,47250.0,63000.0,Salaried,Manufacturing,10.3,Graduate,784,2.7,5,2,1,0,0,Gold,870000.0,2,2,0,4,97.4,0,0,0,0,0,0,0.0,0.0,0.0,0.0,0,0,577000.0,13600.0,28.8,Debt Consolidation,210000.0,60,12.87,4764.0,10.1,38.9,0,0.0,0,246000.0,830000.0,Own,4,Single,Tier-3,1,0
APP102645,36,239000.0,19917.0,21000.0,Contract,Other,6.9,Graduate,652,7.8,10,0,2,1,0,Auto,550000.0,3,2,1,42,98.2,1,0,0,0,0,0,0.0,0.0,0.0,0.0,0,0,281000.0,11100.0,55.7,Home,1420000.0,120,9.75,18569.0,93.2,149.0,1,22.3,0,133000.0,230000.0,Rent,0,Married,Tier-1,0,-1
APP102646,56,121000.0,10083.0,0.0,Retired,None,0.0,Graduate,481,1.5,1,0,0,0,0,None,0.0,1,1,0,15,84.4,1,1,1,0,0,0,0.0,0.0,0.0,0.0,0,0,80000.0,2300.0,22.8,Education,130000.0,84,14.48,2471.0,24.5,47.3,0,0.0,0,21000.0,160000.0,Rent,2,Married,Tier-1,0,-1
APP102647,32,554000.0,46167.0,46000.0,Salaried,Government,4.3,Graduate,641,4.6,8,3,2,2,0,Gold,1540000.0,6,4,2,55,91.7,0,1,0,1,1,2,200000.0,70200.0,35.1,1700.0,1,1,644200.0,8800.0,26.7,Debt Consolidation,240000.0,36,14.9,8308.0,18.0,44.7,0,0.0,0,39000.0,630000.0,Own,1,Married,Tier-2,0,-1
APP102648,41,306000.0,25500.0,18000.0,Salaried,IT,2.3,Graduate,668,21.0,11,3,6,6,0,Education,820000.0,9,7,2,54,98.8,1,0,0,1,0,0,0.0,0.0,0.0,0.0,0,0,381000.0,7900.0,31.0,Education,240000.0,60,10.08,5109.0,20.0,51.0,0,0.0,0,43000.0,320000.0,Rent,2,Single,Tier-1,1,1
APP102649,64,487000.0,40583.0,0.0,Contract,Banking/Finance,7.8,High School,589,0.2,2,2,0,0,0,None,0.0,0,0,0,-1,91.1,2,1,0,1,0,0,0.0,0.0,0.0,0.0,0,0,935000.0,13900.0,34.3,Personal,240000.0,12,14.83,21643.0,53.3,87.6,0,0.0,0,437000.0,170000.0,Rent,4,Single,Tier-3,0,-1
APP102650,26,250000.0,20833.0,0.0,Salaried,IT,5.0,Graduate,715,4.6,2,1,4,4,0,Home,150000.0,4,4,0,16,100.0,0,0,0,0,0,0,0.0,0.0,0.0,0.0,0,0,65000.0,3400.0,16.3,Personal,240000.0,12,13.75,21521.0,103.3,119.6,0,0.0,0,134000.0,980000.0,Family,4,Married,Tier-2,0,-1
APP102651,21,232000.0,19333.0,22000.0,Salaried,Retail,0.0,Graduate,668,1.0,2,1,0,0,0,None,0.0,1,1,0,47,100.0,0,0,0,1,0,0,0.0,0.0,0.0,0.0,0,0,35000.0,900.0,4.7,Personal,70000.0,60,13.53,1612.0,8.3,13.0,0,0.0,0,166000.0,550000.0,Family,3,Single,Tier-1,1,0
APP102652,52,171000.0,14250.0,0.0,Unemployed,None,0.0,Graduate,516,18.9,9,4,4,2,1,Home,420000.0,5,3,2,27,88.1,1,1,0,1,0,0,0.0,0.0,0.0,0.0,0,0,202000.0,3000.0,21.1,Auto,250000.0,84,12.78,4518.0,31.7,52.8,1,27.7,1,55000.0,90000.0,Rent,2,Single,Tier-2,0,-1
APP102653,29,205000.0,17083.0,0.0,Contract,Other,8.0,Post-Graduate,654,4.3,4,0,1,0,0,Education,100000.0,1,1,0,58,97.3,2,0,0,2,0,0,0.0,0.0,0.0,0.0,0,0,136000.0,5600.0,32.8,Debt Consolidation,60000.0,36,15.28,2088.0,12.2,45.0,0,0.0,1,44000.0,470000.0,Rent,3,Single,Tier-2,1,1
APP102654,38,60000.0,5000.0,0.0,Unemployed,None,0.0,Graduate,451,2.3,2,5,0,0,0,None,0.0,0,0,0,-1,100.0,0,0,0,0,1,1,25000.0,8350.0,33.4,300.0,0,2,80350.0,2200.0,52.4,Debt Consolidation,50000.0,36,18.08,1810.0,36.2,88.6,0,0.0,0,6000.0,210000.0,Own,1,Married,Tier-3,0,-1
APP102655,32,1012000.0,84333.0,0.0,Self-Employed,IT,7.1,High School,655,1.6,3,4,2,1,0,Business,480000.0,4,3,1,45,100.0,0,0,0,0,1,1,340000.0,91460.0,26.9,2300.0,1,1,518460.0,17800.0,26.5,Personal,270000.0,12,14.63,24323.0,28.8,55.4,0,0.0,0,668000.0,1170000.0,Own,3,Married,Tier-2,1,0
APP102656,41,603000.0,50250.0,20000.0,Salaried,Education,15.0,Post-Graduate,749,1.8,4,2,1,0,0,Personal,1480000.0,4,3,1,53,100.0,0,0,0,1,0,0,0.0,0.0,0.0,0.0,0,0,288000.0,13600.0,27.1,Debt Consolidation,670000.0,36,12.33,22359.0,44.5,71.6,0,0.0,0,230000.0,1500000.0,Rent,1,Single,Tier-2,1,0
APP102657,28,126000.0,10500.0,0.0,Unemployed,None,0.0,Graduate,507,8.0,7,4,5,3,0,Home,50000.0,8,6,2,37,93.1,0,0,1,1,0,0,0.0,0.0,0.0,0.0,0,0,158000.0,3400.0,32.4,Home,580000.0,300,12.31,6242.0,59.4,91.8,1,14.8,0,24000.0,110000.0,Own,0,Single,Tier-1,0,-1
APP102658,36,614000.0,51167.0,64000.0,Salaried,Education,4.7,Graduate,590,0.4,3,3,3,0,1,Personal,1280000.0,3,3,0,36,100.0,0,0,0,1,1,3,355000.0,98690.0,27.8,8600.0,0,0,1532690.0,22900.0,54.4,Debt Consolidation,460000.0,24,15.73,22464.0,43.9,98.3,0,0.0,0,36000.0,2050000.0,Rent,0,Married,Tier-2,0,-1
APP102659,43,592000.0,49333.0,0.0,Salaried,Government,12.5,Post-Graduate,775,7.1,4,1,1,1,0,Education,690000.0,2,1,1,13,100.0,0,0,0,1,0,0,0.0,0.0,0.0,0.0,0,0,969000.0,14100.0,28.6,Personal,150000.0,24,12.22,7076.0,14.3,42.9,0,0.0,0,534000.0,520000.0,Own,1,Married,Tier-2,1,0
APP102660,27,70000.0,5833.0,0.0,Unemployed,None,0.0,Post-Graduate,540,7.0,4,4,1,1,0,Education,200000.0,3,2,1,13,99.9,1,0,0,1,0,0,0.0,0.0,0.0,0.0,0,0,28000.0,500.0,8.6,Personal,70000.0,12,16.0,6351.0,108.9,117.5,0,0.0,0,59000.0,40000.0,Own,3,Single,Tier-1,0,-1
APP102661,30,212000.0,17667.0,0.0,Business Owner,Government,9.0,Graduate,666,4.5,5,0,0,0,0,None,0.0,2,2,0,32,94.1,0,1,0,0,0,0,0.0,0.0,0.0,0.0,0,0,102000.0,5200.0,29.4,Business,290000.0,60,13.31,6645.0,37.6,67.0,1,0.0,1,43000.0,70000.0,Own,1,Married,Tier-3,1,0
APP102662,34,60000.0,5000.0,7000.0,Unemployed,None,0.0,Graduate,561,1.8,6,1,0,0,0,None,0.0,0,0,0,-1,99.6,0,0,0,1,0,0,0.0,0.0,0.0,0.0,0,0,150000.0,2700.0,54.0,Education,70000.0,60,12.99,1592.0,31.8,85.8,0,0.0,0,16000.0,10000.0,Rent,1,Married,Tier-2,0,-1
APP102663,22,577000.0,48083.0,0.0,Salaried,Banking/Finance,1.0,Post-Graduate,656,2.0,2,0,1,1,0,Education,1100000.0,1,1,0,18,85.8,1,0,1,0,0,0,0.0,0.0,0.0,0.0,0,0,377000.0,11800.0,24.5,Auto,870000.0,48,10.51,22279.0,46.3,70.9,1,10.7,0,114000.0,9600000.0,Family,0,Married,Tier-1,1,0
APP102664,33,227000.0,18917.0,0.0,Retired,None,0.0,Post-Graduate,644,2.2,3,3,0,0,0,None,0.0,1,1,0,10,100.0,0,0,0,0,0,0,0.0,0.0,0.0,0.0,0,0,309000.0,5800.0,30.7,Auto,290000.0,60,10.67,6258.0,33.1,63.7,1,28.7,0,56000.0,110000.0,Family,2,Married,Tier-1,0,-1
APP102665,39,1343000.0,111917.0,0.0,Self-Employed,Other,3.2,High School,604,2.9,4,0,3,3,0,Home,3360000.0,3,1,2,49,98.7,1,1,0,2,1,3,545000.0,248520.0,45.6,7800.0,1,2,4074520.0,78300.0,81.1,Home,13350000.0,120,10.94,183443.0,163.9,245.0,1,14.1,1,52000.0,2270000.0,Family,1,Married,Tier-2,0,-1
APP102666,34,583000.0,48583.0,145000.0,Self-Employed,Manufacturing,8.9,Graduate,740,2.5,2,2,1,1,0,Auto,760000.0,1,1,0,4,99.3,0,0,0,0,0,0,0.0,0.0,0.0,0.0,0,0,303000.0,11100.0,22.8,Home,3590000.0,300,7.68,26952.0,55.5,78.3,1,19.8,0,243000.0,520000.0,Own,2,Married,Tier-1,1,1
APP102667,35,106000.0,8833.0,0.0,Unemployed,None,0.0,Post-Graduate,616,2.6,1,0,0,0,0,None,0.0,0,0,0,-1,100.0,0,0,0,0,0,0,0.0,0.0,0.0,0.0,0,0,56000.0,1200.0,13.6,Debt Consolidation,70000.0,36,15.09,2430.0,27.5,41.1,0,0.0,0,20000.0,210000.0,Own,0,Married,Tier-3,0,-1
APP102668,38,1019000.0,84917.0,0.0,Salaried,Healthcare,4.9,Post-Graduate,567,9.7,8,4,2,2,0,Home,2370000.0,2,1,1,55,85.8,1,2,0,1,1,2,575000.0,209875.0,36.5,12100.0,0,2,1006875.0,17800.0,33.3,Education,800000.0,60,12.21,17881.0,21.1,54.4,1,0.0,0,227000.0,10540000.0,Own,2,Single,Tier-2,0,-1
APP102669,31,679000.0,56583.0,93000.0,Business Owner,IT,8.0,High School,702,4.1,7,0,2,2,0,Home,1680000.0,2,2,0,6,98.6,0,0,0,2,0,0,0.0,0.0,0.0,0.0,0,0,881000.0,26800.0,47.4,Auto,500000.0,60,10.19,10670.0,18.9,66.2,1,10.9,0,107000.0,690000.0,Rent,0,Single,Tier-2,1,0
APP102670,46,450000.0,37500.0,0.0,Self-Employed,Other,4.7,Graduate,660,7.4,7,2,0,0,0,None,0.0,1,1,0,36,100.0,1,0,0,1,1,1,85000.0,16575.0,19.5,2300.0,0,0,230575.0,5300.0,16.3,Business,680000.0,60,13.29,15573.0,41.5,57.9,0,0.0,0,105000.0,230000.0,Own,1,Married,Tier-1,1,0
APP102671,54,350000.0,29167.0,19000.0,Contract,IT,5.1,Graduate,726,7.4,6,3,4,4,0,Auto,430000.0,4,4,0,10,97.0,1,0,0,1,0,0,0.0,0.0,0.0,0.0,0,0,115000.0,2500.0,8.6,Auto,470000.0,48,8.88,11669.0,40.0,48.6,1,20.0,0,156000.0,340000.0,Rent,0,Married,Tier-1,1,0
APP102672,33,60000.0,5000.0,12000.0,Unemployed,None,0.0,Graduate,544,4.8,5,1,2,1,0,Education,160000.0,2,2,0,41,93.7,2,0,0,1,0,0,0.0,0.0,0.0,0.0,0,0,44000.0,1500.0,30.0,Personal,40000.0,24,16.12,1961.0,39.2,69.2,0,0.0,0,26000.0,100000.0,Own,1,Married,Tier-1,0,-1
APP102673,43,922000.0,76833.0,0.0,Business Owner,Retail,13.5,Graduate,662,13.7,11,3,2,1,1,Business,2760000.0,2,1,1,17,100.0,1,0,0,0,0,0,0.0,0.0,0.0,0.0,0,0,1509000.0,29900.0,38.9,Personal,330000.0,60,14.15,7704.0,10.0,48.9,0,0.0,0,270000.0,2050000.0,Own,1,Single,Tier-3,1,0
APP102674,35,441000.0,36750.0,0.0,Salaried,Manufacturing,14.0,Graduate,599,2.0,3,1,0,0,0,None,0.0,2,2,0,10,91.2,0,0,1,0,1,1,130000.0,59150.0,45.5,4300.0,0,0,72150.0,200.0,8.6,Home,3950000.0,240,10.33,38986.0,106.1,114.7,1,26.2,0,139000.0,430000.0,Rent,2,Single,Tier-1,0,-1
APP102675,42,672000.0,56000.0,135000.0,Salaried,IT,12.7,Graduate,553,4.4,1,1,4,3,1,Auto,1460000.0,4,2,2,45,86.7,0,1,1,0,1,2,280000.0,25200.0,9.0,8600.0,1,3,376200.0,16600.0,31.9,Education,780000.0,84,12.85,14126.0,25.2,57.1,0,0.0,1,176000.0,2380000.0,Own,0,Married,Tier-2,0,-1
APP102676,55,92000.0,7667.0,14000.0,Retired,None,0.0,Graduate,563,0.7,3,0,2,2,0,Business,200000.0,2,1,1,5,91.9,0,0,1,0,0,0,0.0,0.0,0.0,0.0,0,0,58000.0,1800.0,23.5,Education,170000.0,84,12.97,3090.0,40.3,63.8,0,0.0,0,80000.0,100000.0,Own,0,Single,Tier-2,0,-1
APP102677,44,217000.0,18083.0,15000.0,Retired,None,0.0,Post-Graduate,658,5.1,4,2,1,0,0,Auto,210000.0,3,2,1,34,100.0,0,0,0,1,0,0,0.0,0.0,0.0,0.0,0,0,138000.0,4100.0,22.7,Personal,110000.0,60,14.07,2564.0,14.2,36.9,0,0.0,0,65000.0,220000.0,Family,2,Single,Tier-1,1,0
APP102678,21,1175000.0,97917.0,109000.0,Salaried,Healthcare,0.0,Post-Graduate,656,1.0,4,0,0,0,0,None,0.0,1,1,0,3,94.5,1,0,0,0,1,5,360000.0,257040.0,71.4,5200.0,0,1,369040.0,4900.0,18.1,Auto,1560000.0,48,10.24,39746.0,40.6,58.7,1,20.4,0,383000.0,580000.0,Own,2,Married,Tier-2,1,0
APP102679,43,496000.0,41333.0,51000.0,Salaried,Construction,8.1,Post-Graduate,704,1.3,7,1,3,2,0,Education,1260000.0,3,3,0,35,100.0,1,0,0,1,0,0,0.0,0.0,0.0,0.0,0,0,290000.0,5800.0,14.0,Personal,460000.0,60,13.59,10606.0,25.7,39.7,0,0.0,0,751000.0,3700000.0,Rent,1,Divorced,Tier-1,1,0
APP102680,52,1470000.0,122500.0,0.0,Salaried,Manufacturing,4.4,Post-Graduate,782,3.0,3,0,1,0,0,Personal,3200000.0,1,0,1,25,99.2,1,0,0,0,0,0,0.0,0.0,0.0,0.0,0,0,780000.0,29400.0,24.0,Business,4470000.0,36,11.29,146957.0,120.0,144.0,0,0.0,0,436000.0,1140000.0,Rent,1,Divorced,Tier-2,0,-1
APP102681,36,863000.0,71917.0,168000.0,Business Owner,IT,3.4,Post-Graduate,774,2.5,2,2,0,0,0,None,0.0,0,0,0,-1,100.0,0,0,0,0,0,0,0.0,0.0,0.0,0.0,0,0,225000.0,10200.0,14.2,Debt Consolidation,680000.0,24,12.49,32166.0,44.7,58.9,0,0.0,0,125000.0,5470000.0,Rent,1,Married,Tier-2,1,0
APP102682,49,709000.0,59083.0,0.0,Business Owner,IT,14.5,Graduate,689,0.2,5,1,3,3,0,Business,2090000.0,5,4,1,57,100.0,0,0,0,2,1,3,360000.0,108360.0,30.1,2000.0,0,0,769360.0,17800.0,39.3,Home,5260000.0,240,8.85,46819.0,79.2,118.5,1,21.1,0,513000.0,360000.0,Rent,1,Married,Tier-1,0,-1
APP102683,30,341000.0,28417.0,0.0,Salaried,Construction,4.3,High School,606,1.8,2,2,0,0,0,None,0.0,0,0,0,-1,95.7,1,1,0,1,0,0,0.0,0.0,0.0,0.0,0,0,670000.0,12200.0,42.9,Auto,410000.0,84,11.94,7224.0,25.4,68.4,1,25.2,0,19000.0,230000.0,Rent,1,Married,Tier-1,0,-1
APP102684,22,471000.0,39250.0,0.0,Self-Employed,Manufacturing,1.0,Post-Graduate,588,2.0,4,1,3,2,0,Auto,1050000.0,5,4,1,9,93.0,1,1,0,0,0,0,0.0,0.0,0.0,0.0,0,0,296000.0,12900.0,32.9,Auto,670000.0,36,11.83,22199.0,56.6,89.4,1,15.5,0,77000.0,750000.0,Own,0,Single,Tier-1,0,-1
APP102685,40,150000.0,12500.0,0.0,Salaried,Other,7.5,Graduate,639,4.6,6,3,5,4,0,Home,410000.0,5,3,2,58,100.0,0,0,0,0,0,0,0.0,0.0,0.0,0.0,0,0,70000.0,2100.0,16.8,Business,170000.0,60,13.88,3945.0,31.6,48.4,0,0.0,1,37000.0,120000.0,Rent,2,Married,Tier-1,1,0
APP102686,21,650000.0,54167.0,0.0,Salaried,Construction,0.0,Graduate,636,1.0,4,1,1,0,0,Gold,1730000.0,1,1,0,29,89.8,1,1,0,0,1,2,385000.0,80080.0,20.8,6000.0,0,1,1498080.0,24700.0,53.0,Education,640000.0,84,10.13,10668.0,19.7,72.7,1,0.0,0,21000.0,690000.0,Family,1,Married,Tier-1,0,-1
APP102687,35,2427000.0,202250.0,0.0,Salaried,IT,14.0,Doctorate,794,9.3,8,2,4,2,0,Education,4020000.0,5,5,0,59,99.6,0,0,0,2,1,2,1410000.0,236880.0,16.8,38500.0,0,0,965880.0,10800.0,11.2,Debt Consolidation,2860000.0,36,13.13,96544.0,47.7,58.9,0,0.0,1,1018000.0,500000.0,Own,0,Married,Tier-1,1,0
APP102688,52,538000.0,44833.0,25000.0,Salaried,Healthcare,2.1,Graduate,625,16.0,10,3,6,4,1,Gold,700000.0,7,4,3,35,97.9,1,1,0,0,0,0,0.0,0.0,0.0,0.0,0,0,882000.0,14500.0,32.3,Business,1020000.0,60,13.07,23245.0,51.8,84.2,1,0.0,0,243000.0,230000.0,Own,1,Married,Tier-2,0,-1
APP102689,21,674000.0,56167.0,65000.0,Salaried,Government,0.0,Post-Graduate,704,1.0,5,1,3,3,0,Gold,1860000.0,3,3,0,49,100.0,1,0,0,0,1,2,355000.0,79875.0,22.5,9900.0,1,0,564875.0,9100.0,23.3,Personal,240000.0,12,13.31,21471.0,38.2,61.5,0,0.0,0,64000.0,1450000.0,Rent,0,Married,Tier-1,1,0
APP102690,24,60000.0,5000.0,11000.0,Unemployed,None,0.0,Graduate,547,4.0,7,0,2,1,0,Gold,170000.0,2,2,0,22,100.0,2,0,0,1,0,0,0.0,0.0,0.0,0.0,0,0,26000.0,500.0,10.0,Business,110000.0,60,14.73,2601.0,52.0,62.0,0,0.0,0,15000.0,130000.0,Rent,2,Single,Tier-3,0,-1
APP102691,27,888000.0,74000.0,0.0,Business Owner,Other,2.9,High School,602,2.9,6,2,2,2,0,Education,2430000.0,3,3,0,1,96.8,2,0,0,0,1,4,420000.0,184800.0,44.0,5500.0,0,2,233800.0,2000.0,15.2,Auto,790000.0,84,11.25,13631.0,18.4,33.6,1,13.7,0,2823000.0,450000.0,Rent,1,Married,Tier-1,1,0
APP102692,37,196000.0,16333.0,0.0,Retired,None,0.0,Post-Graduate,686,1.9,3,0,0,0,0,None,0.0,0,0,0,-1,97.7,1,0,0,0,0,0,0.0,0.0,0.0,0.0,0,0,281000.0,6500.0,39.8,Auto,160000.0,48,9.73,4037.0,24.7,64.5,1,20.5,0,60000.0,230000.0,Family,0,Married,Tier-2,1,0
APP102693,34,639000.0,53250.0,0.0,Salaried,Construction,6.8,Post-Graduate,720,3.8,3,1,2,1,0,Personal,970000.0,4,3,1,58,100.0,0,0,0,0,1,2,365000.0,98915.0,27.1,4400.0,0,1,388915.0,10200.0,28.4,Home,4040000.0,240,9.77,38373.0,72.1,100.5,1,25.9,0,864000.0,230000.0,Own,1,Married,Tier-3,0,-1
APP102694,53,178000.0,14833.0,0.0,Salaried,Construction,3.6,Graduate,623,7.4,5,1,3,2,0,Personal,410000.0,4,3,1,53,96.5,0,0,0,0,1,2,100000.0,37500.0,37.5,1900.0,0,1,466500.0,7300.0,61.9,Education,240000.0,84,11.86,4219.0,28.4,90.3,0,0.0,1,41000.0,390000.0,Rent,0,Single,Tier-3,0,-1
APP102695,48,306000.0,25500.0,0.0,Salaried,Retail,1.5,Graduate,632,5.0,3,2,2,2,1,Education,520000.0,5,5,0,42,100.0,0,0,0,0,1,2,160000.0,65120.0,40.7,3300.0,1,0,90120.0,400.0,14.3,Personal,130000.0,60,14.27,3043.0,11.9,26.3,0,0.0,1,239000.0,1490000.0,Rent,2,Married,Tier-2,1,0
APP102696,43,598000.0,49833.0,0.0,Self-Employed,Construction,7.3,Graduate,671,3.4,2,4,4,4,0,Personal,800000.0,6,5,1,9,94.4,0,0,0,0,1,3,105000.0,31500.0,30.0,2400.0,0,2,1186500.0,18300.0,39.9,Debt Consolidation,600000.0,36,14.6,20682.0,41.5,81.4,0,0.0,0,137000.0,170000.0,Rent,1,Married,Tier-2,1,0
APP102697,40,705000.0,58750.0,0.0,Salaried,Construction,4.6,Graduate,710,8.0,9,2,2,2,0,Personal,1160000.0,2,1,1,41,100.0,0,1,0,0,1,2,130000.0,15730.0,12.1,1000.0,0,1,42730.0,600.0,2.4,Personal,380000.0,60,12.89,8625.0,14.7,17.0,1,0.0,0,178000.0,1320000.0,Rent,1,Married,Tier-1,1,0
APP102698,42,844000.0,70333.0,0.0,Business Owner,Government,8.0,High School,757,7.6,6,2,1,1,0,Personal,1600000.0,1,1,0,37,98.9,0,0,0,0,1,1,325000.0,95225.0,29.3,2400.0,0,0,145225.0,1300.0,8.6,Personal,650000.0,36,12.02,21596.0,30.7,39.3,0,0.0,0,109000.0,240000.0,Rent,0,Married,Tier-3,1,0
APP102699,29,118000.0,9833.0,18000.0,Contract,Government,6.8,High School,579,3.2,4,5,2,1,0,Gold,150000.0,4,4,0,30,100.0,0,0,0,1,1,2,65000.0,7475.0,11.5,1700.0,0,0,71475.0,2200.0,26.2,Personal,80000.0,12,15.42,7237.0,73.6,99.8,0,0.0,0,150000.0,560000.0,Family,1,Married,Tier-1,0,-1
APP102700,47,60000.0,5000.0,0.0,Unemployed,None,0.0,Graduate,551,7.1,7,1,8,6,1,Home,20000.0,8,8,0,29,99.1,0,0,0,0,0,0,0.0,0.0,0.0,0.0,0,0,24000.0,900.0,18.0,Home,350000.0,120,11.48,4917.0,98.3,116.3,1,26.3,0,13000.0,770000.0,Rent,1,Single,Tier-2,0,-1
APP102701,26,593000.0,49417.0,0.0,Salaried,Healthcare,5.0,Graduate,788,4.9,0,1,0,0,0,None,0.0,1,1,0,8,100.0,0,0,0,1,0,0,0.0,0.0,0.0,0.0,0,0,0.0,0.0,0.0,Home,3130000.0,120,7.39,36974.0,74.8,74.8,1,28.4,0,132000.0,1010000.0,Rent,1,Single,Tier-2,1,0
APP102702,47,225000.0,18750.0,0.0,Self-Employed,Construction,1.9,High School,596,2.5,1,4,2,1,0,Auto,400000.0,2,2,0,42,100.0,0,0,0,0,1,5,80000.0,15040.0,18.8,2200.0,0,0,203040.0,7000.0,41.3,Personal,130000.0,60,15.06,3097.0,16.5,57.9,0,0.0,0,92000.0,110000.0,Family,1,Married,Tier-3,0,-1
APP102703,51,698000.0,58167.0,0.0,Salaried,Healthcare,4.4,Graduate,763,7.5,1,0,1,1,0,Gold,300000.0,3,3,0,15,100.0,0,0,0,0,0,0,0.0,0.0,0.0,0.0,0,0,163000.0,5000.0,8.6,Home,6020000.0,240,7.97,50241.0,86.4,95.0,1,18.2,0,42000.0,800000.0,Rent,4,Single,Tier-1,1,0
APP102704,40,175000.0,14583.0,0.0,Salaried,Manufacturing,4.9,Graduate,614,7.7,7,0,2,2,1,Personal,290000.0,2,2,0,2,96.5,1,0,0,1,0,0,0.0,0.0,0.0,0.0,0,0,78000.0,3800.0,26.1,Auto,250000.0,36,11.64,8261.0,56.6,82.7,1,24.8,0,52000.0,300000.0,Rent,1,Married,Tier-3,0,-1
APP102705,36,615000.0,51250.0,0.0,Business Owner,Retail,5.4,Graduate,575,1.6,5,1,1,1,0,Business,780000.0,1,1,0,29,82.0,3,1,0,0,0,0,0.0,0.0,0.0,0.0,0,0,585000.0,10600.0,20.7,Home,2620000.0,120,11.2,36388.0,71.0,91.7,1,17.6,1,203000.0,1540000.0,Family,1,Married,Tier-1,0,-1
APP102706,42,555000.0,46250.0,0.0,Self-Employed,Manufacturing,1.8,Post-Graduate,585,7.1,4,0,3,2,0,Auto,890000.0,4,4,0,6,84.6,0,1,1,0,1,2,210000.0,48090.0,22.9,6100.0,0,0,294090.0,7000.0,20.3,Education,530000.0,84,12.62,9533.0,20.6,40.9,0,0.0,0,82000.0,280000.0,Own,1,Married,Tier-1,0,-1
APP102707,21,1173000.0,97750.0,0.0,Business Owner,Manufacturing,0.0,Doctorate,666,1.0,0,0,1,1,0,Home,1920000.0,2,2,0,10,100.0,0,0,0,0,1,2,670000.0,448900.0,67.0,11500.0,1,3,448900.0,0.0,23.0,Personal,460000.0,24,13.61,22001.0,22.5,45.5,0,0.0,0,947000.0,1030000.0,Rent,1,Single,Tier-1,1,1
APP102708,41,296000.0,24667.0,39000.0,Salaried,Education,2.9,Post-Graduate,672,1.8,1,2,1,1,0,Home,880000.0,5,4,1,47,100.0,0,0,0,0,1,2,175000.0,21175.0,12.1,5800.0,0,0,609175.0,10800.0,48.1,Debt Consolidation,110000.0,36,14.04,3762.0,15.3,63.3,0,0.0,0,135000.0,1040000.0,Own,1,Married,Tier-1,1,0
APP102709,37,60000.0,5000.0,0.0,Retired,None,0.0,High School,623,5.6,3,0,0,0,0,None,0.0,1,1,0,48,100.0,0,0,0,1,0,0,0.0,0.0,0.0,0.0,0,0,7000.0,300.0,6.0,Personal,30000.0,36,15.15,1042.0,20.8,26.8,0,0.0,0,10000.0,130000.0,Family,0,Married,Tier-1,1,0
APP102710,37,220000.0,18333.0,0.0,Retired,None,0.0,Post-Graduate,608,1.8,3,2,2,1,0,Education,90000.0,4,3,1,23,100.0,0,0,0,0,1,1,75000.0,30825.0,41.1,1400.0,0,0,67825.0,1800.0,18.2,Home,1030000.0,300,9.83,9236.0,50.4,68.6,1,28.1,1,19000.0,160000.0,Family,0,Married,Tier-2,1,0
APP102711,46,509000.0,42417.0,0.0,Salaried,Banking/Finance,17.9,High School,573,2.0,4,1,1,0,1,Education,970000.0,2,2,0,27,92.0,0,1,0,1,1,2,135000.0,57105.0,42.3,1400.0,0,1,383105.0,4900.0,18.3,Home,2830000.0,120,10.22,37744.0,89.0,107.3,1,19.0,0,287000.0,4100000.0,Family,0,Single,Tier-2,0,-1
APP102712,37,105000.0,8750.0,0.0,Unemployed,None,0.0,Graduate,590,1.0,2,1,1,1,0,Home,120000.0,1,1,0,5,100.0,0,0,0,1,0,0,0.0,0.0,0.0,0.0,0,0,73000.0,2600.0,29.7,Business,310000.0,60,14.65,7318.0,83.6,113.3,1,0.0,0,12000.0,90000.0,Rent,2,Divorced,Tier-1,0,-1
APP102713,25,426000.0,35500.0,31000.0,Salaried,Construction,2.5,Post-Graduate,659,5.0,4,3,0,0,0,None,0.0,0,0,0,-1,94.4,1,0,0,0,1,3,115000.0,43240.0,37.6,2400.0,0,0,404240.0,6300.0,23.8,Personal,170000.0,60,14.34,3986.0,11.2,35.1,0,0.0,0,79000.0,110000.0,Family,3,Married,Tier-1,1,0
APP102714,36,1059000.0,88250.0,263000.0,Business Owner,Retail,10.1,Graduate,709,10.2,3,2,2,0,0,Personal,2730000.0,3,2,1,49,92.0,0,0,1,2,0,0,0.0,0.0,0.0,0.0,0,0,1752000.0,33100.0,37.5,Personal,380000.0,12,12.62,33873.0,38.4,75.9,0,0.0,1,712000.0,610000.0,Rent,1,Married,Tier-2,0,-1
APP102715,39,98000.0,8167.0,0.0,Unemployed,None,0.0,Post-Graduate,592,10.7,6,0,2,1,1,Gold,150000.0,2,2,0,52,100.0,0,0,0,1,0,0,0.0,0.0,0.0,0.0,0,0,30000.0,700.0,8.6,Education,130000.0,84,11.64,2270.0,27.8,36.4,0,0.0,0,35000.0,690000.0,Rent,0,Married,Tier-1,0,-1
APP102716,39,905000.0,75417.0,0.0,Contract,Education,1.9,Post-Graduate,748,3.5,2,3,2,1,0,Education,2080000.0,2,2,0,59,100.0,0,0,0,0,0,0,0.0,0.0,0.0,0.0,0,0,1262000.0,27900.0,37.0,Auto,980000.0,36,9.27,31287.0,41.5,78.5,1,29.6,0,224000.0,3370000.0,Rent,1,Married,Tier-1,1,0
APP102717,40,354000.0,29500.0,0.0,Contract,Healthcare,4.8,Graduate,765,9.3,6,1,3,3,0,Auto,960000.0,4,3,1,28,96.9,0,0,0,0,0,0,0.0,0.0,0.0,0.0,0,0,698000.0,12200.0,41.4,Debt Consolidation,140000.0,24,11.72,6572.0,22.3,63.6,1,0.0,0,22000.0,860000.0,Rent,2,Single,Tier-3,1,0
APP102718,49,142000.0,11833.0,12000.0,Salaried,Government,15.2,High School,699,1.9,2,1,1,0,0,Home,420000.0,1,1,0,18,100.0,0,0,0,1,0,0,0.0,0.0,0.0,0.0,0,0,86000.0,2000.0,16.9,Home,1180000.0,240,9.17,10746.0,90.8,107.7,1,28.8,0,9000.0,500000.0,Own,1,Single,Tier-2,0,-1
APP102719,26,441000.0,36750.0,87000.0,Contract,Healthcare,5.0,Post-Graduate,651,1.6,2,2,2,2,0,Gold,920000.0,4,3,1,26,100.0,0,0,0,0,0,0,0.0,0.0,0.0,0.0,0,0,764000.0,15300.0,41.6,Personal,440000.0,36,13.43,14917.0,40.6,82.2,0,0.0,1,42000.0,1100000.0,Rent,0,Married,Tier-1,0,-1
APP102720,40,810000.0,67500.0,0.0,Business Owner,Government,19.0,Graduate,671,3.5,3,0,1,0,0,Auto,2240000.0,1,1,0,55,100.0,1,0,0,0,1,2,150000.0,40200.0,26.8,3500.0,1,0,914200.0,24500.0,39.3,Home,5430000.0,240,8.64,47605.0,70.5,109.8,1,26.5,0,130000.0,490000.0,Own,0,Single,Tier-1,1,1
APP102721,52,453000.0,37750.0,0.0,Salaried,Banking/Finance,9.0,High School,703,9.8,8,2,7,6,1,Auto,370000.0,7,7,0,31,95.2,1,0,0,1,0,0,0.0,0.0,0.0,0.0,0,0,369000.0,8700.0,23.0,Personal,160000.0,36,13.09,5398.0,14.3,37.3,0,0.0,1,95000.0,240000.0,Own,5,Married,Tier-1,1,0
APP102722,21,129000.0,10750.0,12000.0,Salaried,Government,0.0,High School,650,1.0,2,2,6,3,0,Home,130000.0,8,6,2,21,99.8,1,0,0,0,0,0,0.0,0.0,0.0,0.0,0,0,51000.0,1800.0,16.7,Debt Consolidation,130000.0,36,14.32,4463.0,41.5,58.3,0,0.0,0,25000.0,90000.0,Own,1,Married,Tier-2,0,-1
APP102723,40,412000.0,34333.0,31000.0,Contract,Banking/Finance,10.0,Post-Graduate,678,3.2,4,1,2,1,0,Personal,350000.0,4,4,0,1,98.0,1,0,0,2,0,0,0.0,0.0,0.0,0.0,0,0,189000.0,3300.0,9.6,Education,770000.0,60,11.24,16834.0,49.0,58.6,0,0.0,0,355000.0,900000.0,Rent,1,Single,Tier-2,1,0
APP102724,32,744000.0,62000.0,166000.0,Self-Employed,Construction,3.2,Graduate,666,3.0,8,1,2,1,0,Home,1580000.0,2,2,0,57,95.0,2,0,0,1,1,5,195000.0,125970.0,64.6,3600.0,0,0,554970.0,12200.0,29.8,Home,3630000.0,240,9.26,33269.0,53.7,83.5,1,24.4,0,269000.0,1920000.0,Rent,2,Married,Tier-3,1,1
APP102725,34,560000.0,46667.0,80000.0,Self-Employed,Education,5.1,Post-Graduate,718,11.1,6,0,2,2,0,Education,1260000.0,2,2,0,45,100.0,0,0,0,0,1,1,240000.0,99120.0,41.3,2600.0,0,1,856120.0,24400.0,62.9,Home,3990000.0,120,8.87,50263.0,107.7,170.6,1,15.5,1,68000.0,2230000.0,Family,3,Single,Tier-1,0,-1
APP102726,28,60000.0,5000.0,6000.0,Unemployed,None,0.0,Graduate,560,8.0,6,0,0,0,0,None,0.0,2,2,0,10,97.2,1,0,0,0,0,0,0.0,0.0,0.0,0.0,0,0,56000.0,1300.0,26.0,Home,570000.0,240,10.72,5775.0,115.5,141.5,1,20.4,0,17000.0,480000.0,Rent,2,Married,Tier-1,0,-1
APP102727,36,1426000.0,118833.0,0.0,Self-Employed,IT,9.0,Graduate,817,11.5,12,1,2,2,0,Home,3070000.0,4,4,0,49,100.0,0,0,0,3,1,2,520000.0,75920.0,14.6,13100.0,0,0,188920.0,6200.0,8.4,Personal,820000.0,24,11.8,38524.0,32.4,40.8,0,0.0,1,312000.0,7140000.0,Rent,0,Married,Tier-1,1,0
APP102728,58,251000.0,20917.0,0.0,Salaried,Banking/Finance,8.5,Graduate,639,11.0,8,3,1,0,0,Gold,120000.0,2,2,0,10,96.8,0,0,0,1,1,4,40000.0,23280.0,58.2,1000.0,0,1,75280.0,1000.0,10.3,Personal,190000.0,36,14.52,6542.0,31.3,41.6,0,0.0,0,70000.0,1190000.0,Rent,2,Married,Tier-2,1,0
APP102729,24,1030000.0,85833.0,0.0,Salaried,Other,3.0,Post-Graduate,682,0.8,6,1,0,0,0,None,0.0,2,2,0,18,95.2,2,0,0,0,1,3,170000.0,60010.0,35.3,2400.0,0,3,759010.0,22800.0,30.1,Personal,340000.0,36,13.81,11589.0,13.5,43.6,0,0.0,0,202000.0,2080000.0,Rent,1,Married,Tier-2,1,0
APP102730,25,819000.0,68250.0,0.0,Self-Employed,Education,4.0,Graduate,682,5.0,6,2,0,0,0,None,0.0,2,2,0,37,100.0,1,0,0,1,1,3,300000.0,63900.0,21.3,3000.0,1,1,1643900.0,32700.0,52.6,Auto,1030000.0,36,9.85,33163.0,48.6,101.2,1,12.9,0,91000.0,920000.0,Rent,2,Married,Tier-2,0,-1
APP102731,24,236000.0,19667.0,0.0,Contract,Healthcare,3.0,High School,672,4.0,4,1,2,1,0,Home,470000.0,4,3,1,15,100.0,0,0,0,0,0,0,0.0,0.0,0.0,0.0,0,0,80000.0,4400.0,22.4,Education,330000.0,60,10.95,7167.0,36.4,58.8,0,0.0,0,159000.0,380000.0,Rent,1,Married,Tier-2,1,1
APP102732,57,457000.0,38083.0,0.0,Self-Employed,Healthcare,3.8,Graduate,691,2.1,0,0,1,1,0,Gold,1290000.0,5,4,1,38,100.0,0,0,0,0,1,3,170000.0,85000.0,50.0,2800.0,0,1,85000.0,0.0,11.2,Debt Consolidation,220000.0,24,13.68,10530.0,27.7,38.8,0,0.0,1,1242000.0,300000.0,Rent,0,Divorced,Tier-2,1,0
APP102733,33,599000.0,49917.0,0.0,Self-Employed,IT,7.4,Post-Graduate,703,3.5,7,3,1,0,0,Education,1290000.0,2,2,0,56,99.6,0,0,0,2,1,1,245000.0,33810.0,13.8,5400.0,0,0,532810.0,16600.0,36.6,Education,410000.0,120,10.24,5473.0,11.0,47.6,0,0.0,0,455000.0,130000.0,Own,4,Married,Tier-1,1,0
APP102734,38,808000.0,67333.0,43000.0,Business Owner,Banking/Finance,14.5,Graduate,647,4.2,8,0,3,3,1,Education,1180000.0,5,4,1,24,100.0,0,0,0,1,1,3,290000.0,175160.0,60.4,2200.0,0,0,1002160.0,13400.0,32.9,Personal,570000.0,24,14.8,27583.0,41.0,73.9,0,0.0,1,282000.0,6100000.0,Own,0,Married,Tier-1,0,-1
APP102735,34,478000.0,39833.0,0.0,Business Owner,Construction,7.0,Graduate,723,14.0,7,1,1,1,0,Gold,660000.0,1,1,0,30,98.1,1,0,0,0,1,4,185000.0,68450.0,37.0,5300.0,0,2,185450.0,5700.0,22.9,Debt Consolidation,220000.0,36,13.85,7503.0,18.8,41.7,0,0.0,0,219000.0,410000.0,Own,1,Single,Tier-3,1,1
APP102736,28,287000.0,23917.0,0.0,Contract,Education,4.4,Graduate,711,5.0,4,2,1,1,0,Auto,110000.0,2,1,1,19,100.0,0,0,0,1,0,0,0.0,0.0,0.0,0.0,0,0,133000.0,7200.0,30.1,Home,2450000.0,240,7.94,20401.0,85.3,115.4,1,29.0,0,57000.0,370000.0,Rent,0,Married,Tier-2,0,-1
APP102737,35,355000.0,29583.0,85000.0,Salaried,Manufacturing,5.3,Graduate,684,8.1,7,1,3,3,0,Gold,840000.0,4,3,1,6,100.0,1,0,0,0,1,2,155000.0,79360.0,51.2,4200.0,1,2,577360.0,14800.0,63.4,Auto,350000.0,48,9.95,8869.0,30.0,93.4,1,25.4,0,251000.0,550000.0,Own,1,Married,Tier-2,0,-1
APP102738,65,664000.0,55333.0,94000.0,Business Owner,IT,3.8,Post-Graduate,766,10.0,10,1,4,3,0,Gold,260000.0,4,3,1,17,100.0,0,0,0,0,1,1,160000.0,42080.0,26.3,4200.0,0,2,396080.0,7400.0,17.2,Business,1620000.0,60,11.53,35652.0,64.4,81.6,0,0.0,0,75000.0,880000.0,Rent,0,Married,Tier-2,1,0
APP102739,53,328000.0,27333.0,0.0,Self-Employed,Manufacturing,11.8,High School,672,3.3,4,3,0,0,0,None,0.0,0,0,0,-1,100.0,0,0,0,0,0,0,0.0,0.0,0.0,0.0,0,0,263000.0,7000.0,25.6,Education,430000.0,84,11.15,7397.0,27.1,52.7,0,0.0,0,70000.0,230000.0,Rent,3,Married,Tier-2,1,0
APP102740,29,196000.0,16333.0,0.0,Salaried,Manufacturing,8.0,Doctorate,698,9.0,5,1,2,0,0,Education,310000.0,2,0,2,4,90.9,1,0,0,0,0,0,0.0,0.0,0.0,0.0,0,0,278000.0,5300.0,32.4,Personal,100000.0,36,13.91,3413.0,20.9,53.3,0,0.0,0,59000.0,100000.0,Rent,0,Married,Tier-2,1,0
APP102741,45,756000.0,63000.0,0.0,Self-Employed,Banking/Finance,20.1,Post-Graduate,602,4.6,5,2,2,2,1,Home,250000.0,5,5,0,4,89.0,0,2,0,0,0,0,0.0,0.0,0.0,0.0,0,0,323000.0,15900.0,25.2,Business,1320000.0,60,14.69,31188.0,49.5,74.7,0,0.0,0,527000.0,150000.0,Rent,1,Married,Tier-2,0,-1
APP102742,29,470000.0,39167.0,83000.0,Business Owner,Education,3.1,Graduate,743,9.0,5,0,3,1,0,Auto,840000.0,3,3,0,39,98.5,0,1,0,1,0,0,0.0,0.0,0.0,0.0,0,0,282000.0,5600.0,14.3,Personal,120000.0,12,12.9,10712.0,27.3,41.6,0,0.0,0,107000.0,850000.0,Family,1,Married,Tier-1,1,0
APP102743,21,197000.0,16417.0,0.0,Self-Employed,Education,0.0,Post-Graduate,626,1.0,3,2,2,0,1,Auto,260000.0,3,2,1,45,98.0,1,0,0,0,0,0,0.0,0.0,0.0,0.0,0,0,262000.0,3900.0,23.8,Business,340000.0,84,14.41,6449.0,39.3,63.0,0,0.0,0,52000.0,1240000.0,Own,0,Married,Tier-3,1,1
APP102744,49,287000.0,23917.0,20000.0,Contract,Other,1.6,Graduate,607,4.3,1,2,1,1,0,Education,530000.0,1,0,1,11,97.8,1,0,0,0,0,0,0.0,0.0,0.0,0.0,0,0,358000.0,8700.0,36.4,Business,500000.0,36,14.23,17145.0,71.7,108.1,0,0.0,0,27000.0,520000.0,Rent,0,Married,Tier-2,0,-1
APP102745,51,364000.0,30333.0,22000.0,Salaried,Manufacturing,8.1,Graduate,685,10.3,6,0,3,2,1,Home,140000.0,3,3,0,19,100.0,0,0,0,0,1,1,60000.0,21120.0,35.2,1300.0,0,3,199120.0,3200.0,14.0,Business,1320000.0,84,14.16,24854.0,81.9,96.0,0,0.0,0,10000.0,230000.0,Family,1,Married,Tier-1,0,-1
APP102746,50,625000.0,52083.0,0.0,Salaried,Healthcare,2.2,High School,610,2.6,3,3,2,1,0,Home,1280000.0,2,1,1,11,98.0,2,0,0,2,1,5,310000.0,228160.0,73.6,6200.0,0,1,609160.0,6500.0,34.4,Education,1200000.0,60,12.13,26772.0,51.4,85.8,0,0.0,0,184000.0,630000.0,Rent,1,Single,Tier-1,0,-1
APP102747,33,439000.0,36583.0,81000.0,Salaried,Construction,12.0,Post-Graduate,729,8.7,10,2,1,1,0,Education,710000.0,3,3,0,57,100.0,1,0,0,0,0,0,0.0,0.0,0.0,0.0,0,0,249000.0,4500.0,12.3,Education,360000.0,84,9.71,5923.0,16.2,28.5,0,0.0,1,255000.0,990000.0,Family,3,Single,Tier-2,1,0
APP102748,36,603000.0,50250.0,0.0,Salaried,Manufacturing,2.9,Graduate,654,3.7,3,1,1,1,1,Education,1290000.0,1,1,0,6,94.0,1,0,0,1,0,0,0.0,0.0,0.0,0.0,0,0,948000.0,22000.0,43.8,Debt Consolidation,350000.0,60,13.8,8108.0,16.1,59.9,0,0.0,0,425000.0,1650000.0,Own,1,Married,Tier-1,0,-1
APP102749,46,1628000.0,135667.0,0.0,Business Owner,Education,0.9,Post-Graduate,691,1.8,1,3,2,2,1,Home,970000.0,4,1,3,9,98.6,0,0,0,0,1,2,895000.0,108295.0,12.1,8300.0,0,1,719295.0,23500.0,21.3,Personal,1040000.0,24,12.55,49224.0,36.3,57.6,0,0.0,1,521000.0,1050000.0,Own,1,Single,Tier-1,1,0
APP102750,42,248000.0,20667.0,0.0,Contract,Government,2.1,Graduate,582,1.5,2,2,1,1,0,Home,730000.0,2,2,0,7,97.2,0,1,0,1,1,2,95000.0,35435.0,37.3,2000.0,0,2,301435.0,6700.0,41.0,Auto,390000.0,60,12.04,8683.0,42.0,83.0,1,29.5,0,79000.0,100000.0,Family,1,Single,Tier-1,0,-1
APP102751,34,645000.0,53750.0,0.0,Business Owner,Construction,6.8,Graduate,686,5.6,8,1,0,0,0,None,0.0,0,0,0,-1,92.3,1,0,0,0,1,1,265000.0,115805.0,43.7,5200.0,0,2,288805.0,8400.0,26.4,Debt Consolidation,240000.0,60,14.47,5643.0,10.5,36.9,0,0.0,0,32000.0,320000.0,Own,2,Single,Tier-2,1,0
APP102752,21,1295000.0,107917.0,293000.0,Salaried,Healthcare,0.0,Post-Graduate,687,1.0,3,2,0,0,0,None,0.0,1,1,0,57,100.0,0,0,0,1,1,1,665000.0,436240.0,65.6,14400.0,0,3,1401240.0,19300.0,38.1,Personal,1230000.0,24,12.91,58424.0,54.1,92.2,0,0.0,0,334000.0,2810000.0,Own,1,Single,Tier-2,1,1
APP102753,39,473000.0,39417.0,101000.0,Salaried,Education,2.8,Graduate,629,2.0,2,1,2,2,1,Home,240000.0,2,2,0,59,92.4,0,0,1,1,0,0,0.0,0.0,0.0,0.0,0,0,1162000.0,17400.0,44.1,Business,850000.0,60,12.97,19327.0,49.0,93.2,1,0.0,0,190000.0,160000.0,Own,1,Single,Tier-1,0,-1
APP102754,50,396000.0,33000.0,0.0,Salaried,Banking/Finance,5.0,High School,672,7.3,7,3,1,1,0,Gold,680000.0,1,1,0,17,96.4,1,0,0,0,1,6,170000.0,39440.0,23.2,1700.0,0,2,252440.0,5800.0,23.6,Personal,320000.0,12,14.65,28830.0,87.4,110.9,0,0.0,0,232000.0,220000.0,Own,1,Married,Tier-2,0,-1
APP102755,25,631000.0,52583.0,112000.0,Business Owner,Construction,3.5,Post-Graduate,690,1.3,3,1,0,0,0,None,0.0,0,0,0,-1,96.9,1,0,0,0,1,2,105000.0,27615.0,26.3,1400.0,0,0,399615.0,11100.0,23.7,Debt Consolidation,650000.0,24,13.93,31187.0,59.3,83.0,0,0.0,0,362000.0,780000.0,Rent,0,Married,Tier-2,1,0
APP102756,45,654000.0,54500.0,0.0,Salaried,IT,8.0,Graduate,777,3.4,7,0,2,2,0,Auto,1090000.0,2,2,0,12,100.0,0,0,0,0,0,0,0.0,0.0,0.0,0.0,0,0,577000.0,19300.0,35.4,Auto,760000.0,84,8.41,12001.0,22.0,57.4,1,27.1,1,492000.0,4770000.0,Rent,1,Married,Tier-2,1,0
APP102757,42,557000.0,46417.0,0.0,Self-Employed,Government,2.3,Post-Graduate,541,4.5,7,3,2,2,0,Auto,1060000.0,4,3,1,19,94.7,1,0,0,0,1,3,240000.0,175200.0,73.0,3200.0,1,0,775200.0,21000.0,64.1,Home,2540000.0,240,11.59,27245.0,58.7,122.8,1,12.6,0,115000.0,430000.0,Own,0,Single,Tier-1,0,-1
APP102758,46,170000.0,14167.0,0.0,Contract,Banking/Finance,6.2,Post-Graduate,621,4.2,6,4,2,2,0,Business,450000.0,2,0,2,11,96.2,0,0,0,1,0,0,0.0,0.0,0.0,0.0,0,0,215000.0,9300.0,65.6,Auto,200000.0,84,11.21,3447.0,24.3,90.0,1,20.0,0,13000.0,500000.0,Rent,1,Married,Tier-3,0,-1
APP102759,48,298000.0,24833.0,0.0,Self-Employed,Retail,6.4,High School,698,5.4,8,2,2,2,0,Personal,610000.0,4,4,0,8,95.5,1,0,0,0,0,0,0.0,0.0,0.0,0.0,0,0,222000.0,3800.0,15.3,Auto,260000.0,36,9.19,8291.0,33.4,48.7,1,19.3,0,141000.0,110000.0,Rent,1,Single,Tier-2,1,0
APP102760,30,226000.0,18833.0,51000.0,Salaried,IT,5.4,Graduate,643,4.4,3,2,3,2,0,Auto,300000.0,3,2,1,25,100.0,0,0,0,0,0,0,0.0,0.0,0.0,0.0,0,0,52000.0,1100.0,5.8,Home,1110000.0,180,10.29,12126.0,64.4,70.2,1,12.7,1,50000.0,230000.0,Family,1,Single,Tier-2,1,0
APP102761,21,639000.0,53250.0,0.0,Salaried,Government,0.0,Doctorate,678,1.0,4,1,1,0,0,Gold,1620000.0,3,3,0,30,100.0,0,0,0,0,1,5,125000.0,36000.0,28.8,1200.0,0,1,830000.0,13100.0,28.0,Personal,220000.0,36,13.78,7496.0,14.1,42.1,0,0.0,0,134000.0,150000.0,Rent,4,Single,Tier-1,1,0
APP102762,32,357000.0,29750.0,0.0,Self-Employed,Retail,5.0,Post-Graduate,702,3.9,3,0,1,0,0,Education,540000.0,1,0,1,38,100.0,0,0,0,0,1,2,95000.0,25650.0,27.0,2700.0,0,1,176650.0,3700.0,16.7,Personal,180000.0,24,14.11,8652.0,29.1,45.8,0,0.0,0,195000.0,600000.0,Rent,1,Single,Tier-3,1,0
APP102763,48,649000.0,54083.0,140000.0,Self-Employed,Education,8.9,Graduate,745,2.8,3,1,2,2,0,Personal,1100000.0,2,2,0,8,100.0,0,0,0,0,0,0,0.0,0.0,0.0,0.0,0,0,920000.0,18500.0,34.2,Debt Consolidation,430000.0,36,13.33,14557.0,26.9,61.1,0,0.0,1,342000.0,420000.0,Family,0,Divorced,Tier-1,1,0
APP102764,32,444000.0,37000.0,0.0,Salaried,Manufacturing,5.4,Graduate,740,7.4,7,1,1,1,0,Personal,480000.0,1,1,0,22,100.0,0,0,0,1,0,0,0.0,0.0,0.0,0.0,0,0,265000.0,8900.0,24.1,Education,640000.0,120,9.71,8355.0,22.6,46.6,0,0.0,0,134000.0,730000.0,Rent,1,Married,Tier-2,1,0
APP102765,30,60000.0,5000.0,0.0,Unemployed,None,0.0,Graduate,561,3.9,4,2,2,2,1,Education,100000.0,2,2,0,56,100.0,0,0,0,0,0,0,0.0,0.0,0.0,0.0,0,0,31000.0,800.0,16.0,Business,160000.0,84,15.03,3090.0,61.8,77.8,0,0.0,0,11000.0,40000.0,Rent,2,Single,Tier-2,0,-1
APP102766,21,336000.0,28000.0,38000.0,Self-Employed,Education,0.0,Graduate,657,1.0,0,4,2,2,0,Business,740000.0,3,3,0,31,99.2,1,0,0,0,0,0,0.0,0.0,0.0,0.0,0,0,0.0,0.0,0.0,Personal,200000.0,60,14.64,4720.0,16.9,16.9,0,0.0,0,306000.0,1810000.0,Rent,2,Married,Tier-1,1,0
APP102767,57,661000.0,55083.0,0.0,Salaried,Government,11.6,Graduate,654,7.0,5,3,0,0,0,None,0.0,1,0,1,21,96.1,0,0,0,0,1,2,360000.0,240840.0,66.9,5800.0,0,1,343840.0,4600.0,30.2,Personal,270000.0,12,13.91,24231.0,44.0,74.2,0,0.0,0,244000.0,650000.0,Family,0,Married,Tier-2,0,-1
APP102768,47,793000.0,66083.0,0.0,Salaried,Education,3.6,Graduate,705,6.3,7,0,3,3,0,Business,420000.0,4,4,0,47,94.1,2,0,0,0,0,0,0.0,0.0,0.0,0.0,0,0,1772000.0,27400.0,41.5,Debt Consolidation,930000.0,24,13.67,44507.0,67.4,108.8,0,0.0,0,70000.0,790000.0,Own,0,Single,Tier-1,0,-1
APP102769,46,253000.0,21083.0,45000.0,Salaried,Healthcare,2.5,Graduate,667,1.9,2,3,2,0,0,Education,660000.0,6,6,0,40,100.0,0,0,0,0,0,0,0.0,0.0,0.0,0.0,0,0,90000.0,1700.0,8.1,Education,460000.0,120,10.59,6230.0,29.5,37.6,0,0.0,0,58000.0,210000.0,Rent,1,Married,Tier-3,1,1
APP102770,49,248000.0,20667.0,0.0,Salaried,Government,8.9,Graduate,740,12.4,6,1,2,2,0,Personal,580000.0,2,1,1,33,100.0,0,0,0,0,0,0,0.0,0.0,0.0,0.0,0,0,176000.0,4100.0,19.8,Business,800000.0,84,11.74,14011.0,67.8,87.6,0,0.0,0,29000.0,380000.0,Family,1,Married,Tier-1,0,-1
APP102771,44,1582000.0,131833.0,0.0,Salaried,Retail,5.4,Post-Graduate,663,3.4,2,2,3,2,0,Business,1390000.0,4,4,0,28,99.7,1,0,0,1,1,5,635000.0,427990.0,67.4,18500.0,1,0,1063990.0,9100.0,23.1,Personal,450000.0,12,13.45,40288.0,30.6,53.7,1,0.0,0,392000.0,2790000.0,Family,0,Single,Tier-2,1,0
APP102772,35,442000.0,36833.0,0.0,Self-Employed,Banking/Finance,0.6,Graduate,494,3.5,9,1,5,4,1,Auto,670000.0,6,4,2,41,85.8,1,1,1,0,1,1,200000.0,100200.0,50.1,4700.0,0,1,385200.0,5500.0,28.5,Business,980000.0,36,15.1,34020.0,92.4,120.9,0,0.0,0,109000.0,260000.0,Family,1,Single,Tier-2,0,-1
APP102773,36,441000.0,36750.0,0.0,Salaried,Banking/Finance,3.1,Graduate,738,4.6,3,3,2,2,0,Personal,990000.0,2,2,0,30,100.0,0,0,0,0,0,0,0.0,0.0,0.0,0.0,0,0,178000.0,5000.0,13.6,Auto,300000.0,60,9.03,6232.0,17.0,30.6,1,14.4,0,27000.0,480000.0,Own,0,Single,Tier-2,1,0
APP102774,33,60000.0,5000.0,0.0,Unemployed,None,0.0,High School,551,6.1,1,5,1,1,0,Home,120000.0,2,2,0,39,100.0,0,0,0,0,0,0,0.0,0.0,0.0,0.0,0,0,12000.0,200.0,4.0,Personal,40000.0,36,15.77,1402.0,28.0,32.0,0,0.0,1,2000.0,120000.0,Own,1,Married,Tier-1,0,-1
APP102775,67,135000.0,11250.0,16000.0,Retired,None,0.0,High School,552,4.8,3,5,1,1,0,Education,230000.0,2,2,0,8,94.5,1,0,0,0,0,0,0.0,0.0,0.0,0.0,0,0,248000.0,5900.0,52.4,Personal,110000.0,36,15.58,3845.0,34.2,86.6,0,0.0,0,43000.0,770000.0,Rent,4,Divorced,Tier-1,0,-1
APP102776,44,1612000.0,134333.0,0.0,Salaried,Government,3.0,Doctorate,708,2.4,5,2,2,1,0,Business,560000.0,4,3,1,48,99.4,0,1,0,0,1,3,405000.0,83025.0,20.5,5900.0,0,2,1766025.0,27500.0,23.6,Business,3460000.0,60,12.96,78655.0,58.6,82.1,0,0.0,0,66000.0,5550000.0,Own,1,Married,Tier-1,1,1
APP102777,33,498000.0,41500.0,61000.0,Salaried,IT,5.4,Graduate,647,0.8,3,1,2,0,0,Education,1420000.0,2,1,1,35,100.0,0,0,0,0,0,0,0.0,0.0,0.0,0.0,0,0,379000.0,13600.0,32.8,Auto,450000.0,60,10.13,9590.0,23.1,55.9,1,10.9,0,158000.0,1020000.0,Rent,0,Married,Tier-1,1,0
APP102778,43,500000.0,41667.0,0.0,Contract,IT,6.0,High School,711,12.2,6,2,5,4,0,Home,1090000.0,5,4,1,35,97.2,1,0,0,0,0,0,0.0,0.0,0.0,0.0,0,0,665000.0,17500.0,42.0,Business,1660000.0,60,12.95,37728.0,90.5,132.5,0,0.0,0,963000.0,2380000.0,Family,3,Married,Tier-1,0,-1
APP102779,27,203000.0,16917.0,0.0,Retired,None,0.0,Post-Graduate,604,2.1,6,1,3,2,0,Auto,500000.0,5,4,1,53,100.0,0,0,0,0,1,2,30000.0,13020.0,43.4,500.0,0,1,79020.0,1800.0,14.5,Debt Consolidation,100000.0,36,15.36,3484.0,20.6,35.1,1,0.0,0,217000.0,80000.0,Rent,2,Married,Tier-2,1,0
APP102780,55,60000.0,5000.0,11000.0,Unemployed,None,0.0,High School,563,6.7,5,0,2,1,0,Business,180000.0,4,3,1,17,100.0,0,0,0,1,0,0,0.0,0.0,0.0,0.0,0,0,75000.0,3000.0,60.0,Personal,30000.0,24,15.8,1466.0,29.3,89.3,1,0.0,0,16000.0,310000.0,Rent,0,Married,Tier-3,0,-1
APP102781,31,316000.0,26333.0,0.0,Salaried,IT,10.0,Graduate,589,4.8,3,0,0,0,0,None,0.0,2,2,0,37,84.4,1,0,1,2,1,3,125000.0,58125.0,46.5,2200.0,0,1,197125.0,2900.0,22.0,Business,630000.0,36,15.17,21892.0,83.1,105.2,0,0.0,0,173000.0,470000.0,Own,0,Single,Tier-1,0,-1
APP102782,44,283000.0,23583.0,0.0,Salaried,Education,3.1,Post-Graduate,668,0.6,3,2,0,0,0,None,0.0,0,0,0,-1,100.0,0,0,0,1,1,3,100000.0,30300.0,30.3,2300.0,0,1,336300.0,5700.0,30.6,Education,490000.0,60,10.41,10510.0,44.6,75.2,1,0.0,0,126000.0,210000.0,Rent,0,Married,Tier-1,0,-1
APP102783,50,712000.0,59333.0,157000.0,Salaried,Banking/Finance,17.5,Post-Graduate,647,2.8,2,2,1,1,0,Gold,340000.0,2,2,0,13,96.8,1,0,0,1,1,2,105000.0,42105.0,40.1,3500.0,0,2,613105.0,20400.0,37.9,Auto,980000.0,84,10.86,16708.0,28.2,66.1,1,22.8,1,474000.0,710000.0,Rent,2,Married,Tier-2,1,1
APP102784,42,539000.0,44917.0,0.0,Contract,Construction,5.1,High School,745,14.2,6,1,4,3,0,Personal,1060000.0,5,3,2,19,100.0,0,0,0,0,1,4,195000.0,58110.0,29.8,2500.0,0,0,1030110.0,16000.0,42.1,Auto,410000.0,48,9.03,10209.0,22.7,64.8,1,21.3,1,80000.0,1710000.0,Own,1,Married,Tier-2,1,1
APP102785,39,631000.0,52583.0,0.0,Self-Employed,Education,3.3,Post-Graduate,650,0.9,3,2,1,0,0,Gold,1070000.0,2,1,1,32,93.2,0,0,1,0,1,2,100000.0,18800.0,18.8,2900.0,0,0,610800.0,12100.0,24.8,Education,480000.0,84,10.68,8138.0,15.5,40.3,0,0.0,0,784000.0,560000.0,Rent,0,Married,Tier-2,1,0
APP102786,38,390000.0,32500.0,0.0,Self-Employed,IT,3.3,Graduate,655,3.7,3,1,1,0,0,Auto,400000.0,2,1,1,41,100.0,0,0,0,0,1,1,180000.0,67500.0,37.5,2800.0,0,2,743500.0,10600.0,43.0,Business,610000.0,60,13.65,14083.0,43.3,86.3,0,0.0,1,367000.0,580000.0,Rent,0,Single,Tier-2,0,-1
APP102787,37,354000.0,29500.0,0.0,Self-Employed,Manufacturing,16.0,Graduate,607,6.1,5,2,0,0,0,None,0.0,0,0,0,-1,91.1,2,0,0,0,1,3,210000.0,52290.0,24.9,6700.0,0,0,426290.0,6900.0,32.3,Home,1720000.0,180,9.98,18462.0,62.6,94.8,1,23.5,0,89000.0,740000.0,Family,1,Married,Tier-1,0,-1
APP102788,32,504000.0,42000.0,54000.0,Salaried,Banking/Finance,2.3,Graduate,703,2.1,4,0,0,0,0,None,0.0,0,0,0,-1,94.6,0,1,0,2,0,0,0.0,0.0,0.0,0.0,0,0,137000.0,4200.0,10.0,Home,4110000.0,120,8.93,51908.0,123.6,133.6,1,12.1,0,55000.0,1640000.0,Rent,1,Married,Tier-2,0,-1
APP102789,33,304000.0,25333.0,51000.0,Self-Employed,Other,6.1,Post-Graduate,590,5.2,7,2,4,3,0,Education,790000.0,5,5,0,24,97.1,1,1,0,0,0,0,0.0,0.0,0.0,0.0,0,0,249000.0,4300.0,17.0,Business,1060000.0,36,14.87,36678.0,144.8,161.8,0,0.0,0,26000.0,100000.0,Rent,1,Married,Tier-1,0,-1
APP102790,54,236000.0,19667.0,0.0,Salaried,Education,6.7,Graduate,635,7.1,6,1,2,1,1,Business,270000.0,4,3,1,49,98.5,0,0,0,0,0,0,0.0,0.0,0.0,0.0,0,0,270000.0,10000.0,50.8,Home,1860000.0,120,9.76,24334.0,123.7,174.6,1,21.1,0,235000.0,230000.0,Family,1,Married,Tier-3,0,-1
APP102791,37,1024000.0,85333.0,0.0,Self-Employed,Construction,8.9,Post-Graduate,725,6.5,5,0,1,0,0,Education,1960000.0,3,2,1,18,100.0,0,0,0,0,1,3,275000.0,63800.0,23.2,4200.0,0,1,1410800.0,48100.0,60.1,Business,1350000.0,84,12.97,24537.0,28.8,88.9,0,0.0,0,1402000.0,3070000.0,Rent,3,Married,Tier-1,0,-1
APP102792,29,700000.0,58333.0,0.0,Business Owner,Manufacturing,5.8,Post-Graduate,687,5.2,3,0,1,1,0,Education,260000.0,5,5,0,22,100.0,0,0,0,0,1,1,275000.0,117700.0,42.8,4200.0,0,2,1189700.0,19200.0,43.0,Auto,570000.0,84,9.87,9424.0,16.2,59.2,1,24.6,0,324000.0,3600000.0,Rent,0,Married,Tier-2,1,0
APP102793,32,544000.0,45333.0,0.0,Self-Employed,Banking/Finance,11.0,Post-Graduate,728,4.1,4,1,2,2,0,Gold,460000.0,2,2,0,25,100.0,0,0,0,2,0,0,0.0,0.0,0.0,0.0,0,0,69000.0,1600.0,3.5,Personal,230000.0,12,13.53,20600.0,45.4,49.0,0,0.0,0,174000.0,390000.0,Rent,1,Married,Tier-3,1,0
APP102794,50,579000.0,48250.0,0.0,Salaried,Healthcare,18.0,Post-Graduate,685,2.2,6,2,1,1,0,Education,1450000.0,1,0,1,28,92.5,2,0,0,0,0,0,0.0,0.0,0.0,0.0,0,0,744000.0,14500.0,30.1,Business,2250000.0,84,13.11,41067.0,85.1,115.2,0,0.0,0,717000.0,4310000.0,Own,0,Married,Tier-1,0,-1
APP102795,45,611000.0,50917.0,118000.0,Contract,Manufacturing,13.7,Graduate,544,7.0,3,0,5,2,0,Home,730000.0,6,5,1,31,84.3,1,1,1,0,0,0,0.0,0.0,0.0,0.0,0,0,1515000.0,24300.0,47.7,Business,1900000.0,36,14.85,65725.0,129.1,176.8,1,0.0,0,121000.0,960000.0,Rent,1,Single,Tier-3,0,-1
APP102796,44,546000.0,45500.0,0.0,Business Owner,Government,7.1,High School,501,4.7,3,2,2,1,0,Auto,1330000.0,4,3,1,42,88.9,2,1,0,1,1,3,250000.0,144250.0,57.7,1100.0,0,1,604250.0,25300.0,71.5,Education,460000.0,120,13.43,6985.0,15.4,86.8,1,0.0,0,160000.0,190000.0,Own,0,Married,Tier-1,0,-1
APP102797,35,307000.0,25583.0,0.0,Salaried,Manufacturing,10.2,Graduate,642,15.0,10,2,6,5,0,Gold,760000.0,6,4,2,7,93.5,2,0,0,0,1,1,140000.0,45080.0,32.2,3900.0,0,2,563080.0,8900.0,43.6,Education,480000.0,120,10.77,6550.0,25.6,69.2,0,0.0,1,88000.0,650000.0,Own,0,Married,Tier-3,1,0
APP102798,44,217000.0,18083.0,0.0,Salaried,Other,4.4,High School,663,8.3,4,2,3,3,0,Auto,120000.0,3,2,1,46,100.0,0,0,0,0,0,0,0.0,0.0,0.0,0.0,0,0,321000.0,7700.0,42.6,Personal,160000.0,24,13.19,7621.0,42.1,84.7,1,0.0,0,49000.0,220000.0,Rent,2,Married,Tier-1,0,-1
APP102799,31,569000.0,47417.0,0.0,Self-Employed,Manufacturing,10.0,Post-Graduate,748,3.2,3,0,2,2,0,Auto,720000.0,3,2,1,33,100.0,0,0,0,0,1,2,90000.0,14760.0,16.4,1700.0,1,0,275760.0,11700.0,26.2,Auto,860000.0,84,9.39,14007.0,29.5,55.8,1,11.8,0,252000.0,350000.0,Rent,0,Married,Tier-1,1,0
APP102800,35,622000.0,51833.0,0.0,Salaried,Healthcare,3.5,Post-Graduate,753,5.6,4,2,0,0,0,None,0.0,0,0,0,-1,100.0,1,0,0,0,1,2,315000.0,55440.0,17.6,9400.0,0,0,208440.0,3900.0,12.9,Personal,400000.0,24,11.85,18801.0,36.3,49.1,0,0.0,0,201000.0,180000.0,Rent,1,Married,Tier-2,1,0
APP102801,49,408000.0,34000.0,0.0,Salaried,Retail,2.7,Graduate,701,1.6,4,1,2,2,0,Gold,470000.0,3,3,0,55,100.0,0,0,0,0,0,0,0.0,0.0,0.0,0.0,0,0,735000.0,20900.0,61.5,Auto,550000.0,84,9.44,8972.0,26.4,87.9,1,19.8,0,73000.0,500000.0,Family,0,Married,Tier-1,0,-1
APP102802,48,291000.0,24250.0,0.0,Salaried,Banking/Finance,2.6,High School,654,0.8,2,0,2,2,0,Auto,570000.0,2,2,0,11,91.9,0,0,0,0,1,3,105000.0,29295.0,27.9,1900.0,1,1,56295.0,1400.0,11.8,Personal,130000.0,60,13.84,3014.0,12.4,24.2,0,0.0,0,34000.0,600000.0,Own,1,Single,Tier-3,1,0
APP102803,27,559000.0,46583.0,0.0,Salaried,Government,6.0,Post-Graduate,673,3.1,6,3,3,2,2,Home,640000.0,4,3,1,59,100.0,0,0,0,1,0,0,0.0,0.0,0.0,0.0,0,0,91000.0,1900.0,4.1,Personal,370000.0,12,14.14,33246.0,71.4,75.4,0,0.0,0,555000.0,990000.0,Own,4,Married,Tier-1,0,-1
APP102804,29,440000.0,36667.0,0.0,Salaried,IT,8.0,Graduate,625,1.3,4,1,2,1,0,Gold,600000.0,3,1,2,13,83.0,0,1,1,0,0,0,0.0,0.0,0.0,0.0,0,0,325000.0,6500.0,17.7,Business,540000.0,60,13.52,12431.0,33.9,51.6,1,0.0,0,331000.0,420000.0,Rent,2,Married,Tier-1,1,0
APP102805,39,353000.0,29417.0,0.0,Self-Employed,Education,15.5,Graduate,685,7.7,7,1,3,2,0,Business,900000.0,4,3,1,32,100.0,0,0,0,0,1,3,110000.0,27170.0,24.7,2900.0,0,3,82170.0,1200.0,8.7,Home,3300000.0,120,9.0,41803.0,142.1,150.8,1,25.2,0,752000.0,130000.0,Rent,2,Single,Tier-1,0,-1
APP102806,57,744000.0,62000.0,0.0,Salaried,Manufacturing,0.7,Graduate,702,14.6,10,3,2,0,0,Home,1760000.0,3,3,0,17,97.5,1,0,0,0,0,0,0.0,0.0,0.0,0.0,0,0,785000.0,16800.0,27.1,Education,800000.0,84,10.18,13355.0,21.5,48.6,0,0.0,1,279000.0,3190000.0,Rent,0,Single,Tier-1,1,0
APP102807,21,345000.0,28750.0,0.0,Business Owner,Manufacturing,0.0,High School,517,1.0,5,5,1,0,0,Home,690000.0,1,1,0,54,87.6,1,0,1,0,0,0,0.0,0.0,0.0,0.0,0,0,157000.0,4200.0,14.6,Home,3050000.0,180,11.89,36390.0,126.6,141.2,1,14.0,0,203000.0,650000.0,Family,0,Single,Tier-2,0,-1
APP102808,41,557000.0,46417.0,0.0,Salaried,Education,2.5,Post-Graduate,730,3.5,3,1,1,1,0,Education,740000.0,1,1,0,44,100.0,0,0,0,0,0,0,0.0,0.0,0.0,0.0,0,0,1364000.0,22700.0,48.9,Debt Consolidation,240000.0,36,12.29,8005.0,17.2,66.2,0,0.0,0,136000.0,20000.0,Rent,0,Married,Tier-1,1,1
APP102809,23,100000.0,8333.0,0.0,Salaried,Government,2.0,High School,566,3.0,7,2,1,1,0,Auto,40000.0,1,1,0,37,97.8,1,0,0,0,1,1,35000.0,11270.0,32.2,800.0,0,3,87270.0,1400.0,23.6,Personal,30000.0,36,16.11,1056.0,12.7,36.2,0,0.0,0,58000.0,70000.0,Own,0,Married,Tier-1,0,-1
APP102810,31,366000.0,30500.0,0.0,Salaried,Other,1.9,Graduate,627,3.0,4,2,2,2,0,Personal,210000.0,4,4,0,1,100.0,0,0,0,2,1,3,170000.0,91460.0,53.8,3800.0,0,0,321460.0,5600.0,33.4,Education,480000.0,84,12.26,8540.0,28.0,61.4,0,0.0,1,384000.0,960000.0,Family,0,Married,Tier-1,0,-1
APP102811,34,142000.0,11833.0,0.0,Contract,Healthcare,1.2,High School,655,11.0,7,0,4,2,0,Home,370000.0,4,4,0,2,93.4,0,0,1,0,0,0,0.0,0.0,0.0,0.0,0,0,49000.0,1200.0,10.1,Personal,60000.0,24,14.02,2881.0,24.3,34.5,0,0.0,0,18000.0,660000.0,Rent,1,Married,Tier-1,1,0
APP102812,33,93000.0,7750.0,0.0,Retired,None,0.0,Graduate,614,7.1,7,1,2,1,1,Personal,120000.0,4,1,3,34,98.8,0,0,0,1,1,1,20000.0,3040.0,15.2,500.0,0,0,22040.0,1000.0,14.9,Business,320000.0,84,14.42,6071.0,78.3,93.2,0,0.0,0,25000.0,320000.0,Family,1,Single,Tier-1,0,-1
APP102813,32,1613000.0,134417.0,108000.0,Salaried,Construction,4.2,Graduate,791,4.7,4,0,0,0,0,None,0.0,1,1,0,29,100.0,0,0,0,0,1,2,290000.0,90770.0,31.3,9000.0,1,0,1732770.0,42600.0,35.1,Education,2090000.0,60,8.44,42819.0,31.9,66.9,0,0.0,1,736000.0,3100000.0,Rent,0,Single,Tier-3,1,0
APP102814,38,365000.0,30417.0,85000.0,Salaried,Other,4.0,High School,719,4.4,1,2,1,1,0,Gold,760000.0,3,3,0,50,94.4,1,0,0,0,0,0,0.0,0.0,0.0,0.0,0,0,23000.0,700.0,2.3,Auto,530000.0,36,9.5,16977.0,55.8,58.1,1,11.6,0,50000.0,220000.0,Family,1,Single,Tier-1,1,1
APP102815,32,1026000.0,85500.0,0.0,Salaried,Other,3.0,Post-Graduate,730,7.1,6,2,4,2,0,Gold,1000000.0,6,5,1,28,100.0,1,0,0,0,0,0,0.0,0.0,0.0,0.0,0,0,1789000.0,40400.0,47.3,Business,1580000.0,60,12.29,35378.0,41.4,88.6,0,0.0,0,102000.0,5030000.0,Own,0,Married,Tier-3,1,0
APP102816,22,813000.0,67750.0,98000.0,Salaried,Construction,1.0,Post-Graduate,714,2.0,1,2,1,0,0,Auto,2370000.0,2,2,0,53,100.0,0,0,0,0,1,3,480000.0,75360.0,15.7,4900.0,1,0,1681360.0,32600.0,53.7,Auto,1110000.0,60,9.7,23421.0,34.6,88.2,1,26.0,0,136000.0,2560000.0,Own,1,Married,Tier-1,0,-1
APP102817,47,511000.0,42583.0,20000.0,Contract,Healthcare,11.1,High School,412,9.7,7,2,6,5,3,Gold,1160000.0,6,2,4,40,88.7,1,1,1,1,1,5,250000.0,150000.0,60.0,1400.0,1,0,277000.0,3700.0,26.3,Business,1690000.0,84,17.48,35007.0,82.2,108.5,0,0.0,0,134000.0,640000.0,Family,2,Married,Tier-1,0,-1
APP102818,46,280000.0,23333.0,0.0,Salaried,Government,2.6,High School,571,3.5,5,2,2,1,1,Business,770000.0,4,3,1,58,91.1,0,1,0,0,1,2,110000.0,16390.0,14.9,3000.0,1,1,34390.0,600.0,6.1,Auto,420000.0,84,11.45,7291.0,31.2,37.3,1,27.2,0,34000.0,500000.0,Own,1,Married,Tier-2,1,0
APP102819,47,484000.0,40333.0,35000.0,Retired,None,0.0,Post-Graduate,712,4.1,0,2,2,0,0,Business,1340000.0,3,3,0,14,100.0,0,0,0,0,1,2,130000.0,8190.0,6.3,2000.0,0,0,8190.0,0.0,1.0,Auto,320000.0,84,9.23,5186.0,12.9,13.9,1,14.9,0,181000.0,790000.0,Rent,0,Single,Tier-3,1,0
APP102820,21,526000.0,43833.0,0.0,Self-Employed,Healthcare,0.0,High School,697,1.0,3,1,1,1,0,Home,950000.0,3,3,0,16,96.7,0,0,0,0,1,1,250000.0,45750.0,18.3,6900.0,0,0,389750.0,14000.0,37.2,Home,4580000.0,180,8.74,45748.0,104.4,141.5,1,13.0,0,831000.0,410000.0,Rent,1,Single,Tier-3,0,-1
APP102821,41,491000.0,40917.0,0.0,Self-Employed,Construction,6.0,Graduate,639,3.8,3,2,5,5,0,Personal,1260000.0,5,4,1,47,92.0,2,0,0,0,1,2,295000.0,93220.0,31.6,7400.0,0,0,142220.0,800.0,13.3,Auto,390000.0,60,10.07,8300.0,20.3,33.6,1,22.8,0,352000.0,530000.0,Rent,0,Single,Tier-3,1,0
APP102822,45,312000.0,26000.0,27000.0,Contract,Government,3.9,High School,659,2.3,4,3,2,2,1,Gold,410000.0,2,0,2,44,95.6,0,0,0,0,1,1,100000.0,3500.0,3.5,2900.0,0,2,237500.0,6000.0,23.8,Auto,290000.0,36,10.47,9422.0,36.2,60.0,1,25.5,0,216000.0,830000.0,Own,1,Married,Tier-2,0,-1
APP102823,27,405000.0,33750.0,0.0,Salaried,Retail,6.0,Graduate,477,3.3,8,2,6,5,1,Home,1020000.0,6,4,2,18,92.2,0,0,1,0,1,1,130000.0,93990.0,72.3,2400.0,0,1,1038990.0,22800.0,81.5,Business,1310000.0,60,16.43,32157.0,95.3,176.8,0,0.0,0,27000.0,540000.0,Rent,3,Married,Tier-2,0,-1
APP102824,38,591000.0,49250.0,44000.0,Contract,Construction,8.4,Doctorate,615,4.6,5,3,3,0,0,Gold,1500000.0,6,3,3,36,99.3,1,0,0,0,1,3,315000.0,129150.0,41.0,8800.0,1,2,828150.0,15200.0,44.0,Auto,830000.0,48,10.77,21359.0,43.4,87.3,1,19.5,0,135000.0,870000.0,Own,0,Single,Tier-2,0,-1
APP102825,37,359000.0,29917.0,0.0,Salaried,IT,14.9,High School,617,4.3,4,0,3,2,0,Gold,450000.0,3,2,1,23,91.5,1,1,0,1,1,1,115000.0,34730.0,30.2,3600.0,0,1,246730.0,4000.0,19.2,Education,700000.0,120,12.05,10063.0,33.6,52.8,0,0.0,0,392000.0,210000.0,Own,0,Married,Tier-1,0,-1
APP102826,58,695000.0,57917.0,0.0,Contract,Government,21.6,Post-Graduate,672,13.3,11,0,3,3,0,Education,2020000.0,3,1,2,12,85.4,0,0,1,0,1,1,380000.0,187720.0,49.4,10300.0,0,1,760720.0,24200.0,58.0,Personal,200000.0,12,13.71,17930.0,31.0,88.9,0,0.0,1,136000.0,2420000.0,Rent,2,Married,Tier-1,0,-1
APP102827,59,1504000.0,125333.0,0.0,Self-Employed,Construction,3.3,Post-Graduate,567,6.2,8,1,5,2,0,Business,2300000.0,5,5,0,16,83.9,3,1,0,1,1,4,340000.0,205020.0,60.3,3100.0,0,1,3131020.0,66700.0,61.4,Auto,910000.0,84,12.94,16525.0,13.2,74.6,1,23.5,0,339000.0,3400000.0,Rent,1,Married,Tier-1,0,-1
APP102828,21,309000.0,25750.0,0.0,Salaried,IT,0.0,Doctorate,674,1.0,5,1,3,3,0,Business,470000.0,3,3,0,18,100.0,0,0,0,0,0,0,0.0,0.0,0.0,0.0,0,0,413000.0,11000.0,42.7,Debt Consolidation,280000.0,36,14.58,9649.0,37.5,80.2,0,0.0,0,222000.0,120000.0,Rent,3,Single,Tier-1,1,0
APP102829,65,375000.0,31250.0,0.0,Retired,None,0.0,Post-Graduate,645,1.2,5,2,2,2,0,Education,750000.0,5,3,2,13,99.3,0,0,0,0,0,0,0.0,0.0,0.0,0.0,0,0,943000.0,16600.0,53.1,Auto,490000.0,84,11.03,8398.0,26.9,80.0,1,17.6,0,165000.0,610000.0,Rent,1,Married,Tier-2,0,-1
APP102830,28,452000.0,37667.0,0.0,Salaried,Retail,7.0,Post-Graduate,693,8.0,3,2,2,2,0,Gold,1310000.0,2,2,0,20,100.0,0,0,0,0,1,2,215000.0,46655.0,21.7,3900.0,0,0,701655.0,21900.0,64.3,Debt Consolidation,400000.0,36,14.23,13716.0,36.4,100.7,0,0.0,0,63000.0,520000.0,Own,4,Single,Tier-2,0,-1
APP102831,49,901000.0,75083.0,0.0,Salaried,Banking/Finance,8.0,Graduate,742,6.2,9,0,2,2,0,Gold,2410000.0,4,3,1,58,100.0,0,0,0,0,1,3,265000.0,87715.0,33.1,6400.0,0,1,333715.0,13200.0,23.4,Personal,560000.0,24,13.57,26774.0,35.7,59.1,0,0.0,0,73000.0,7250000.0,Own,1,Married,Tier-1,1,0
APP102832,49,395000.0,32917.0,23000.0,Contract,Construction,7.8,Post-Graduate,633,4.3,8,1,3,1,1,Home,1050000.0,5,5,0,13,96.8,1,0,0,2,0,0,0.0,0.0,0.0,0.0,0,0,66000.0,2600.0,7.9,Personal,240000.0,36,14.79,8295.0,25.2,33.1,0,0.0,0,84000.0,280000.0,Own,0,Single,Tier-2,0,-1
APP102833,27,411000.0,34250.0,0.0,Salaried,Education,6.0,High School,719,2.1,2,0,2,1,0,Auto,970000.0,3,3,0,48,98.7,0,0,0,0,0,0,0.0,0.0,0.0,0.0,0,0,23000.0,800.0,2.3,Business,650000.0,60,12.08,14485.0,42.3,44.6,0,0.0,1,228000.0,310000.0,Own,3,Married,Tier-1,1,0
APP102834,43,69000.0,5750.0,0.0,Unemployed,None,0.0,Post-Graduate,548,7.6,5,1,4,2,1,Home,140000.0,8,6,2,28,100.0,0,0,0,0,0,0,0.0,0.0,0.0,0.0,0,0,115000.0,1900.0,33.0,Personal,50000.0,36,15.44,1744.0,30.3,63.4,0,0.0,0,129000.0,40000.0,Own,2,Divorced,Tier-2,0,-1
APP102835,37,181000.0,15083.0,0.0,Self-Employed,Manufacturing,4.2,Graduate,665,6.8,5,1,3,2,0,Home,310000.0,3,3,0,25,100.0,2,0,0,0,0,0,0.0,0.0,0.0,0.0,0,0,49000.0,1300.0,8.6,Personal,140000.0,24,13.27,6674.0,44.2,52.9,0,0.0,0,19000.0,1720000.0,Rent,2,Single,Tier-3,1,0
APP102836,44,937000.0,78083.0,193000.0,Self-Employed,Banking/Finance,6.0,High School,693,7.8,9,2,1,0,0,Personal,2160000.0,4,3,1,51,96.5,2,0,0,0,0,0,0.0,0.0,0.0,0.0,0,0,1074000.0,22400.0,28.7,Business,3230000.0,36,12.25,107668.0,137.9,166.6,0,0.0,1,80000.0,6600000.0,Rent,0,Married,Tier-3,0,-1
APP102837,41,310000.0,25833.0,0.0,Salaried,IT,20.0,Graduate,383,3.2,2,4,2,2,1,Auto,270000.0,2,2,0,41,69.5,0,3,1,0,1,4,115000.0,57960.0,50.4,3100.0,1,2,473960.0,9500.0,48.0,Home,2150000.0,240,13.76,26362.0,102.0,150.0,1,11.7,0,383000.0,810000.0,Rent,3,Single,Tier-2,0,-1
APP102838,51,442000.0,36833.0,0.0,Salaried,Government,3.6,Graduate,777,9.7,7,1,5,4,0,Business,250000.0,5,4,1,34,100.0,0,0,0,0,0,0,0.0,0.0,0.0,0.0,0,0,226000.0,5100.0,13.8,Business,840000.0,36,11.57,27728.0,75.3,89.1,0,0.0,0,79000.0,350000.0,Rent,0,Married,Tier-1,1,0
APP102839,39,90000.0,7500.0,0.0,Retired,None,0.0,Graduate,440,7.2,5,4,3,2,1,Auto,40000.0,3,2,1,10,87.3,1,0,1,1,0,0,0.0,0.0,0.0,0.0,0,0,100000.0,2600.0,34.7,Auto,120000.0,60,13.16,2740.0,36.5,71.2,1,27.7,1,74000.0,20000.0,Own,2,Married,Tier-2,0,-1
APP102840,36,151000.0,12583.0,0.0,Salaried,Healthcare,3.1,High School,685,3.4,3,1,0,0,0,None,0.0,0,0,0,-1,100.0,0,0,0,1,0,0,0.0,0.0,0.0,0.0,0,0,104000.0,1700.0,13.5,Personal,110000.0,60,13.31,2520.0,20.0,33.5,1,0.0,0,26000.0,90000.0,Family,1,Married,Tier-3,1,0
APP102841,50,399000.0,33250.0,0.0,Self-Employed,Healthcare,1.0,Graduate,719,12.4,10,1,2,1,0,Home,960000.0,3,3,0,7,98.1,0,0,0,0,1,2,235000.0,37130.0,15.8,2100.0,0,0,221130.0,2900.0,14.3,Personal,280000.0,24,12.8,13285.0,40.0,54.3,0,0.0,0,784000.0,60000.0,Family,1,Single,Tier-1,1,0
APP102842,44,312000.0,26000.0,0.0,Salaried,Government,5.3,Graduate,685,5.5,1,4,4,2,0,Personal,240000.0,5,4,1,56,100.0,0,0,0,1,1,2,150000.0,19350.0,12.9,4900.0,1,1,410350.0,7100.0,31.0,Personal,250000.0,24,14.07,12011.0,46.2,77.2,0,0.0,0,62000.0,100000.0,Family,2,Married,Tier-1,1,0
APP102843,46,238000.0,19833.0,0.0,Salaried,Retail,8.6,Graduate,681,0.9,4,0,2,2,0,Gold,120000.0,3,3,0,8,96.1,0,0,0,1,0,0,0.0,0.0,0.0,0.0,0,0,531000.0,13900.0,70.1,Business,700000.0,36,14.14,23972.0,120.9,191.0,0,0.0,1,121000.0,140000.0,Rent,2,Divorced,Tier-2,0,-1
APP102844,31,337000.0,28083.0,0.0,Self-Employed,Banking/Finance,2.7,High School,693,3.4,2,1,0,0,0,None,0.0,1,0,1,24,98.6,0,0,0,0,1,2,195000.0,23400.0,12.0,1300.0,1,2,757400.0,12300.0,48.0,Debt Consolidation,360000.0,60,14.63,8495.0,30.2,78.2,0,0.0,0,49000.0,620000.0,Family,0,Single,Tier-1,0,-1
APP102845,27,164000.0,13667.0,0.0,Contract,Government,6.0,Graduate,606,7.0,5,1,1,0,0,Personal,200000.0,2,1,1,17,97.8,0,1,0,1,0,0,0.0,0.0,0.0,0.0,0,0,516000.0,9500.0,69.5,Auto,220000.0,48,10.88,5673.0,41.5,111.0,1,14.4,0,93000.0,300000.0,Own,1,Divorced,Tier-2,0,-1
APP102846,32,406000.0,33833.0,0.0,Contract,Banking/Finance,7.5,Graduate,611,3.5,3,2,1,1,0,Gold,540000.0,2,1,1,3,92.9,1,1,0,1,1,2,160000.0,22880.0,14.3,2200.0,1,0,139880.0,4300.0,16.1,Auto,560000.0,36,11.49,18464.0,54.6,70.7,1,27.6,0,49000.0,750000.0,Family,3,Married,Tier-2,1,0
APP102847,31,60000.0,5000.0,0.0,Unemployed,None,0.0,Graduate,566,4.8,2,3,1,1,0,Education,110000.0,5,4,1,46,99.7,0,0,0,1,0,0,0.0,0.0,0.0,0.0,0,0,156000.0,2300.0,46.0,Auto,70000.0,48,12.3,1854.0,37.1,83.1,1,16.6,0,4000.0,270000.0,Rent,2,Married,Tier-1,0,-1
APP102848,47,85000.0,7083.0,0.0,Salaried,Retail,7.0,High School,698,9.8,7,1,2,2,0,Auto,200000.0,3,2,1,45,97.9,1,0,0,0,0,0,0.0,0.0,0.0,0.0,0,0,74000.0,2400.0,33.9,Business,340000.0,36,13.45,11530.0,162.8,196.7,1,0.0,0,24000.0,70000.0,Own,3,Married,Tier-1,0,-1
APP102849,49,484000.0,40333.0,0.0,Salaried,Government,5.0,Doctorate,684,3.5,4,2,1,1,0,Home,840000.0,1,1,0,21,100.0,1,0,0,0,0,0,0.0,0.0,0.0,0.0,0,0,168000.0,9100.0,22.6,Debt Consolidation,370000.0,60,14.8,8763.0,21.7,44.3,0,0.0,0,112000.0,150000.0,Rent,1,Married,Tier-2,1,0
APP102850,36,551000.0,45917.0,123000.0,Salaried,Retail,4.2,Graduate,757,8.1,9,0,5,4,0,Auto,170000.0,5,5,0,20,99.6,1,0,0,2,0,0,0.0,0.0,0.0,0.0,0,0,719000.0,15100.0,32.9,Personal,440000.0,12,12.59,39215.0,85.4,118.3,0,0.0,0,244000.0,170000.0,Family,1,Married,Tier-2,0,-1
APP102851,54,369000.0,30750.0,0.0,Business Owner,Education,6.8,Graduate,628,1.7,3,1,1,0,0,Personal,310000.0,1,0,1,32,100.0,0,0,0,0,1,3,150000.0,72300.0,48.2,1900.0,0,2,931300.0,21500.0,81.7,Debt Consolidation,240000.0,24,15.0,11637.0,37.8,119.5,0,0.0,1,57000.0,110000.0,Own,0,Single,Tier-2,0,-1
APP102852,53,589000.0,49083.0,0.0,Salaried,Healthcare,7.3,Graduate,653,6.0,2,4,1,1,0,Home,1280000.0,2,2,0,16,94.9,1,0,0,0,0,0,0.0,0.0,0.0,0.0,0,0,734000.0,27400.0,55.8,Business,2050000.0,84,13.17,37483.0,76.4,132.2,0,0.0,0,1178000.0,1630000.0,Own,1,Married,Tier-1,0,-1
APP102853,41,738000.0,61500.0,0.0,Self-Employed,Retail,3.8,Post-Graduate,693,5.8,8,1,3,2,0,Auto,930000.0,3,3,0,48,99.9,0,0,0,1,1,1,135000.0,98010.0,72.6,4500.0,0,3,408010.0,14800.0,32.0,Home,4860000.0,240,8.71,42824.0,69.6,101.7,1,12.8,0,299000.0,320000.0,Rent,2,Married,Tier-2,0,-1
APP102854,29,246000.0,20500.0,56000.0,Salaried,Government,4.9,Graduate,683,6.4,3,1,2,2,0,Home,210000.0,3,2,1,51,100.0,0,0,0,1,0,0,0.0,0.0,0.0,0.0,0,0,319000.0,9100.0,44.4,Home,1260000.0,240,9.61,11836.0,57.7,102.1,1,23.6,1,18000.0,40000.0,Own,1,Single,Tier-3,1,1
APP102855,55,429000.0,35750.0,0.0,Contract,Retail,18.0,Graduate,640,7.0,12,3,2,1,0,Education,1260000.0,4,2,2,57,87.8,2,1,0,0,0,0,0.0,0.0,0.0,0.0,0,0,49000.0,1900.0,5.3,Business,1450000.0,60,13.65,33476.0,93.6,99.0,0,0.0,0,73000.0,770000.0,Rent,2,Married,Tier-2,0,-1
APP102856,37,585000.0,48750.0,0.0,Contract,Healthcare,6.1,Graduate,652,5.0,3,3,1,0,0,Auto,400000.0,1,1,0,43,100.0,0,0,0,0,1,5,120000.0,15840.0,13.2,3000.0,0,1,568840.0,9800.0,21.7,Home,5780000.0,300,9.64,51063.0,104.7,126.5,1,18.9,1,192000.0,440000.0,Rent,2,Married,Tier-3,0,-1
APP102857,39,60000.0,5000.0,0.0,Unemployed,None,0.0,Graduate,535,4.6,6,1,1,0,0,Business,180000.0,2,2,0,58,95.4,2,0,0,1,0,0,0.0,0.0,0.0,0.0,0,0,45000.0,2200.0,44.0,Business,90000.0,60,15.35,2158.0,43.2,87.2,0,0.0,1,14000.0,80000.0,Rent,1,Single,Tier-3,0,-1
APP102858,34,427000.0,35583.0,0.0,Salaried,IT,13.0,Graduate,734,4.8,4,2,1,1,0,Education,590000.0,2,1,1,7,100.0,0,0,0,0,1,2,150000.0,52950.0,35.3,800.0,0,0,384950.0,6300.0,25.1,Business,1090000.0,60,12.49,24517.0,68.9,94.0,0,0.0,0,195000.0,600000.0,Rent,0,Single,Tier-2,0,-1
APP102859,28,452000.0,37667.0,0.0,Retired,None,0.0,Doctorate,713,8.0,9,1,2,2,0,Personal,170000.0,3,2,1,27,99.0,0,0,0,0,0,0,0.0,0.0,0.0,0.0,0,0,258000.0,6500.0,17.3,Debt Consolidation,490000.0,24,13.65,23445.0,62.2,79.5,0,0.0,0,107000.0,180000.0,Own,4,Single,Tier-2,1,0
APP102860,22,380000.0,31667.0,0.0,Salaried,Government,1.0,Doctorate,705,2.0,3,2,0,0,0,None,0.0,0,0,0,-1,94.5,0,0,0,0,1,3,120000.0,16800.0,14.0,3500.0,0,1,303800.0,11100.0,37.7,Home,2870000.0,120,8.82,36077.0,113.9,151.6,1,12.7,0,27000.0,3070000.0,Own,2,Single,Tier-1,0,-1
APP102861,45,600000.0,50000.0,0.0,Salaried,Banking/Finance,10.9,Graduate,823,18.3,5,0,2,1,0,Auto,1670000.0,3,2,1,10,100.0,0,0,0,0,1,2,175000.0,48650.0,27.8,1000.0,0,0,723650.0,11000.0,26.9,Home,4000000.0,120,7.33,47127.0,94.3,121.1,1,18.4,0,44000.0,400000.0,Rent,2,Single,Tier-3,0,-1
APP102862,29,186000.0,15500.0,0.0,Salaried,Healthcare,8.0,High School,642,6.9,4,1,3,2,0,Personal,490000.0,4,4,0,15,100.0,0,0,0,0,1,3,30000.0,2970.0,9.9,800.0,1,1,356970.0,5400.0,35.8,Home,1820000.0,180,9.88,19424.0,125.3,161.1,1,11.6,0,96000.0,30000.0,Family,1,Married,Tier-1,0,-1
APP102863,70,403000.0,33583.0,0.0,Salaried,Manufacturing,6.7,Graduate,728,5.4,2,0,2,2,0,Personal,250000.0,3,3,0,53,93.2,1,0,0,1,0,0,0.0,0.0,0.0,0.0,0,0,80000.0,2500.0,7.4,Auto,600000.0,36,9.69,19273.0,57.4,64.8,1,17.8,0,46000.0,2130000.0,Rent,1,Married,Tier-2,1,0
APP102864,26,757000.0,63083.0,43000.0,Self-Employed,Other,5.0,Post-Graduate,659,1.8,3,3,2,2,0,Gold,1890000.0,3,3,0,9,99.3,1,0,0,1,0,0,0.0,0.0,0.0,0.0,0,0,290000.0,6400.0,10.1,Business,1350000.0,36,13.17,45597.0,72.3,82.4,0,0.0,0,270000.0,1770000.0,Own,1,Single,Tier-1,0,-1
APP102865,24,139000.0,11583.0,0.0,Salaried,Retail,3.0,Post-Graduate,609,4.0,4,2,0,0,0,None,0.0,0,0,0,-1,96.0,2,0,0,0,0,0,0.0,0.0,0.0,0.0,0,0,125000.0,2500.0,21.6,Auto,210000.0,48,10.73,5400.0,46.6,68.2,1,22.5,0,20000.0,20000.0,Own,1,Married,Tier-1,0,-1
APP102866,44,308000.0,25667.0,41000.0,Salaried,Healthcare,2.2,Graduate,615,4.0,8,2,1,0,0,Home,360000.0,1,1,0,17,98.9,0,1,0,1,1,2,85000.0,15045.0,17.7,2000.0,0,0,222045.0,3900.0,18.1,Auto,270000.0,36,10.82,8816.0,34.3,52.5,1,16.8,0,51000.0,80000.0,Rent,1,Single,Tier-3,1,0
APP102867,55,471000.0,39250.0,0.0,Self-Employed,Other,8.4,High School,706,9.4,3,0,4,2,0,Gold,980000.0,5,3,2,26,98.7,0,0,0,0,1,3,135000.0,71145.0,52.7,1500.0,1,0,1036145.0,17700.0,54.2,Business,1490000.0,36,12.92,50147.0,127.8,181.9,0,0.0,0,40000.0,4100000.0,Rent,0,Married,Tier-3,0,-1
APP102868,39,295000.0,24583.0,0.0,Contract,Banking/Finance,1.5,High School,657,2.7,5,1,0,0,0,None,0.0,2,2,0,28,96.1,2,0,0,0,0,0,0.0,0.0,0.0,0.0,0,0,139000.0,6900.0,28.1,Debt Consolidation,160000.0,60,14.55,3769.0,15.3,43.4,0,0.0,0,171000.0,180000.0,Rent,1,Single,Tier-2,1,0
APP102869,44,583000.0,48583.0,0.0,Business Owner,Construction,2.3,Post-Graduate,725,4.8,6,2,2,1,0,Gold,1540000.0,2,2,0,42,100.0,0,0,0,1,0,0,0.0,0.0,0.0,0.0,0,0,739000.0,15600.0,32.1,Debt Consolidation,420000.0,36,13.64,14281.0,29.4,61.5,0,0.0,0,114000.0,220000.0,Family,1,Single,Tier-1,1,0
APP102870,21,240000.0,20000.0,0.0,Self-Employed,Construction,0.0,Graduate,476,1.0,2,5,2,1,2,Education,380000.0,3,0,3,4,96.4,0,0,1,0,0,0,0.0,0.0,0.0,0.0,0,0,318000.0,7600.0,38.0,Business,850000.0,84,16.65,17199.0,86.0,124.0,0,0.0,0,439000.0,880000.0,Rent,2,Married,Tier-1,0,-1
APP102871,31,604000.0,50333.0,0.0,Salaried,Manufacturing,4.5,Graduate,662,8.1,7,1,3,3,0,Auto,1790000.0,4,3,1,46,95.1,1,1,0,0,1,1,155000.0,41385.0,26.7,2100.0,1,1,449385.0,11700.0,27.4,Auto,920000.0,48,9.76,23228.0,46.1,73.5,1,14.2,0,27000.0,4590000.0,Own,2,Married,Tier-1,1,0
APP102872,26,306000.0,25500.0,0.0,Contract,IT,5.0,Graduate,673,6.0,2,3,3,2,1,Personal,510000.0,4,3,1,49,100.0,0,0,0,0,0,0,0.0,0.0,0.0,0.0,0,0,111000.0,3100.0,12.2,Home,2540000.0,240,9.06,22951.0,90.0,102.2,1,17.9,1,28000.0,90000.0,Rent,1,Single,Tier-3,0,-1
APP102873,21,540000.0,45000.0,0.0,Salaried,Construction,0.0,Graduate,745,1.0,2,1,3,2,0,Home,780000.0,3,1,2,2,99.0,1,0,0,2,0,0,0.0,0.0,0.0,0.0,0,0,192000.0,4200.0,9.3,Personal,380000.0,60,13.35,8714.0,19.4,28.7,0,0.0,1,246000.0,1070000.0,Own,1,Married,Tier-2,1,0
APP102874,39,783000.0,65250.0,0.0,Salaried,Other,18.0,Post-Graduate,715,3.6,4,2,1,1,0,Gold,1840000.0,2,2,0,43,93.6,2,0,0,0,0,0,0.0,0.0,0.0,0.0,0,0,335000.0,11600.0,17.8,Home,4430000.0,240,8.09,37303.0,57.2,74.9,1,15.6,0,93000.0,2760000.0,Own,1,Married,Tier-1,1,0
APP102875,21,313000.0,26083.0,43000.0,Salaried,Manufacturing,0.0,Graduate,675,1.0,4,1,2,1,0,Personal,730000.0,2,2,0,33,100.0,1,0,0,0,1,4,50000.0,10300.0,20.6,1200.0,1,0,340300.0,13100.0,52.2,Business,580000.0,36,12.03,19273.0,73.9,126.1,0,0.0,1,183000.0,120000.0,Own,0,Single,Tier-2,0,-1
APP102876,23,818000.0,68167.0,0.0,Self-Employed,Banking/Finance,2.0,Graduate,692,3.0,4,1,0,0,0,None,0.0,1,1,0,33,94.7,1,0,0,0,0,0,0.0,0.0,0.0,0.0,0,0,279000.0,10800.0,15.8,Auto,720000.0,84,10.1,11990.0,17.6,33.4,1,17.0,0,173000.0,850000.0,Rent,0,Married,Tier-2,1,0
APP102877,32,402000.0,33500.0,0.0,Salaried,Healthcare,7.6,Post-Graduate,602,12.0,9,4,3,1,0,Business,1160000.0,4,3,1,42,97.1,1,1,0,0,1,1,200000.0,74600.0,37.3,3200.0,0,0,719600.0,10500.0,42.5,Home,3590000.0,120,10.15,47741.0,142.5,185.0,1,11.5,0,75000.0,120000.0,Family,0,Married,Tier-2,0,-1
APP102878,29,935000.0,77917.0,167000.0,Self-Employed,Banking/Finance,6.9,Graduate,727,4.8,3,2,1,0,0,Gold,2370000.0,2,2,0,38,100.0,0,0,0,0,0,0,0.0,0.0,0.0,0.0,0,0,93000.0,2300.0,3.0,Education,910000.0,84,9.68,14957.0,19.2,22.1,0,0.0,1,275000.0,860000.0,Own,1,Married,Tier-2,1,0
APP102879,42,1165000.0,97083.0,0.0,Salaried,Education,8.4,Post-Graduate,656,6.7,3,4,0,0,0,None,0.0,1,0,1,8,91.0,0,0,1,1,1,2,350000.0,169400.0,48.4,9600.0,0,2,385400.0,6800.0,15.7,Debt Consolidation,1370000.0,36,15.09,47552.0,49.0,64.7,0,0.0,0,181000.0,3710000.0,Family,1,Married,Tier-1,0,-1
APP102880,41,1021000.0,85083.0,0.0,Salaried,Retail,9.7,Post-Graduate,618,1.4,2,2,1,0,0,Personal,1150000.0,1,1,0,42,83.7,1,0,1,0,1,2,500000.0,341000.0,68.2,15500.0,0,2,552000.0,9800.0,31.6,Auto,630000.0,84,11.73,11030.0,13.0,44.5,1,18.2,1,570000.0,1710000.0,Own,1,Married,Tier-1,1,0
APP102881,48,328000.0,27333.0,0.0,Salaried,Manufacturing,13.7,High School,591,1.3,2,3,1,1,0,Home,680000.0,2,1,1,39,92.3,1,1,0,1,1,4,145000.0,21750.0,15.0,4600.0,0,0,173750.0,2400.0,12.8,Auto,410000.0,60,11.58,9033.0,33.0,45.8,1,19.2,0,12000.0,200000.0,Rent,1,Single,Tier-1,0,-1
APP102882,46,1348000.0,112333.0,0.0,Salaried,Education,7.1,High School,629,1.2,2,1,1,1,0,Auto,3640000.0,2,1,1,43,90.6,1,1,0,1,1,3,605000.0,172425.0,28.5,18700.0,1,2,4285425.0,61400.0,62.3,Education,810000.0,84,11.26,13980.0,12.4,74.8,0,0.0,0,60000.0,1770000.0,Rent,1,Married,Tier-1,0,-1
APP102883,51,407000.0,33917.0,0.0,Salaried,Education,16.5,High School,686,10.7,4,2,4,2,0,Gold,870000.0,4,4,0,13,91.3,0,1,0,0,0,0,0.0,0.0,0.0,0.0,0,0,713000.0,12600.0,37.1,Auto,290000.0,36,9.63,9307.0,27.4,64.6,1,26.6,0,178000.0,60000.0,Rent,3,Single,Tier-1,1,0
APP102884,38,695000.0,57917.0,0.0,Self-Employed,IT,7.1,Post-Graduate,628,4.9,4,2,2,2,0,Auto,370000.0,2,2,0,53,94.3,0,1,0,0,0,0,0.0,0.0,0.0,0.0,0,0,1504000.0,24400.0,42.1,Auto,930000.0,60,11.03,20234.0,34.9,77.1,1,21.7,1,741000.0,380000.0,Rent,0,Married,Tier-3,0,-1
APP102885,41,576000.0,48000.0,0.0,Self-Employed,Manufacturing,4.0,Post-Graduate,664,2.6,4,2,0,0,0,None,0.0,1,1,0,8,100.0,0,0,0,0,1,1,270000.0,152550.0,56.5,1100.0,0,2,269550.0,4600.0,25.5,Home,4740000.0,240,9.45,44028.0,91.7,117.2,1,12.8,0,119000.0,6550000.0,Rent,2,Single,Tier-1,0,-1
APP102886,44,237000.0,19750.0,0.0,Salaried,Construction,6.7,Graduate,639,8.7,5,3,1,1,0,Business,320000.0,1,1,0,3,95.0,2,0,0,2,0,0,0.0,0.0,0.0,0.0,0,0,228000.0,6600.0,33.4,Home,2320000.0,240,9.54,21686.0,109.8,143.2,1,16.4,1,176000.0,500000.0,Rent,0,Single,Tier-2,0,-1
APP102887,40,1171000.0,97583.0,0.0,Self-Employed,Construction,2.9,Post-Graduate,707,3.8,6,2,1,0,0,Home,3090000.0,1,1,0,41,97.8,1,0,0,0,1,4,280000.0,92680.0,33.1,1400.0,0,0,474680.0,16100.0,21.2,Home,4690000.0,300,8.08,36447.0,37.3,58.6,1,19.4,0,1226000.0,4550000.0,Family,0,Single,Tier-1,1,0
APP102888,34,382000.0,31833.0,0.0,Salaried,Construction,3.0,Post-Graduate,694,9.4,5,1,0,0,0,None,0.0,0,0,0,-1,93.8,1,0,0,0,0,0,0.0,0.0,0.0,0.0,0,0,92000.0,2200.0,6.9,Auto,240000.0,84,10.43,4038.0,12.7,19.6,1,23.7,0,348000.0,200000.0,Own,3,Married,Tier-1,1,0
APP102889,34,1072000.0,89333.0,192000.0,Salaried,Other,5.1,Doctorate,619,4.7,5,3,0,0,0,None,0.0,1,0,1,6,92.0,1,1,0,1,1,2,335000.0,224450.0,67.0,7800.0,1,0,833450.0,16600.0,31.1,Business,4080000.0,84,14.55,77704.0,87.0,118.1,0,0.0,0,44000.0,470000.0,Rent,2,Single,Tier-2,0,-1
APP102890,29,810000.0,67500.0,0.0,Salaried,IT,4.6,Graduate,739,9.0,6,2,2,1,0,Home,530000.0,2,2,0,15,100.0,0,0,0,0,1,7,235000.0,83660.0,35.6,4900.0,0,0,723660.0,12100.0,24.1,Personal,390000.0,24,12.83,18510.0,27.4,51.5,0,0.0,0,369000.0,410000.0,Rent,0,Single,Tier-2,1,0
APP102891,43,503000.0,41917.0,0.0,Salaried,Healthcare,13.5,High School,642,2.4,3,1,2,1,0,Home,1490000.0,2,2,0,5,96.1,0,1,0,1,0,0,0.0,0.0,0.0,0.0,0,0,447000.0,9200.0,21.9,Home,3220000.0,300,9.91,29056.0,69.3,91.3,1,11.8,0,48000.0,730000.0,Own,2,Married,Tier-3,0,-1
APP102892,37,368000.0,30667.0,0.0,Salaried,Retail,5.1,Post-Graduate,611,6.5,5,1,0,0,0,None,0.0,1,1,0,23,88.9,0,2,0,0,0,0,0.0,0.0,0.0,0.0,0,0,689000.0,11400.0,37.2,Auto,420000.0,60,11.77,9294.0,30.3,67.5,1,14.0,0,108000.0,2330000.0,Family,0,Married,Tier-2,0,-1
APP102893,31,646000.0,53833.0,0.0,Business Owner,Retail,2.5,Post-Graduate,701,7.7,4,0,1,0,0,Business,710000.0,4,2,2,42,100.0,0,0,0,0,1,3,285000.0,112290.0,39.4,8500.0,0,0,586290.0,8100.0,25.5,Personal,300000.0,12,13.23,26828.0,49.8,75.3,0,0.0,0,141000.0,1560000.0,Family,3,Divorced,Tier-1,0,-1
APP102894,31,125000.0,10417.0,0.0,Salaried,Construction,5.8,Post-Graduate,660,1.2,6,0,2,1,0,Home,330000.0,2,1,1,8,100.0,0,0,0,1,1,3,50000.0,15000.0,30.0,900.0,0,1,29000.0,500.0,12.0,Personal,40000.0,60,14.55,942.0,9.0,21.0,0,0.0,0,31000.0,150000.0,Rent,3,Single,Tier-2,1,0
APP102895,25,423000.0,35250.0,84000.0,Contract,Government,4.0,Post-Graduate,735,4.9,8,1,0,0,0,None,0.0,1,0,1,57,100.0,0,0,0,1,0,0,0.0,0.0,0.0,0.0,0,0,478000.0,10400.0,29.5,Home,3140000.0,240,7.57,25430.0,72.1,101.6,1,25.7,0,332000.0,880000.0,Rent,2,Married,Tier-3,0,-1
APP102896,49,681000.0,56750.0,0.0,Salaried,Government,6.3,Graduate,782,1.9,2,1,2,2,0,Education,1590000.0,2,2,0,56,100.0,0,0,0,0,0,0,0.0,0.0,0.0,0.0,0,0,273000.0,9500.0,16.7,Debt Consolidation,720000.0,36,11.8,23846.0,42.0,58.8,1,0.0,0,58000.0,5130000.0,Own,2,Married,Tier-3,1,0
APP102897,39,400000.0,33333.0,69000.0,Self-Employed,Banking/Finance,2.4,Graduate,689,1.4,2,0,0,0,0,None,0.0,1,0,1,35,97.1,0,0,0,0,0,0,0.0,0.0,0.0,0.0,0,0,320000.0,5700.0,17.1,Business,650000.0,84,13.6,12038.0,36.1,53.2,0,0.0,0,559000.0,200000.0,Family,3,Married,Tier-1,1,0
APP102898,29,275000.0,22917.0,22000.0,Contract,Government,8.0,Graduate,585,4.0,3,3,1,0,0,Personal,630000.0,1,1,0,35,98.0,2,0,0,1,1,5,125000.0,47125.0,37.7,600.0,0,1,261125.0,9700.0,52.6,Personal,110000.0,12,15.5,9954.0,43.4,96.0,0,0.0,1,101000.0,2240000.0,Family,1,Married,Tier-1,0,-1
APP102899,47,346000.0,28833.0,0.0,Salaried,Construction,1.2,Graduate,327,6.7,8,3,7,7,3,Auto,130000.0,7,7,0,13,71.3,1,1,2,0,1,1,180000.0,55980.0,31.1,1900.0,1,0,610980.0,8700.0,39.9,Auto,380000.0,84,16.49,7654.0,26.5,66.4,1,17.0,0,51000.0,780000.0,Family,0,Single,Tier-1,0,-1
APP102900,32,854000.0,71167.0,176000.0,Salaried,Government,6.2,Graduate,768,2.7,1,0,4,3,0,Business,1190000.0,6,6,0,59,100.0,0,0,0,0,0,0,0.0,0.0,0.0,0.0,0,0,1149000.0,35800.0,50.3,Personal,250000.0,24,12.44,11820.0,16.6,66.9,0,0.0,0,109000.0,5650000.0,Rent,2,Married,Tier-1,1,0
APP102901,23,330000.0,27500.0,40000.0,Self-Employed,Education,2.0,High School,621,3.0,6,2,3,1,1,Business,960000.0,3,2,1,59,95.6,1,0,0,0,1,3,95000.0,29735.0,31.3,2400.0,0,0,430735.0,9900.0,41.4,Personal,110000.0,12,14.15,9884.0,35.9,77.3,0,0.0,0,312000.0,640000.0,Rent,2,Single,Tier-1,0,-1
APP102902,49,334000.0,27833.0,0.0,Retired,None,0.0,High School,647,3.1,3,1,0,0,0,None,0.0,1,1,0,36,100.0,0,0,0,0,1,3,135000.0,25245.0,18.7,2600.0,1,0,204245.0,3200.0,16.0,Debt Consolidation,120000.0,36,14.3,4119.0,14.8,30.8,0,0.0,0,16000.0,2300000.0,Family,0,Married,Tier-2,1,1
APP102903,32,117000.0,9750.0,0.0,Retired,None,0.0,Graduate,552,9.0,5,3,3,1,0,Home,220000.0,3,3,0,56,91.9,2,1,0,0,0,0,0.0,0.0,0.0,0.0,0,0,296000.0,5600.0,57.4,Debt Consolidation,120000.0,24,16.18,5886.0,60.4,117.8,0,0.0,0,57000.0,220000.0,Own,0,Single,Tier-1,0,-1
APP102904,34,624000.0,52000.0,0.0,Salaried,Government,7.1,Post-Graduate,634,11.2,4,2,3,3,1,Personal,1230000.0,4,4,0,3,100.0,0,0,0,0,1,3,335000.0,238520.0,71.2,7800.0,0,1,561520.0,7500.0,37.4,Debt Consolidation,400000.0,36,15.65,13994.0,26.9,64.3,0,0.0,0,278000.0,2040000.0,Rent,1,Single,Tier-1,1,1
APP102905,38,507000.0,42250.0,32000.0,Business Owner,Construction,4.8,Graduate,753,18.0,3,2,5,3,0,Education,1170000.0,5,3,2,51,96.9,2,0,0,1,0,0,0.0,0.0,0.0,0.0,0,0,700000.0,10400.0,24.6,Home,4010000.0,300,7.99,30923.0,73.2,97.8,1,13.1,0,600000.0,1150000.0,Family,1,Married,Tier-1,0,-1
APP102906,51,1508000.0,125667.0,0.0,Salaried,Construction,13.6,Graduate,778,10.2,6,3,2,2,0,Personal,3290000.0,3,3,0,32,100.0,0,0,0,1,1,3,665000.0,226765.0,34.1,7200.0,0,1,2133765.0,35600.0,37.4,Debt Consolidation,760000.0,36,13.54,25806.0,20.5,57.9,0,0.0,0,269000.0,2900000.0,Family,1,Married,Tier-1,1,0
APP102907,38,355000.0,29583.0,0.0,Salaried,Manufacturing,4.8,High School,737,7.2,6,3,3,1,1,Personal,860000.0,4,4,0,14,100.0,0,0,0,0,0,0,0.0,0.0,0.0,0.0,0,0,71000.0,3800.0,12.8,Auto,260000.0,84,8.48,4115.0,13.9,26.8,1,16.9,0,592000.0,180000.0,Own,2,Single,Tier-1,1,0
APP102908,25,1505000.0,125417.0,0.0,Self-Employed,Education,4.0,Graduate,697,5.0,4,1,4,3,1,Business,4340000.0,5,4,1,50,100.0,0,0,0,1,0,0,0.0,0.0,0.0,0.0,0,0,123000.0,3600.0,2.9,Home,10120000.0,300,9.16,86038.0,68.6,71.5,1,25.0,0,2260000.0,1370000.0,Own,4,Divorced,Tier-1,0,-1
APP102909,44,365000.0,30417.0,34000.0,Self-Employed,Banking/Finance,2.9,Graduate,548,3.1,3,5,2,2,0,Auto,860000.0,2,1,1,10,98.0,1,0,0,2,1,1,115000.0,54510.0,47.4,2400.0,0,0,111510.0,1100.0,12.6,Personal,80000.0,24,15.92,3914.0,12.9,25.4,0,0.0,0,160000.0,1240000.0,Own,0,Married,Tier-3,1,0
APP102910,33,1109000.0,92417.0,0.0,Self-Employed,Education,5.8,Graduate,621,4.0,8,1,0,0,0,None,0.0,1,1,0,9,96.5,1,0,0,0,1,2,260000.0,94380.0,36.3,3300.0,1,2,2892380.0,50300.0,59.5,Personal,740000.0,12,14.06,66463.0,71.9,131.4,0,0.0,0,505000.0,770000.0,Rent,0,Single,Tier-2,0,-1
APP102911,59,519000.0,43250.0,0.0,Contract,Banking/Finance,9.5,Post-Graduate,698,5.8,2,2,3,1,0,Personal,800000.0,3,3,0,52,100.0,0,0,0,0,1,2,110000.0,31680.0,28.8,3200.0,0,0,109680.0,2500.0,9.4,Debt Consolidation,220000.0,24,13.5,10511.0,24.3,33.7,0,0.0,0,348000.0,940000.0,Rent,0,Married,Tier-2,1,0
APP102912,38,712000.0,59333.0,131000.0,Salaried,Construction,8.2,Graduate,787,1.2,3,2,2,0,0,Education,1850000.0,4,4,0,24,100.0,0,0,0,0,1,1,225000.0,8325.0,3.7,6300.0,0,0,299325.0,13000.0,22.6,Personal,560000.0,36,11.82,18552.0,31.3,53.9,0,0.0,1,164000.0,1460000.0,Own,1,Single,Tier-1,1,0
APP102913,21,225000.0,18750.0,0.0,Self-Employed,Construction,0.0,Graduate,527,1.0,2,2,1,1,0,Business,140000.0,1,1,0,3,88.9,1,0,1,0,1,2,35000.0,7315.0,20.9,200.0,0,1,177315.0,4500.0,26.0,Home,1940000.0,120,12.2,28058.0,149.6,175.6,1,11.6,0,294000.0,30000.0,Own,2,Married,Tier-1,0,-1
APP102914,42,618000.0,51500.0,0.0,Salaried,IT,1.3,Post-Graduate,707,18.7,8,2,3,1,0,Auto,1520000.0,4,4,0,7,97.2,1,0,0,2,1,2,270000.0,71010.0,26.3,7300.0,0,1,366010.0,7800.0,22.0,Home,4060000.0,240,7.88,33657.0,65.4,87.4,1,28.0,0,562000.0,160000.0,Own,0,Divorced,Tier-2,1,0
APP102915,59,183000.0,15250.0,0.0,Salaried,Other,6.5,High School,590,4.0,2,3,4,3,1,Auto,240000.0,5,4,1,34,100.0,1,0,0,0,0,0,0.0,0.0,0.0,0.0,0,0,279000.0,6400.0,42.0,Business,710000.0,84,14.73,13593.0,89.1,131.1,0,0.0,0,31000.0,910000.0,Family,1,Married,Tier-1,0,-1
APP102916,55,492000.0,41000.0,0.0,Salaried,Construction,4.4,Graduate,616,1.0,5,2,3,1,0,Home,1140000.0,6,5,1,20,95.8,1,0,0,1,1,2,215000.0,89655.0,41.7,1300.0,0,2,495655.0,11800.0,39.7,Personal,460000.0,12,14.17,41339.0,100.8,140.5,0,0.0,0,277000.0,1940000.0,Family,1,Married,Tier-3,0,-1
APP102917,58,60000.0,5000.0,0.0,Retired,None,0.0,High School,513,3.4,7,2,0,0,0,None,0.0,0,0,0,-1,92.3,1,0,1,0,0,0,0.0,0.0,0.0,0.0,0,0,17000.0,400.0,8.0,Home,400000.0,120,11.92,5720.0,114.4,122.4,1,21.3,0,4000.0,100000.0,Own,2,Single,Tier-3,0,-1
APP102918,27,414000.0,34500.0,0.0,Salaried,Retail,6.0,Graduate,733,5.5,5,0,2,1,0,Auto,510000.0,3,3,0,39,100.0,0,0,0,0,1,3,235000.0,68855.0,29.3,1000.0,1,0,637855.0,11500.0,43.3,Business,1210000.0,36,12.71,40601.0,117.7,161.0,0,0.0,0,31000.0,450000.0,Own,1,Married,Tier-1,0,-1
APP102919,48,929000.0,77417.0,144000.0,Salaried,IT,1.1,Post-Graduate,746,6.9,10,3,1,0,0,Personal,2590000.0,2,1,1,10,100.0,0,0,0,1,1,1,390000.0,51480.0,13.2,12600.0,0,0,696480.0,29700.0,41.7,Business,3530000.0,60,11.57,77758.0,100.4,142.1,0,0.0,0,124000.0,850000.0,Rent,2,Single,Tier-1,0,-1
APP102920,30,881000.0,73417.0,0.0,Business Owner,Other,5.7,Graduate,732,4.7,9,1,3,3,1,Education,300000.0,3,3,0,11,100.0,0,0,0,0,1,2,185000.0,40700.0,22.0,4700.0,1,1,539700.0,14400.0,22.4,Debt Consolidation,1020000.0,36,13.29,34510.0,47.0,69.4,0,0.0,0,76000.0,640000.0,Rent,1,Married,Tier-1,0,-1
APP102921,40,81000.0,6750.0,0.0,Retired,None,0.0,Graduate,641,6.4,7,0,1,1,0,Home,70000.0,1,1,0,23,100.0,0,0,0,0,0,0,0.0,0.0,0.0,0.0,0,0,157000.0,2700.0,40.0,Personal,40000.0,24,14.4,1928.0,28.6,68.6,0,0.0,0,58000.0,60000.0,Own,0,Single,Tier-1,0,-1
APP102922,24,60000.0,5000.0,0.0,Unemployed,None,0.0,Graduate,520,2.9,4,2,1,1,0,Personal,90000.0,1,1,0,39,87.3,1,1,0,0,0,0,0.0,0.0,0.0,0.0,0,0,60000.0,1200.0,24.0,Personal,30000.0,24,15.61,1463.0,29.3,53.3,0,0.0,0,32000.0,60000.0,Rent,0,Married,Tier-2,0,-1
APP102923,31,665000.0,55417.0,0.0,Self-Employed,Education,9.9,Graduate,651,11.0,6,3,2,0,1,Gold,1260000.0,2,2,0,29,99.7,0,0,0,0,1,1,150000.0,75450.0,50.3,4600.0,0,0,336450.0,11000.0,26.7,Auto,820000.0,48,10.24,20892.0,37.7,64.4,1,19.6,0,252000.0,4520000.0,Own,3,Married,Tier-1,0,-1
APP102924,31,1309000.0,109083.0,0.0,Salaried,Other,6.4,Post-Graduate,731,9.8,8,5,3,1,0,Personal,2810000.0,3,3,0,34,100.0,0,0,0,0,1,2,440000.0,27720.0,6.3,4600.0,0,1,1271720.0,32500.0,31.1,Education,1980000.0,60,9.91,41982.0,38.5,69.6,0,0.0,0,284000.0,1140000.0,Own,1,Married,Tier-1,0,-1
APP102925,48,275000.0,22917.0,0.0,Self-Employed,Manufacturing,4.1,Graduate,607,0.8,2,0,1,0,1,Business,330000.0,1,1,0,40,96.2,1,0,0,0,1,3,165000.0,51645.0,31.3,3700.0,1,1,188645.0,2200.0,20.9,Debt Consolidation,240000.0,24,15.0,11637.0,50.8,71.6,0,0.0,0,206000.0,390000.0,Rent,2,Married,Tier-1,0,-1
APP102926,47,1621000.0,135083.0,77000.0,Contract,Other,13.5,Post-Graduate,734,2.1,5,2,2,1,0,Auto,2640000.0,2,2,0,19,100.0,0,0,0,0,1,2,970000.0,258990.0,26.7,7300.0,1,1,325990.0,1700.0,10.8,Home,9520000.0,180,8.95,96275.0,71.3,82.1,1,24.9,0,2192000.0,350000.0,Rent,0,Married,Tier-1,1,1
APP102927,41,60000.0,5000.0,7000.0,Unemployed,None,0.0,High School,569,8.7,5,0,2,2,0,Auto,70000.0,2,1,1,59,94.5,0,1,0,0,0,0,0.0,0.0,0.0,0.0,0,0,55000.0,3000.0,60.0,Home,420000.0,240,10.75,4264.0,85.3,145.3,1,23.8,0,19000.0,30000.0,Rent,1,Single,Tier-1,0,-1
APP102928,23,90000.0,7500.0,18000.0,Contract,Manufacturing,2.0,High School,656,3.0,5,1,4,2,0,Education,50000.0,5,4,1,20,99.2,0,0,0,0,0,0,0.0,0.0,0.0,0.0,0,0,4000.0,100.0,1.3,Personal,30000.0,12,14.42,2700.0,36.0,37.3,0,0.0,0,45000.0,80000.0,Rent,0,Married,Tier-1,1,0
APP102929,35,205000.0,17083.0,0.0,Salaried,Manufacturing,14.0,Graduate,713,5.9,2,1,2,1,0,Home,480000.0,2,1,1,48,100.0,0,0,0,0,0,0,0.0,0.0,0.0,0.0,0,0,27000.0,1000.0,5.9,Personal,110000.0,36,13.95,3757.0,22.0,27.8,0,0.0,1,54000.0,290000.0,Own,0,Married,Tier-1,1,0
APP102930,30,797000.0,66417.0,0.0,Salaried,Other,2.9,Post-Graduate,573,5.3,7,4,2,1,1,Business,1000000.0,4,3,1,51,93.1,0,0,1,0,1,2,465000.0,200415.0,43.1,9500.0,0,1,1250415.0,17800.0,41.9,Auto,1120000.0,48,11.88,29428.0,44.3,86.2,1,20.2,0,124000.0,830000.0,Rent,0,Single,Tier-1,0,-1
APP102931,48,510000.0,42500.0,0.0,Self-Employed,Retail,5.3,Graduate,616,10.3,13,1,1,1,0,Business,880000.0,3,1,2,42,100.0,1,0,0,0,1,1,270000.0,187920.0,69.6,2500.0,0,2,668920.0,8300.0,41.6,Home,4310000.0,120,10.88,59078.0,139.0,180.6,1,22.5,0,77000.0,110000.0,Own,0,Married,Tier-1,0,-1
APP102932,51,1141000.0,95083.0,0.0,Salaried,Retail,0.6,Post-Graduate,700,6.0,3,2,1,1,0,Education,720000.0,2,2,0,20,97.7,1,0,0,0,1,5,505000.0,108575.0,21.5,10200.0,0,0,1621575.0,33500.0,40.9,Auto,1740000.0,48,9.36,43598.0,45.9,86.8,1,19.5,0,155000.0,1930000.0,Rent,0,Married,Tier-2,0,-1
APP102933,50,160000.0,13333.0,9000.0,Salaried,Education,2.2,High School,632,6.9,2,2,3,3,0,Home,240000.0,4,3,1,7,95.8,1,0,0,1,0,0,0.0,0.0,0.0,0.0,0,0,254000.0,4400.0,33.0,Auto,110000.0,36,10.99,3601.0,27.0,60.0,1,24.5,0,82000.0,350000.0,Rent,1,Single,Tier-2,1,0
APP102934,30,441000.0,36750.0,67000.0,Salaried,Education,2.1,Graduate,646,5.4,6,1,1,1,0,Personal,1100000.0,1,0,1,29,96.8,1,0,0,0,1,3,140000.0,42840.0,30.6,800.0,0,0,248840.0,7100.0,25.1,Auto,470000.0,84,10.96,8038.0,21.9,47.0,1,19.3,0,344000.0,3670000.0,Own,0,Married,Tier-3,1,0
APP102935,21,442000.0,36833.0,16000.0,Self-Employed,Retail,0.0,Graduate,669,1.0,2,2,1,1,0,Education,700000.0,3,2,1,56,100.0,0,0,0,1,0,0,0.0,0.0,0.0,0.0,0,0,865000.0,15800.0,42.9,Home,3290000.0,120,9.79,43096.0,117.0,159.9,1,16.3,0,39000.0,420000.0,Own,3,Divorced,Tier-2,0,-1
APP102936,21,315000.0,26250.0,16000.0,Contract,Manufacturing,0.0,Graduate,667,1.0,6,2,0,0,0,None,0.0,2,2,0,53,100.0,0,0,0,0,0,0,0.0,0.0,0.0,0.0,0,0,688000.0,11400.0,43.4,Personal,240000.0,36,14.04,8207.0,31.3,74.7,0,0.0,0,23000.0,490000.0,Own,1,Married,Tier-3,0,-1
APP102937,54,280000.0,23333.0,0.0,Contract,Banking/Finance,1.0,Graduate,530,3.7,2,2,1,0,0,Education,760000.0,1,0,1,19,100.0,0,0,0,2,1,2,75000.0,62250.0,83.0,700.0,0,3,844250.0,11600.0,63.1,Business,940000.0,60,15.12,22422.0,96.1,159.2,0,0.0,1,65000.0,280000.0,Own,1,Married,Tier-2,0,-1
APP102938,34,220000.0,18333.0,0.0,Contract,Other,3.4,High School,542,3.7,5,2,3,3,0,Auto,160000.0,3,2,1,15,85.1,3,1,0,1,1,4,110000.0,30580.0,27.8,700.0,0,2,119580.0,3200.0,25.8,Home,1440000.0,120,11.26,20049.0,109.4,135.2,1,15.0,1,99000.0,290000.0,Own,0,Married,Tier-3,0,-1
APP102939,30,494000.0,41167.0,0.0,Contract,Retail,3.7,Post-Graduate,554,4.3,9,0,2,2,0,Education,1260000.0,2,2,0,17,89.6,3,1,0,0,1,2,215000.0,107070.0,49.8,5200.0,0,2,346070.0,6600.0,29.0,Auto,730000.0,84,11.71,12774.0,31.0,60.1,1,23.7,0,240000.0,900000.0,Rent,1,Married,Tier-2,0,-1
APP102940,56,729000.0,60750.0,0.0,Business Owner,Other,1.9,Graduate,753,1.7,8,1,3,0,0,Personal,530000.0,3,0,3,8,100.0,0,0,0,0,1,4,215000.0,32465.0,15.1,3500.0,0,0,891465.0,17000.0,30.7,Personal,420000.0,60,12.47,9443.0,15.5,46.2,0,0.0,0,420000.0,2380000.0,Rent,0,Single,Tier-2,1,0
APP102941,52,502000.0,41833.0,0.0,Salaried,Retail,6.1,Graduate,788,16.9,10,1,5,3,0,Home,1120000.0,7,6,1,33,100.0,0,0,0,0,0,0,0.0,0.0,0.0,0.0,0,0,251000.0,4500.0,10.8,Debt Consolidation,580000.0,60,11.79,12840.0,30.7,41.5,1,0.0,0,55000.0,1010000.0,Own,0,Single,Tier-3,1,0
APP102942,38,943000.0,78583.0,202000.0,Self-Employed,Education,6.9,Graduate,766,8.7,6,0,2,1,0,Auto,1210000.0,2,2,0,11,98.4,0,0,0,0,1,3,300000.0,39000.0,13.0,9600.0,0,2,745000.0,29900.0,40.5,Debt Consolidation,560000.0,36,12.86,18831.0,24.0,64.5,0,0.0,0,82000.0,510000.0,Own,0,Single,Tier-1,1,0
APP102943,35,159000.0,13250.0,0.0,Salaried,Retail,1.5,High School,579,2.1,4,0,2,2,0,Gold,260000.0,3,2,1,11,90.0,0,0,1,1,0,0,0.0,0.0,0.0,0.0,0,0,294000.0,4300.0,32.5,Home,1440000.0,240,11.18,15040.0,113.5,146.0,1,14.0,0,62000.0,70000.0,Family,2,Married,Tier-1,0,-1
APP102944,37,168000.0,14000.0,18000.0,Salaried,Other,9.0,Graduate,676,13.5,8,1,2,1,0,Personal,210000.0,4,2,2,16,100.0,0,0,0,0,1,2,35000.0,6685.0,19.1,200.0,1,1,121685.0,5800.0,43.8,Auto,130000.0,36,9.54,4167.0,29.8,73.6,1,21.0,0,15000.0,130000.0,Own,1,Married,Tier-1,1,0
APP102945,40,730000.0,60833.0,139000.0,Salaried,IT,2.8,Graduate,654,3.2,5,1,1,1,0,Home,1630000.0,1,1,0,19,91.4,0,1,0,0,1,4,285000.0,81225.0,28.5,5300.0,0,2,2014225.0,31500.0,58.5,Home,5670000.0,240,10.0,54717.0,89.9,148.4,1,15.2,0,229000.0,410000.0,Own,0,Married,Tier-2,0,-1
APP102946,56,160000.0,13333.0,0.0,Contract,Retail,3.7,High School,562,3.7,9,0,0,0,0,None,0.0,0,0,0,-1,89.0,1,0,1,0,0,0,0.0,0.0,0.0,0.0,0,0,312000.0,7600.0,57.0,Personal,70000.0,36,14.49,2409.0,18.1,75.1,1,0.0,0,98000.0,110000.0,Rent,0,Married,Tier-1,0,-1
APP102947,43,544000.0,45333.0,0.0,Business Owner,Banking/Finance,7.8,Graduate,639,3.2,7,1,4,4,0,Education,1120000.0,4,4,0,4,97.3,1,0,0,0,1,5,80000.0,10880.0,13.6,1400.0,1,1,930880.0,21200.0,48.0,Home,5420000.0,240,10.17,52916.0,116.7,164.7,1,28.6,0,26000.0,210000.0,Own,2,Married,Tier-2,0,-1
APP102948,46,114000.0,9500.0,0.0,Retired,None,0.0,Graduate,660,11.9,11,1,2,2,0,Home,100000.0,2,1,1,53,99.7,0,0,0,0,1,2,20000.0,9440.0,47.2,200.0,0,2,146440.0,2500.0,31.3,Personal,110000.0,36,13.45,3730.0,39.3,70.5,0,0.0,0,39000.0,360000.0,Own,1,Single,Tier-2,0,-1
APP102949,51,141000.0,11750.0,0.0,Retired,None,0.0,Post-Graduate,536,10.6,7,2,2,1,0,Auto,260000.0,3,0,3,51,86.5,4,0,0,0,0,0,0.0,0.0,0.0,0.0,0,0,233000.0,8100.0,68.9,Business,380000.0,84,15.42,7423.0,63.2,132.1,0,0.0,0,11000.0,110000.0,Rent,0,Married,Tier-1,0,-1
APP102950,25,60000.0,5000.0,13000.0,Unemployed,None,0.0,Post-Graduate,527,4.4,8,2,5,3,0,Home,150000.0,6,4,2,50,100.0,1,0,0,1,0,0,0.0,0.0,0.0,0.0,0,0,81000.0,1800.0,36.0,Debt Consolidation,70000.0,36,17.7,2520.0,50.4,86.4,0,0.0,0,33000.0,60000.0,Own,0,Single,Tier-2,0,-1
APP102951,46,343000.0,28583.0,0.0,Salaried,Healthcare,11.4,Graduate,703,4.7,6,0,1,1,0,Gold,150000.0,1,1,0,36,100.0,0,0,0,1,1,3,165000.0,20790.0,12.6,5400.0,0,0,187790.0,5100.0,21.5,Home,3390000.0,120,8.76,42504.0,148.7,170.2,1,18.0,0,261000.0,1420000.0,Family,3,Married,Tier-2,0,-1
APP102952,35,107000.0,8917.0,18000.0,Unemployed,None,0.0,Post-Graduate,637,8.5,8,1,4,3,0,Business,200000.0,4,4,0,46,100.0,0,0,0,0,0,0,0.0,0.0,0.0,0.0,0,0,28000.0,1000.0,11.2,Debt Consolidation,110000.0,24,14.77,5322.0,59.7,70.9,0,0.0,0,20000.0,70000.0,Rent,0,Divorced,Tier-3,0,-1
APP102953,21,340000.0,28333.0,0.0,Contract,Education,0.0,Graduate,628,1.0,5,0,1,0,0,Home,800000.0,3,3,0,22,90.0,1,1,0,0,0,0,0.0,0.0,0.0,0.0,0,0,178000.0,4200.0,14.8,Business,480000.0,60,13.44,11030.0,38.9,53.8,0,0.0,0,86000.0,620000.0,Own,0,Single,Tier-2,0,-1
APP102954,21,79000.0,6583.0,0.0,Unemployed,None,0.0,Graduate,523,1.0,1,1,3,0,0,Home,120000.0,5,4,1,8,90.9,0,1,0,1,0,0,0.0,0.0,0.0,0.0,0,0,69000.0,3000.0,45.6,Home,580000.0,300,11.49,5891.0,89.5,135.1,1,16.2,0,12000.0,430000.0,Own,2,Single,Tier-2,0,-1
APP102955,27,239000.0,19917.0,38000.0,Salaried,Manufacturing,3.1,High School,665,5.0,4,1,5,3,0,Auto,280000.0,6,5,1,45,99.0,1,0,0,0,0,0,0.0,0.0,0.0,0.0,0,0,77000.0,1800.0,9.0,Home,1250000.0,120,9.59,16236.0,81.5,90.6,1,21.2,0,51000.0,70000.0,Rent,1,Married,Tier-2,0,-1
APP102956,44,572000.0,47667.0,0.0,Salaried,Healthcare,10.6,High School,748,8.8,6,0,0,0,0,None,0.0,2,1,1,25,98.4,1,0,0,0,0,0,0.0,0.0,0.0,0.0,0,0,588000.0,10900.0,22.9,Business,2120000.0,60,11.36,46475.0,97.5,120.4,0,0.0,0,439000.0,980000.0,Rent,1,Married,Tier-3,0,-1
APP102957,39,121000.0,10083.0,0.0,Retired,None,0.0,Graduate,692,1.1,2,0,3,2,0,Education,70000.0,6,5,1,52,100.0,0,0,0,1,0,0,0.0,0.0,0.0,0.0,0,0,19000.0,800.0,7.9,Personal,80000.0,36,13.61,2719.0,27.0,34.9,0,0.0,0,49000.0,370000.0,Own,0,Single,Tier-1,1,0
APP102958,40,115000.0,9583.0,0.0,Salaried,Banking/Finance,15.0,High School,656,6.6,7,3,3,3,0,Auto,50000.0,5,3,2,48,96.0,0,0,0,1,0,0,0.0,0.0,0.0,0.0,0,0,84000.0,1400.0,14.6,Personal,90000.0,12,13.65,8066.0,84.2,98.8,0,0.0,0,108000.0,120000.0,Own,1,Married,Tier-3,0,-1
APP102959,59,532000.0,44333.0,28000.0,Salaried,Education,7.8,Graduate,720,6.3,6,1,2,0,0,Auto,1060000.0,2,2,0,23,100.0,0,0,0,0,1,2,95000.0,23465.0,24.7,2500.0,0,0,464465.0,8900.0,22.7,Personal,220000.0,24,13.02,10461.0,23.6,46.3,0,0.0,0,26000.0,210000.0,Family,1,Single,Tier-3,1,0
APP102960,24,638000.0,53167.0,0.0,Salaried,Government,3.0,Graduate,628,4.0,6,3,2,0,0,Education,1670000.0,4,4,0,52,89.6,1,0,0,0,1,3,255000.0,62220.0,24.4,6300.0,0,0,215220.0,7800.0,20.5,Education,1090000.0,120,11.83,15531.0,29.2,49.7,0,0.0,0,367000.0,730000.0,Rent,2,Married,Tier-1,1,0
APP102961,38,232000.0,19333.0,0.0,Salaried,Manufacturing,3.4,High School,576,7.0,6,2,1,0,0,Business,630000.0,1,1,0,16,94.1,0,0,1,0,0,0,0.0,0.0,0.0,0.0,0,0,154000.0,2600.0,13.4,Personal,130000.0,12,14.85,11724.0,60.6,74.1,1,0.0,1,85000.0,1100000.0,Own,1,Single,Tier-3,0,-1
APP102962,41,843000.0,70250.0,0.0,Salaried,Healthcare,5.9,Graduate,723,7.6,7,1,5,3,0,Business,1580000.0,5,5,0,19,100.0,1,0,0,0,1,2,445000.0,138395.0,31.1,13900.0,1,1,385395.0,11300.0,25.9,Debt Consolidation,470000.0,36,13.43,15934.0,22.7,48.6,0,0.0,0,452000.0,480000.0,Rent,2,Single,Tier-2,1,0
APP102963,30,100000.0,8333.0,0.0,Retired,None,0.0,Graduate,658,2.9,5,1,1,0,0,Gold,190000.0,2,2,0,35,100.0,0,0,0,0,0,0,0.0,0.0,0.0,0.0,0,0,221000.0,3300.0,39.6,Business,130000.0,36,13.92,4438.0,53.3,92.9,0,0.0,0,18000.0,210000.0,Own,1,Single,Tier-2,0,-1
APP102964,38,109000.0,9083.0,0.0,Unemployed,None,0.0,Post-Graduate,559,3.1,7,1,3,0,0,Auto,270000.0,4,2,2,53,98.2,1,0,0,1,0,0,0.0,0.0,0.0,0.0,0,0,52000.0,1700.0,18.7,Home,890000.0,300,10.28,8264.0,91.0,109.7,1,22.9,0,6000.0,80000.0,Own,1,Single,Tier-1,0,-1
APP102965,21,196000.0,16333.0,0.0,Unemployed,None,0.0,Post-Graduate,580,1.0,2,6,0,0,0,None,0.0,1,1,0,46,95.1,0,0,0,0,0,0,0.0,0.0,0.0,0.0,0,0,115000.0,4600.0,28.2,Personal,170000.0,24,15.81,8308.0,50.9,79.0,0,0.0,1,12000.0,1010000.0,Rent,1,Married,Tier-3,0,-1
APP102966,54,441000.0,36750.0,101000.0,Salaried,Retail,5.3,Graduate,623,0.6,4,3,1,0,0,Education,1150000.0,1,0,1,11,87.6,1,1,0,0,0,0,0.0,0.0,0.0,0.0,0,0,419000.0,13300.0,36.2,Home,2170000.0,300,9.39,18794.0,51.1,87.3,1,22.8,0,125000.0,520000.0,Rent,0,Married,Tier-2,0,-1
APP102967,31,503000.0,41917.0,75000.0,Salaried,Manufacturing,9.3,Post-Graduate,689,3.9,3,2,2,1,0,Auto,220000.0,3,2,1,46,99.4,0,0,0,0,1,1,140000.0,102760.0,73.4,4000.0,0,2,308760.0,4600.0,23.2,Auto,470000.0,48,9.91,11900.0,28.4,51.6,1,18.6,0,275000.0,200000.0,Rent,2,Single,Tier-2,1,1
APP102968,60,151000.0,12583.0,0.0,Retired,None,0.0,Graduate,602,1.8,1,2,1,1,0,Auto,340000.0,1,1,0,23,100.0,0,1,0,0,0,0,0.0,0.0,0.0,0.0,0,0,150000.0,2600.0,20.7,Home,790000.0,300,10.16,7268.0,57.8,78.4,1,17.5,0,32000.0,210000.0,Rent,1,Single,Tier-2,0,-1
APP102969,38,773000.0,64417.0,0.0,Salaried,Other,3.4,High School,728,3.2,0,3,0,0,0,None,0.0,1,1,0,29,100.0,0,0,0,0,1,1,160000.0,31680.0,19.8,2700.0,0,1,31680.0,0.0,2.5,Home,6610000.0,300,8.19,51852.0,80.5,83.0,1,18.2,1,294000.0,350000.0,Family,0,Single,Tier-3,1,0
APP102970,49,578000.0,48167.0,0.0,Salaried,Other,10.5,Graduate,692,0.8,4,2,1,1,0,Business,670000.0,1,1,0,18,100.0,0,0,0,0,0,0,0.0,0.0,0.0,0.0,0,0,126000.0,2900.0,6.0,Personal,550000.0,12,13.63,49287.0,102.3,108.3,0,0.0,1,305000.0,660000.0,Own,0,Divorced,Tier-2,0,-1
APP102971,37,1168000.0,97333.0,0.0,Contract,Banking/Finance,3.7,Graduate,559,2.0,1,1,3,3,0,Education,980000.0,4,4,0,51,80.6,1,1,1,0,1,1,550000.0,204050.0,37.1,8800.0,0,0,660050.0,8300.0,19.0,Home,5620000.0,240,11.15,58584.0,60.2,79.2,1,25.0,0,53000.0,2480000.0,Family,0,Married,Tier-1,0,-1
APP102972,38,140000.0,11667.0,0.0,Retired,None,0.0,High School,586,11.1,3,1,2,1,0,Gold,410000.0,3,2,1,36,98.8,1,0,0,0,1,2,45000.0,22185.0,49.3,800.0,1,0,245185.0,3600.0,40.4,Auto,160000.0,48,11.73,4192.0,35.9,76.3,1,25.1,0,25000.0,180000.0,Rent,3,Single,Tier-1,0,-1
APP102973,32,324000.0,27000.0,0.0,Self-Employed,Construction,3.6,Graduate,700,1.8,4,1,4,2,0,Gold,310000.0,5,5,0,1,100.0,0,0,0,0,0,0,0.0,0.0,0.0,0.0,0,0,39000.0,1000.0,3.7,Home,1960000.0,120,8.22,24009.0,88.9,92.6,1,16.5,1,188000.0,740000.0,Family,1,Married,Tier-2,0,-1
APP102974,39,373000.0,31083.0,0.0,Salaried,Education,1.8,Post-Graduate,608,2.5,1,2,1,0,0,Education,430000.0,4,3,1,30,92.8,0,0,1,0,1,1,220000.0,47740.0,21.7,6400.0,0,0,570740.0,11100.0,43.4,Business,880000.0,60,14.05,20499.0,65.9,109.3,0,0.0,0,815000.0,2510000.0,Family,0,Married,Tier-1,0,-1
APP102975,41,626000.0,52167.0,49000.0,Salaried,Construction,14.0,Post-Graduate,621,3.5,1,2,2,1,0,Auto,1520000.0,2,2,0,12,94.2,1,0,0,0,1,2,105000.0,73500.0,70.0,500.0,0,4,179500.0,3100.0,13.0,Home,3360000.0,180,10.32,36767.0,70.5,83.5,1,11.4,0,373000.0,490000.0,Rent,3,Married,Tier-1,0,-1
APP102976,29,171000.0,14250.0,30000.0,Salaried,Other,3.5,Post-Graduate,602,7.6,5,1,3,1,1,Gold,110000.0,5,3,2,54,100.0,0,0,0,1,1,4,30000.0,17040.0,56.8,200.0,1,2,682040.0,10000.0,76.2,Auto,230000.0,84,11.83,4039.0,28.3,104.5,1,14.8,0,19000.0,220000.0,Rent,2,Married,Tier-2,0,-1
APP102977,37,325000.0,27083.0,0.0,Salaried,IT,3.7,Graduate,664,4.3,10,1,1,1,0,Home,840000.0,3,3,0,58,100.0,0,0,0,1,1,3,135000.0,29970.0,22.2,3400.0,0,0,174970.0,5300.0,25.1,Debt Consolidation,210000.0,36,14.93,7273.0,26.9,52.0,0,0.0,0,291000.0,530000.0,Own,1,Divorced,Tier-3,1,1
APP102978,31,353000.0,29417.0,0.0,Self-Employed,Education,1.8,Graduate,553,1.1,6,3,3,1,0,Gold,340000.0,3,2,1,1,93.4,2,0,0,0,1,3,205000.0,100450.0,49.0,3200.0,0,0,378450.0,6900.0,40.5,Auto,350000.0,60,13.14,7989.0,27.2,67.7,1,29.7,0,85000.0,830000.0,Own,3,Married,Tier-3,0,-1
APP102979,63,228000.0,19000.0,0.0,Retired,None,0.0,Post-Graduate,702,0.7,3,0,1,0,0,Personal,140000.0,3,3,0,32,100.0,0,0,0,1,0,0,0.0,0.0,0.0,0.0,0,0,115000.0,2300.0,12.1,Home,1090000.0,180,8.77,10907.0,57.4,69.5,1,15.3,0,51000.0,740000.0,Rent,0,Divorced,Tier-2,1,0
APP102980,37,1320000.0,110000.0,0.0,Self-Employed,Healthcare,2.0,Graduate,707,3.9,3,1,2,0,0,Auto,1360000.0,2,2,0,41,100.0,1,0,0,0,1,2,475000.0,169575.0,35.7,7000.0,0,0,1694575.0,41900.0,45.8,Debt Consolidation,920000.0,24,13.93,44141.0,40.1,85.9,0,0.0,1,116000.0,1300000.0,Rent,0,Married,Tier-1,1,1
APP102981,55,422000.0,35167.0,59000.0,Contract,Education,13.5,Graduate,694,4.3,4,3,1,1,0,Personal,620000.0,2,2,0,13,100.0,0,0,0,0,0,0,0.0,0.0,0.0,0.0,0,0,233000.0,11400.0,32.4,Home,3910000.0,120,9.19,49933.0,142.0,174.4,1,17.9,0,694000.0,140000.0,Rent,3,Married,Tier-1,0,-1
APP102982,36,148000.0,12333.0,0.0,Salaried,IT,4.1,Graduate,690,9.2,7,4,3,1,0,Business,200000.0,3,1,2,36,100.0,0,0,0,0,0,0,0.0,0.0,0.0,0.0,0,0,106000.0,2300.0,18.6,Auto,170000.0,84,10.45,2862.0,23.2,41.9,1,20.9,0,13000.0,300000.0,Own,1,Single,Tier-2,1,0
APP102983,41,252000.0,21000.0,0.0,Salaried,Retail,2.6,Graduate,560,2.0,3,1,4,1,1,Auto,580000.0,4,4,0,46,93.0,1,0,1,3,0,0,0.0,0.0,0.0,0.0,0,0,243000.0,4700.0,22.4,Home,2020000.0,180,11.27,23303.0,111.0,133.3,1,22.5,1,52000.0,330000.0,Rent,1,Married,Tier-1,0,-1
APP102984,23,476000.0,39667.0,0.0,Salaried,Manufacturing,2.0,Graduate,665,3.0,4,1,0,0,0,None,0.0,1,1,0,7,90.5,1,1,0,0,0,0,0.0,0.0,0.0,0.0,0,0,103000.0,2400.0,6.1,Home,4760000.0,120,10.46,64122.0,161.7,167.7,1,22.1,0,98000.0,3080000.0,Own,0,Single,Tier-1,0,-1
APP102985,33,497000.0,41417.0,0.0,Salaried,Manufacturing,12.0,Graduate,689,1.2,5,1,5,4,1,Home,810000.0,5,3,2,31,99.0,0,0,0,0,0,0,0.0,0.0,0.0,0.0,0,0,391000.0,17100.0,41.3,Home,4280000.0,120,8.96,54125.0,130.7,172.0,1,12.9,0,120000.0,660000.0,Family,0,Married,Tier-2,0,-1
APP102986,40,878000.0,73167.0,0.0,Self-Employed,Education,5.9,High School,708,1.2,5,0,1,1,0,Gold,2450000.0,1,1,0,14,100.0,0,0,0,0,1,5,440000.0,150480.0,34.2,10700.0,0,0,356480.0,9600.0,23.4,Business,2970000.0,36,12.51,99372.0,135.8,159.2,0,0.0,0,698000.0,1170000.0,Family,3,Married,Tier-3,0,-1
APP102987,55,771000.0,64250.0,165000.0,Contract,Other,4.6,Post-Graduate,644,3.8,5,3,1,1,0,Business,740000.0,3,2,1,2,100.0,1,0,0,0,1,1,270000.0,132840.0,49.2,3000.0,0,2,565840.0,7800.0,22.5,Personal,260000.0,60,13.31,5957.0,9.3,31.7,1,0.0,0,169000.0,860000.0,Own,0,Married,Tier-1,1,0
APP102988,40,100000.0,8333.0,0.0,Unemployed,None,0.0,Graduate,572,9.0,7,2,2,1,0,Education,280000.0,3,3,0,3,100.0,1,0,0,0,0,0,0.0,0.0,0.0,0.0,0,0,65000.0,2100.0,25.2,Personal,80000.0,12,15.36,7234.0,86.8,112.0,0,0.0,0,82000.0,20000.0,Rent,1,Single,Tier-1,0,-1
APP102989,53,447000.0,37250.0,0.0,Self-Employed,Government,9.6,Graduate,677,5.8,4,2,1,0,0,Personal,1300000.0,3,3,0,11,100.0,0,0,0,0,1,2,205000.0,21115.0,10.3,3600.0,1,0,460115.0,16700.0,47.7,Debt Consolidation,190000.0,24,13.61,9087.0,24.4,72.1,1,0.0,1,162000.0,480000.0,Rent,2,Married,Tier-3,1,0
APP102990,45,832000.0,69333.0,0.0,Salaried,Healthcare,9.0,Graduate,662,2.0,3,0,7,3,1,Gold,2020000.0,8,6,2,38,96.0,1,0,0,2,1,1,475000.0,82175.0,17.3,13700.0,0,1,1330175.0,20900.0,36.1,Education,1030000.0,120,10.87,14113.0,20.4,56.4,0,0.0,0,305000.0,620000.0,Family,0,Single,Tier-3,0,-1
APP102991,56,336000.0,28000.0,0.0,Salaried,Other,6.6,Post-Graduate,682,17.4,10,4,5,4,0,Education,800000.0,5,4,1,15,100.0,1,0,0,1,0,0,0.0,0.0,0.0,0.0,0,0,383000.0,8700.0,31.1,Education,240000.0,120,10.79,3278.0,11.7,42.8,0,0.0,1,210000.0,40000.0,Own,0,Married,Tier-1,1,0
APP102992,37,792000.0,66000.0,0.0,Salaried,Other,10.8,Graduate,746,5.6,4,3,3,3,0,Personal,370000.0,4,3,1,11,98.5,0,0,0,0,0,0,0.0,0.0,0.0,0.0,0,0,873000.0,19100.0,28.9,Personal,680000.0,36,12.21,22654.0,34.3,63.3,0,0.0,0,248000.0,1220000.0,Own,1,Single,Tier-1,1,0
APP102993,64,137000.0,11417.0,0.0,Retired,None,0.0,Graduate,530,6.1,8,2,1,1,0,Personal,230000.0,1,1,0,28,100.0,0,0,0,0,1,5,75000.0,64500.0,86.0,1400.0,1,5,201500.0,5400.0,75.5,Auto,210000.0,84,12.16,3725.0,32.6,108.2,1,12.0,0,49000.0,150000.0,Own,0,Single,Tier-1,0,-1
APP102994,33,60000.0,5000.0,0.0,Unemployed,None,0.0,Graduate,525,8.4,5,4,5,3,0,Education,70000.0,9,6,3,8,96.4,1,0,0,0,0,0,0.0,0.0,0.0,0.0,0,0,25000.0,400.0,8.0,Personal,30000.0,60,16.02,730.0,14.6,22.6,0,0.0,0,53000.0,10000.0,Family,2,Married,Tier-3,0,-1
APP102995,30,753000.0,62750.0,0.0,Salaried,Construction,5.7,Post-Graduate,708,6.2,7,0,1,1,0,Personal,1040000.0,1,1,0,47,100.0,1,0,0,0,1,3,355000.0,112890.0,31.8,7700.0,1,1,986890.0,16800.0,35.8,Business,2490000.0,36,11.76,82418.0,131.3,167.1,1,0.0,0,81000.0,520000.0,Own,2,Married,Tier-2,0,-1
APP102996,25,910000.0,75833.0,0.0,Salaried,Government,3.6,Graduate,700,3.3,0,0,1,0,0,Education,610000.0,1,1,0,46,95.5,0,1,0,0,0,0,0.0,0.0,0.0,0.0,0,0,0.0,0.0,0.0,Home,4440000.0,180,9.21,45590.0,60.1,60.1,1,17.0,0,426000.0,2710000.0,Rent,0,Married,Tier-3,1,0
APP102997,64,367000.0,30583.0,0.0,Salaried,Government,9.7,Graduate,638,14.1,7,4,4,3,0,Personal,210000.0,6,4,2,25,100.0,0,0,0,0,1,6,210000.0,51450.0,24.5,3100.0,0,0,592450.0,18100.0,67.6,Home,2720000.0,300,9.89,24506.0,80.1,147.7,1,16.3,0,913000.0,280000.0,Rent,2,Married,Tier-1,0,-1
APP102998,47,995000.0,82917.0,0.0,Salaried,Education,3.5,Graduate,832,12.0,8,2,3,3,0,Personal,850000.0,4,3,1,36,100.0,0,0,0,0,0,0,0.0,0.0,0.0,0.0,0,0,1037000.0,36200.0,43.7,Home,6910000.0,180,6.5,60194.0,72.6,116.3,1,30.0,1,195000.0,730000.0,Own,1,Divorced,Tier-3,0,-1
APP102999,34,60000.0,5000.0,0.0,Unemployed,None,0.0,Post-Graduate,539,14.0,6,2,4,3,0,Gold,160000.0,5,5,0,23,93.2,0,1,0,1,1,3,15000.0,2175.0,14.5,300.0,0,2,87175.0,1400.0,30.2,Auto,50000.0,84,13.03,910.0,18.2,48.4,1,28.0,0,44000.0,50000.0,Own,0,Single,Tier-2,0,-1
